{
"type": "FeatureCollection",
"name": "geo_37_5",
"crs": { "type": "name", "properties": { "name": "urn:ogc:def:crs:OGC:1.3:CRS84" } },
"features": [
{ "type": "Feature", "properties": { "ID": "37537X5122198", "正式名称": "ウエルシア薬局高松伏石店", "機関区分": 5, "都道府県コード": 37, "市区町村コード": 201, "所在地": "香川県高松市伏石町２１６５番１", "緯度": 34.307869, "経度": 134.055056, "url": "https://www.iryou.teikyouseido.mhlw.go.jp/znk-web/juminkanja/S2430/initialize?prefCd=37&kikanCd=37X5122198&kikanKbn=5", "url2": "https://stores.welcia.co.jp/6831D", "内容": "ウエルシア薬局高松伏石店【5:薬局】香川県高松市伏石町２１６５番１" }, "geometry": { "type": "Point", "coordinates": [ 134.055056, 34.307869 ] } },
{ "type": "Feature", "properties": { "ID": "37537X5122199", "正式名称": "ザグザグ薬局坂出京町店", "機関区分": 5, "都道府県コード": 37, "市区町村コード": 203, "所在地": "香川県坂出市京町三丁目６番２８号", "緯度": 34.318144, "経度": 133.858233, "url": "https://www.iryou.teikyouseido.mhlw.go.jp/znk-web/juminkanja/S2430/initialize?prefCd=37&kikanCd=37X5122199&kikanKbn=5", "url2": "https://www.zagzag.co.jp", "内容": "ザグザグ薬局坂出京町店【5:薬局】香川県坂出市京町三丁目６番２８号" }, "geometry": { "type": "Point", "coordinates": [ 133.858233, 34.318144 ] } },
{ "type": "Feature", "properties": { "ID": "37537X5122200", "正式名称": "ミックス薬局くすがみ店", "機関区分": 5, "都道府県コード": 37, "市区町村コード": 201, "所在地": "香川県高松市楠上町２－３－１５－２階", "緯度": 34.329571, "経度": 134.056575, "url": "https://www.iryou.teikyouseido.mhlw.go.jp/znk-web/juminkanja/S2430/initialize?prefCd=37&kikanCd=37X5122200&kikanKbn=5", "url2": "https://holistic-ph.com/ph/store/mix.html", "内容": "ミックス薬局くすがみ店【5:薬局】香川県高松市楠上町２－３－１５－２階" }, "geometry": { "type": "Point", "coordinates": [ 134.056575, 34.329571 ] } },
{ "type": "Feature", "properties": { "ID": "375L370100040", "正式名称": "有限会社妙見屋　妙見屋薬局", "機関区分": 5, "都道府県コード": 37, "市区町村コード": 207, "所在地": "香川県東かがわ市引田１８９５－５", "緯度": 34.225757, "経度": 134.399387, "url": "https://www.iryou.teikyouseido.mhlw.go.jp/znk-web/juminkanja/S2430/initialize?prefCd=37&kikanCd=L370100040&kikanKbn=5", "url2": "https://myoukenya.com/", "内容": "有限会社妙見屋　妙見屋薬局【5:薬局】香川県東かがわ市引田１８９５－５" }, "geometry": { "type": "Point", "coordinates": [ 134.399387, 34.225757 ] } },
{ "type": "Feature", "properties": { "ID": "375L370100120", "正式名称": "有限会社松村薬局　松村調剤薬局", "機関区分": 5, "都道府県コード": 37, "市区町村コード": 207, "所在地": "香川県東かがわ市湊１８３０－１", "緯度": 34.245199, "経度": 134.35925, "url": "https://www.iryou.teikyouseido.mhlw.go.jp/znk-web/juminkanja/S2430/initialize?prefCd=37&kikanCd=L370100120&kikanKbn=5", "url2": "matsumura-ph.com", "内容": "有限会社松村薬局　松村調剤薬局【5:薬局】香川県東かがわ市湊１８３０－１" }, "geometry": { "type": "Point", "coordinates": [ 134.35925, 34.245199 ] } },
{ "type": "Feature", "properties": { "ID": "375L370100130", "正式名称": "有限会社　松村薬局", "機関区分": 5, "都道府県コード": 37, "市区町村コード": 207, "所在地": "香川県東かがわ市松原９６９－１３", "緯度": 34.242393, "経度": 134.369472, "url": "https://www.iryou.teikyouseido.mhlw.go.jp/znk-web/juminkanja/S2430/initialize?prefCd=37&kikanCd=L370100130&kikanKbn=5", "url2": "matsumura-ph.com", "内容": "有限会社　松村薬局【5:薬局】香川県東かがわ市松原９６９－１３" }, "geometry": { "type": "Point", "coordinates": [ 134.369472, 34.242393 ] } },
{ "type": "Feature", "properties": { "ID": "375L370100180", "正式名称": "妙見屋薬局白鳥店", "機関区分": 5, "都道府県コード": 37, "市区町村コード": 207, "所在地": "香川県東かがわ市帰来字大原１－２２", "緯度": 34.241338, "経度": 134.370777, "url": "https://www.iryou.teikyouseido.mhlw.go.jp/znk-web/juminkanja/S2430/initialize?prefCd=37&kikanCd=L370100180&kikanKbn=5", "url2": "myoukenya.com", "内容": "妙見屋薬局白鳥店【5:薬局】香川県東かがわ市帰来字大原１－２２" }, "geometry": { "type": "Point", "coordinates": [ 134.370777, 34.241338 ] } },
{ "type": "Feature", "properties": { "ID": "375L370100200", "正式名称": "エコ調剤薬局", "機関区分": 5, "都道府県コード": 37, "市区町村コード": 341, "所在地": "香川県木田郡三木町井戸字高木５２５－１", "緯度": 34.252028, "経度": 134.157239, "url": "https://www.iryou.teikyouseido.mhlw.go.jp/znk-web/juminkanja/S2430/initialize?prefCd=37&kikanCd=L370100200&kikanKbn=5", "url2": "https://dandp.co.jp", "内容": "エコ調剤薬局【5:薬局】香川県木田郡三木町井戸字高木５２５－１" }, "geometry": { "type": "Point", "coordinates": [ 134.157239, 34.252028 ] } },
{ "type": "Feature", "properties": { "ID": "375L370100210", "正式名称": "白山調剤薬局", "機関区分": 5, "都道府県コード": 37, "市区町村コード": 341, "所在地": "香川県木田郡三木町下高岡１４６４番地１４", "緯度": 34.262137, "経度": 134.148267, "url": "https://www.iryou.teikyouseido.mhlw.go.jp/znk-web/juminkanja/S2430/initialize?prefCd=37&kikanCd=L370100210&kikanKbn=5", "url2": null, "内容": "白山調剤薬局【5:薬局】香川県木田郡三木町下高岡１４６４番地１４" }, "geometry": { "type": "Point", "coordinates": [ 134.148267, 34.262137 ] } },
{ "type": "Feature", "properties": { "ID": "375L370100230", "正式名称": "クローバ薬局", "機関区分": 5, "都道府県コード": 37, "市区町村コード": 207, "所在地": "香川県東かがわ市湊字岡前８４４－６", "緯度": 34.247809, "経度": 134.344362, "url": "https://www.iryou.teikyouseido.mhlw.go.jp/znk-web/juminkanja/S2430/initialize?prefCd=37&kikanCd=L370100230&kikanKbn=5", "url2": null, "内容": "クローバ薬局【5:薬局】香川県東かがわ市湊字岡前８４４－６" }, "geometry": { "type": "Point", "coordinates": [ 134.344362, 34.247809 ] } },
{ "type": "Feature", "properties": { "ID": "375L370100240", "正式名称": "有限会社片山薬局", "機関区分": 5, "都道府県コード": 37, "市区町村コード": 206, "所在地": "香川県さぬき市寒川町石田東甲３８５－１０", "緯度": 34.266027, "経度": 134.201401, "url": "https://www.iryou.teikyouseido.mhlw.go.jp/znk-web/juminkanja/S2430/initialize?prefCd=37&kikanCd=L370100240&kikanKbn=5", "url2": "http://www.katayaku.com/", "内容": "有限会社片山薬局【5:薬局】香川県さぬき市寒川町石田東甲３８５－１０" }, "geometry": { "type": "Point", "coordinates": [ 134.201401, 34.266027 ] } },
{ "type": "Feature", "properties": { "ID": "375L370100250", "正式名称": "有限会社　しらかば　ハッピー薬局", "機関区分": 5, "都道府県コード": 37, "市区町村コード": 206, "所在地": "香川県さぬき市志度１９００番地７", "緯度": 34.320326, "経度": 134.183928, "url": "https://www.iryou.teikyouseido.mhlw.go.jp/znk-web/juminkanja/S2430/initialize?prefCd=37&kikanCd=L370100250&kikanKbn=5", "url2": null, "内容": "有限会社　しらかば　ハッピー薬局【5:薬局】香川県さぬき市志度１９００番地７" }, "geometry": { "type": "Point", "coordinates": [ 134.183928, 34.320326 ] } },
{ "type": "Feature", "properties": { "ID": "375L370100260", "正式名称": "みなみ風調剤薬局　津田店", "機関区分": 5, "都道府県コード": 37, "市区町村コード": 206, "所在地": "香川県さぬき市津田町津田１６６６－５", "緯度": 34.291581, "経度": 134.24773, "url": "https://www.iryou.teikyouseido.mhlw.go.jp/znk-web/juminkanja/S2430/initialize?prefCd=37&kikanCd=L370100260&kikanKbn=5", "url2": null, "内容": "みなみ風調剤薬局　津田店【5:薬局】香川県さぬき市津田町津田１６６６－５" }, "geometry": { "type": "Point", "coordinates": [ 134.24773, 34.291581 ] } },
{ "type": "Feature", "properties": { "ID": "375L370100270", "正式名称": "みなみ風調剤薬局　長尾店", "機関区分": 5, "都道府県コード": 37, "市区町村コード": 206, "所在地": "香川県さぬき市長尾西９５８－４", "緯度": 34.265221, "経度": 134.173348, "url": "https://www.iryou.teikyouseido.mhlw.go.jp/znk-web/juminkanja/S2430/initialize?prefCd=37&kikanCd=L370100270&kikanKbn=5", "url2": null, "内容": "みなみ風調剤薬局　長尾店【5:薬局】香川県さぬき市長尾西９５８－４" }, "geometry": { "type": "Point", "coordinates": [ 134.173348, 34.265221 ] } },
{ "type": "Feature", "properties": { "ID": "375L370100280", "正式名称": "三本松調剤薬局", "機関区分": 5, "都道府県コード": 37, "市区町村コード": 207, "所在地": "香川県東かがわ市三本松１６７７番地", "緯度": 34.24792, "経度": 134.338474, "url": "https://www.iryou.teikyouseido.mhlw.go.jp/znk-web/juminkanja/S2430/initialize?prefCd=37&kikanCd=L370100280&kikanKbn=5", "url2": "https://sites.google.com/view/sanbonmatu", "内容": "三本松調剤薬局【5:薬局】香川県東かがわ市三本松１６７７番地" }, "geometry": { "type": "Point", "coordinates": [ 134.338474, 34.24792 ] } },
{ "type": "Feature", "properties": { "ID": "375L370100290", "正式名称": "有限会社　松村薬局　大内店", "機関区分": 5, "都道府県コード": 37, "市区町村コード": 207, "所在地": "香川県東かがわ市川東１０１", "緯度": 34.249614, "経度": 134.332058, "url": "https://www.iryou.teikyouseido.mhlw.go.jp/znk-web/juminkanja/S2430/initialize?prefCd=37&kikanCd=L370100290&kikanKbn=5", "url2": "matsumura-ph.com", "内容": "有限会社　松村薬局　大内店【5:薬局】香川県東かがわ市川東１０１" }, "geometry": { "type": "Point", "coordinates": [ 134.332058, 34.249614 ] } },
{ "type": "Feature", "properties": { "ID": "375L370100300", "正式名称": "ホワイト薬局", "機関区分": 5, "都道府県コード": 37, "市区町村コード": 206, "所在地": "香川県さぬき市志度８６９番地４", "緯度": 34.322382, "経度": 134.178345, "url": "https://www.iryou.teikyouseido.mhlw.go.jp/znk-web/juminkanja/S2430/initialize?prefCd=37&kikanCd=L370100300&kikanKbn=5", "url2": "https://kuma-ph.com", "内容": "ホワイト薬局【5:薬局】香川県さぬき市志度８６９番地４" }, "geometry": { "type": "Point", "coordinates": [ 134.178345, 34.322382 ] } },
{ "type": "Feature", "properties": { "ID": "375L370100310", "正式名称": "アイン薬局　丹生店", "機関区分": 5, "都道府県コード": 37, "市区町村コード": 207, "所在地": "香川県東かがわ市町田６９８－２", "緯度": 34.253113, "経度": 134.302838, "url": "https://www.iryou.teikyouseido.mhlw.go.jp/znk-web/juminkanja/S2430/initialize?prefCd=37&kikanCd=L370100310&kikanKbn=5", "url2": "https://www.ainj.co.jp", "内容": "アイン薬局　丹生店【5:薬局】香川県東かがわ市町田６９８－２" }, "geometry": { "type": "Point", "coordinates": [ 134.302838, 34.253113 ] } },
{ "type": "Feature", "properties": { "ID": "375L370100330", "正式名称": "いけのべ調剤薬局", "機関区分": 5, "都道府県コード": 37, "市区町村コード": 341, "所在地": "香川県木田郡三木町池戸２７７７－１４", "緯度": 34.271303, "経度": 134.127963, "url": "https://www.iryou.teikyouseido.mhlw.go.jp/znk-web/juminkanja/S2430/initialize?prefCd=37&kikanCd=L370100330&kikanKbn=5", "url2": null, "内容": "いけのべ調剤薬局【5:薬局】香川県木田郡三木町池戸２７７７－１４" }, "geometry": { "type": "Point", "coordinates": [ 134.127963, 34.271303 ] } },
{ "type": "Feature", "properties": { "ID": "375L370100380", "正式名称": "かりん薬局", "機関区分": 5, "都道府県コード": 37, "市区町村コード": 364, "所在地": "香川県香川郡直島町２３１０番地１１６", "緯度": 34.460085, "経度": 133.974883, "url": "https://www.iryou.teikyouseido.mhlw.go.jp/znk-web/juminkanja/S2430/initialize?prefCd=37&kikanCd=L370100380&kikanKbn=5", "url2": null, "内容": "かりん薬局【5:薬局】香川県香川郡直島町２３１０番地１１６" }, "geometry": { "type": "Point", "coordinates": [ 133.974883, 34.460085 ] } },
{ "type": "Feature", "properties": { "ID": "375L370100390", "正式名称": "ひかみ調剤薬局", "機関区分": 5, "都道府県コード": 37, "市区町村コード": 341, "所在地": "香川県木田郡三木町大字氷上字境渕１２３２番６", "緯度": 34.265526, "経度": 134.129796, "url": "https://www.iryou.teikyouseido.mhlw.go.jp/znk-web/juminkanja/S2430/initialize?prefCd=37&kikanCd=L370100390&kikanKbn=5", "url2": "https://www.hikami-yakkyoku.com", "内容": "ひかみ調剤薬局【5:薬局】香川県木田郡三木町大字氷上字境渕１２３２番６" }, "geometry": { "type": "Point", "coordinates": [ 134.129796, 34.265526 ] } },
{ "type": "Feature", "properties": { "ID": "375L370100410", "正式名称": "くすのき調剤薬局", "機関区分": 5, "都道府県コード": 37, "市区町村コード": 341, "所在地": "香川県木田郡三木町池戸３２３６－１", "緯度": 34.27458, "経度": 134.121519, "url": "https://www.iryou.teikyouseido.mhlw.go.jp/znk-web/juminkanja/S2430/initialize?prefCd=37&kikanCd=L370100410&kikanKbn=5", "url2": null, "内容": "くすのき調剤薬局【5:薬局】香川県木田郡三木町池戸３２３６－１" }, "geometry": { "type": "Point", "coordinates": [ 134.121519, 34.27458 ] } },
{ "type": "Feature", "properties": { "ID": "375L370100420", "正式名称": "レデイさぬきしど調剤薬局", "機関区分": 5, "都道府県コード": 37, "市区町村コード": 206, "所在地": "香川県さぬき市志度６３２番地４", "緯度": 34.321604, "経度": 134.174734, "url": "https://www.iryou.teikyouseido.mhlw.go.jp/znk-web/juminkanja/S2430/initialize?prefCd=37&kikanCd=L370100420&kikanKbn=5", "url2": "http://www.lady-drug.co.jp/", "内容": "レデイさぬきしど調剤薬局【5:薬局】香川県さぬき市志度６３２番地４" }, "geometry": { "type": "Point", "coordinates": [ 134.174734, 34.321604 ] } },
{ "type": "Feature", "properties": { "ID": "375L370100440", "正式名称": "有限会社　松村薬局　しど調剤薬局", "機関区分": 5, "都道府県コード": 37, "市区町村コード": 206, "所在地": "香川県さぬき市志度字花池尻２４９３－２", "緯度": 34.318604, "経度": 134.170846, "url": "https://www.iryou.teikyouseido.mhlw.go.jp/znk-web/juminkanja/S2430/initialize?prefCd=37&kikanCd=L370100440&kikanKbn=5", "url2": "matsumura-ph.com", "内容": "有限会社　松村薬局　しど調剤薬局【5:薬局】香川県さぬき市志度字花池尻２４９３－２" }, "geometry": { "type": "Point", "coordinates": [ 134.170846, 34.318604 ] } },
{ "type": "Feature", "properties": { "ID": "375L370100450", "正式名称": "くま薬局　三木店", "機関区分": 5, "都道府県コード": 37, "市区町村コード": 341, "所在地": "香川県木田郡三木町大字氷上３９９番２", "緯度": 34.266637, "経度": 134.136545, "url": "https://www.iryou.teikyouseido.mhlw.go.jp/znk-web/juminkanja/S2430/initialize?prefCd=37&kikanCd=L370100450&kikanKbn=5", "url2": "https://kuma-ph.com", "内容": "くま薬局　三木店【5:薬局】香川県木田郡三木町大字氷上３９９番２" }, "geometry": { "type": "Point", "coordinates": [ 134.136545, 34.266637 ] } },
{ "type": "Feature", "properties": { "ID": "375L370100460", "正式名称": "ひだまり調剤薬局", "機関区分": 5, "都道府県コード": 37, "市区町村コード": 206, "所在地": "香川県さぬき市大川町田面７８－９", "緯度": 34.257626, "経度": 134.250498, "url": "https://www.iryou.teikyouseido.mhlw.go.jp/znk-web/juminkanja/S2430/initialize?prefCd=37&kikanCd=L370100460&kikanKbn=5", "url2": "http://hidamari-ph.com", "内容": "ひだまり調剤薬局【5:薬局】香川県さぬき市大川町田面７８－９" }, "geometry": { "type": "Point", "coordinates": [ 134.250498, 34.257626 ] } },
{ "type": "Feature", "properties": { "ID": "375L370100470", "正式名称": "有限会社松村薬局津田店", "機関区分": 5, "都道府県コード": 37, "市区町村コード": 206, "所在地": "香川県さぬき市津田町津田１０４８－８", "緯度": 34.291914, "経度": 134.249313, "url": "https://www.iryou.teikyouseido.mhlw.go.jp/znk-web/juminkanja/S2430/initialize?prefCd=37&kikanCd=L370100470&kikanKbn=5", "url2": "matsumura-ph.com", "内容": "有限会社松村薬局津田店【5:薬局】香川県さぬき市津田町津田１０４８－８" }, "geometry": { "type": "Point", "coordinates": [ 134.249313, 34.291914 ] } },
{ "type": "Feature", "properties": { "ID": "375L370100480", "正式名称": "クスリのユタカ　田伏薬局", "機関区分": 5, "都道府県コード": 37, "市区町村コード": 341, "所在地": "香川県木田郡三木町鹿伏２０８－３", "緯度": 34.270497, "経度": 134.136823, "url": "https://www.iryou.teikyouseido.mhlw.go.jp/znk-web/juminkanja/S2430/initialize?prefCd=37&kikanCd=L370100480&kikanKbn=5", "url2": null, "内容": "クスリのユタカ　田伏薬局【5:薬局】香川県木田郡三木町鹿伏２０８－３" }, "geometry": { "type": "Point", "coordinates": [ 134.136823, 34.270497 ] } },
{ "type": "Feature", "properties": { "ID": "375L370100490", "正式名称": "コスモ調剤薬局　白鳥店", "機関区分": 5, "都道府県コード": 37, "市区町村コード": 207, "所在地": "香川県東かがわ市湊字岡前８１４－４", "緯度": 34.246865, "経度": 134.347057, "url": "https://www.iryou.teikyouseido.mhlw.go.jp/znk-web/juminkanja/S2430/initialize?prefCd=37&kikanCd=L370100490&kikanKbn=5", "url2": "https://cosmo-chouzai.jp/", "内容": "コスモ調剤薬局　白鳥店【5:薬局】香川県東かがわ市湊字岡前８１４－４" }, "geometry": { "type": "Point", "coordinates": [ 134.347057, 34.246865 ] } },
{ "type": "Feature", "properties": { "ID": "375L370100500", "正式名称": "ＫＣかがわ調剤薬局", "機関区分": 5, "都道府県コード": 37, "市区町村コード": 206, "所在地": "香川県さぬき市寒川町神前１５２４－３", "緯度": 34.286303, "経度": 134.20915, "url": "https://www.iryou.teikyouseido.mhlw.go.jp/znk-web/juminkanja/S2430/initialize?prefCd=37&kikanCd=L370100500&kikanKbn=5", "url2": "http://kckagawa.com/", "内容": "ＫＣかがわ調剤薬局【5:薬局】香川県さぬき市寒川町神前１５２４－３" }, "geometry": { "type": "Point", "coordinates": [ 134.20915, 34.286303 ] } },
{ "type": "Feature", "properties": { "ID": "375L370100540", "正式名称": "なの花薬局　大川店", "機関区分": 5, "都道府県コード": 37, "市区町村コード": 206, "所在地": "香川県さぬき市寒川町石田東甲４０４－１", "緯度": 34.266181, "経度": 134.201179, "url": "https://www.iryou.teikyouseido.mhlw.go.jp/znk-web/juminkanja/S2430/initialize?prefCd=37&kikanCd=L370100540&kikanKbn=5", "url2": "//www.nanohana-ph.jp", "内容": "なの花薬局　大川店【5:薬局】香川県さぬき市寒川町石田東甲４０４－１" }, "geometry": { "type": "Point", "coordinates": [ 134.201179, 34.266181 ] } },
{ "type": "Feature", "properties": { "ID": "375L370100570", "正式名称": "のぞみ薬局", "機関区分": 5, "都道府県コード": 37, "市区町村コード": 206, "所在地": "香川県さぬき市寒川町石田東甲１７３番地", "緯度": 34.26836, "経度": 134.203262, "url": "https://www.iryou.teikyouseido.mhlw.go.jp/znk-web/juminkanja/S2430/initialize?prefCd=37&kikanCd=L370100570&kikanKbn=5", "url2": "shikoku-ms.com", "内容": "のぞみ薬局【5:薬局】香川県さぬき市寒川町石田東甲１７３番地" }, "geometry": { "type": "Point", "coordinates": [ 134.203262, 34.26836 ] } },
{ "type": "Feature", "properties": { "ID": "375L370100590", "正式名称": "辻上薬局　長尾店", "機関区分": 5, "都道府県コード": 37, "市区町村コード": 206, "所在地": "香川県さぬき市長尾西７８０番地２", "緯度": 34.268887, "経度": 134.175459, "url": "https://www.iryou.teikyouseido.mhlw.go.jp/znk-web/juminkanja/S2430/initialize?prefCd=37&kikanCd=L370100590&kikanKbn=5", "url2": "http://www.topco-group.jp", "内容": "辻上薬局　長尾店【5:薬局】香川県さぬき市長尾西７８０番地２" }, "geometry": { "type": "Point", "coordinates": [ 134.175459, 34.268887 ] } },
{ "type": "Feature", "properties": { "ID": "375L370100600", "正式名称": "なの花薬局　さぬき店", "機関区分": 5, "都道府県コード": 37, "市区町村コード": 206, "所在地": "香川県さぬき市寒川町石田東甲３２２番地１", "緯度": 34.266999, "経度": 134.202873, "url": "https://www.iryou.teikyouseido.mhlw.go.jp/znk-web/juminkanja/S2430/initialize?prefCd=37&kikanCd=L370100600&kikanKbn=5", "url2": "//www.nanohana-ph.jp", "内容": "なの花薬局　さぬき店【5:薬局】香川県さぬき市寒川町石田東甲３２２番地１" }, "geometry": { "type": "Point", "coordinates": [ 134.202873, 34.266999 ] } },
{ "type": "Feature", "properties": { "ID": "375L370100630", "正式名称": "あいおい薬局", "機関区分": 5, "都道府県コード": 37, "市区町村コード": 207, "所在地": "香川県東かがわ市馬宿２０７－１", "緯度": 34.21773, "経度": 134.416913, "url": "https://www.iryou.teikyouseido.mhlw.go.jp/znk-web/juminkanja/S2430/initialize?prefCd=37&kikanCd=L370100630&kikanKbn=5", "url2": "https://myoukenya.com", "内容": "あいおい薬局【5:薬局】香川県東かがわ市馬宿２０７－１" }, "geometry": { "type": "Point", "coordinates": [ 134.416913, 34.21773 ] } },
{ "type": "Feature", "properties": { "ID": "375L370100650", "正式名称": "日本調剤　白鳥薬局", "機関区分": 5, "都道府県コード": 37, "市区町村コード": 207, "所在地": "香川県東かがわ市松原９５９ー５", "緯度": 34.241755, "経度": 134.370749, "url": "https://www.iryou.teikyouseido.mhlw.go.jp/znk-web/juminkanja/S2430/initialize?prefCd=37&kikanCd=L370100650&kikanKbn=5", "url2": "http://www.nicho.co.jp", "内容": "日本調剤　白鳥薬局【5:薬局】香川県東かがわ市松原９５９ー５" }, "geometry": { "type": "Point", "coordinates": [ 134.370749, 34.241755 ] } },
{ "type": "Feature", "properties": { "ID": "375L370100660", "正式名称": "ひだまり調剤薬局　大内店", "機関区分": 5, "都道府県コード": 37, "市区町村コード": 207, "所在地": "香川県東かがわ市三本松１７８５－４", "緯度": 34.247892, "経度": 134.340224, "url": "https://www.iryou.teikyouseido.mhlw.go.jp/znk-web/juminkanja/S2430/initialize?prefCd=37&kikanCd=L370100660&kikanKbn=5", "url2": "http://www.hidamari-ph.com", "内容": "ひだまり調剤薬局　大内店【5:薬局】香川県東かがわ市三本松１７８５－４" }, "geometry": { "type": "Point", "coordinates": [ 134.340224, 34.247892 ] } },
{ "type": "Feature", "properties": { "ID": "375L370100670", "正式名称": "（有）松村薬局グリーンヒル店", "機関区分": 5, "都道府県コード": 37, "市区町村コード": 207, "所在地": "香川県東かがわ市松原７９５", "緯度": 34.242421, "経度": 134.367888, "url": "https://www.iryou.teikyouseido.mhlw.go.jp/znk-web/juminkanja/S2430/initialize?prefCd=37&kikanCd=L370100670&kikanKbn=5", "url2": "matsumura-ph.com", "内容": "（有）松村薬局グリーンヒル店【5:薬局】香川県東かがわ市松原７９５" }, "geometry": { "type": "Point", "coordinates": [ 134.367888, 34.242421 ] } },
{ "type": "Feature", "properties": { "ID": "375L370100680", "正式名称": "ひだまり調剤薬局　三本松店", "機関区分": 5, "都道府県コード": 37, "市区町村コード": 207, "所在地": "香川県東かがわ市三本松３９３", "緯度": 34.252031, "経度": 134.339279, "url": "https://www.iryou.teikyouseido.mhlw.go.jp/znk-web/juminkanja/S2430/initialize?prefCd=37&kikanCd=L370100680&kikanKbn=5", "url2": "http://www.hidamari-ph.com/", "内容": "ひだまり調剤薬局　三本松店【5:薬局】香川県東かがわ市三本松３９３" }, "geometry": { "type": "Point", "coordinates": [ 134.339279, 34.252031 ] } },
{ "type": "Feature", "properties": { "ID": "375L370100700", "正式名称": "有限会社松村薬局　本店", "機関区分": 5, "都道府県コード": 37, "市区町村コード": 207, "所在地": "香川県東かがわ市松原９６２－１", "緯度": 34.242116, "経度": 134.370416, "url": "https://www.iryou.teikyouseido.mhlw.go.jp/znk-web/juminkanja/S2430/initialize?prefCd=37&kikanCd=L370100700&kikanKbn=5", "url2": "matsumura-ph.com", "内容": "有限会社松村薬局　本店【5:薬局】香川県東かがわ市松原９６２－１" }, "geometry": { "type": "Point", "coordinates": [ 134.370416, 34.242116 ] } },
{ "type": "Feature", "properties": { "ID": "375L370100710", "正式名称": "多和薬局", "機関区分": 5, "都道府県コード": 37, "市区町村コード": 206, "所在地": "香川県さぬき市多和助光東２９番地４", "緯度": 34.186424, "経度": 134.170713, "url": "https://www.iryou.teikyouseido.mhlw.go.jp/znk-web/juminkanja/S2430/initialize?prefCd=37&kikanCd=L370100710&kikanKbn=5", "url2": null, "内容": "多和薬局【5:薬局】香川県さぬき市多和助光東２９番地４" }, "geometry": { "type": "Point", "coordinates": [ 134.170713, 34.186424 ] } },
{ "type": "Feature", "properties": { "ID": "375L370100740", "正式名称": "ザグザグ薬局　三木店", "機関区分": 5, "都道府県コード": 37, "市区町村コード": 341, "所在地": "香川県木田郡三木町鹿伏３６７－１", "緯度": 34.272292, "経度": 134.137407, "url": "https://www.iryou.teikyouseido.mhlw.go.jp/znk-web/juminkanja/S2430/initialize?prefCd=37&kikanCd=L370100740&kikanKbn=5", "url2": "http://www.zagzag.co.jp/", "内容": "ザグザグ薬局　三木店【5:薬局】香川県木田郡三木町鹿伏３６７－１" }, "geometry": { "type": "Point", "coordinates": [ 134.137407, 34.272292 ] } },
{ "type": "Feature", "properties": { "ID": "375L370100770", "正式名称": "クオール薬局　三木学園通り店", "機関区分": 5, "都道府県コード": 37, "市区町村コード": 341, "所在地": "香川県木田郡三木町鹿伏３７４－１", "緯度": 34.271765, "経度": 134.137821, "url": "https://www.iryou.teikyouseido.mhlw.go.jp/znk-web/juminkanja/S2430/initialize?prefCd=37&kikanCd=L370100770&kikanKbn=5", "url2": "https://www.qol-net.co.jp/pharmacy/map/detail.php?id=326", "内容": "クオール薬局　三木学園通り店【5:薬局】香川県木田郡三木町鹿伏３７４－１" }, "geometry": { "type": "Point", "coordinates": [ 134.137821, 34.271765 ] } },
{ "type": "Feature", "properties": { "ID": "375L370100780", "正式名称": "クオール薬局　三木平木店", "機関区分": 5, "都道府県コード": 37, "市区町村コード": 341, "所在地": "香川県木田郡三木町平木７－１", "緯度": 34.269462, "経度": 134.13246, "url": "https://www.iryou.teikyouseido.mhlw.go.jp/znk-web/juminkanja/S2430/initialize?prefCd=37&kikanCd=L370100780&kikanKbn=5", "url2": "http://store.qol-net.co.jp", "内容": "クオール薬局　三木平木店【5:薬局】香川県木田郡三木町平木７－１" }, "geometry": { "type": "Point", "coordinates": [ 134.13246, 34.269462 ] } },
{ "type": "Feature", "properties": { "ID": "375L370100790", "正式名称": "有限会社松村薬局　さくら店", "機関区分": 5, "都道府県コード": 37, "市区町村コード": 207, "所在地": "香川県東かがわ市大谷８００－８", "緯度": 34.252373, "経度": 134.306369, "url": "https://www.iryou.teikyouseido.mhlw.go.jp/znk-web/juminkanja/S2430/initialize?prefCd=37&kikanCd=L370100790&kikanKbn=5", "url2": "http://matsumura-ph.com/", "内容": "有限会社松村薬局　さくら店【5:薬局】香川県東かがわ市大谷８００－８" }, "geometry": { "type": "Point", "coordinates": [ 134.306369, 34.252373 ] } },
{ "type": "Feature", "properties": { "ID": "375L370100820", "正式名称": "志度夏目調剤薬局", "機関区分": 5, "都道府県コード": 37, "市区町村コード": 206, "所在地": "香川県さぬき市志度字渕田尻２４１０番地１", "緯度": 34.31656, "経度": 134.172672, "url": "https://www.iryou.teikyouseido.mhlw.go.jp/znk-web/juminkanja/S2430/initialize?prefCd=37&kikanCd=L370100820&kikanKbn=5", "url2": "jmedical.co.jp", "内容": "志度夏目調剤薬局【5:薬局】香川県さぬき市志度字渕田尻２４１０番地１" }, "geometry": { "type": "Point", "coordinates": [ 134.172672, 34.31656 ] } },
{ "type": "Feature", "properties": { "ID": "375L370100830", "正式名称": "有限会社松村薬局　白鳥マルナカ店", "機関区分": 5, "都道府県コード": 37, "市区町村コード": 207, "所在地": "香川県東かがわ市白鳥１４４－１", "緯度": 34.241797, "経度": 134.354026, "url": "https://www.iryou.teikyouseido.mhlw.go.jp/znk-web/juminkanja/S2430/initialize?prefCd=37&kikanCd=L370100830&kikanKbn=5", "url2": "matsumura-ph.com", "内容": "有限会社松村薬局　白鳥マルナカ店【5:薬局】香川県東かがわ市白鳥１４４－１" }, "geometry": { "type": "Point", "coordinates": [ 134.354026, 34.241797 ] } },
{ "type": "Feature", "properties": { "ID": "375L370100840", "正式名称": "みなみ志度薬局", "機関区分": 5, "都道府県コード": 37, "市区町村コード": 206, "所在地": "香川県さぬき市志度４４５０番地６", "緯度": 34.316085, "経度": 134.183065, "url": "https://www.iryou.teikyouseido.mhlw.go.jp/znk-web/juminkanja/S2430/initialize?prefCd=37&kikanCd=L370100840&kikanKbn=5", "url2": null, "内容": "みなみ志度薬局【5:薬局】香川県さぬき市志度４４５０番地６" }, "geometry": { "type": "Point", "coordinates": [ 134.183065, 34.316085 ] } },
{ "type": "Feature", "properties": { "ID": "375L370100850", "正式名称": "アイン薬局　三木店", "機関区分": 5, "都道府県コード": 37, "市区町村コード": 341, "所在地": "香川県木田郡三木町平木５６ー６", "緯度": 34.270732, "経度": 134.128979, "url": "https://www.iryou.teikyouseido.mhlw.go.jp/znk-web/juminkanja/S2430/initialize?prefCd=37&kikanCd=L370100850&kikanKbn=5", "url2": "https://www.ainj.co.jp/", "内容": "アイン薬局　三木店【5:薬局】香川県木田郡三木町平木５６ー６" }, "geometry": { "type": "Point", "coordinates": [ 134.128979, 34.270732 ] } },
{ "type": "Feature", "properties": { "ID": "375L370100860", "正式名称": "在宅支援　さぬき薬局", "機関区分": 5, "都道府県コード": 37, "市区町村コード": 206, "所在地": "香川県さぬき市津田町津田２４４ー１", "緯度": 34.285564, "経度": 134.249024, "url": "https://www.iryou.teikyouseido.mhlw.go.jp/znk-web/juminkanja/S2430/initialize?prefCd=37&kikanCd=L370100860&kikanKbn=5", "url2": "http://www.hidamari-ph.com", "内容": "在宅支援　さぬき薬局【5:薬局】香川県さぬき市津田町津田２４４ー１" }, "geometry": { "type": "Point", "coordinates": [ 134.249024, 34.285564 ] } },
{ "type": "Feature", "properties": { "ID": "375L370100870", "正式名称": "はなみずき薬局", "機関区分": 5, "都道府県コード": 37, "市区町村コード": 207, "所在地": "香川県東かがわ市川東８７ー２", "緯度": 34.249227, "経度": 134.331184, "url": "https://www.iryou.teikyouseido.mhlw.go.jp/znk-web/juminkanja/S2430/initialize?prefCd=37&kikanCd=L370100870&kikanKbn=5", "url2": "sites.google.com/view/hanamizuki-ph/", "内容": "はなみずき薬局【5:薬局】香川県東かがわ市川東８７ー２" }, "geometry": { "type": "Point", "coordinates": [ 134.331184, 34.249227 ] } },
{ "type": "Feature", "properties": { "ID": "375L370100880", "正式名称": "アイ調剤薬局", "機関区分": 5, "都道府県コード": 37, "市区町村コード": 341, "所在地": "香川県木田郡三木町池戸甲１７４５－２０", "緯度": 34.293309, "経度": 134.122085, "url": "https://www.iryou.teikyouseido.mhlw.go.jp/znk-web/juminkanja/S2430/initialize?prefCd=37&kikanCd=L370100880&kikanKbn=5", "url2": "http://www.nichihos.co.jp/", "内容": "アイ調剤薬局【5:薬局】香川県木田郡三木町池戸甲１７４５－２０" }, "geometry": { "type": "Point", "coordinates": [ 134.122085, 34.293309 ] } },
{ "type": "Feature", "properties": { "ID": "375L370100890", "正式名称": "日本調剤　香大病院前薬局", "機関区分": 5, "都道府県コード": 37, "市区町村コード": 341, "所在地": "香川県木田郡三木町池戸１７５０－１", "緯度": 34.29219, "経度": 134.122687, "url": "https://www.iryou.teikyouseido.mhlw.go.jp/znk-web/juminkanja/S2430/initialize?prefCd=37&kikanCd=L370100890&kikanKbn=5", "url2": "https://www.nicho.co.jp/tenpo/kadaibyoimmae/", "内容": "日本調剤　香大病院前薬局【5:薬局】香川県木田郡三木町池戸１７５０－１" }, "geometry": { "type": "Point", "coordinates": [ 134.122687, 34.29219 ] } },
{ "type": "Feature", "properties": { "ID": "375L370100900", "正式名称": "ぞうた薬局", "機関区分": 5, "都道府県コード": 37, "市区町村コード": 206, "所在地": "香川県さぬき市造田是弘７９２－１０", "緯度": 34.283333, "経度": 134.183537, "url": "https://www.iryou.teikyouseido.mhlw.go.jp/znk-web/juminkanja/S2430/initialize?prefCd=37&kikanCd=L370100900&kikanKbn=5", "url2": "https://myoukenya.com", "内容": "ぞうた薬局【5:薬局】香川県さぬき市造田是弘７９２－１０" }, "geometry": { "type": "Point", "coordinates": [ 134.183537, 34.283333 ] } },
{ "type": "Feature", "properties": { "ID": "375L370100910", "正式名称": "有限会社松村薬局　みづいり店", "機関区分": 5, "都道府県コード": 37, "市区町村コード": 207, "所在地": "香川県東かがわ市湊１８３１－６", "緯度": 34.244886, "経度": 134.358837, "url": "https://www.iryou.teikyouseido.mhlw.go.jp/znk-web/juminkanja/S2430/initialize?prefCd=37&kikanCd=L370100910&kikanKbn=5", "url2": "https://matsumura-ph.com/", "内容": "有限会社松村薬局　みづいり店【5:薬局】香川県東かがわ市湊１８３１－６" }, "geometry": { "type": "Point", "coordinates": [ 134.358837, 34.244886 ] } },
{ "type": "Feature", "properties": { "ID": "375L370100920", "正式名称": "くま薬局　志度店", "機関区分": 5, "都道府県コード": 37, "市区町村コード": 206, "所在地": "香川県さぬき市志度２３８３−８", "緯度": 34.319118, "経度": 134.17267, "url": "https://www.iryou.teikyouseido.mhlw.go.jp/znk-web/juminkanja/S2430/initialize?prefCd=37&kikanCd=L370100920&kikanKbn=5", "url2": null, "内容": "くま薬局　志度店【5:薬局】香川県さぬき市志度２３８３−８" }, "geometry": { "type": "Point", "coordinates": [ 134.17267, 34.319118 ] } },
{ "type": "Feature", "properties": { "ID": "375L370200010", "正式名称": "大川泰生堂　薬局", "機関区分": 5, "都道府県コード": 37, "市区町村コード": 322, "所在地": "香川県小豆郡土庄町甲３９３－６", "緯度": 34.484453, "経度": 134.186332, "url": "https://www.iryou.teikyouseido.mhlw.go.jp/znk-web/juminkanja/S2430/initialize?prefCd=37&kikanCd=L370200010&kikanKbn=5", "url2": null, "内容": "大川泰生堂　薬局【5:薬局】香川県小豆郡土庄町甲３９３－６" }, "geometry": { "type": "Point", "coordinates": [ 134.186332, 34.484453 ] } },
{ "type": "Feature", "properties": { "ID": "375L370200050", "正式名称": "大石調剤薬局", "機関区分": 5, "都道府県コード": 37, "市区町村コード": 322, "所在地": "香川県小豆郡土庄町渕崎下赤穂屋甲１９３６", "緯度": 34.488781, "経度": 134.189198, "url": "https://www.iryou.teikyouseido.mhlw.go.jp/znk-web/juminkanja/S2430/initialize?prefCd=37&kikanCd=L370200050&kikanKbn=5", "url2": null, "内容": "大石調剤薬局【5:薬局】香川県小豆郡土庄町渕崎下赤穂屋甲１９３６" }, "geometry": { "type": "Point", "coordinates": [ 134.189198, 34.488781 ] } },
{ "type": "Feature", "properties": { "ID": "375L370200060", "正式名称": "有限会社　岩井薬局", "機関区分": 5, "都道府県コード": 37, "市区町村コード": 322, "所在地": "香川県小豆郡土庄町甲３９９－１", "緯度": 34.48467, "経度": 134.186309, "url": "https://www.iryou.teikyouseido.mhlw.go.jp/znk-web/juminkanja/S2430/initialize?prefCd=37&kikanCd=L370200060&kikanKbn=5", "url2": null, "内容": "有限会社　岩井薬局【5:薬局】香川県小豆郡土庄町甲３９９－１" }, "geometry": { "type": "Point", "coordinates": [ 134.186309, 34.48467 ] } },
{ "type": "Feature", "properties": { "ID": "375L370200070", "正式名称": "やまもと調剤薬局内海店", "機関区分": 5, "都道府県コード": 37, "市区町村コード": 324, "所在地": "香川県小豆郡小豆島町片城甲４４－３５３", "緯度": 34.479089, "経度": 134.308633, "url": "https://www.iryou.teikyouseido.mhlw.go.jp/znk-web/juminkanja/S2430/initialize?prefCd=37&kikanCd=L370200070&kikanKbn=5", "url2": null, "内容": "やまもと調剤薬局内海店【5:薬局】香川県小豆郡小豆島町片城甲４４－３５３" }, "geometry": { "type": "Point", "coordinates": [ 134.308633, 34.479089 ] } },
{ "type": "Feature", "properties": { "ID": "375L370200090", "正式名称": "有限会社　立道商店　立道薬局", "機関区分": 5, "都道府県コード": 37, "市区町村コード": 324, "所在地": "香川県小豆郡小豆島町草壁本町６２０番地１", "緯度": 34.480228, "経度": 134.300494, "url": "https://www.iryou.teikyouseido.mhlw.go.jp/znk-web/juminkanja/S2430/initialize?prefCd=37&kikanCd=L370200090&kikanKbn=5", "url2": null, "内容": "有限会社　立道商店　立道薬局【5:薬局】香川県小豆郡小豆島町草壁本町６２０番地１" }, "geometry": { "type": "Point", "coordinates": [ 134.300494, 34.480228 ] } },
{ "type": "Feature", "properties": { "ID": "375L370200100", "正式名称": "有限会社西﨑薬局", "機関区分": 5, "都道府県コード": 37, "市区町村コード": 322, "所在地": "香川県小豆郡土庄町渕崎甲８７７－１", "緯度": 34.488058, "経度": 134.183365, "url": "https://www.iryou.teikyouseido.mhlw.go.jp/znk-web/juminkanja/S2430/initialize?prefCd=37&kikanCd=L370200100&kikanKbn=5", "url2": null, "内容": "有限会社西﨑薬局【5:薬局】香川県小豆郡土庄町渕崎甲８７７－１" }, "geometry": { "type": "Point", "coordinates": [ 134.183365, 34.488058 ] } },
{ "type": "Feature", "properties": { "ID": "375L370200120", "正式名称": "有限会社　荘野薬局", "機関区分": 5, "都道府県コード": 37, "市区町村コード": 324, "所在地": "香川県小豆郡小豆島町馬木甲８５４番地１７", "緯度": 34.477062, "経度": 134.317076, "url": "https://www.iryou.teikyouseido.mhlw.go.jp/znk-web/juminkanja/S2430/initialize?prefCd=37&kikanCd=L370200120&kikanKbn=5", "url2": null, "内容": "有限会社　荘野薬局【5:薬局】香川県小豆郡小豆島町馬木甲８５４番地１７" }, "geometry": { "type": "Point", "coordinates": [ 134.317076, 34.477062 ] } },
{ "type": "Feature", "properties": { "ID": "375L370200140", "正式名称": "さくら薬局　小豆島池田店", "機関区分": 5, "都道府県コード": 37, "市区町村コード": 324, "所在地": "香川県小豆郡小豆島町池田字迎地２００１番１", "緯度": 34.48306, "経度": 134.235388, "url": "https://www.iryou.teikyouseido.mhlw.go.jp/znk-web/juminkanja/S2430/initialize?prefCd=37&kikanCd=L370200140&kikanKbn=5", "url2": "http://www.kraft-net.co.jp/search/3925/", "内容": "さくら薬局　小豆島池田店【5:薬局】香川県小豆郡小豆島町池田字迎地２００１番１" }, "geometry": { "type": "Point", "coordinates": [ 134.235388, 34.48306 ] } },
{ "type": "Feature", "properties": { "ID": "375L370200150", "正式名称": "レデイ薬局　小豆島池田店", "機関区分": 5, "都道府県コード": 37, "市区町村コード": 324, "所在地": "香川県小豆郡小豆島町池田８８３番地１　１階", "緯度": 34.478477, "経度": 134.232667, "url": "https://www.iryou.teikyouseido.mhlw.go.jp/znk-web/juminkanja/S2430/initialize?prefCd=37&kikanCd=L370200150&kikanKbn=5", "url2": "http://www.lady-drug.co.jp", "内容": "レデイ薬局　小豆島池田店【5:薬局】香川県小豆郡小豆島町池田８８３番地１　１階" }, "geometry": { "type": "Point", "coordinates": [ 134.232667, 34.478477 ] } },
{ "type": "Feature", "properties": { "ID": "375L370200180", "正式名称": "調剤薬局げんきまん", "機関区分": 5, "都道府県コード": 37, "市区町村コード": 324, "所在地": "香川県小豆郡小豆島町池田３４２７ー２", "緯度": 34.483014, "経度": 134.240605, "url": "https://www.iryou.teikyouseido.mhlw.go.jp/znk-web/juminkanja/S2430/initialize?prefCd=37&kikanCd=L370200180&kikanKbn=5", "url2": null, "内容": "調剤薬局げんきまん【5:薬局】香川県小豆郡小豆島町池田３４２７ー２" }, "geometry": { "type": "Point", "coordinates": [ 134.240605, 34.483014 ] } },
{ "type": "Feature", "properties": { "ID": "375L370200190", "正式名称": "和田調剤薬局", "機関区分": 5, "都道府県コード": 37, "市区町村コード": 322, "所在地": "香川県小豆郡土庄町渕崎甲２０３１－８", "緯度": 34.486779, "経度": 134.187981, "url": "https://www.iryou.teikyouseido.mhlw.go.jp/znk-web/juminkanja/S2430/initialize?prefCd=37&kikanCd=L370200190&kikanKbn=5", "url2": null, "内容": "和田調剤薬局【5:薬局】香川県小豆郡土庄町渕崎甲２０３１－８" }, "geometry": { "type": "Point", "coordinates": [ 134.187981, 34.486779 ] } },
{ "type": "Feature", "properties": { "ID": "375L370200200", "正式名称": "有限会社薬局くすりやオリーブ", "機関区分": 5, "都道府県コード": 37, "市区町村コード": 322, "所在地": "香川県小豆郡土庄町渕崎甲１４００番地１６", "緯度": 34.487026, "経度": 134.188208, "url": "https://www.iryou.teikyouseido.mhlw.go.jp/znk-web/juminkanja/S2430/initialize?prefCd=37&kikanCd=L370200200&kikanKbn=5", "url2": null, "内容": "有限会社薬局くすりやオリーブ【5:薬局】香川県小豆郡土庄町渕崎甲１４００番地１６" }, "geometry": { "type": "Point", "coordinates": [ 134.188208, 34.487026 ] } },
{ "type": "Feature", "properties": { "ID": "375L370300020", "正式名称": "シマヤ真鍋漢方薬局", "機関区分": 5, "都道府県コード": 37, "市区町村コード": 403, "所在地": "香川県仲多度郡琴平町２２５番地", "緯度": 34.188417, "経度": 133.82077, "url": "https://www.iryou.teikyouseido.mhlw.go.jp/znk-web/juminkanja/S2430/initialize?prefCd=37&kikanCd=L370300020&kikanKbn=5", "url2": "http://www.shimaya-kanpo.com/", "内容": "シマヤ真鍋漢方薬局【5:薬局】香川県仲多度郡琴平町２２５番地" }, "geometry": { "type": "Point", "coordinates": [ 133.82077, 34.188417 ] } },
{ "type": "Feature", "properties": { "ID": "375L370300030", "正式名称": "内海薬局", "機関区分": 5, "都道府県コード": 37, "市区町村コード": 202, "所在地": "香川県丸亀市垂水町１５１－４", "緯度": 34.222469, "経度": 133.832712, "url": "https://www.iryou.teikyouseido.mhlw.go.jp/znk-web/juminkanja/S2430/initialize?prefCd=37&kikanCd=L370300030&kikanKbn=5", "url2": null, "内容": "内海薬局【5:薬局】香川県丸亀市垂水町１５１－４" }, "geometry": { "type": "Point", "coordinates": [ 133.832712, 34.222469 ] } },
{ "type": "Feature", "properties": { "ID": "375L370300090", "正式名称": "ヒライ薬局", "機関区分": 5, "都道府県コード": 37, "市区町村コード": 203, "所在地": "香川県坂出市旭町２丁目６－５０", "緯度": 34.315877, "経度": 133.865149, "url": "https://www.iryou.teikyouseido.mhlw.go.jp/znk-web/juminkanja/S2430/initialize?prefCd=37&kikanCd=L370300090&kikanKbn=5", "url2": null, "内容": "ヒライ薬局【5:薬局】香川県坂出市旭町２丁目６－５０" }, "geometry": { "type": "Point", "coordinates": [ 133.865149, 34.315877 ] } },
{ "type": "Feature", "properties": { "ID": "375L370300140", "正式名称": "誠昌堂薬局", "機関区分": 5, "都道府県コード": 37, "市区町村コード": 203, "所在地": "香川県坂出市白金町２丁目４－８", "緯度": 34.314738, "経度": 133.846567, "url": "https://www.iryou.teikyouseido.mhlw.go.jp/znk-web/juminkanja/S2430/initialize?prefCd=37&kikanCd=L370300140&kikanKbn=5", "url2": null, "内容": "誠昌堂薬局【5:薬局】香川県坂出市白金町２丁目４－８" }, "geometry": { "type": "Point", "coordinates": [ 133.846567, 34.314738 ] } },
{ "type": "Feature", "properties": { "ID": "375L370300160", "正式名称": "辻上薬局　原田店", "機関区分": 5, "都道府県コード": 37, "市区町村コード": 202, "所在地": "香川県丸亀市原田町西三分１６３２－１", "緯度": 34.255576, "経度": 133.787186, "url": "https://www.iryou.teikyouseido.mhlw.go.jp/znk-web/juminkanja/S2430/initialize?prefCd=37&kikanCd=L370300160&kikanKbn=5", "url2": "https://www.topco-group.jp", "内容": "辻上薬局　原田店【5:薬局】香川県丸亀市原田町西三分１６３２－１" }, "geometry": { "type": "Point", "coordinates": [ 133.787186, 34.255576 ] } },
{ "type": "Feature", "properties": { "ID": "375L370300180", "正式名称": "アイン薬局　津森店", "機関区分": 5, "都道府県コード": 37, "市区町村コード": 202, "所在地": "香川県丸亀市津森町２１６－３", "緯度": 34.276546, "経度": 133.795073, "url": "https://www.iryou.teikyouseido.mhlw.go.jp/znk-web/juminkanja/S2430/initialize?prefCd=37&kikanCd=L370300180&kikanKbn=5", "url2": "https://www.ainj.co.jp", "内容": "アイン薬局　津森店【5:薬局】香川県丸亀市津森町２１６－３" }, "geometry": { "type": "Point", "coordinates": [ 133.795073, 34.276546 ] } },
{ "type": "Feature", "properties": { "ID": "375L370300190", "正式名称": "江戸薬局", "機関区分": 5, "都道府県コード": 37, "市区町村コード": 202, "所在地": "香川県丸亀市垂水町２９４０番地４", "緯度": 34.242439, "経度": 133.827628, "url": "https://www.iryou.teikyouseido.mhlw.go.jp/znk-web/juminkanja/S2430/initialize?prefCd=37&kikanCd=L370300190&kikanKbn=5", "url2": null, "内容": "江戸薬局【5:薬局】香川県丸亀市垂水町２９４０番地４" }, "geometry": { "type": "Point", "coordinates": [ 133.827628, 34.242439 ] } },
{ "type": "Feature", "properties": { "ID": "375L370300200", "正式名称": "ＤＲＵＧ　ＨＯＵＳＥ幹薬局", "機関区分": 5, "都道府県コード": 37, "市区町村コード": 406, "所在地": "香川県仲多度郡まんのう町吉野下９４８－１", "緯度": 34.187251, "経度": 133.847879, "url": "https://www.iryou.teikyouseido.mhlw.go.jp/znk-web/juminkanja/S2430/initialize?prefCd=37&kikanCd=L370300200&kikanKbn=5", "url2": null, "内容": "ＤＲＵＧ　ＨＯＵＳＥ幹薬局【5:薬局】香川県仲多度郡まんのう町吉野下９４８－１" }, "geometry": { "type": "Point", "coordinates": [ 133.847879, 34.187251 ] } },
{ "type": "Feature", "properties": { "ID": "375L370300220", "正式名称": "有限会社コアラ薬局", "機関区分": 5, "都道府県コード": 37, "市区町村コード": 202, "所在地": "香川県丸亀市飯山町川原９５３－１", "緯度": 34.265937, "経度": 133.855597, "url": "https://www.iryou.teikyouseido.mhlw.go.jp/znk-web/juminkanja/S2430/initialize?prefCd=37&kikanCd=L370300220&kikanKbn=5", "url2": "https://coarayakkyoku.web.fc2.com/", "内容": "有限会社コアラ薬局【5:薬局】香川県丸亀市飯山町川原９５３－１" }, "geometry": { "type": "Point", "coordinates": [ 133.855597, 34.265937 ] } },
{ "type": "Feature", "properties": { "ID": "375L370300230", "正式名称": "有限会社アインス　マンノウ薬局", "機関区分": 5, "都道府県コード": 37, "市区町村コード": 406, "所在地": "香川県仲多度郡まんのう町四條６７６－５", "緯度": 34.193306, "経度": 133.83924, "url": "https://www.iryou.teikyouseido.mhlw.go.jp/znk-web/juminkanja/S2430/initialize?prefCd=37&kikanCd=L370300230&kikanKbn=5", "url2": "https.//www.topco-group.jp", "内容": "有限会社アインス　マンノウ薬局【5:薬局】香川県仲多度郡まんのう町四條６７６－５" }, "geometry": { "type": "Point", "coordinates": [ 133.83924, 34.193306 ] } },
{ "type": "Feature", "properties": { "ID": "375L370300270", "正式名称": "鷺岡漢方堂薬局", "機関区分": 5, "都道府県コード": 37, "市区町村コード": 202, "所在地": "香川県丸亀市中府町１丁目６－５８", "緯度": 34.279963, "経度": 133.797601, "url": "https://www.iryou.teikyouseido.mhlw.go.jp/znk-web/juminkanja/S2430/initialize?prefCd=37&kikanCd=L370300270&kikanKbn=5", "url2": "http://www.sagiokakanpou.co.jp/", "内容": "鷺岡漢方堂薬局【5:薬局】香川県丸亀市中府町１丁目６－５８" }, "geometry": { "type": "Point", "coordinates": [ 133.797601, 34.279963 ] } },
{ "type": "Feature", "properties": { "ID": "375L370300280", "正式名称": "有限会社　辻上薬局", "機関区分": 5, "都道府県コード": 37, "市区町村コード": 202, "所在地": "香川県丸亀市綾歌町岡田下４９６－５", "緯度": 34.222859, "経度": 133.860598, "url": "https://www.iryou.teikyouseido.mhlw.go.jp/znk-web/juminkanja/S2430/initialize?prefCd=37&kikanCd=L370300280&kikanKbn=5", "url2": null, "内容": "有限会社　辻上薬局【5:薬局】香川県丸亀市綾歌町岡田下４９６－５" }, "geometry": { "type": "Point", "coordinates": [ 133.860598, 34.222859 ] } },
{ "type": "Feature", "properties": { "ID": "375L370300290", "正式名称": "有限会社　フレンド調剤薬局", "機関区分": 5, "都道府県コード": 37, "市区町村コード": 203, "所在地": "香川県坂出市川津町２８０５－８", "緯度": 34.287574, "経度": 133.854735, "url": "https://www.iryou.teikyouseido.mhlw.go.jp/znk-web/juminkanja/S2430/initialize?prefCd=37&kikanCd=L370300290&kikanKbn=5", "url2": null, "内容": "有限会社　フレンド調剤薬局【5:薬局】香川県坂出市川津町２８０５－８" }, "geometry": { "type": "Point", "coordinates": [ 133.854735, 34.287574 ] } },
{ "type": "Feature", "properties": { "ID": "375L370300300", "正式名称": "正木調剤薬局", "機関区分": 5, "都道府県コード": 37, "市区町村コード": 202, "所在地": "香川県丸亀市飯山町川原２２８－４０", "緯度": 34.263132, "経度": 133.85318, "url": "https://www.iryou.teikyouseido.mhlw.go.jp/znk-web/juminkanja/S2430/initialize?prefCd=37&kikanCd=L370300300&kikanKbn=5", "url2": "http://www.masakiph.jp", "内容": "正木調剤薬局【5:薬局】香川県丸亀市飯山町川原２２８－４０" }, "geometry": { "type": "Point", "coordinates": [ 133.85318, 34.263132 ] } },
{ "type": "Feature", "properties": { "ID": "375L370300310", "正式名称": "有限会社　かやまち調剤薬局今津店", "機関区分": 5, "都道府県コード": 37, "市区町村コード": 202, "所在地": "香川県丸亀市今津町５３５－５", "緯度": 34.278463, "経度": 133.780325, "url": "https://www.iryou.teikyouseido.mhlw.go.jp/znk-web/juminkanja/S2430/initialize?prefCd=37&kikanCd=L370300310&kikanKbn=5", "url2": "http://www.chozai.com/", "内容": "有限会社　かやまち調剤薬局今津店【5:薬局】香川県丸亀市今津町５３５－５" }, "geometry": { "type": "Point", "coordinates": [ 133.780325, 34.278463 ] } },
{ "type": "Feature", "properties": { "ID": "375L370300370", "正式名称": "飯山調剤薬局", "機関区分": 5, "都道府県コード": 37, "市区町村コード": 202, "所在地": "香川県丸亀市飯山町川原８０３－２", "緯度": 34.263993, "経度": 133.855986, "url": "https://www.iryou.teikyouseido.mhlw.go.jp/znk-web/juminkanja/S2430/initialize?prefCd=37&kikanCd=L370300370&kikanKbn=5", "url2": "https://shikoku-ms.com/archives/area/kagawa/", "内容": "飯山調剤薬局【5:薬局】香川県丸亀市飯山町川原８０３－２" }, "geometry": { "type": "Point", "coordinates": [ 133.855986, 34.263993 ] } },
{ "type": "Feature", "properties": { "ID": "375L370300390", "正式名称": "有限会社　アインス　オレンジ薬局", "機関区分": 5, "都道府県コード": 37, "市区町村コード": 203, "所在地": "香川県坂出市室町二丁目１－１７", "緯度": 34.315516, "経度": 133.861288, "url": "https://www.iryou.teikyouseido.mhlw.go.jp/znk-web/juminkanja/S2430/initialize?prefCd=37&kikanCd=L370300390&kikanKbn=5", "url2": "https://www.topco-group.jp/", "内容": "有限会社　アインス　オレンジ薬局【5:薬局】香川県坂出市室町二丁目１－１７" }, "geometry": { "type": "Point", "coordinates": [ 133.861288, 34.315516 ] } },
{ "type": "Feature", "properties": { "ID": "375L370300410", "正式名称": "アイン薬局　琴平店", "機関区分": 5, "都道府県コード": 37, "市区町村コード": 403, "所在地": "香川県仲多度郡琴平町３２０－１８", "緯度": 34.192222, "経度": 133.81927, "url": "https://www.iryou.teikyouseido.mhlw.go.jp/znk-web/juminkanja/S2430/initialize?prefCd=37&kikanCd=L370300410&kikanKbn=5", "url2": "https://www.ainj.co.jp", "内容": "アイン薬局　琴平店【5:薬局】香川県仲多度郡琴平町３２０－１８" }, "geometry": { "type": "Point", "coordinates": [ 133.81927, 34.192222 ] } },
{ "type": "Feature", "properties": { "ID": "375L370300440", "正式名称": "有限会社辻上薬局　城西店", "機関区分": 5, "都道府県コード": 37, "市区町村コード": 202, "所在地": "香川県丸亀市城西町２丁目４－８", "緯度": 34.285073, "経度": 133.795267, "url": "https://www.iryou.teikyouseido.mhlw.go.jp/znk-web/juminkanja/S2430/initialize?prefCd=37&kikanCd=L370300440&kikanKbn=5", "url2": "https://www.topco-group.jp", "内容": "有限会社辻上薬局　城西店【5:薬局】香川県丸亀市城西町２丁目４－８" }, "geometry": { "type": "Point", "coordinates": [ 133.795267, 34.285073 ] } },
{ "type": "Feature", "properties": { "ID": "375L370300490", "正式名称": "宇多津ぱんだ薬局", "機関区分": 5, "都道府県コード": 37, "市区町村コード": 386, "所在地": "香川県綾歌郡宇多津町浜六番丁９２－８", "緯度": 34.308516, "経度": 133.815876, "url": "https://www.iryou.teikyouseido.mhlw.go.jp/znk-web/juminkanja/S2430/initialize?prefCd=37&kikanCd=L370300490&kikanKbn=5", "url2": "http://www.jmedical.co.jp", "内容": "宇多津ぱんだ薬局【5:薬局】香川県綾歌郡宇多津町浜六番丁９２－８" }, "geometry": { "type": "Point", "coordinates": [ 133.815876, 34.308516 ] } },
{ "type": "Feature", "properties": { "ID": "375L370300520", "正式名称": "株式会社サン調剤薬局", "機関区分": 5, "都道府県コード": 37, "市区町村コード": 202, "所在地": "香川県丸亀市城東町二丁目１４番３３号", "緯度": 34.288267, "経度": 133.803989, "url": "https://www.iryou.teikyouseido.mhlw.go.jp/znk-web/juminkanja/S2430/initialize?prefCd=37&kikanCd=L370300520&kikanKbn=5", "url2": "http://www.san-3.jp/", "内容": "株式会社サン調剤薬局【5:薬局】香川県丸亀市城東町二丁目１４番３３号" }, "geometry": { "type": "Point", "coordinates": [ 133.803989, 34.288267 ] } },
{ "type": "Feature", "properties": { "ID": "375L370300570", "正式名称": "フジヤ調剤薬局", "機関区分": 5, "都道府県コード": 37, "市区町村コード": 204, "所在地": "香川県善通寺市木徳町１０７３－１", "緯度": 34.243383, "経度": 133.799491, "url": "https://www.iryou.teikyouseido.mhlw.go.jp/znk-web/juminkanja/S2430/initialize?prefCd=37&kikanCd=L370300570&kikanKbn=5", "url2": "fujiya-pharmacy.com", "内容": "フジヤ調剤薬局【5:薬局】香川県善通寺市木徳町１０７３－１" }, "geometry": { "type": "Point", "coordinates": [ 133.799491, 34.243383 ] } },
{ "type": "Feature", "properties": { "ID": "375L370300590", "正式名称": "城東調剤薬局", "機関区分": 5, "都道府県コード": 37, "市区町村コード": 202, "所在地": "香川県丸亀市城東町三丁目１０－８", "緯度": 34.289045, "経度": 133.804294, "url": "https://www.iryou.teikyouseido.mhlw.go.jp/znk-web/juminkanja/S2430/initialize?prefCd=37&kikanCd=L370300590&kikanKbn=5", "url2": null, "内容": "城東調剤薬局【5:薬局】香川県丸亀市城東町三丁目１０－８" }, "geometry": { "type": "Point", "coordinates": [ 133.804294, 34.289045 ] } },
{ "type": "Feature", "properties": { "ID": "375L370300600", "正式名称": "有限会社辻上薬局御供所店", "機関区分": 5, "都道府県コード": 37, "市区町村コード": 202, "所在地": "香川県丸亀市御供所町一丁目８－３６", "緯度": 34.295822, "経度": 133.802822, "url": "https://www.iryou.teikyouseido.mhlw.go.jp/znk-web/juminkanja/S2430/initialize?prefCd=37&kikanCd=L370300600&kikanKbn=5", "url2": "https.//www.topco-group.jp", "内容": "有限会社辻上薬局御供所店【5:薬局】香川県丸亀市御供所町一丁目８－３６" }, "geometry": { "type": "Point", "coordinates": [ 133.802822, 34.295822 ] } },
{ "type": "Feature", "properties": { "ID": "375L370300620", "正式名称": "有限会社アインス　土器薬局", "機関区分": 5, "都道府県コード": 37, "市区町村コード": 202, "所在地": "香川県丸亀市土器町東３丁目６２９番地", "緯度": 34.29335, "経度": 133.813516, "url": "https://www.iryou.teikyouseido.mhlw.go.jp/znk-web/juminkanja/S2430/initialize?prefCd=37&kikanCd=L370300620&kikanKbn=5", "url2": "https.//www.topco-group.jp", "内容": "有限会社アインス　土器薬局【5:薬局】香川県丸亀市土器町東３丁目６２９番地" }, "geometry": { "type": "Point", "coordinates": [ 133.813516, 34.29335 ] } },
{ "type": "Feature", "properties": { "ID": "375L370300650", "正式名称": "コスモ調剤薬局　柞原店", "機関区分": 5, "都道府県コード": 37, "市区町村コード": 202, "所在地": "香川県丸亀市柞原町字下所１８１－１", "緯度": 34.265714, "経度": 133.80599, "url": "https://www.iryou.teikyouseido.mhlw.go.jp/znk-web/juminkanja/S2430/initialize?prefCd=37&kikanCd=L370300650&kikanKbn=5", "url2": null, "内容": "コスモ調剤薬局　柞原店【5:薬局】香川県丸亀市柞原町字下所１８１－１" }, "geometry": { "type": "Point", "coordinates": [ 133.80599, 34.265714 ] } },
{ "type": "Feature", "properties": { "ID": "375L370300680", "正式名称": "べにや薬局", "機関区分": 5, "都道府県コード": 37, "市区町村コード": 403, "所在地": "香川県仲多度郡琴平町６６４－５", "緯度": 34.190362, "経度": 133.817659, "url": "https://www.iryou.teikyouseido.mhlw.go.jp/znk-web/juminkanja/S2430/initialize?prefCd=37&kikanCd=L370300680&kikanKbn=5", "url2": null, "内容": "べにや薬局【5:薬局】香川県仲多度郡琴平町６６４－５" }, "geometry": { "type": "Point", "coordinates": [ 133.817659, 34.190362 ] } },
{ "type": "Feature", "properties": { "ID": "375L370300700", "正式名称": "かりん薬局", "機関区分": 5, "都道府県コード": 37, "市区町村コード": 202, "所在地": "香川県丸亀市郡家町２４２番地３", "緯度": 34.248439, "経度": 133.8221, "url": "https://www.iryou.teikyouseido.mhlw.go.jp/znk-web/juminkanja/S2430/initialize?prefCd=37&kikanCd=L370300700&kikanKbn=5", "url2": "https://www.karinchan.jp/", "内容": "かりん薬局【5:薬局】香川県丸亀市郡家町２４２番地３" }, "geometry": { "type": "Point", "coordinates": [ 133.8221, 34.248439 ] } },
{ "type": "Feature", "properties": { "ID": "375L370300710", "正式名称": "あさひ調剤薬局　川西店", "機関区分": 5, "都道府県コード": 37, "市区町村コード": 202, "所在地": "香川県丸亀市川西町南４２２－７", "緯度": 34.253994, "経度": 133.829349, "url": "https://www.iryou.teikyouseido.mhlw.go.jp/znk-web/juminkanja/S2430/initialize?prefCd=37&kikanCd=L370300710&kikanKbn=5", "url2": null, "内容": "あさひ調剤薬局　川西店【5:薬局】香川県丸亀市川西町南４２２－７" }, "geometry": { "type": "Point", "coordinates": [ 133.829349, 34.253994 ] } },
{ "type": "Feature", "properties": { "ID": "375L370300720", "正式名称": "花水木調剤薬局", "機関区分": 5, "都道府県コード": 37, "市区町村コード": 403, "所在地": "香川県仲多度郡琴平町榎井８５３－３", "緯度": 34.191711, "経度": 133.820387, "url": "https://www.iryou.teikyouseido.mhlw.go.jp/znk-web/juminkanja/S2430/initialize?prefCd=37&kikanCd=L370300720&kikanKbn=5", "url2": null, "内容": "花水木調剤薬局【5:薬局】香川県仲多度郡琴平町榎井８５３－３" }, "geometry": { "type": "Point", "coordinates": [ 133.820387, 34.191711 ] } },
{ "type": "Feature", "properties": { "ID": "375L370300730", "正式名称": "かりん薬局　しか", "機関区分": 5, "都道府県コード": 37, "市区町村コード": 404, "所在地": "香川県仲多度郡多度津町大字青木１３０－４", "緯度": 34.252909, "経度": 133.752522, "url": "https://www.iryou.teikyouseido.mhlw.go.jp/znk-web/juminkanja/S2430/initialize?prefCd=37&kikanCd=L370300730&kikanKbn=5", "url2": "https://www.karinchan.jp/", "内容": "かりん薬局　しか【5:薬局】香川県仲多度郡多度津町大字青木１３０－４" }, "geometry": { "type": "Point", "coordinates": [ 133.752522, 34.252909 ] } },
{ "type": "Feature", "properties": { "ID": "375L370300760", "正式名称": "わかば調剤薬局　仲南店", "機関区分": 5, "都道府県コード": 37, "市区町村コード": 406, "所在地": "香川県仲多度郡まんのう町買田２３３番地１１", "緯度": 34.172419, "経度": 133.82702, "url": "https://www.iryou.teikyouseido.mhlw.go.jp/znk-web/juminkanja/S2430/initialize?prefCd=37&kikanCd=L370300760&kikanKbn=5", "url2": null, "内容": "わかば調剤薬局　仲南店【5:薬局】香川県仲多度郡まんのう町買田２３３番地１１" }, "geometry": { "type": "Point", "coordinates": [ 133.82702, 34.172419 ] } },
{ "type": "Feature", "properties": { "ID": "375L370300770", "正式名称": "有限会社ミドリ調剤薬局", "機関区分": 5, "都道府県コード": 37, "市区町村コード": 203, "所在地": "香川県坂出市府中町２５９番地２", "緯度": 34.295075, "経度": 133.935977, "url": "https://www.iryou.teikyouseido.mhlw.go.jp/znk-web/juminkanja/S2430/initialize?prefCd=37&kikanCd=L370300770&kikanKbn=5", "url2": null, "内容": "有限会社ミドリ調剤薬局【5:薬局】香川県坂出市府中町２５９番地２" }, "geometry": { "type": "Point", "coordinates": [ 133.935977, 34.295075 ] } },
{ "type": "Feature", "properties": { "ID": "375L370300780", "正式名称": "ハーブ調剤薬局", "機関区分": 5, "都道府県コード": 37, "市区町村コード": 204, "所在地": "香川県善通寺市善通寺町一丁目７－１６", "緯度": 34.227496, "経度": 133.779549, "url": "https://www.iryou.teikyouseido.mhlw.go.jp/znk-web/juminkanja/S2430/initialize?prefCd=37&kikanCd=L370300780&kikanKbn=5", "url2": null, "内容": "ハーブ調剤薬局【5:薬局】香川県善通寺市善通寺町一丁目７－１６" }, "geometry": { "type": "Point", "coordinates": [ 133.779549, 34.227496 ] } },
{ "type": "Feature", "properties": { "ID": "375L370300790", "正式名称": "アカネ調剤薬局", "機関区分": 5, "都道府県コード": 37, "市区町村コード": 386, "所在地": "香川県綾歌郡宇多津町浜五番丁６５番地", "緯度": 34.304433, "経度": 133.810126, "url": "https://www.iryou.teikyouseido.mhlw.go.jp/znk-web/juminkanja/S2430/initialize?prefCd=37&kikanCd=L370300790&kikanKbn=5", "url2": "http://www.jmedical.co.jp/", "内容": "アカネ調剤薬局【5:薬局】香川県綾歌郡宇多津町浜五番丁６５番地" }, "geometry": { "type": "Point", "coordinates": [ 133.810126, 34.304433 ] } },
{ "type": "Feature", "properties": { "ID": "375L370300800", "正式名称": "快生堂福島調剤薬局", "機関区分": 5, "都道府県コード": 37, "市区町村コード": 202, "所在地": "香川県丸亀市福島町１１５番地", "緯度": 34.293656, "経度": 133.792656, "url": "https://www.iryou.teikyouseido.mhlw.go.jp/znk-web/juminkanja/S2430/initialize?prefCd=37&kikanCd=L370300800&kikanKbn=5", "url2": "http://www.kai-sei-do.co.jp", "内容": "快生堂福島調剤薬局【5:薬局】香川県丸亀市福島町１１５番地" }, "geometry": { "type": "Point", "coordinates": [ 133.792656, 34.293656 ] } },
{ "type": "Feature", "properties": { "ID": "375L370300810", "正式名称": "有限会社コバンヤ薬局", "機関区分": 5, "都道府県コード": 37, "市区町村コード": 387, "所在地": "香川県綾歌郡綾川町滝宮１３６０番地１", "緯度": 34.248135, "経度": 133.919259, "url": "https://www.iryou.teikyouseido.mhlw.go.jp/znk-web/juminkanja/S2430/initialize?prefCd=37&kikanCd=L370300810&kikanKbn=5", "url2": null, "内容": "有限会社コバンヤ薬局【5:薬局】香川県綾歌郡綾川町滝宮１３６０番地１" }, "geometry": { "type": "Point", "coordinates": [ 133.919259, 34.248135 ] } },
{ "type": "Feature", "properties": { "ID": "375L370300840", "正式名称": "コスモ調剤薬局　室町店", "機関区分": 5, "都道府県コード": 37, "市区町村コード": 203, "所在地": "香川県坂出市室町三丁目１番５号", "緯度": 34.317654, "経度": 133.860177, "url": "https://www.iryou.teikyouseido.mhlw.go.jp/znk-web/juminkanja/S2430/initialize?prefCd=37&kikanCd=L370300840&kikanKbn=5", "url2": null, "内容": "コスモ調剤薬局　室町店【5:薬局】香川県坂出市室町三丁目１番５号" }, "geometry": { "type": "Point", "coordinates": [ 133.860177, 34.317654 ] } },
{ "type": "Feature", "properties": { "ID": "375L370300860", "正式名称": "プラム調剤薬局", "機関区分": 5, "都道府県コード": 37, "市区町村コード": 387, "所在地": "香川県綾歌郡綾川町陶４０８４番地１０", "緯度": 34.253829, "経度": 133.952756, "url": "https://www.iryou.teikyouseido.mhlw.go.jp/znk-web/juminkanja/S2430/initialize?prefCd=37&kikanCd=L370300860&kikanKbn=5", "url2": "https://www.sumomo.com", "内容": "プラム調剤薬局【5:薬局】香川県綾歌郡綾川町陶４０８４番地１０" }, "geometry": { "type": "Point", "coordinates": [ 133.952756, 34.253829 ] } },
{ "type": "Feature", "properties": { "ID": "375L370300920", "正式名称": "くるみ薬局", "機関区分": 5, "都道府県コード": 37, "市区町村コード": 404, "所在地": "香川県仲多度郡多度津町栄町２丁目１－４０", "緯度": 34.272602, "経度": 133.757077, "url": "https://www.iryou.teikyouseido.mhlw.go.jp/znk-web/juminkanja/S2430/initialize?prefCd=37&kikanCd=L370300920&kikanKbn=5", "url2": null, "内容": "くるみ薬局【5:薬局】香川県仲多度郡多度津町栄町２丁目１－４０" }, "geometry": { "type": "Point", "coordinates": [ 133.757077, 34.272602 ] } },
{ "type": "Feature", "properties": { "ID": "375L370300940", "正式名称": "有限会社　フレンド調剤薬局　駅前店", "機関区分": 5, "都道府県コード": 37, "市区町村コード": 203, "所在地": "香川県坂出市駒止町一丁目４番２４号", "緯度": 34.312766, "経度": 133.857983, "url": "https://www.iryou.teikyouseido.mhlw.go.jp/znk-web/juminkanja/S2430/initialize?prefCd=37&kikanCd=L370300940&kikanKbn=5", "url2": null, "内容": "有限会社　フレンド調剤薬局　駅前店【5:薬局】香川県坂出市駒止町一丁目４番２４号" }, "geometry": { "type": "Point", "coordinates": [ 133.857983, 34.312766 ] } },
{ "type": "Feature", "properties": { "ID": "375L370300950", "正式名称": "あすか調剤薬局", "機関区分": 5, "都道府県コード": 37, "市区町村コード": 202, "所在地": "香川県丸亀市宗古町１－２", "緯度": 34.292739, "経度": 133.796517, "url": "https://www.iryou.teikyouseido.mhlw.go.jp/znk-web/juminkanja/S2430/initialize?prefCd=37&kikanCd=L370300950&kikanKbn=5", "url2": "http://www.chozai.com", "内容": "あすか調剤薬局【5:薬局】香川県丸亀市宗古町１－２" }, "geometry": { "type": "Point", "coordinates": [ 133.796517, 34.292739 ] } },
{ "type": "Feature", "properties": { "ID": "375L370300960", "正式名称": "ダイヤ薬局　滝宮店", "機関区分": 5, "都道府県コード": 37, "市区町村コード": 387, "所在地": "香川県綾歌郡綾川町滝宮５５６番地６", "緯度": 34.247246, "経度": 133.924064, "url": "https://www.iryou.teikyouseido.mhlw.go.jp/znk-web/juminkanja/S2430/initialize?prefCd=37&kikanCd=L370300960&kikanKbn=5", "url2": "http://www.jmedical.co.jp/", "内容": "ダイヤ薬局　滝宮店【5:薬局】香川県綾歌郡綾川町滝宮５５６番地６" }, "geometry": { "type": "Point", "coordinates": [ 133.924064, 34.247246 ] } },
{ "type": "Feature", "properties": { "ID": "375L370301000", "正式名称": "アン調剤薬局", "機関区分": 5, "都道府県コード": 37, "市区町村コード": 202, "所在地": "香川県丸亀市土器町東３丁目２５４－２", "緯度": 34.29074, "経度": 133.814877, "url": "https://www.iryou.teikyouseido.mhlw.go.jp/znk-web/juminkanja/S2430/initialize?prefCd=37&kikanCd=L370301000&kikanKbn=5", "url2": "https://www.karinchan.jp/", "内容": "アン調剤薬局【5:薬局】香川県丸亀市土器町東３丁目２５４－２" }, "geometry": { "type": "Point", "coordinates": [ 133.814877, 34.29074 ] } },
{ "type": "Feature", "properties": { "ID": "375L370301010", "正式名称": "コスモ調剤薬局　善通寺店", "機関区分": 5, "都道府県コード": 37, "市区町村コード": 204, "所在地": "香川県善通寺市上吉田町五丁目１番２１号", "緯度": 34.230746, "経度": 133.784382, "url": "https://www.iryou.teikyouseido.mhlw.go.jp/znk-web/juminkanja/S2430/initialize?prefCd=37&kikanCd=L370301010&kikanKbn=5", "url2": "https://cosmo-chouzai.jp", "内容": "コスモ調剤薬局　善通寺店【5:薬局】香川県善通寺市上吉田町五丁目１番２１号" }, "geometry": { "type": "Point", "coordinates": [ 133.784382, 34.230746 ] } },
{ "type": "Feature", "properties": { "ID": "375L370301040", "正式名称": "スター薬局　飯野", "機関区分": 5, "都道府県コード": 37, "市区町村コード": 202, "所在地": "香川県丸亀市飯野町東二甲１３９６番地３", "緯度": 34.277964, "経度": 133.830598, "url": "https://www.iryou.teikyouseido.mhlw.go.jp/znk-web/juminkanja/S2430/initialize?prefCd=37&kikanCd=L370301040&kikanKbn=5", "url2": "http://www.starpharmacy.jp/", "内容": "スター薬局　飯野【5:薬局】香川県丸亀市飯野町東二甲１３９６番地３" }, "geometry": { "type": "Point", "coordinates": [ 133.830598, 34.277964 ] } },
{ "type": "Feature", "properties": { "ID": "375L370301050", "正式名称": "いろは堂薬局", "機関区分": 5, "都道府県コード": 37, "市区町村コード": 202, "所在地": "香川県丸亀市柞原町６８３番地１", "緯度": 34.272408, "経度": 133.806684, "url": "https://www.iryou.teikyouseido.mhlw.go.jp/znk-web/juminkanja/S2430/initialize?prefCd=37&kikanCd=L370301050&kikanKbn=5", "url2": null, "内容": "いろは堂薬局【5:薬局】香川県丸亀市柞原町６８３番地１" }, "geometry": { "type": "Point", "coordinates": [ 133.806684, 34.272408 ] } },
{ "type": "Feature", "properties": { "ID": "375L370301060", "正式名称": "ミント調剤薬局", "機関区分": 5, "都道府県コード": 37, "市区町村コード": 404, "所在地": "香川県仲多度郡多度津町元町１２番２６号", "緯度": 34.270852, "経度": 133.750244, "url": "https://www.iryou.teikyouseido.mhlw.go.jp/znk-web/juminkanja/S2430/initialize?prefCd=37&kikanCd=L370301060&kikanKbn=5", "url2": null, "内容": "ミント調剤薬局【5:薬局】香川県仲多度郡多度津町元町１２番２６号" }, "geometry": { "type": "Point", "coordinates": [ 133.750244, 34.270852 ] } },
{ "type": "Feature", "properties": { "ID": "375L370301090", "正式名称": "そうごう薬局　琴平店", "機関区分": 5, "都道府県コード": 37, "市区町村コード": 403, "所在地": "香川県仲多度郡琴平町榎井７７５番地１３", "緯度": 34.191084, "経度": 133.825158, "url": "https://www.iryou.teikyouseido.mhlw.go.jp/znk-web/juminkanja/S2430/initialize?prefCd=37&kikanCd=L370301090&kikanKbn=5", "url2": "http://www.sogo-medical.co.jp", "内容": "そうごう薬局　琴平店【5:薬局】香川県仲多度郡琴平町榎井７７５番地１３" }, "geometry": { "type": "Point", "coordinates": [ 133.825158, 34.191084 ] } },
{ "type": "Feature", "properties": { "ID": "375L370301100", "正式名称": "ほほえみ薬局", "機関区分": 5, "都道府県コード": 37, "市区町村コード": 404, "所在地": "香川県仲多度郡多度津町寿町２－３７", "緯度": 34.270463, "経度": 133.758466, "url": "https://www.iryou.teikyouseido.mhlw.go.jp/znk-web/juminkanja/S2430/initialize?prefCd=37&kikanCd=L370301100&kikanKbn=5", "url2": "https://kanbarayakkyoku.com", "内容": "ほほえみ薬局【5:薬局】香川県仲多度郡多度津町寿町２－３７" }, "geometry": { "type": "Point", "coordinates": [ 133.758466, 34.270463 ] } },
{ "type": "Feature", "properties": { "ID": "375L370301110", "正式名称": "スター薬局　四條店", "機関区分": 5, "都道府県コード": 37, "市区町村コード": 406, "所在地": "香川県仲多度郡まんのう町四條７８４番地５", "緯度": 34.195556, "経度": 133.837407, "url": "https://www.iryou.teikyouseido.mhlw.go.jp/znk-web/juminkanja/S2430/initialize?prefCd=37&kikanCd=L370301110&kikanKbn=5", "url2": "https://www.starpharmacy.jp/", "内容": "スター薬局　四條店【5:薬局】香川県仲多度郡まんのう町四條７８４番地５" }, "geometry": { "type": "Point", "coordinates": [ 133.837407, 34.195556 ] } },
{ "type": "Feature", "properties": { "ID": "375L370301130", "正式名称": "ベル調剤薬局　健康館", "機関区分": 5, "都道府県コード": 37, "市区町村コード": 202, "所在地": "香川県丸亀市城東町３丁目１０番８号", "緯度": 34.289045, "経度": 133.804294, "url": "https://www.iryou.teikyouseido.mhlw.go.jp/znk-web/juminkanja/S2430/initialize?prefCd=37&kikanCd=L370301130&kikanKbn=5", "url2": null, "内容": "ベル調剤薬局　健康館【5:薬局】香川県丸亀市城東町３丁目１０番８号" }, "geometry": { "type": "Point", "coordinates": [ 133.804294, 34.289045 ] } },
{ "type": "Feature", "properties": { "ID": "375L370301140", "正式名称": "有限会社すまいる調剤薬局", "機関区分": 5, "都道府県コード": 37, "市区町村コード": 204, "所在地": "香川県善通寺市大麻町２０６５－４", "緯度": 34.216053, "経度": 133.799937, "url": "https://www.iryou.teikyouseido.mhlw.go.jp/znk-web/juminkanja/S2430/initialize?prefCd=37&kikanCd=L370301140&kikanKbn=5", "url2": null, "内容": "有限会社すまいる調剤薬局【5:薬局】香川県善通寺市大麻町２０６５－４" }, "geometry": { "type": "Point", "coordinates": [ 133.799937, 34.216053 ] } },
{ "type": "Feature", "properties": { "ID": "375L370301150", "正式名称": "さくま調剤薬局", "機関区分": 5, "都道府県コード": 37, "市区町村コード": 403, "所在地": "香川県仲多度郡琴平町７５３番地４", "緯度": 34.186834, "経度": 133.820187, "url": "https://www.iryou.teikyouseido.mhlw.go.jp/znk-web/juminkanja/S2430/initialize?prefCd=37&kikanCd=L370301150&kikanKbn=5", "url2": null, "内容": "さくま調剤薬局【5:薬局】香川県仲多度郡琴平町７５３番地４" }, "geometry": { "type": "Point", "coordinates": [ 133.820187, 34.186834 ] } },
{ "type": "Feature", "properties": { "ID": "375L370301170", "正式名称": "レデイ薬局　多度津店", "機関区分": 5, "都道府県コード": 37, "市区町村コード": 404, "所在地": "香川県仲多度郡多度津町北鴨２丁目１０－１", "緯度": 34.275129, "経度": 133.766937, "url": "https://www.iryou.teikyouseido.mhlw.go.jp/znk-web/juminkanja/S2430/initialize?prefCd=37&kikanCd=L370301170&kikanKbn=5", "url2": "http://www.lady-drug.co.jp/", "内容": "レデイ薬局　多度津店【5:薬局】香川県仲多度郡多度津町北鴨２丁目１０－１" }, "geometry": { "type": "Point", "coordinates": [ 133.766937, 34.275129 ] } },
{ "type": "Feature", "properties": { "ID": "375L370301180", "正式名称": "かすみ薬局", "機関区分": 5, "都道府県コード": 37, "市区町村コード": 387, "所在地": "香川県綾歌郡綾川町陶４１８５－７", "緯度": 34.252885, "経度": 133.945729, "url": "https://www.iryou.teikyouseido.mhlw.go.jp/znk-web/juminkanja/S2430/initialize?prefCd=37&kikanCd=L370301180&kikanKbn=5", "url2": "https://yuukicreate2.stars.ne.jp/", "内容": "かすみ薬局【5:薬局】香川県綾歌郡綾川町陶４１８５－７" }, "geometry": { "type": "Point", "coordinates": [ 133.945729, 34.252885 ] } },
{ "type": "Feature", "properties": { "ID": "375L370301200", "正式名称": "有限会社アインス　調剤薬局ハーモニー", "機関区分": 5, "都道府県コード": 37, "市区町村コード": 204, "所在地": "香川県善通寺市中村町９００－１", "緯度": 34.243494, "経度": 133.76555, "url": "https://www.iryou.teikyouseido.mhlw.go.jp/znk-web/juminkanja/S2430/initialize?prefCd=37&kikanCd=L370301200&kikanKbn=5", "url2": "https.//www.topco-group.jp", "内容": "有限会社アインス　調剤薬局ハーモニー【5:薬局】香川県善通寺市中村町９００－１" }, "geometry": { "type": "Point", "coordinates": [ 133.76555, 34.243494 ] } },
{ "type": "Feature", "properties": { "ID": "375L370301220", "正式名称": "みもざ薬局", "機関区分": 5, "都道府県コード": 37, "市区町村コード": 202, "所在地": "香川県丸亀市土器町西四丁目２４７番地２", "緯度": 34.282685, "経度": 133.814905, "url": "https://www.iryou.teikyouseido.mhlw.go.jp/znk-web/juminkanja/S2430/initialize?prefCd=37&kikanCd=L370301220&kikanKbn=5", "url2": null, "内容": "みもざ薬局【5:薬局】香川県丸亀市土器町西四丁目２４７番地２" }, "geometry": { "type": "Point", "coordinates": [ 133.814905, 34.282685 ] } },
{ "type": "Feature", "properties": { "ID": "375L370301230", "正式名称": "宇多津調剤薬局", "機関区分": 5, "都道府県コード": 37, "市区町村コード": 386, "所在地": "香川県綾歌郡宇多津町大字東分４９番地３６", "緯度": 34.294517, "経度": 133.831681, "url": "https://www.iryou.teikyouseido.mhlw.go.jp/znk-web/juminkanja/S2430/initialize?prefCd=37&kikanCd=L370301230&kikanKbn=5", "url2": "https://mspharmacy.jp/", "内容": "宇多津調剤薬局【5:薬局】香川県綾歌郡宇多津町大字東分４９番地３６" }, "geometry": { "type": "Point", "coordinates": [ 133.831681, 34.294517 ] } },
{ "type": "Feature", "properties": { "ID": "375L370301240", "正式名称": "みずほ調剤薬局", "機関区分": 5, "都道府県コード": 37, "市区町村コード": 203, "所在地": "香川県坂出市江尻町字南新開１５７８－５", "緯度": 34.315071, "経度": 133.870871, "url": "https://www.iryou.teikyouseido.mhlw.go.jp/znk-web/juminkanja/S2430/initialize?prefCd=37&kikanCd=L370301240&kikanKbn=5", "url2": "https://mspharmacy.jp/", "内容": "みずほ調剤薬局【5:薬局】香川県坂出市江尻町字南新開１５７８－５" }, "geometry": { "type": "Point", "coordinates": [ 133.870871, 34.315071 ] } },
{ "type": "Feature", "properties": { "ID": "375L370301260", "正式名称": "京町薬局西庄店", "機関区分": 5, "都道府県コード": 37, "市区町村コード": 203, "所在地": "香川県坂出市西庄町１７８－４", "緯度": 34.319627, "経度": 133.881814, "url": "https://www.iryou.teikyouseido.mhlw.go.jp/znk-web/juminkanja/S2430/initialize?prefCd=37&kikanCd=L370301260&kikanKbn=5", "url2": "http://www.kyomachi-pharmacy.co.jp", "内容": "京町薬局西庄店【5:薬局】香川県坂出市西庄町１７８－４" }, "geometry": { "type": "Point", "coordinates": [ 133.881814, 34.319627 ] } },
{ "type": "Feature", "properties": { "ID": "375L370301270", "正式名称": "ぞうさん薬局", "機関区分": 5, "都道府県コード": 37, "市区町村コード": 202, "所在地": "香川県丸亀市土器町東四丁目７３７番地", "緯度": 34.291267, "経度": 133.81571, "url": "https://www.iryou.teikyouseido.mhlw.go.jp/znk-web/juminkanja/S2430/initialize?prefCd=37&kikanCd=L370301270&kikanKbn=5", "url2": "http://apispharma.com/zousan.html", "内容": "ぞうさん薬局【5:薬局】香川県丸亀市土器町東四丁目７３７番地" }, "geometry": { "type": "Point", "coordinates": [ 133.81571, 34.291267 ] } },
{ "type": "Feature", "properties": { "ID": "375L370301280", "正式名称": "有限会社　香川ファーマシー遊　もみの木薬局", "機関区分": 5, "都道府県コード": 37, "市区町村コード": 387, "所在地": "香川県綾歌郡綾川町陶１７１９－１", "緯度": 34.25844, "経度": 133.943395, "url": "https://www.iryou.teikyouseido.mhlw.go.jp/znk-web/juminkanja/S2430/initialize?prefCd=37&kikanCd=L370301280&kikanKbn=5", "url2": null, "内容": "有限会社　香川ファーマシー遊　もみの木薬局【5:薬局】香川県綾歌郡綾川町陶１７１９－１" }, "geometry": { "type": "Point", "coordinates": [ 133.943395, 34.25844 ] } },
{ "type": "Feature", "properties": { "ID": "375L370301290", "正式名称": "なのはな薬局", "機関区分": 5, "都道府県コード": 37, "市区町村コード": 406, "所在地": "香川県仲多度郡まんのう町東高篠１３７７番地１", "緯度": 34.208138, "経度": 133.828185, "url": "https://www.iryou.teikyouseido.mhlw.go.jp/znk-web/juminkanja/S2430/initialize?prefCd=37&kikanCd=L370301290&kikanKbn=5", "url2": "https://starpharmacy.jp/guide.html#nanohana", "内容": "なのはな薬局【5:薬局】香川県仲多度郡まんのう町東高篠１３７７番地１" }, "geometry": { "type": "Point", "coordinates": [ 133.828185, 34.208138 ] } },
{ "type": "Feature", "properties": { "ID": "375L370301300", "正式名称": "株式会社　三河薬品　ミカワ調剤薬局　善通寺店", "機関区分": 5, "都道府県コード": 37, "市区町村コード": 204, "所在地": "香川県善通寺市善通寺町五丁目３－１４", "緯度": 34.227607, "経度": 133.774744, "url": "https://www.iryou.teikyouseido.mhlw.go.jp/znk-web/juminkanja/S2430/initialize?prefCd=37&kikanCd=L370301300&kikanKbn=5", "url2": "http://homepage3.nifty.com/MIKAWA/", "内容": "株式会社　三河薬品　ミカワ調剤薬局　善通寺店【5:薬局】香川県善通寺市善通寺町五丁目３－１４" }, "geometry": { "type": "Point", "coordinates": [ 133.774744, 34.227607 ] } },
{ "type": "Feature", "properties": { "ID": "375L370301320", "正式名称": "アイン薬局　坂出駅前店", "機関区分": 5, "都道府県コード": 37, "市区町村コード": 203, "所在地": "香川県坂出市駒止町一丁目３－５　ライフスクエア坂出１階", "緯度": 34.311933, "経度": 133.856678, "url": "https://www.iryou.teikyouseido.mhlw.go.jp/znk-web/juminkanja/S2430/initialize?prefCd=37&kikanCd=L370301320&kikanKbn=5", "url2": "https://www.ainj.co.jp", "内容": "アイン薬局　坂出駅前店【5:薬局】香川県坂出市駒止町一丁目３－５　ライフスクエア坂出１階" }, "geometry": { "type": "Point", "coordinates": [ 133.856678, 34.311933 ] } },
{ "type": "Feature", "properties": { "ID": "375L370301330", "正式名称": "有限会社　辻上薬局陶店", "機関区分": 5, "都道府県コード": 37, "市区町村コード": 387, "所在地": "香川県綾歌郡綾川町陶２６０３－１", "緯度": 34.256107, "経度": 133.960338, "url": "https://www.iryou.teikyouseido.mhlw.go.jp/znk-web/juminkanja/S2430/initialize?prefCd=37&kikanCd=L370301330&kikanKbn=5", "url2": "https://www.topco-group.jp", "内容": "有限会社　辻上薬局陶店【5:薬局】香川県綾歌郡綾川町陶２６０３－１" }, "geometry": { "type": "Point", "coordinates": [ 133.960338, 34.256107 ] } },
{ "type": "Feature", "properties": { "ID": "375L370301340", "正式名称": "大松薬局", "機関区分": 5, "都道府県コード": 37, "市区町村コード": 386, "所在地": "香川県綾歌郡宇多津町１４１３", "緯度": 34.307516, "経度": 133.82618, "url": "https://www.iryou.teikyouseido.mhlw.go.jp/znk-web/juminkanja/S2430/initialize?prefCd=37&kikanCd=L370301340&kikanKbn=5", "url2": null, "内容": "大松薬局【5:薬局】香川県綾歌郡宇多津町１４１３" }, "geometry": { "type": "Point", "coordinates": [ 133.82618, 34.307516 ] } },
{ "type": "Feature", "properties": { "ID": "375L370301360", "正式名称": "スター薬局　浜多度津店", "機関区分": 5, "都道府県コード": 37, "市区町村コード": 404, "所在地": "香川県仲多度郡多度津町西浜１１番１８号", "緯度": 34.271574, "経度": 133.744744, "url": "https://www.iryou.teikyouseido.mhlw.go.jp/znk-web/juminkanja/S2430/initialize?prefCd=37&kikanCd=L370301360&kikanKbn=5", "url2": "http://www.starpharmacy.jp/", "内容": "スター薬局　浜多度津店【5:薬局】香川県仲多度郡多度津町西浜１１番１８号" }, "geometry": { "type": "Point", "coordinates": [ 133.744744, 34.271574 ] } },
{ "type": "Feature", "properties": { "ID": "375L370301410", "正式名称": "かわにし南調剤薬局", "機関区分": 5, "都道府県コード": 37, "市区町村コード": 202, "所在地": "香川県丸亀市川西町南１５４０番６", "緯度": 34.240329, "経度": 133.83435, "url": "https://www.iryou.teikyouseido.mhlw.go.jp/znk-web/juminkanja/S2430/initialize?prefCd=37&kikanCd=L370301410&kikanKbn=5", "url2": null, "内容": "かわにし南調剤薬局【5:薬局】香川県丸亀市川西町南１５４０番６" }, "geometry": { "type": "Point", "coordinates": [ 133.83435, 34.240329 ] } },
{ "type": "Feature", "properties": { "ID": "375L370301430", "正式名称": "ごじょう薬局", "機関区分": 5, "都道府県コード": 37, "市区町村コード": 403, "所在地": "香川県仲多度郡琴平町五條６５３－１", "緯度": 34.189834, "経度": 133.827269, "url": "https://www.iryou.teikyouseido.mhlw.go.jp/znk-web/juminkanja/S2430/initialize?prefCd=37&kikanCd=L370301430&kikanKbn=5", "url2": null, "内容": "ごじょう薬局【5:薬局】香川県仲多度郡琴平町五條６５３－１" }, "geometry": { "type": "Point", "coordinates": [ 133.827269, 34.189834 ] } },
{ "type": "Feature", "properties": { "ID": "375L370301440", "正式名称": "尾崎漢方薬局", "機関区分": 5, "都道府県コード": 37, "市区町村コード": 202, "所在地": "香川県丸亀市飯山町下法軍寺５４６－３", "緯度": 34.256911, "経度": 133.855847, "url": "https://www.iryou.teikyouseido.mhlw.go.jp/znk-web/juminkanja/S2430/initialize?prefCd=37&kikanCd=L370301440&kikanKbn=5", "url2": "https://www.ozaki-kanpo.net/", "内容": "尾崎漢方薬局【5:薬局】香川県丸亀市飯山町下法軍寺５４６－３" }, "geometry": { "type": "Point", "coordinates": [ 133.855847, 34.256911 ] } },
{ "type": "Feature", "properties": { "ID": "375L370301450", "正式名称": "四條薬局", "機関区分": 5, "都道府県コード": 37, "市区町村コード": 406, "所在地": "香川県仲多度郡まんのう町四條１７９", "緯度": 34.186196, "経度": 133.838185, "url": "https://www.iryou.teikyouseido.mhlw.go.jp/znk-web/juminkanja/S2430/initialize?prefCd=37&kikanCd=L370301450&kikanKbn=5", "url2": "https.//www.topco-group.jp", "内容": "四條薬局【5:薬局】香川県仲多度郡まんのう町四條１７９" }, "geometry": { "type": "Point", "coordinates": [ 133.838185, 34.186196 ] } },
{ "type": "Feature", "properties": { "ID": "375L370301460", "正式名称": "あやうた調剤薬局", "機関区分": 5, "都道府県コード": 37, "市区町村コード": 202, "所在地": "香川県丸亀市綾歌町岡田東１７５０番地２", "緯度": 34.222165, "経度": 133.864681, "url": "https://www.iryou.teikyouseido.mhlw.go.jp/znk-web/juminkanja/S2430/initialize?prefCd=37&kikanCd=L370301460&kikanKbn=5", "url2": "http://seagull-pharmacy.com/", "内容": "あやうた調剤薬局【5:薬局】香川県丸亀市綾歌町岡田東１７５０番地２" }, "geometry": { "type": "Point", "coordinates": [ 133.864681, 34.222165 ] } },
{ "type": "Feature", "properties": { "ID": "375L370301470", "正式名称": "有限会社　アピスファーマ　アピス薬局", "機関区分": 5, "都道府県コード": 37, "市区町村コード": 406, "所在地": "香川県仲多度郡まんのう町四條１１２９－１", "緯度": 34.202138, "経度": 133.832546, "url": "https://www.iryou.teikyouseido.mhlw.go.jp/znk-web/juminkanja/S2430/initialize?prefCd=37&kikanCd=L370301470&kikanKbn=5", "url2": "http://apispharma.com", "内容": "有限会社　アピスファーマ　アピス薬局【5:薬局】香川県仲多度郡まんのう町四條１１２９－１" }, "geometry": { "type": "Point", "coordinates": [ 133.832546, 34.202138 ] } },
{ "type": "Feature", "properties": { "ID": "375L370301480", "正式名称": "アイン薬局　駒止店", "機関区分": 5, "都道府県コード": 37, "市区町村コード": 203, "所在地": "香川県坂出市駒止町二丁目１番４０号", "緯度": 34.309072, "経度": 133.855761, "url": "https://www.iryou.teikyouseido.mhlw.go.jp/znk-web/juminkanja/S2430/initialize?prefCd=37&kikanCd=L370301480&kikanKbn=5", "url2": "https://www.ainj.co.jp", "内容": "アイン薬局　駒止店【5:薬局】香川県坂出市駒止町二丁目１番４０号" }, "geometry": { "type": "Point", "coordinates": [ 133.855761, 34.309072 ] } },
{ "type": "Feature", "properties": { "ID": "375L370301490", "正式名称": "京町薬局　丸亀東店", "機関区分": 5, "都道府県コード": 37, "市区町村コード": 202, "所在地": "香川県丸亀市土器町東７丁目８７６番", "緯度": 34.297322, "経度": 133.809599, "url": "https://www.iryou.teikyouseido.mhlw.go.jp/znk-web/juminkanja/S2430/initialize?prefCd=37&kikanCd=L370301490&kikanKbn=5", "url2": "http://www.kyomachi-pharmacy.co.jp/", "内容": "京町薬局　丸亀東店【5:薬局】香川県丸亀市土器町東７丁目８７６番" }, "geometry": { "type": "Point", "coordinates": [ 133.809599, 34.297322 ] } },
{ "type": "Feature", "properties": { "ID": "375L370301500", "正式名称": "有限会社　辻上薬局綾上店", "機関区分": 5, "都道府県コード": 37, "市区町村コード": 387, "所在地": "香川県綾歌郡綾川町山田上甲１３３１－３", "緯度": 34.220278, "経度": 133.964479, "url": "https://www.iryou.teikyouseido.mhlw.go.jp/znk-web/juminkanja/S2430/initialize?prefCd=37&kikanCd=L370301500&kikanKbn=5", "url2": "http://www.topco-group.jp", "内容": "有限会社　辻上薬局綾上店【5:薬局】香川県綾歌郡綾川町山田上甲１３３１－３" }, "geometry": { "type": "Point", "coordinates": [ 133.964479, 34.220278 ] } },
{ "type": "Feature", "properties": { "ID": "375L370301510", "正式名称": "かんばら調剤薬局", "機関区分": 5, "都道府県コード": 37, "市区町村コード": 404, "所在地": "香川県仲多度郡多度津町京町５番４６号", "緯度": 34.267491, "経度": 133.752105, "url": "https://www.iryou.teikyouseido.mhlw.go.jp/znk-web/juminkanja/S2430/initialize?prefCd=37&kikanCd=L370301510&kikanKbn=5", "url2": null, "内容": "かんばら調剤薬局【5:薬局】香川県仲多度郡多度津町京町５番４６号" }, "geometry": { "type": "Point", "coordinates": [ 133.752105, 34.267491 ] } },
{ "type": "Feature", "properties": { "ID": "375L370301520", "正式名称": "京町薬局　山北店", "機関区分": 5, "都道府県コード": 37, "市区町村コード": 202, "所在地": "香川県丸亀市山北町４５６－１", "緯度": 34.277352, "経度": 133.799045, "url": "https://www.iryou.teikyouseido.mhlw.go.jp/znk-web/juminkanja/S2430/initialize?prefCd=37&kikanCd=L370301520&kikanKbn=5", "url2": "http://www.kyomachi-pharmacy.com/", "内容": "京町薬局　山北店【5:薬局】香川県丸亀市山北町４５６－１" }, "geometry": { "type": "Point", "coordinates": [ 133.799045, 34.277352 ] } },
{ "type": "Feature", "properties": { "ID": "375L370301530", "正式名称": "イオン薬局綾川店", "機関区分": 5, "都道府県コード": 37, "市区町村コード": 387, "所在地": "香川県綾歌郡綾川町萱原８２２番地１", "緯度": 34.251913, "経度": 133.930702, "url": "https://www.iryou.teikyouseido.mhlw.go.jp/znk-web/juminkanja/S2430/initialize?prefCd=37&kikanCd=L370301530&kikanKbn=5", "url2": "https://www.aeon.com/store/%E3%82%A4%E3%82%AA%E3%83%B3/%E3%82%A4%E3%82%AA%E3%83%B3%E7%B6%BE%E5%B7%9D%E5%BA%97/archive/1267046/", "内容": "イオン薬局綾川店【5:薬局】香川県綾歌郡綾川町萱原８２２番地１" }, "geometry": { "type": "Point", "coordinates": [ 133.930702, 34.251913 ] } },
{ "type": "Feature", "properties": { "ID": "375L370301550", "正式名称": "スエ薬局", "機関区分": 5, "都道府県コード": 37, "市区町村コード": 387, "所在地": "香川県綾歌郡綾川町陶１７２４番１", "緯度": 34.258273, "経度": 133.942395, "url": "https://www.iryou.teikyouseido.mhlw.go.jp/znk-web/juminkanja/S2430/initialize?prefCd=37&kikanCd=L370301550&kikanKbn=5", "url2": null, "内容": "スエ薬局【5:薬局】香川県綾歌郡綾川町陶１７２４番１" }, "geometry": { "type": "Point", "coordinates": [ 133.942395, 34.258273 ] } },
{ "type": "Feature", "properties": { "ID": "375L370301560", "正式名称": "大学薬局むろまち", "機関区分": 5, "都道府県コード": 37, "市区町村コード": 203, "所在地": "香川県坂出市室町三丁目６－２８", "緯度": 34.317849, "経度": 133.862233, "url": "https://www.iryou.teikyouseido.mhlw.go.jp/znk-web/juminkanja/S2430/initialize?prefCd=37&kikanCd=L370301560&kikanKbn=5", "url2": "https://www.muromachijoutou-ph.jp/", "内容": "大学薬局むろまち【5:薬局】香川県坂出市室町三丁目６－２８" }, "geometry": { "type": "Point", "coordinates": [ 133.862233, 34.317849 ] } },
{ "type": "Feature", "properties": { "ID": "375L370301570", "正式名称": "株式会社三河薬品　ミカワ調剤薬局　坂出横津店", "機関区分": 5, "都道府県コード": 37, "市区町村コード": 203, "所在地": "香川県坂出市横津町三丁目２－３３", "緯度": 34.317765, "経度": 133.867482, "url": "https://www.iryou.teikyouseido.mhlw.go.jp/znk-web/juminkanja/S2430/initialize?prefCd=37&kikanCd=L370301570&kikanKbn=5", "url2": null, "内容": "株式会社三河薬品　ミカワ調剤薬局　坂出横津店【5:薬局】香川県坂出市横津町三丁目２－３３" }, "geometry": { "type": "Point", "coordinates": [ 133.867482, 34.317765 ] } },
{ "type": "Feature", "properties": { "ID": "375L370301620", "正式名称": "なの花薬局　丸亀店", "機関区分": 5, "都道府県コード": 37, "市区町村コード": 202, "所在地": "香川県丸亀市城東町二丁目９番２７号", "緯度": 34.287434, "経度": 133.804405, "url": "https://www.iryou.teikyouseido.mhlw.go.jp/znk-web/juminkanja/S2430/initialize?prefCd=37&kikanCd=L370301620&kikanKbn=5", "url2": "//www.nanohana-ph.jp", "内容": "なの花薬局　丸亀店【5:薬局】香川県丸亀市城東町二丁目９番２７号" }, "geometry": { "type": "Point", "coordinates": [ 133.804405, 34.287434 ] } },
{ "type": "Feature", "properties": { "ID": "375L370301630", "正式名称": "めーぷる薬局", "機関区分": 5, "都道府県コード": 37, "市区町村コード": 202, "所在地": "香川県丸亀市土器町東九丁目１５６番地", "緯度": 34.300155, "経度": 133.811988, "url": "https://www.iryou.teikyouseido.mhlw.go.jp/znk-web/juminkanja/S2430/initialize?prefCd=37&kikanCd=L370301630&kikanKbn=5", "url2": null, "内容": "めーぷる薬局【5:薬局】香川県丸亀市土器町東九丁目１５６番地" }, "geometry": { "type": "Point", "coordinates": [ 133.811988, 34.300155 ] } },
{ "type": "Feature", "properties": { "ID": "375L370301640", "正式名称": "しろがね薬局", "機関区分": 5, "都道府県コード": 37, "市区町村コード": 203, "所在地": "香川県坂出市白金町三丁目６番１５号", "緯度": 34.316793, "経度": 133.845206, "url": "https://www.iryou.teikyouseido.mhlw.go.jp/znk-web/juminkanja/S2430/initialize?prefCd=37&kikanCd=L370301640&kikanKbn=5", "url2": null, "内容": "しろがね薬局【5:薬局】香川県坂出市白金町三丁目６番１５号" }, "geometry": { "type": "Point", "coordinates": [ 133.845206, 34.316793 ] } },
{ "type": "Feature", "properties": { "ID": "375L370301650", "正式名称": "ふたば薬局", "機関区分": 5, "都道府県コード": 37, "市区町村コード": 204, "所在地": "香川県善通寺市原田町１４２０－１", "緯度": 34.251299, "経度": 133.785492, "url": "https://www.iryou.teikyouseido.mhlw.go.jp/znk-web/juminkanja/S2430/initialize?prefCd=37&kikanCd=L370301650&kikanKbn=5", "url2": "kusuribako2010-ph.com", "内容": "ふたば薬局【5:薬局】香川県善通寺市原田町１４２０－１" }, "geometry": { "type": "Point", "coordinates": [ 133.785492, 34.251299 ] } },
{ "type": "Feature", "properties": { "ID": "375L370301660", "正式名称": "なつめ調剤薬局", "機関区分": 5, "都道府県コード": 37, "市区町村コード": 386, "所在地": "香川県綾歌郡宇多津町浜五番丁５６番９", "緯度": 34.304766, "経度": 133.810932, "url": "https://www.iryou.teikyouseido.mhlw.go.jp/znk-web/juminkanja/S2430/initialize?prefCd=37&kikanCd=L370301660&kikanKbn=5", "url2": "http://www.jmedical.co.jp/", "内容": "なつめ調剤薬局【5:薬局】香川県綾歌郡宇多津町浜五番丁５６番９" }, "geometry": { "type": "Point", "coordinates": [ 133.810932, 34.304766 ] } },
{ "type": "Feature", "properties": { "ID": "375L370301670", "正式名称": "ひかり薬局　善通寺店", "機関区分": 5, "都道府県コード": 37, "市区町村コード": 204, "所在地": "香川県善通寺市生野町字山端１８５２番地１", "緯度": 34.221802, "経度": 133.786493, "url": "https://www.iryou.teikyouseido.mhlw.go.jp/znk-web/juminkanja/S2430/initialize?prefCd=37&kikanCd=L370301670&kikanKbn=5", "url2": "http://www.shikoku-ms.com", "内容": "ひかり薬局　善通寺店【5:薬局】香川県善通寺市生野町字山端１８５２番地１" }, "geometry": { "type": "Point", "coordinates": [ 133.786493, 34.221802 ] } },
{ "type": "Feature", "properties": { "ID": "375L370301690", "正式名称": "三和薬局", "機関区分": 5, "都道府県コード": 37, "市区町村コード": 202, "所在地": "香川県丸亀市中府町一丁目５－４４", "緯度": 34.279102, "経度": 133.797879, "url": "https://www.iryou.teikyouseido.mhlw.go.jp/znk-web/juminkanja/S2430/initialize?prefCd=37&kikanCd=L370301690&kikanKbn=5", "url2": null, "内容": "三和薬局【5:薬局】香川県丸亀市中府町一丁目５－４４" }, "geometry": { "type": "Point", "coordinates": [ 133.797879, 34.279102 ] } },
{ "type": "Feature", "properties": { "ID": "375L370301700", "正式名称": "京町薬局　川津店", "機関区分": 5, "都道府県コード": 37, "市区町村コード": 203, "所在地": "香川県坂出市川津町字東山２４９６番６号", "緯度": 34.289574, "経度": 133.861262, "url": "https://www.iryou.teikyouseido.mhlw.go.jp/znk-web/juminkanja/S2430/initialize?prefCd=37&kikanCd=L370301700&kikanKbn=5", "url2": "http://www.kyomachi-pharmacy.co.jp/", "内容": "京町薬局　川津店【5:薬局】香川県坂出市川津町字東山２４９６番６号" }, "geometry": { "type": "Point", "coordinates": [ 133.861262, 34.289574 ] } },
{ "type": "Feature", "properties": { "ID": "375L370301720", "正式名称": "もも調剤薬局", "機関区分": 5, "都道府県コード": 37, "市区町村コード": 202, "所在地": "香川県丸亀市飯山町西坂元７０５番地１５", "緯度": 34.26216, "経度": 133.839348, "url": "https://www.iryou.teikyouseido.mhlw.go.jp/znk-web/juminkanja/S2430/initialize?prefCd=37&kikanCd=L370301720&kikanKbn=5", "url2": "http://momo-hnsms.jimdo.com", "内容": "もも調剤薬局【5:薬局】香川県丸亀市飯山町西坂元７０５番地１５" }, "geometry": { "type": "Point", "coordinates": [ 133.839348, 34.26216 ] } },
{ "type": "Feature", "properties": { "ID": "375L370301730", "正式名称": "たきのみや三好薬局", "機関区分": 5, "都道府県コード": 37, "市区町村コード": 387, "所在地": "香川県綾歌郡綾川町滝宮４７９－１０", "緯度": 34.247774, "経度": 133.92462, "url": "https://www.iryou.teikyouseido.mhlw.go.jp/znk-web/juminkanja/S2430/initialize?prefCd=37&kikanCd=L370301730&kikanKbn=5", "url2": "http://seagull-pharmacy.com/", "内容": "たきのみや三好薬局【5:薬局】香川県綾歌郡綾川町滝宮４７９－１０" }, "geometry": { "type": "Point", "coordinates": [ 133.92462, 34.247774 ] } },
{ "type": "Feature", "properties": { "ID": "375L370301760", "正式名称": "イルカ調剤薬局", "機関区分": 5, "都道府県コード": 37, "市区町村コード": 203, "所在地": "香川県坂出市旭町３丁目１－１１", "緯度": 34.317654, "経度": 133.862788, "url": "https://www.iryou.teikyouseido.mhlw.go.jp/znk-web/juminkanja/S2430/initialize?prefCd=37&kikanCd=L370301760&kikanKbn=5", "url2": "http://ritsurin-ph.jp", "内容": "イルカ調剤薬局【5:薬局】香川県坂出市旭町３丁目１－１１" }, "geometry": { "type": "Point", "coordinates": [ 133.862788, 34.317654 ] } },
{ "type": "Feature", "properties": { "ID": "375L370301790", "正式名称": "アイン薬局　城西店", "機関区分": 5, "都道府県コード": 37, "市区町村コード": 202, "所在地": "香川県丸亀市津森町１１０８－１", "緯度": 34.277046, "経度": 133.789657, "url": "https://www.iryou.teikyouseido.mhlw.go.jp/znk-web/juminkanja/S2430/initialize?prefCd=37&kikanCd=L370301790&kikanKbn=5", "url2": null, "内容": "アイン薬局　城西店【5:薬局】香川県丸亀市津森町１１０８－１" }, "geometry": { "type": "Point", "coordinates": [ 133.789657, 34.277046 ] } },
{ "type": "Feature", "properties": { "ID": "375L370301810", "正式名称": "末沢薬局", "機関区分": 5, "都道府県コード": 37, "市区町村コード": 203, "所在地": "香川県坂出市横津町二丁目５番１８号", "緯度": 34.315377, "経度": 133.868565, "url": "https://www.iryou.teikyouseido.mhlw.go.jp/znk-web/juminkanja/S2430/initialize?prefCd=37&kikanCd=L370301810&kikanKbn=5", "url2": null, "内容": "末沢薬局【5:薬局】香川県坂出市横津町二丁目５番１８号" }, "geometry": { "type": "Point", "coordinates": [ 133.868565, 34.315377 ] } },
{ "type": "Feature", "properties": { "ID": "375L370301820", "正式名称": "そうごう薬局　坂出店", "機関区分": 5, "都道府県コード": 37, "市区町村コード": 203, "所在地": "香川県坂出市元町一丁目５番２１号", "緯度": 34.314182, "経度": 133.855511, "url": "https://www.iryou.teikyouseido.mhlw.go.jp/znk-web/juminkanja/S2430/initialize?prefCd=37&kikanCd=L370301820&kikanKbn=5", "url2": "http://www.sogo-medical.co.jp/", "内容": "そうごう薬局　坂出店【5:薬局】香川県坂出市元町一丁目５番２１号" }, "geometry": { "type": "Point", "coordinates": [ 133.855511, 34.314182 ] } },
{ "type": "Feature", "properties": { "ID": "375L370301850", "正式名称": "薬局日本メディカル", "機関区分": 5, "都道府県コード": 37, "市区町村コード": 203, "所在地": "香川県坂出市室町３－６－２６", "緯度": 34.317821, "経度": 133.862344, "url": "https://www.iryou.teikyouseido.mhlw.go.jp/znk-web/juminkanja/S2430/initialize?prefCd=37&kikanCd=L370301850&kikanKbn=5", "url2": "https://www.jmsys.co.jp/pharmacy/shop-detail_267/", "内容": "薬局日本メディカル【5:薬局】香川県坂出市室町３－６－２６" }, "geometry": { "type": "Point", "coordinates": [ 133.862344, 34.317821 ] } },
{ "type": "Feature", "properties": { "ID": "375L370301880", "正式名称": "辻上薬局　郡家店", "機関区分": 5, "都道府県コード": 37, "市区町村コード": 202, "所在地": "香川県丸亀市郡家町字八幡下２４８８番地１", "緯度": 34.256827, "経度": 133.811295, "url": "https://www.iryou.teikyouseido.mhlw.go.jp/znk-web/juminkanja/S2430/initialize?prefCd=37&kikanCd=L370301880&kikanKbn=5", "url2": "https.//www.topco-group.jp", "内容": "辻上薬局　郡家店【5:薬局】香川県丸亀市郡家町字八幡下２４８８番地１" }, "geometry": { "type": "Point", "coordinates": [ 133.811295, 34.256827 ] } },
{ "type": "Feature", "properties": { "ID": "375L370301890", "正式名称": "アイン薬局　善通寺店", "機関区分": 5, "都道府県コード": 37, "市区町村コード": 204, "所在地": "香川県善通寺市仙遊町一丁目７－１０　グランメゾン・悠１Ｆ", "緯度": 34.229495, "経度": 133.773105, "url": "https://www.iryou.teikyouseido.mhlw.go.jp/znk-web/juminkanja/S2430/initialize?prefCd=37&kikanCd=L370301890&kikanKbn=5", "url2": "https://www.ainj.co.jp", "内容": "アイン薬局　善通寺店【5:薬局】香川県善通寺市仙遊町一丁目７－１０　グランメゾン・悠１Ｆ" }, "geometry": { "type": "Point", "coordinates": [ 133.773105, 34.229495 ] } },
{ "type": "Feature", "properties": { "ID": "375L370301900", "正式名称": "ザグザグ薬局　丸亀中府店", "機関区分": 5, "都道府県コード": 37, "市区町村コード": 202, "所在地": "香川県丸亀市中府町一丁目３－１", "緯度": 34.277907, "経度": 133.796907, "url": "https://www.iryou.teikyouseido.mhlw.go.jp/znk-web/juminkanja/S2430/initialize?prefCd=37&kikanCd=L370301900&kikanKbn=5", "url2": "http://www.zagzag.co.jp", "内容": "ザグザグ薬局　丸亀中府店【5:薬局】香川県丸亀市中府町一丁目３－１" }, "geometry": { "type": "Point", "coordinates": [ 133.796907, 34.277907 ] } },
{ "type": "Feature", "properties": { "ID": "375L370301950", "正式名称": "おざき薬局　坂出店", "機関区分": 5, "都道府県コード": 37, "市区町村コード": 203, "所在地": "香川県坂出市谷町１－４－２１", "緯度": 34.311433, "経度": 133.858928, "url": "https://www.iryou.teikyouseido.mhlw.go.jp/znk-web/juminkanja/S2430/initialize?prefCd=37&kikanCd=L370301950&kikanKbn=5", "url2": "https://ozaki-pharmacy.sakura.ne.jp/", "内容": "おざき薬局　坂出店【5:薬局】香川県坂出市谷町１－４－２１" }, "geometry": { "type": "Point", "coordinates": [ 133.858928, 34.311433 ] } },
{ "type": "Feature", "properties": { "ID": "375L370301960", "正式名称": "つくし薬局", "機関区分": 5, "都道府県コード": 37, "市区町村コード": 204, "所在地": "香川県善通寺市原田町１５６０番地１", "緯度": 34.25441, "経度": 133.787547, "url": "https://www.iryou.teikyouseido.mhlw.go.jp/znk-web/juminkanja/S2430/initialize?prefCd=37&kikanCd=L370301960&kikanKbn=5", "url2": "https://www.karinchan.jp/home", "内容": "つくし薬局【5:薬局】香川県善通寺市原田町１５６０番地１" }, "geometry": { "type": "Point", "coordinates": [ 133.787547, 34.25441 ] } },
{ "type": "Feature", "properties": { "ID": "375L370301970", "正式名称": "レデイ薬局　丸亀城東店", "機関区分": 5, "都道府県コード": 37, "市区町村コード": 202, "所在地": "香川県丸亀市城東町三丁目１０番１９", "緯度": 34.289184, "経度": 133.804044, "url": "https://www.iryou.teikyouseido.mhlw.go.jp/znk-web/juminkanja/S2430/initialize?prefCd=37&kikanCd=L370301970&kikanKbn=5", "url2": "http://www.lady-drug.co.jp", "内容": "レデイ薬局　丸亀城東店【5:薬局】香川県丸亀市城東町三丁目１０番１９" }, "geometry": { "type": "Point", "coordinates": [ 133.804044, 34.289184 ] } },
{ "type": "Feature", "properties": { "ID": "375L370301980", "正式名称": "もみの木薬局　滝宮店", "機関区分": 5, "都道府県コード": 37, "市区町村コード": 387, "所在地": "香川県綾歌郡綾川町滝宮　４９１－６", "緯度": 34.248218, "経度": 133.922981, "url": "https://www.iryou.teikyouseido.mhlw.go.jp/znk-web/juminkanja/S2430/initialize?prefCd=37&kikanCd=L370301980&kikanKbn=5", "url2": null, "内容": "もみの木薬局　滝宮店【5:薬局】香川県綾歌郡綾川町滝宮　４９１－６" }, "geometry": { "type": "Point", "coordinates": [ 133.922981, 34.248218 ] } },
{ "type": "Feature", "properties": { "ID": "375L370302020", "正式名称": "有限会社　ふじみ調剤薬局", "機関区分": 5, "都道府県コード": 37, "市区町村コード": 203, "所在地": "香川県坂出市寿町３丁目１－５９", "緯度": 34.316654, "経度": 133.850484, "url": "https://www.iryou.teikyouseido.mhlw.go.jp/znk-web/juminkanja/S2430/initialize?prefCd=37&kikanCd=L370302020&kikanKbn=5", "url2": null, "内容": "有限会社　ふじみ調剤薬局【5:薬局】香川県坂出市寿町３丁目１－５９" }, "geometry": { "type": "Point", "coordinates": [ 133.850484, 34.316654 ] } },
{ "type": "Feature", "properties": { "ID": "375L370302050", "正式名称": "さわやか薬局", "機関区分": 5, "都道府県コード": 37, "市区町村コード": 203, "所在地": "香川県坂出市寿町二丁目６番３２号", "緯度": 34.316099, "経度": 133.850039, "url": "https://www.iryou.teikyouseido.mhlw.go.jp/znk-web/juminkanja/S2430/initialize?prefCd=37&kikanCd=L370302050&kikanKbn=5", "url2": null, "内容": "さわやか薬局【5:薬局】香川県坂出市寿町二丁目６番３２号" }, "geometry": { "type": "Point", "coordinates": [ 133.850039, 34.316099 ] } },
{ "type": "Feature", "properties": { "ID": "375L370302070", "正式名称": "春日調剤薬局", "機関区分": 5, "都道府県コード": 37, "市区町村コード": 203, "所在地": "香川県坂出市川津町２９７８番地４", "緯度": 34.291185, "経度": 133.855373, "url": "https://www.iryou.teikyouseido.mhlw.go.jp/znk-web/juminkanja/S2430/initialize?prefCd=37&kikanCd=L370302070&kikanKbn=5", "url2": "http://seagull-pharmacy.com/", "内容": "春日調剤薬局【5:薬局】香川県坂出市川津町２９７８番地４" }, "geometry": { "type": "Point", "coordinates": [ 133.855373, 34.291185 ] } },
{ "type": "Feature", "properties": { "ID": "375L370302080", "正式名称": "レデイ薬局　坂出中央店", "機関区分": 5, "都道府県コード": 37, "市区町村コード": 203, "所在地": "香川県坂出市寿町二丁目６番３５号", "緯度": 34.316154, "経度": 133.850317, "url": "https://www.iryou.teikyouseido.mhlw.go.jp/znk-web/juminkanja/S2430/initialize?prefCd=37&kikanCd=L370302080&kikanKbn=5", "url2": "https://shop.tsuruha-g.com/4249", "内容": "レデイ薬局　坂出中央店【5:薬局】香川県坂出市寿町二丁目６番３５号" }, "geometry": { "type": "Point", "coordinates": [ 133.850317, 34.316154 ] } },
{ "type": "Feature", "properties": { "ID": "375L370302090", "正式名称": "スター薬局　滝宮店", "機関区分": 5, "都道府県コード": 37, "市区町村コード": 387, "所在地": "香川県綾歌郡綾川町滝宮４９６番地１", "緯度": 34.247718, "経度": 133.923592, "url": "https://www.iryou.teikyouseido.mhlw.go.jp/znk-web/juminkanja/S2430/initialize?prefCd=37&kikanCd=L370302090&kikanKbn=5", "url2": "http://www.starpharmacy.jp/", "内容": "スター薬局　滝宮店【5:薬局】香川県綾歌郡綾川町滝宮４９６番地１" }, "geometry": { "type": "Point", "coordinates": [ 133.923592, 34.247718 ] } },
{ "type": "Feature", "properties": { "ID": "375L370302100", "正式名称": "マツイ薬局", "機関区分": 5, "都道府県コード": 37, "市区町村コード": 203, "所在地": "香川県坂出市寿町３丁目１－５７", "緯度": 34.316987, "経度": 133.850428, "url": "https://www.iryou.teikyouseido.mhlw.go.jp/znk-web/juminkanja/S2430/initialize?prefCd=37&kikanCd=L370302100&kikanKbn=5", "url2": "https://www.matsuiyakkyoku.com/", "内容": "マツイ薬局【5:薬局】香川県坂出市寿町３丁目１－５７" }, "geometry": { "type": "Point", "coordinates": [ 133.850428, 34.316987 ] } },
{ "type": "Feature", "properties": { "ID": "375L370302110", "正式名称": "そうごう薬局　丸亀今津店", "機関区分": 5, "都道府県コード": 37, "市区町村コード": 202, "所在地": "香川県丸亀市今津町２４２－５", "緯度": 34.280296, "経度": 133.783657, "url": "https://www.iryou.teikyouseido.mhlw.go.jp/znk-web/juminkanja/S2430/initialize?prefCd=37&kikanCd=L370302110&kikanKbn=5", "url2": "http://www.sogo-medical.co.jp", "内容": "そうごう薬局　丸亀今津店【5:薬局】香川県丸亀市今津町２４２－５" }, "geometry": { "type": "Point", "coordinates": [ 133.783657, 34.280296 ] } },
{ "type": "Feature", "properties": { "ID": "375L370302120", "正式名称": "もみの木薬局　綾川店", "機関区分": 5, "都道府県コード": 37, "市区町村コード": 387, "所在地": "香川県綾歌郡綾川町小野５６７－１", "緯度": 34.250468, "経度": 133.90851, "url": "https://www.iryou.teikyouseido.mhlw.go.jp/znk-web/juminkanja/S2430/initialize?prefCd=37&kikanCd=L370302120&kikanKbn=5", "url2": null, "内容": "もみの木薬局　綾川店【5:薬局】香川県綾歌郡綾川町小野５６７－１" }, "geometry": { "type": "Point", "coordinates": [ 133.90851, 34.250468 ] } },
{ "type": "Feature", "properties": { "ID": "375L370302130", "正式名称": "松下温故堂　すみれ調剤薬局", "機関区分": 5, "都道府県コード": 37, "市区町村コード": 204, "所在地": "香川県善通寺市上吉田町４丁目４番２号１Ｆ", "緯度": 34.228773, "経度": 133.781132, "url": "https://www.iryou.teikyouseido.mhlw.go.jp/znk-web/juminkanja/S2430/initialize?prefCd=37&kikanCd=L370302130&kikanKbn=5", "url2": null, "内容": "松下温故堂　すみれ調剤薬局【5:薬局】香川県善通寺市上吉田町４丁目４番２号１Ｆ" }, "geometry": { "type": "Point", "coordinates": [ 133.781132, 34.228773 ] } },
{ "type": "Feature", "properties": { "ID": "375L370302140", "正式名称": "やどめ調剤薬局", "機関区分": 5, "都道府県コード": 37, "市区町村コード": 204, "所在地": "香川県善通寺市弘田町８９９－１", "緯度": 34.240466, "経度": 133.759467, "url": "https://www.iryou.teikyouseido.mhlw.go.jp/znk-web/juminkanja/S2430/initialize?prefCd=37&kikanCd=L370302140&kikanKbn=5", "url2": null, "内容": "やどめ調剤薬局【5:薬局】香川県善通寺市弘田町８９９－１" }, "geometry": { "type": "Point", "coordinates": [ 133.759467, 34.240466 ] } },
{ "type": "Feature", "properties": { "ID": "375L370302150", "正式名称": "有限会社フレンド調剤薬局　谷町店", "機関区分": 5, "都道府県コード": 37, "市区町村コード": 203, "所在地": "香川県坂出市谷町一丁目４番９号", "緯度": 34.311933, "経度": 133.859455, "url": "https://www.iryou.teikyouseido.mhlw.go.jp/znk-web/juminkanja/S2430/initialize?prefCd=37&kikanCd=L370302150&kikanKbn=5", "url2": null, "内容": "有限会社フレンド調剤薬局　谷町店【5:薬局】香川県坂出市谷町一丁目４番９号" }, "geometry": { "type": "Point", "coordinates": [ 133.859455, 34.311933 ] } },
{ "type": "Feature", "properties": { "ID": "375L370302160", "正式名称": "アライブ薬局　本郷通り店", "機関区分": 5, "都道府県コード": 37, "市区町村コード": 204, "所在地": "香川県善通寺市上吉田町二丁目３番２０号", "緯度": 34.229496, "経度": 133.783521, "url": "https://www.iryou.teikyouseido.mhlw.go.jp/znk-web/juminkanja/S2430/initialize?prefCd=37&kikanCd=L370302160&kikanKbn=5", "url2": "http://alive-phc.com/", "内容": "アライブ薬局　本郷通り店【5:薬局】香川県善通寺市上吉田町二丁目３番２０号" }, "geometry": { "type": "Point", "coordinates": [ 133.783521, 34.229496 ] } },
{ "type": "Feature", "properties": { "ID": "375L370302170", "正式名称": "アライブ薬局　飯山店", "機関区分": 5, "都道府県コード": 37, "市区町村コード": 202, "所在地": "香川県丸亀市飯山町下法軍寺３８０番地１", "緯度": 34.253105, "経度": 133.855625, "url": "https://www.iryou.teikyouseido.mhlw.go.jp/znk-web/juminkanja/S2430/initialize?prefCd=37&kikanCd=L370302170&kikanKbn=5", "url2": "http://alive-phc.com/", "内容": "アライブ薬局　飯山店【5:薬局】香川県丸亀市飯山町下法軍寺３８０番地１" }, "geometry": { "type": "Point", "coordinates": [ 133.855625, 34.253105 ] } },
{ "type": "Feature", "properties": { "ID": "375L370302180", "正式名称": "すずかぜ薬局善通寺店", "機関区分": 5, "都道府県コード": 37, "市区町村コード": 204, "所在地": "香川県善通寺市善通寺町四丁目７番２７号", "緯度": 34.227468, "経度": 133.772105, "url": "https://www.iryou.teikyouseido.mhlw.go.jp/znk-web/juminkanja/S2430/initialize?prefCd=37&kikanCd=L370302180&kikanKbn=5", "url2": null, "内容": "すずかぜ薬局善通寺店【5:薬局】香川県善通寺市善通寺町四丁目７番２７号" }, "geometry": { "type": "Point", "coordinates": [ 133.772105, 34.227468 ] } },
{ "type": "Feature", "properties": { "ID": "375L370302210", "正式名称": "アイン薬局　城坤店", "機関区分": 5, "都道府県コード": 37, "市区町村コード": 202, "所在地": "香川県丸亀市津森町５９４番地３", "緯度": 34.281219, "経度": 133.789641, "url": "https://www.iryou.teikyouseido.mhlw.go.jp/znk-web/juminkanja/S2430/initialize?prefCd=37&kikanCd=L370302210&kikanKbn=5", "url2": "https://www.ainj.co.jp", "内容": "アイン薬局　城坤店【5:薬局】香川県丸亀市津森町５９４番地３" }, "geometry": { "type": "Point", "coordinates": [ 133.789641, 34.281219 ] } },
{ "type": "Feature", "properties": { "ID": "375L370302220", "正式名称": "クオール薬局飯山町店", "機関区分": 5, "都道府県コード": 37, "市区町村コード": 202, "所在地": "香川県丸亀市飯山町川原１０８８－５", "緯度": 34.263112, "経度": 133.861143, "url": "https://www.iryou.teikyouseido.mhlw.go.jp/znk-web/juminkanja/S2430/initialize?prefCd=37&kikanCd=L370302220&kikanKbn=5", "url2": "https://store.qol-net.co.jp/detail/323/", "内容": "クオール薬局飯山町店【5:薬局】香川県丸亀市飯山町川原１０８８－５" }, "geometry": { "type": "Point", "coordinates": [ 133.861143, 34.263112 ] } },
{ "type": "Feature", "properties": { "ID": "375L370302230", "正式名称": "アライブ薬局　長炭店", "機関区分": 5, "都道府県コード": 37, "市区町村コード": 406, "所在地": "香川県仲多度郡まんのう町炭所西１５２５番地４", "緯度": 34.180323, "経度": 133.88082, "url": "https://www.iryou.teikyouseido.mhlw.go.jp/znk-web/juminkanja/S2430/initialize?prefCd=37&kikanCd=L370302230&kikanKbn=5", "url2": "http://www.alive-phc.com", "内容": "アライブ薬局　長炭店【5:薬局】香川県仲多度郡まんのう町炭所西１５２５番地４" }, "geometry": { "type": "Point", "coordinates": [ 133.88082, 34.180323 ] } },
{ "type": "Feature", "properties": { "ID": "375L370302240", "正式名称": "アイン薬局　柞原店", "機関区分": 5, "都道府県コード": 37, "市区町村コード": 202, "所在地": "香川県丸亀市柞原町３４５－５", "緯度": 34.270494, "経度": 133.807585, "url": "https://www.iryou.teikyouseido.mhlw.go.jp/znk-web/juminkanja/S2430/initialize?prefCd=37&kikanCd=L370302240&kikanKbn=5", "url2": "https://www.ainj.co.jp", "内容": "アイン薬局　柞原店【5:薬局】香川県丸亀市柞原町３４５－５" }, "geometry": { "type": "Point", "coordinates": [ 133.807585, 34.270494 ] } },
{ "type": "Feature", "properties": { "ID": "375L370302250", "正式名称": "もみの木薬局　綾上店", "機関区分": 5, "都道府県コード": 37, "市区町村コード": 387, "所在地": "香川県綾歌郡綾川町山田下２１５８－１", "緯度": 34.225136, "経度": 133.949298, "url": "https://www.iryou.teikyouseido.mhlw.go.jp/znk-web/juminkanja/S2430/initialize?prefCd=37&kikanCd=L370302250&kikanKbn=5", "url2": null, "内容": "もみの木薬局　綾上店【5:薬局】香川県綾歌郡綾川町山田下２１５８－１" }, "geometry": { "type": "Point", "coordinates": [ 133.949298, 34.225136 ] } },
{ "type": "Feature", "properties": { "ID": "375L370302260", "正式名称": "やまもも調剤薬局", "機関区分": 5, "都道府県コード": 37, "市区町村コード": 202, "所在地": "香川県丸亀市大手町３－３－２１", "緯度": 34.288343, "経度": 133.79692, "url": "https://www.iryou.teikyouseido.mhlw.go.jp/znk-web/juminkanja/S2430/initialize?prefCd=37&kikanCd=L370302260&kikanKbn=5", "url2": null, "内容": "やまもも調剤薬局【5:薬局】香川県丸亀市大手町３－３－２１" }, "geometry": { "type": "Point", "coordinates": [ 133.79692, 34.288343 ] } },
{ "type": "Feature", "properties": { "ID": "375L370302270", "正式名称": "アイン薬局　宇多津店", "機関区分": 5, "都道府県コード": 37, "市区町村コード": 386, "所在地": "香川県綾歌郡宇多津町浜五番丁５３－１", "緯度": 34.307074, "経度": 133.812607, "url": "https://www.iryou.teikyouseido.mhlw.go.jp/znk-web/juminkanja/S2430/initialize?prefCd=37&kikanCd=L370302270&kikanKbn=5", "url2": "https://www.ainj.co.jp", "内容": "アイン薬局　宇多津店【5:薬局】香川県綾歌郡宇多津町浜五番丁５３－１" }, "geometry": { "type": "Point", "coordinates": [ 133.812607, 34.307074 ] } },
{ "type": "Feature", "properties": { "ID": "375L370302280", "正式名称": "アイン薬局　丸亀川西店", "機関区分": 5, "都道府県コード": 37, "市区町村コード": 202, "所在地": "香川県丸亀市川西町北１８７－１", "緯度": 34.259562, "経度": 133.826228, "url": "https://www.iryou.teikyouseido.mhlw.go.jp/znk-web/juminkanja/S2430/initialize?prefCd=37&kikanCd=L370302280&kikanKbn=5", "url2": "https://www.ainj.co.jp", "内容": "アイン薬局　丸亀川西店【5:薬局】香川県丸亀市川西町北１８７－１" }, "geometry": { "type": "Point", "coordinates": [ 133.826228, 34.259562 ] } },
{ "type": "Feature", "properties": { "ID": "375L370302300", "正式名称": "あおば薬局", "機関区分": 5, "都道府県コード": 37, "市区町村コード": 203, "所在地": "香川県坂出市富士見町１－１０－１０", "緯度": 34.309496, "経度": 133.849913, "url": "https://www.iryou.teikyouseido.mhlw.go.jp/znk-web/juminkanja/S2430/initialize?prefCd=37&kikanCd=L370302300&kikanKbn=5", "url2": "https://www.matsuiyakkyoku.com/", "内容": "あおば薬局【5:薬局】香川県坂出市富士見町１－１０－１０" }, "geometry": { "type": "Point", "coordinates": [ 133.849913, 34.309496 ] } },
{ "type": "Feature", "properties": { "ID": "375L370302310", "正式名称": "アロハ薬局", "機関区分": 5, "都道府県コード": 37, "市区町村コード": 202, "所在地": "香川県丸亀市本町１０５－１", "緯度": 34.290916, "経度": 133.792937, "url": "https://www.iryou.teikyouseido.mhlw.go.jp/znk-web/juminkanja/S2430/initialize?prefCd=37&kikanCd=L370302310&kikanKbn=5", "url2": "https://www.act-ph.co.jp/shop/shop_kagawa_01_aloha.html", "内容": "アロハ薬局【5:薬局】香川県丸亀市本町１０５－１" }, "geometry": { "type": "Point", "coordinates": [ 133.792937, 34.290916 ] } },
{ "type": "Feature", "properties": { "ID": "375L370302320", "正式名称": "あいる調剤薬局", "機関区分": 5, "都道府県コード": 37, "市区町村コード": 202, "所在地": "香川県丸亀市幸町一丁目５－１９", "緯度": 34.287952, "経度": 133.789674, "url": "https://www.iryou.teikyouseido.mhlw.go.jp/znk-web/juminkanja/S2430/initialize?prefCd=37&kikanCd=L370302320&kikanKbn=5", "url2": null, "内容": "あいる調剤薬局【5:薬局】香川県丸亀市幸町一丁目５－１９" }, "geometry": { "type": "Point", "coordinates": [ 133.789674, 34.287952 ] } },
{ "type": "Feature", "properties": { "ID": "375L370302340", "正式名称": "コスモ調剤薬局　林田店", "機関区分": 5, "都道府県コード": 37, "市区町村コード": 203, "所在地": "香川県坂出市林田町字中川８７５番１", "緯度": 34.324127, "経度": 133.892975, "url": "https://www.iryou.teikyouseido.mhlw.go.jp/znk-web/juminkanja/S2430/initialize?prefCd=37&kikanCd=L370302340&kikanKbn=5", "url2": null, "内容": "コスモ調剤薬局　林田店【5:薬局】香川県坂出市林田町字中川８７５番１" }, "geometry": { "type": "Point", "coordinates": [ 133.892975, 34.324127 ] } },
{ "type": "Feature", "properties": { "ID": "375L370302350", "正式名称": "ザグザグ薬局　宇多津店", "機関区分": 5, "都道府県コード": 37, "市区町村コード": 386, "所在地": "香川県綾歌郡宇多津町浜四番丁４２番１", "緯度": 34.309954, "経度": 133.815727, "url": "https://www.iryou.teikyouseido.mhlw.go.jp/znk-web/juminkanja/S2430/initialize?prefCd=37&kikanCd=L370302350&kikanKbn=5", "url2": "http://www.zagzag.co.jp/", "内容": "ザグザグ薬局　宇多津店【5:薬局】香川県綾歌郡宇多津町浜四番丁４２番１" }, "geometry": { "type": "Point", "coordinates": [ 133.815727, 34.309954 ] } },
{ "type": "Feature", "properties": { "ID": "375L370302380", "正式名称": "Ｈａｌｏ調剤薬局", "機関区分": 5, "都道府県コード": 37, "市区町村コード": 202, "所在地": "香川県丸亀市今津町１８－２", "緯度": 34.274769, "経度": 133.788447, "url": "https://www.iryou.teikyouseido.mhlw.go.jp/znk-web/juminkanja/S2430/initialize?prefCd=37&kikanCd=L370302380&kikanKbn=5", "url2": "http:www.chozai.com", "内容": "Ｈａｌｏ調剤薬局【5:薬局】香川県丸亀市今津町１８－２" }, "geometry": { "type": "Point", "coordinates": [ 133.788447, 34.274769 ] } },
{ "type": "Feature", "properties": { "ID": "375L370302390", "正式名称": "スター薬局　堀江店", "機関区分": 5, "都道府県コード": 37, "市区町村コード": 404, "所在地": "香川県仲多度郡多度津町堀江４丁目３４９番１８号", "緯度": 34.280676, "経度": 133.760198, "url": "https://www.iryou.teikyouseido.mhlw.go.jp/znk-web/juminkanja/S2430/initialize?prefCd=37&kikanCd=L370302390&kikanKbn=5", "url2": "https://www.starpharmacy.jp/", "内容": "スター薬局　堀江店【5:薬局】香川県仲多度郡多度津町堀江４丁目３４９番１８号" }, "geometry": { "type": "Point", "coordinates": [ 133.760198, 34.280676 ] } },
{ "type": "Feature", "properties": { "ID": "375L370302400", "正式名称": "さくら薬局", "機関区分": 5, "都道府県コード": 37, "市区町村コード": 404, "所在地": "香川県仲多度郡多度津町葛原６２９番地２", "緯度": 34.259473, "経度": 133.765365, "url": "https://www.iryou.teikyouseido.mhlw.go.jp/znk-web/juminkanja/S2430/initialize?prefCd=37&kikanCd=L370302400&kikanKbn=5", "url2": "https://www.act-ph.co.jp/", "内容": "さくら薬局【5:薬局】香川県仲多度郡多度津町葛原６２９番地２" }, "geometry": { "type": "Point", "coordinates": [ 133.765365, 34.259473 ] } },
{ "type": "Feature", "properties": { "ID": "375L370302410", "正式名称": "山ノ北調剤薬局", "機関区分": 5, "都道府県コード": 37, "市区町村コード": 202, "所在地": "香川県丸亀市柞原町７７６番地７", "緯度": 34.275698, "経度": 133.804798, "url": "https://www.iryou.teikyouseido.mhlw.go.jp/znk-web/juminkanja/S2430/initialize?prefCd=37&kikanCd=L370302410&kikanKbn=5", "url2": null, "内容": "山ノ北調剤薬局【5:薬局】香川県丸亀市柞原町７７６番地７" }, "geometry": { "type": "Point", "coordinates": [ 133.804798, 34.275698 ] } },
{ "type": "Feature", "properties": { "ID": "375L370302420", "正式名称": "かざしが丘調剤薬局", "機関区分": 5, "都道府県コード": 37, "市区町村コード": 387, "所在地": "香川県綾歌郡綾川町畑田６９６番地１６", "緯度": 34.262997, "経度": 133.97925, "url": "https://www.iryou.teikyouseido.mhlw.go.jp/znk-web/juminkanja/S2430/initialize?prefCd=37&kikanCd=L370302420&kikanKbn=5", "url2": null, "内容": "かざしが丘調剤薬局【5:薬局】香川県綾歌郡綾川町畑田６９６番地１６" }, "geometry": { "type": "Point", "coordinates": [ 133.97925, 34.262997 ] } },
{ "type": "Feature", "properties": { "ID": "375L370302440", "正式名称": "なでしこ薬局", "機関区分": 5, "都道府県コード": 37, "市区町村コード": 386, "所在地": "香川県綾歌郡宇多津町浜九番丁１４１ー１", "緯度": 34.312335, "経度": 133.824427, "url": "https://www.iryou.teikyouseido.mhlw.go.jp/znk-web/juminkanja/S2430/initialize?prefCd=37&kikanCd=L370302440&kikanKbn=5", "url2": "https://www.matsuiyakkyoku.com", "内容": "なでしこ薬局【5:薬局】香川県綾歌郡宇多津町浜九番丁１４１ー１" }, "geometry": { "type": "Point", "coordinates": [ 133.824427, 34.312335 ] } },
{ "type": "Feature", "properties": { "ID": "375L370302450", "正式名称": "株式会社エンジェル旭町調剤薬局", "機関区分": 5, "都道府県コード": 37, "市区町村コード": 203, "所在地": "香川県坂出市旭町３ー１ー８", "緯度": 34.317356, "経度": 133.862816, "url": "https://www.iryou.teikyouseido.mhlw.go.jp/znk-web/juminkanja/S2430/initialize?prefCd=37&kikanCd=L370302450&kikanKbn=5", "url2": "http://shikoku-ms.com/", "内容": "株式会社エンジェル旭町調剤薬局【5:薬局】香川県坂出市旭町３ー１ー８" }, "geometry": { "type": "Point", "coordinates": [ 133.862816, 34.317356 ] } },
{ "type": "Feature", "properties": { "ID": "375L370302460", "正式名称": "ウエルシア薬局丸亀川西店", "機関区分": 5, "都道府県コード": 37, "市区町村コード": 202, "所在地": "香川県丸亀市川西町北１３６０番地１１", "緯度": 34.2676, "経度": 133.821426, "url": "https://www.iryou.teikyouseido.mhlw.go.jp/znk-web/juminkanja/S2430/initialize?prefCd=37&kikanCd=L370302460&kikanKbn=5", "url2": "https://stores.welcia.co.jp/8408C", "内容": "ウエルシア薬局丸亀川西店【5:薬局】香川県丸亀市川西町北１３６０番地１１" }, "geometry": { "type": "Point", "coordinates": [ 133.821426, 34.2676 ] } },
{ "type": "Feature", "properties": { "ID": "375L370302470", "正式名称": "うじけ調剤薬局", "機関区分": 5, "都道府県コード": 37, "市区町村コード": 403, "所在地": "香川県仲多度郡琴平町２９６ー１", "緯度": 34.190253, "経度": 133.821668, "url": "https://www.iryou.teikyouseido.mhlw.go.jp/znk-web/juminkanja/S2430/initialize?prefCd=37&kikanCd=L370302470&kikanKbn=5", "url2": "https://www.ujike-pharmacy.com", "内容": "うじけ調剤薬局【5:薬局】香川県仲多度郡琴平町２９６ー１" }, "geometry": { "type": "Point", "coordinates": [ 133.821668, 34.190253 ] } },
{ "type": "Feature", "properties": { "ID": "375L370302490", "正式名称": "うぶすな調剤薬局", "機関区分": 5, "都道府県コード": 37, "市区町村コード": 386, "所在地": "香川県綾歌郡宇多津町２０３３番地１", "緯度": 34.308682, "経度": 133.826072, "url": "https://www.iryou.teikyouseido.mhlw.go.jp/znk-web/juminkanja/S2430/initialize?prefCd=37&kikanCd=L370302490&kikanKbn=5", "url2": "https://www.act-ph.co.jp/", "内容": "うぶすな調剤薬局【5:薬局】香川県綾歌郡宇多津町２０３３番地１" }, "geometry": { "type": "Point", "coordinates": [ 133.826072, 34.308682 ] } },
{ "type": "Feature", "properties": { "ID": "375L370302500", "正式名称": "さつき薬局", "機関区分": 5, "都道府県コード": 37, "市区町村コード": 202, "所在地": "香川県丸亀市土居町二丁目７番２３号", "緯度": 34.290005, "経度": 133.802678, "url": "https://www.iryou.teikyouseido.mhlw.go.jp/znk-web/juminkanja/S2430/initialize?prefCd=37&kikanCd=L370302500&kikanKbn=5", "url2": "http://www.marinegroup.jp/", "内容": "さつき薬局【5:薬局】香川県丸亀市土居町二丁目７番２３号" }, "geometry": { "type": "Point", "coordinates": [ 133.802678, 34.290005 ] } },
{ "type": "Feature", "properties": { "ID": "375L370302560", "正式名称": "吉野調剤薬局", "機関区分": 5, "都道府県コード": 37, "市区町村コード": 406, "所在地": "香川県仲多度郡まんのう町吉野１５７２番地８", "緯度": 34.178079, "経度": 133.861546, "url": "https://www.iryou.teikyouseido.mhlw.go.jp/znk-web/juminkanja/S2430/initialize?prefCd=37&kikanCd=L370302560&kikanKbn=5", "url2": null, "内容": "吉野調剤薬局【5:薬局】香川県仲多度郡まんのう町吉野１５７２番地８" }, "geometry": { "type": "Point", "coordinates": [ 133.861546, 34.178079 ] } },
{ "type": "Feature", "properties": { "ID": "375L370302580", "正式名称": "エス・アイ薬局", "機関区分": 5, "都道府県コード": 37, "市区町村コード": 202, "所在地": "香川県丸亀市福島町１６２", "緯度": 34.292564, "経度": 133.791798, "url": "https://www.iryou.teikyouseido.mhlw.go.jp/znk-web/juminkanja/S2430/initialize?prefCd=37&kikanCd=L370302580&kikanKbn=5", "url2": null, "内容": "エス・アイ薬局【5:薬局】香川県丸亀市福島町１６２" }, "geometry": { "type": "Point", "coordinates": [ 133.791798, 34.292564 ] } },
{ "type": "Feature", "properties": { "ID": "375L370302590", "正式名称": "有限会社正木薬局　かも店", "機関区分": 5, "都道府県コード": 37, "市区町村コード": 203, "所在地": "香川県坂出市加茂町６２０－１", "緯度": 34.308569, "経度": 133.909103, "url": "https://www.iryou.teikyouseido.mhlw.go.jp/znk-web/juminkanja/S2430/initialize?prefCd=37&kikanCd=L370302590&kikanKbn=5", "url2": "http://www.masakiph.jp", "内容": "有限会社正木薬局　かも店【5:薬局】香川県坂出市加茂町６２０－１" }, "geometry": { "type": "Point", "coordinates": [ 133.909103, 34.308569 ] } },
{ "type": "Feature", "properties": { "ID": "375L370302600", "正式名称": "オリーヴの樹薬局", "機関区分": 5, "都道府県コード": 37, "市区町村コード": 203, "所在地": "香川県坂出市八幡町３丁目２番１８号", "緯度": 34.316275, "経度": 133.842372, "url": "https://www.iryou.teikyouseido.mhlw.go.jp/znk-web/juminkanja/S2430/initialize?prefCd=37&kikanCd=L370302600&kikanKbn=5", "url2": null, "内容": "オリーヴの樹薬局【5:薬局】香川県坂出市八幡町３丁目２番１８号" }, "geometry": { "type": "Point", "coordinates": [ 133.842372, 34.316275 ] } },
{ "type": "Feature", "properties": { "ID": "375L370302610", "正式名称": "み空薬局", "機関区分": 5, "都道府県コード": 37, "市区町村コード": 203, "所在地": "香川県坂出市富士見町１丁目１－８－１", "緯度": 34.312253, "経度": 133.850473, "url": "https://www.iryou.teikyouseido.mhlw.go.jp/znk-web/juminkanja/S2430/initialize?prefCd=37&kikanCd=L370302610&kikanKbn=5", "url2": "https://www.jmedical.co.jp/", "内容": "み空薬局【5:薬局】香川県坂出市富士見町１丁目１－８－１" }, "geometry": { "type": "Point", "coordinates": [ 133.850473, 34.312253 ] } },
{ "type": "Feature", "properties": { "ID": "375L370302620", "正式名称": "アライブ薬局　かなくら店", "機関区分": 5, "都道府県コード": 37, "市区町村コード": 202, "所在地": "香川県丸亀市金倉町１４４０－２５", "緯度": 34.273068, "経度": 133.782564, "url": "https://www.iryou.teikyouseido.mhlw.go.jp/znk-web/juminkanja/S2430/initialize?prefCd=37&kikanCd=L370302620&kikanKbn=5", "url2": "https://www.alive-phc.com", "内容": "アライブ薬局　かなくら店【5:薬局】香川県丸亀市金倉町１４４０－２５" }, "geometry": { "type": "Point", "coordinates": [ 133.782564, 34.273068 ] } },
{ "type": "Feature", "properties": { "ID": "375L370302630", "正式名称": "薬局ファーム＆ファーマシー", "機関区分": 5, "都道府県コード": 37, "市区町村コード": 404, "所在地": "香川県仲多度郡多度津町本通３丁目１－２４", "緯度": 34.267259, "経度": 133.74877, "url": "https://www.iryou.teikyouseido.mhlw.go.jp/znk-web/juminkanja/S2430/initialize?prefCd=37&kikanCd=L370302630&kikanKbn=5", "url2": "http://yakkyokufp.com/", "内容": "薬局ファーム＆ファーマシー【5:薬局】香川県仲多度郡多度津町本通３丁目１－２４" }, "geometry": { "type": "Point", "coordinates": [ 133.74877, 34.267259 ] } },
{ "type": "Feature", "properties": { "ID": "375L370302640", "正式名称": "にこにこ薬局　土器西店", "機関区分": 5, "都道府県コード": 37, "市区町村コード": 202, "所在地": "香川県丸亀市土器町西１丁目１４３９－１", "緯度": 34.279108, "経度": 133.817078, "url": "https://www.iryou.teikyouseido.mhlw.go.jp/znk-web/juminkanja/S2430/initialize?prefCd=37&kikanCd=L370302640&kikanKbn=5", "url2": "https://www.act-ph.co.jp/shop/shop_kagawa_06_niconico_dokinishi.html", "内容": "にこにこ薬局　土器西店【5:薬局】香川県丸亀市土器町西１丁目１４３９－１" }, "geometry": { "type": "Point", "coordinates": [ 133.817078, 34.279108 ] } },
{ "type": "Feature", "properties": { "ID": "375L370302660", "正式名称": "たんぽぽ薬局", "機関区分": 5, "都道府県コード": 37, "市区町村コード": 202, "所在地": "香川県丸亀市城東町２－６－４３", "緯度": 34.286422, "経度": 133.804898, "url": "https://www.iryou.teikyouseido.mhlw.go.jp/znk-web/juminkanja/S2430/initialize?prefCd=37&kikanCd=L370302660&kikanKbn=5", "url2": null, "内容": "たんぽぽ薬局【5:薬局】香川県丸亀市城東町２－６－４３" }, "geometry": { "type": "Point", "coordinates": [ 133.804898, 34.286422 ] } },
{ "type": "Feature", "properties": { "ID": "375L370302670", "正式名称": "虎や調剤薬局", "機関区分": 5, "都道府県コード": 37, "市区町村コード": 204, "所在地": "香川県善通寺市金蔵寺町１９６－１０", "緯度": 34.243666, "経度": 133.782878, "url": "https://www.iryou.teikyouseido.mhlw.go.jp/znk-web/juminkanja/S2430/initialize?prefCd=37&kikanCd=L370302670&kikanKbn=5", "url2": "https://www.jmedical.co.jp/", "内容": "虎や調剤薬局【5:薬局】香川県善通寺市金蔵寺町１９６－１０" }, "geometry": { "type": "Point", "coordinates": [ 133.782878, 34.243666 ] } },
{ "type": "Feature", "properties": { "ID": "375L370302680", "正式名称": "有限会社　正木薬局　川原店", "機関区分": 5, "都道府県コード": 37, "市区町村コード": 202, "所在地": "香川県丸亀市飯山町川原８３２番地９", "緯度": 34.26392, "経度": 133.855277, "url": "https://www.iryou.teikyouseido.mhlw.go.jp/znk-web/juminkanja/S2430/initialize?prefCd=37&kikanCd=L370302680&kikanKbn=5", "url2": null, "内容": "有限会社　正木薬局　川原店【5:薬局】香川県丸亀市飯山町川原８３２番地９" }, "geometry": { "type": "Point", "coordinates": [ 133.855277, 34.26392 ] } },
{ "type": "Feature", "properties": { "ID": "375L370302690", "正式名称": "ユニスマイル薬局　丸亀店", "機関区分": 5, "都道府県コード": 37, "市区町村コード": 202, "所在地": "香川県丸亀市三条町１２５６－６", "緯度": 34.256231, "経度": 133.800025, "url": "https://www.iryou.teikyouseido.mhlw.go.jp/znk-web/juminkanja/S2430/initialize?prefCd=37&kikanCd=L370302690&kikanKbn=5", "url2": null, "内容": "ユニスマイル薬局　丸亀店【5:薬局】香川県丸亀市三条町１２５６－６" }, "geometry": { "type": "Point", "coordinates": [ 133.800025, 34.256231 ] } },
{ "type": "Feature", "properties": { "ID": "375L370302700", "正式名称": "ユニスマイル薬局　丸亀南店", "機関区分": 5, "都道府県コード": 37, "市区町村コード": 202, "所在地": "香川県丸亀市柞原町６３５－２", "緯度": 34.272856, "経度": 133.805969, "url": "https://www.iryou.teikyouseido.mhlw.go.jp/znk-web/juminkanja/S2430/initialize?prefCd=37&kikanCd=L370302700&kikanKbn=5", "url2": "https://unismile.co.jp/", "内容": "ユニスマイル薬局　丸亀南店【5:薬局】香川県丸亀市柞原町６３５－２" }, "geometry": { "type": "Point", "coordinates": [ 133.805969, 34.272856 ] } },
{ "type": "Feature", "properties": { "ID": "375L370302710", "正式名称": "ユニスマイル薬局　坂出店", "機関区分": 5, "都道府県コード": 37, "市区町村コード": 203, "所在地": "香川県坂出市元町１丁目３７６２－４", "緯度": 34.313548, "経度": 133.854032, "url": "https://www.iryou.teikyouseido.mhlw.go.jp/znk-web/juminkanja/S2430/initialize?prefCd=37&kikanCd=L370302710&kikanKbn=5", "url2": "https://unismile.co.jp/", "内容": "ユニスマイル薬局　坂出店【5:薬局】香川県坂出市元町１丁目３７６２－４" }, "geometry": { "type": "Point", "coordinates": [ 133.854032, 34.313548 ] } },
{ "type": "Feature", "properties": { "ID": "375L370302720", "正式名称": "ユニスマイル薬局　川西店", "機関区分": 5, "都道府県コード": 37, "市区町村コード": 202, "所在地": "香川県丸亀市川西町南１０６１番地５", "緯度": 34.246051, "経度": 133.832858, "url": "https://www.iryou.teikyouseido.mhlw.go.jp/znk-web/juminkanja/S2430/initialize?prefCd=37&kikanCd=L370302720&kikanKbn=5", "url2": "https://unismile.co.jp/", "内容": "ユニスマイル薬局　川西店【5:薬局】香川県丸亀市川西町南１０６１番地５" }, "geometry": { "type": "Point", "coordinates": [ 133.832858, 34.246051 ] } },
{ "type": "Feature", "properties": { "ID": "375L370302730", "正式名称": "ユニスマイル薬局多度津店", "機関区分": 5, "都道府県コード": 37, "市区町村コード": 404, "所在地": "香川県仲多度郡多度津町幸町２－２４", "緯度": 34.273673, "経度": 133.760075, "url": "https://www.iryou.teikyouseido.mhlw.go.jp/znk-web/juminkanja/S2430/initialize?prefCd=37&kikanCd=L370302730&kikanKbn=5", "url2": "https://unismile.co.jp/", "内容": "ユニスマイル薬局多度津店【5:薬局】香川県仲多度郡多度津町幸町２－２４" }, "geometry": { "type": "Point", "coordinates": [ 133.760075, 34.273673 ] } },
{ "type": "Feature", "properties": { "ID": "375L370302740", "正式名称": "ササキ調剤薬局", "機関区分": 5, "都道府県コード": 37, "市区町村コード": 204, "所在地": "香川県善通寺市上吉田町２７６番地２", "緯度": 34.235944, "経度": 133.787803, "url": "https://www.iryou.teikyouseido.mhlw.go.jp/znk-web/juminkanja/S2430/initialize?prefCd=37&kikanCd=L370302740&kikanKbn=5", "url2": null, "内容": "ササキ調剤薬局【5:薬局】香川県善通寺市上吉田町２７６番地２" }, "geometry": { "type": "Point", "coordinates": [ 133.787803, 34.235944 ] } },
{ "type": "Feature", "properties": { "ID": "375L370302750", "正式名称": "ひまわり薬局善通寺", "機関区分": 5, "都道府県コード": 37, "市区町村コード": 204, "所在地": "香川県善通寺市善通寺町四丁目７番２９号", "緯度": 34.227561, "経度": 133.772414, "url": "https://www.iryou.teikyouseido.mhlw.go.jp/znk-web/juminkanja/S2430/initialize?prefCd=37&kikanCd=L370302750&kikanKbn=5", "url2": null, "内容": "ひまわり薬局善通寺【5:薬局】香川県善通寺市善通寺町四丁目７番２９号" }, "geometry": { "type": "Point", "coordinates": [ 133.772414, 34.227561 ] } },
{ "type": "Feature", "properties": { "ID": "375L370302760", "正式名称": "ははそ乃薬局", "機関区分": 5, "都道府県コード": 37, "市区町村コード": 202, "所在地": "香川県丸亀市柞原町９８２", "緯度": 34.271031, "経度": 133.80614, "url": "https://www.iryou.teikyouseido.mhlw.go.jp/znk-web/juminkanja/S2430/initialize?prefCd=37&kikanCd=L370302760&kikanKbn=5", "url2": "https://www.jmedical.co.jp/", "内容": "ははそ乃薬局【5:薬局】香川県丸亀市柞原町９８２" }, "geometry": { "type": "Point", "coordinates": [ 133.80614, 34.271031 ] } },
{ "type": "Feature", "properties": { "ID": "375L370302770", "正式名称": "きむら調剤薬局丸亀店", "機関区分": 5, "都道府県コード": 37, "市区町村コード": 202, "所在地": "香川県丸亀市風袋町２１１番１２", "緯度": 34.291465, "経度": 133.800644, "url": "https://www.iryou.teikyouseido.mhlw.go.jp/znk-web/juminkanja/S2430/initialize?prefCd=37&kikanCd=L370302770&kikanKbn=5", "url2": null, "内容": "きむら調剤薬局丸亀店【5:薬局】香川県丸亀市風袋町２１１番１２" }, "geometry": { "type": "Point", "coordinates": [ 133.800644, 34.291465 ] } },
{ "type": "Feature", "properties": { "ID": "375L370400080", "正式名称": "香川漢方薬局", "機関区分": 5, "都道府県コード": 37, "市区町村コード": 208, "所在地": "香川県三豊市高瀬町新名９６３－１", "緯度": 34.184749, "経度": 133.717584, "url": "https://www.iryou.teikyouseido.mhlw.go.jp/znk-web/juminkanja/S2430/initialize?prefCd=37&kikanCd=L370400080&kikanKbn=5", "url2": null, "内容": "香川漢方薬局【5:薬局】香川県三豊市高瀬町新名９６３－１" }, "geometry": { "type": "Point", "coordinates": [ 133.717584, 34.184749 ] } },
{ "type": "Feature", "properties": { "ID": "375L370400090", "正式名称": "株式会社アイショウ　ヤマニ薬局", "機関区分": 5, "都道府県コード": 37, "市区町村コード": 205, "所在地": "香川県観音寺市昭和町一丁目６番４１号", "緯度": 34.121727, "経度": 133.653564, "url": "https://www.iryou.teikyouseido.mhlw.go.jp/znk-web/juminkanja/S2430/initialize?prefCd=37&kikanCd=L370400090&kikanKbn=5", "url2": null, "内容": "株式会社アイショウ　ヤマニ薬局【5:薬局】香川県観音寺市昭和町一丁目６番４１号" }, "geometry": { "type": "Point", "coordinates": [ 133.653564, 34.121727 ] } },
{ "type": "Feature", "properties": { "ID": "375L370400110", "正式名称": "株式会社快生堂薬局本店", "機関区分": 5, "都道府県コード": 37, "市区町村コード": 205, "所在地": "香川県観音寺市観音寺町甲１１５７－１", "緯度": 34.127421, "経度": 133.654759, "url": "https://www.iryou.teikyouseido.mhlw.go.jp/znk-web/juminkanja/S2430/initialize?prefCd=37&kikanCd=L370400110&kikanKbn=5", "url2": "http://www.kai-sei-do.co.jp", "内容": "株式会社快生堂薬局本店【5:薬局】香川県観音寺市観音寺町甲１１５７－１" }, "geometry": { "type": "Point", "coordinates": [ 133.654759, 34.127421 ] } },
{ "type": "Feature", "properties": { "ID": "375L370400120", "正式名称": "株式会社西部ファーマシー　ひまわり調剤薬局春日", "機関区分": 5, "都道府県コード": 37, "市区町村コード": 205, "所在地": "香川県観音寺市観音寺町甲２９８７", "緯度": 34.127532, "経度": 133.650488, "url": "https://www.iryou.teikyouseido.mhlw.go.jp/znk-web/juminkanja/S2430/initialize?prefCd=37&kikanCd=L370400120&kikanKbn=5", "url2": "https://himawari.ringue.jp", "内容": "株式会社西部ファーマシー　ひまわり調剤薬局春日【5:薬局】香川県観音寺市観音寺町甲２９８７" }, "geometry": { "type": "Point", "coordinates": [ 133.650488, 34.127532 ] } },
{ "type": "Feature", "properties": { "ID": "375L370400130", "正式名称": "株式会社西部ファーマシー　ひまわり調剤薬局三豊", "機関区分": 5, "都道府県コード": 37, "市区町村コード": 205, "所在地": "香川県観音寺市豊浜町姫浜８６３―２", "緯度": 34.08287, "経度": 133.64315, "url": "https://www.iryou.teikyouseido.mhlw.go.jp/znk-web/juminkanja/S2430/initialize?prefCd=37&kikanCd=L370400130&kikanKbn=5", "url2": "http://www.seibu-ph.co.jp", "内容": "株式会社西部ファーマシー　ひまわり調剤薬局三豊【5:薬局】香川県観音寺市豊浜町姫浜８６３―２" }, "geometry": { "type": "Point", "coordinates": [ 133.64315, 34.08287 ] } },
{ "type": "Feature", "properties": { "ID": "375L370400140", "正式名称": "ケイ・アイ薬局", "機関区分": 5, "都道府県コード": 37, "市区町村コード": 205, "所在地": "香川県観音寺市豊浜町姫浜８３０番地", "緯度": 34.081676, "経度": 133.642651, "url": "https://www.iryou.teikyouseido.mhlw.go.jp/znk-web/juminkanja/S2430/initialize?prefCd=37&kikanCd=L370400140&kikanKbn=5", "url2": "https://clients.itszai.jp/4d546b7a4f444d3d?utm_source=https%3A%2F%2Fsearch.yahoo.co.jp%2F", "内容": "ケイ・アイ薬局【5:薬局】香川県観音寺市豊浜町姫浜８３０番地" }, "geometry": { "type": "Point", "coordinates": [ 133.642651, 34.081676 ] } },
{ "type": "Feature", "properties": { "ID": "375L370400150", "正式名称": "有限会社いずみや調剤薬局", "機関区分": 5, "都道府県コード": 37, "市区町村コード": 205, "所在地": "香川県観音寺市出作町１１１７－４", "緯度": 34.123588, "経度": 133.667091, "url": "https://www.iryou.teikyouseido.mhlw.go.jp/znk-web/juminkanja/S2430/initialize?prefCd=37&kikanCd=L370400150&kikanKbn=5", "url2": null, "内容": "有限会社いずみや調剤薬局【5:薬局】香川県観音寺市出作町１１１７－４" }, "geometry": { "type": "Point", "coordinates": [ 133.667091, 34.123588 ] } },
{ "type": "Feature", "properties": { "ID": "375L370400160", "正式名称": "ひまわり調剤薬局浜田", "機関区分": 5, "都道府県コード": 37, "市区町村コード": 208, "所在地": "香川県三豊市詫間町詫間６８１４－１４", "緯度": 34.227409, "経度": 133.665289, "url": "https://www.iryou.teikyouseido.mhlw.go.jp/znk-web/juminkanja/S2430/initialize?prefCd=37&kikanCd=L370400160&kikanKbn=5", "url2": "https://himawari.ringue.jp", "内容": "ひまわり調剤薬局浜田【5:薬局】香川県三豊市詫間町詫間６８１４－１４" }, "geometry": { "type": "Point", "coordinates": [ 133.665289, 34.227409 ] } },
{ "type": "Feature", "properties": { "ID": "375L370400180", "正式名称": "坂上調剤薬局", "機関区分": 5, "都道府県コード": 37, "市区町村コード": 208, "所在地": "香川県三豊市詫間町詫間１３３８番地１０８", "緯度": 34.221578, "経度": 133.672642, "url": "https://www.iryou.teikyouseido.mhlw.go.jp/znk-web/juminkanja/S2430/initialize?prefCd=37&kikanCd=L370400180&kikanKbn=5", "url2": null, "内容": "坂上調剤薬局【5:薬局】香川県三豊市詫間町詫間１３３８番地１０８" }, "geometry": { "type": "Point", "coordinates": [ 133.672642, 34.221578 ] } },
{ "type": "Feature", "properties": { "ID": "375L370400190", "正式名称": "ひまわり調剤薬局高瀬", "機関区分": 5, "都道府県コード": 37, "市区町村コード": 208, "所在地": "香川県三豊市高瀬町上高瀬１３８０－４", "緯度": 34.187666, "経度": 133.717334, "url": "https://www.iryou.teikyouseido.mhlw.go.jp/znk-web/juminkanja/S2430/initialize?prefCd=37&kikanCd=L370400190&kikanKbn=5", "url2": "https://himawari.ringue.jp", "内容": "ひまわり調剤薬局高瀬【5:薬局】香川県三豊市高瀬町上高瀬１３８０－４" }, "geometry": { "type": "Point", "coordinates": [ 133.717334, 34.187666 ] } },
{ "type": "Feature", "properties": { "ID": "375L370400230", "正式名称": "ナショナル調剤薬局", "機関区分": 5, "都道府県コード": 37, "市区町村コード": 205, "所在地": "香川県観音寺市高屋町８０３－１", "緯度": 34.143503, "経度": 133.655536, "url": "https://www.iryou.teikyouseido.mhlw.go.jp/znk-web/juminkanja/S2430/initialize?prefCd=37&kikanCd=L370400230&kikanKbn=5", "url2": null, "内容": "ナショナル調剤薬局【5:薬局】香川県観音寺市高屋町８０３－１" }, "geometry": { "type": "Point", "coordinates": [ 133.655536, 34.143503 ] } },
{ "type": "Feature", "properties": { "ID": "375L370400260", "正式名称": "快生堂豊浜調剤薬局", "機関区分": 5, "都道府県コード": 37, "市区町村コード": 205, "所在地": "香川県観音寺市豊浜町姫浜８６５－１", "緯度": 34.082759, "経度": 133.642762, "url": "https://www.iryou.teikyouseido.mhlw.go.jp/znk-web/juminkanja/S2430/initialize?prefCd=37&kikanCd=L370400260&kikanKbn=5", "url2": "http://www.kai-sei-do.co.jp", "内容": "快生堂豊浜調剤薬局【5:薬局】香川県観音寺市豊浜町姫浜８６５－１" }, "geometry": { "type": "Point", "coordinates": [ 133.642762, 34.082759 ] } },
{ "type": "Feature", "properties": { "ID": "375L370400280", "正式名称": "ひまわり調剤薬局大野原", "機関区分": 5, "都道府県コード": 37, "市区町村コード": 205, "所在地": "香川県観音寺市大野原町大野原２１０５－３", "緯度": 34.089536, "経度": 133.664759, "url": "https://www.iryou.teikyouseido.mhlw.go.jp/znk-web/juminkanja/S2430/initialize?prefCd=37&kikanCd=L370400280&kikanKbn=5", "url2": "https://himawari.ringue.jp", "内容": "ひまわり調剤薬局大野原【5:薬局】香川県観音寺市大野原町大野原２１０５－３" }, "geometry": { "type": "Point", "coordinates": [ 133.664759, 34.089536 ] } },
{ "type": "Feature", "properties": { "ID": "375L370400290", "正式名称": "ひまわり調剤薬局豊中", "機関区分": 5, "都道府県コード": 37, "市区町村コード": 208, "所在地": "香川県三豊市豊中町笠田笠岡２１３１－４", "緯度": 34.156724, "経度": 133.704809, "url": "https://www.iryou.teikyouseido.mhlw.go.jp/znk-web/juminkanja/S2430/initialize?prefCd=37&kikanCd=L370400290&kikanKbn=5", "url2": null, "内容": "ひまわり調剤薬局豊中【5:薬局】香川県三豊市豊中町笠田笠岡２１３１－４" }, "geometry": { "type": "Point", "coordinates": [ 133.704809, 34.156724 ] } },
{ "type": "Feature", "properties": { "ID": "375L370400320", "正式名称": "かりん薬局　みの", "機関区分": 5, "都道府県コード": 37, "市区町村コード": 208, "所在地": "香川県三豊市三野町下高瀬９２０－２", "緯度": 34.20358, "経度": 133.698196, "url": "https://www.iryou.teikyouseido.mhlw.go.jp/znk-web/juminkanja/S2430/initialize?prefCd=37&kikanCd=L370400320&kikanKbn=5", "url2": null, "内容": "かりん薬局　みの【5:薬局】香川県三豊市三野町下高瀬９２０－２" }, "geometry": { "type": "Point", "coordinates": [ 133.698196, 34.20358 ] } },
{ "type": "Feature", "properties": { "ID": "375L370400360", "正式名称": "有限会社　関薬局", "機関区分": 5, "都道府県コード": 37, "市区町村コード": 208, "所在地": "香川県三豊市詫間町松崎６８０", "緯度": 34.220217, "経度": 133.691612, "url": "https://www.iryou.teikyouseido.mhlw.go.jp/znk-web/juminkanja/S2430/initialize?prefCd=37&kikanCd=L370400360&kikanKbn=5", "url2": null, "内容": "有限会社　関薬局【5:薬局】香川県三豊市詫間町松崎６８０" }, "geometry": { "type": "Point", "coordinates": [ 133.691612, 34.220217 ] } },
{ "type": "Feature", "properties": { "ID": "375L370400370", "正式名称": "快生堂茂木調剤薬局", "機関区分": 5, "都道府県コード": 37, "市区町村コード": 205, "所在地": "香川県観音寺市茂木町五丁目２番３号", "緯度": 34.133698, "経度": 133.661952, "url": "https://www.iryou.teikyouseido.mhlw.go.jp/znk-web/juminkanja/S2430/initialize?prefCd=37&kikanCd=L370400370&kikanKbn=5", "url2": "http://www.kai-sei-do.co.jp", "内容": "快生堂茂木調剤薬局【5:薬局】香川県観音寺市茂木町五丁目２番３号" }, "geometry": { "type": "Point", "coordinates": [ 133.661952, 34.133698 ] } },
{ "type": "Feature", "properties": { "ID": "375L370400380", "正式名称": "ひまわり薬局西香川", "機関区分": 5, "都道府県コード": 37, "市区町村コード": 208, "所在地": "香川県三豊市高瀬町比地中２９８２番地３", "緯度": 34.174659, "経度": 133.701315, "url": "https://www.iryou.teikyouseido.mhlw.go.jp/znk-web/juminkanja/S2430/initialize?prefCd=37&kikanCd=L370400380&kikanKbn=5", "url2": "https://himawari.ringue.jp", "内容": "ひまわり薬局西香川【5:薬局】香川県三豊市高瀬町比地中２９８２番地３" }, "geometry": { "type": "Point", "coordinates": [ 133.701315, 34.174659 ] } },
{ "type": "Feature", "properties": { "ID": "375L370400390", "正式名称": "株式会社三河薬品　ＤＲＵＧミカワ調剤薬局　観音寺店", "機関区分": 5, "都道府県コード": 37, "市区町村コード": 205, "所在地": "香川県観音寺市古川町切石２８９－１", "緯度": 34.129866, "経度": 133.691728, "url": "https://www.iryou.teikyouseido.mhlw.go.jp/znk-web/juminkanja/S2430/initialize?prefCd=37&kikanCd=L370400390&kikanKbn=5", "url2": "http://homepage3.nifty.com/MIKAWA/", "内容": "株式会社三河薬品　ＤＲＵＧミカワ調剤薬局　観音寺店【5:薬局】香川県観音寺市古川町切石２８９－１" }, "geometry": { "type": "Point", "coordinates": [ 133.691728, 34.129866 ] } },
{ "type": "Feature", "properties": { "ID": "375L370400410", "正式名称": "サンシャインスター薬局", "機関区分": 5, "都道府県コード": 37, "市区町村コード": 205, "所在地": "香川県観音寺市柞田町甲８４１番地", "緯度": 34.113562, "経度": 133.667591, "url": "https://www.iryou.teikyouseido.mhlw.go.jp/znk-web/juminkanja/S2430/initialize?prefCd=37&kikanCd=L370400410&kikanKbn=5", "url2": "http://www.starpharmacy.jp/", "内容": "サンシャインスター薬局【5:薬局】香川県観音寺市柞田町甲８４１番地" }, "geometry": { "type": "Point", "coordinates": [ 133.667591, 34.113562 ] } },
{ "type": "Feature", "properties": { "ID": "375L370400420", "正式名称": "ジョイ薬局", "機関区分": 5, "都道府県コード": 37, "市区町村コード": 208, "所在地": "香川県三豊市高瀬町新名９８２番地１", "緯度": 34.183083, "経度": 133.719001, "url": "https://www.iryou.teikyouseido.mhlw.go.jp/znk-web/juminkanja/S2430/initialize?prefCd=37&kikanCd=L370400420&kikanKbn=5", "url2": "https://www.ritsurinn-ph.com", "内容": "ジョイ薬局【5:薬局】香川県三豊市高瀬町新名９８２番地１" }, "geometry": { "type": "Point", "coordinates": [ 133.719001, 34.183083 ] } },
{ "type": "Feature", "properties": { "ID": "375L370400430", "正式名称": "有限会社　すなどめ薬局", "機関区分": 5, "都道府県コード": 37, "市区町村コード": 208, "所在地": "香川県三豊市詫間町詫間６１０－６", "緯度": 34.221023, "経度": 133.681613, "url": "https://www.iryou.teikyouseido.mhlw.go.jp/znk-web/juminkanja/S2430/initialize?prefCd=37&kikanCd=L370400430&kikanKbn=5", "url2": null, "内容": "有限会社　すなどめ薬局【5:薬局】香川県三豊市詫間町詫間６１０－６" }, "geometry": { "type": "Point", "coordinates": [ 133.681613, 34.221023 ] } },
{ "type": "Feature", "properties": { "ID": "375L370400440", "正式名称": "ことひき薬局", "機関区分": 5, "都道府県コード": 37, "市区町村コード": 205, "所在地": "香川県観音寺市南町五丁目４番６６号", "緯度": 34.122755, "経度": 133.646343, "url": "https://www.iryou.teikyouseido.mhlw.go.jp/znk-web/juminkanja/S2430/initialize?prefCd=37&kikanCd=L370400440&kikanKbn=5", "url2": "https://www.karinchan.jp/", "内容": "ことひき薬局【5:薬局】香川県観音寺市南町五丁目４番６６号" }, "geometry": { "type": "Point", "coordinates": [ 133.646343, 34.122755 ] } },
{ "type": "Feature", "properties": { "ID": "375L370400450", "正式名称": "快生堂　くにた調剤薬局", "機関区分": 5, "都道府県コード": 37, "市区町村コード": 205, "所在地": "香川県観音寺市柞田町甲６０６番地１", "緯度": 34.114117, "経度": 133.670758, "url": "https://www.iryou.teikyouseido.mhlw.go.jp/znk-web/juminkanja/S2430/initialize?prefCd=37&kikanCd=L370400450&kikanKbn=5", "url2": "http://www.kai-sei-do.co.jp", "内容": "快生堂　くにた調剤薬局【5:薬局】香川県観音寺市柞田町甲６０６番地１" }, "geometry": { "type": "Point", "coordinates": [ 133.670758, 34.114117 ] } },
{ "type": "Feature", "properties": { "ID": "375L370400460", "正式名称": "そうごう薬局観音寺店", "機関区分": 5, "都道府県コード": 37, "市区町村コード": 205, "所在地": "香川県観音寺市栄町三丁目５番２号", "緯度": 34.124282, "経度": 133.653592, "url": "https://www.iryou.teikyouseido.mhlw.go.jp/znk-web/juminkanja/S2430/initialize?prefCd=37&kikanCd=L370400460&kikanKbn=5", "url2": "http://www.sogo-medical.co.jp", "内容": "そうごう薬局観音寺店【5:薬局】香川県観音寺市栄町三丁目５番２号" }, "geometry": { "type": "Point", "coordinates": [ 133.653592, 34.124282 ] } },
{ "type": "Feature", "properties": { "ID": "375L370400480", "正式名称": "ひいらぎ調剤薬局", "機関区分": 5, "都道府県コード": 37, "市区町村コード": 208, "所在地": "香川県三豊市豊中町比地大２６２２－１", "緯度": 34.165862, "経度": 133.689143, "url": "https://www.iryou.teikyouseido.mhlw.go.jp/znk-web/juminkanja/S2430/initialize?prefCd=37&kikanCd=L370400480&kikanKbn=5", "url2": null, "内容": "ひいらぎ調剤薬局【5:薬局】香川県三豊市豊中町比地大２６２２－１" }, "geometry": { "type": "Point", "coordinates": [ 133.689143, 34.165862 ] } },
{ "type": "Feature", "properties": { "ID": "375L370400510", "正式名称": "快生堂　羽方調剤薬局", "機関区分": 5, "都道府県コード": 37, "市区町村コード": 208, "所在地": "香川県三豊市高瀬町羽方６５９番地３", "緯度": 34.140837, "経度": 133.728169, "url": "https://www.iryou.teikyouseido.mhlw.go.jp/znk-web/juminkanja/S2430/initialize?prefCd=37&kikanCd=L370400510&kikanKbn=5", "url2": "http://www.kai-sei-do.co.jp", "内容": "快生堂　羽方調剤薬局【5:薬局】香川県三豊市高瀬町羽方６５９番地３" }, "geometry": { "type": "Point", "coordinates": [ 133.728169, 34.140837 ] } },
{ "type": "Feature", "properties": { "ID": "375L370400520", "正式名称": "ファーマシィ薬局観音寺", "機関区分": 5, "都道府県コード": 37, "市区町村コード": 205, "所在地": "香川県観音寺市植田町１００８－１", "緯度": 34.1187, "経度": 133.679507, "url": "https://www.iryou.teikyouseido.mhlw.go.jp/znk-web/juminkanja/S2430/initialize?prefCd=37&kikanCd=L370400520&kikanKbn=5", "url2": "https://www.pharmacy-net.co.jp/", "内容": "ファーマシィ薬局観音寺【5:薬局】香川県観音寺市植田町１００８－１" }, "geometry": { "type": "Point", "coordinates": [ 133.679507, 34.1187 ] } },
{ "type": "Feature", "properties": { "ID": "375L370400530", "正式名称": "フジヤ中央調剤薬局", "機関区分": 5, "都道府県コード": 37, "市区町村コード": 205, "所在地": "香川県観音寺市観音寺町甲３１３２番地", "緯度": 34.129671, "経度": 133.653564, "url": "https://www.iryou.teikyouseido.mhlw.go.jp/znk-web/juminkanja/S2430/initialize?prefCd=37&kikanCd=L370400530&kikanKbn=5", "url2": "fujiya-pharmacy.com", "内容": "フジヤ中央調剤薬局【5:薬局】香川県観音寺市観音寺町甲３１３２番地" }, "geometry": { "type": "Point", "coordinates": [ 133.653564, 34.129671 ] } },
{ "type": "Feature", "properties": { "ID": "375L370400560", "正式名称": "ひとみ調剤薬局　仁尾店", "機関区分": 5, "都道府県コード": 37, "市区町村コード": 208, "所在地": "香川県三豊市仁尾町仁尾辛３９番１２", "緯度": 34.194969, "経度": 133.647423, "url": "https://www.iryou.teikyouseido.mhlw.go.jp/znk-web/juminkanja/S2430/initialize?prefCd=37&kikanCd=L370400560&kikanKbn=5", "url2": "https://kyosei-bs.co.jp/", "内容": "ひとみ調剤薬局　仁尾店【5:薬局】香川県三豊市仁尾町仁尾辛３９番１２" }, "geometry": { "type": "Point", "coordinates": [ 133.647423, 34.194969 ] } },
{ "type": "Feature", "properties": { "ID": "375L370400570", "正式名称": "株式会社　三河薬品　ミカワ調剤薬局とっさか西店", "機関区分": 5, "都道府県コード": 37, "市区町村コード": 208, "所在地": "香川県三豊市三野町下高瀬２７１９－２", "緯度": 34.201664, "経度": 133.721, "url": "https://www.iryou.teikyouseido.mhlw.go.jp/znk-web/juminkanja/S2430/initialize?prefCd=37&kikanCd=L370400570&kikanKbn=5", "url2": null, "内容": "株式会社　三河薬品　ミカワ調剤薬局とっさか西店【5:薬局】香川県三豊市三野町下高瀬２７１９－２" }, "geometry": { "type": "Point", "coordinates": [ 133.721, 34.201664 ] } },
{ "type": "Feature", "properties": { "ID": "375L370400580", "正式名称": "神原薬局", "機関区分": 5, "都道府県コード": 37, "市区町村コード": 208, "所在地": "香川県三豊市山本町辻３２８－３", "緯度": 34.116951, "経度": 133.725392, "url": "https://www.iryou.teikyouseido.mhlw.go.jp/znk-web/juminkanja/S2430/initialize?prefCd=37&kikanCd=L370400580&kikanKbn=5", "url2": null, "内容": "神原薬局【5:薬局】香川県三豊市山本町辻３２８－３" }, "geometry": { "type": "Point", "coordinates": [ 133.725392, 34.116951 ] } },
{ "type": "Feature", "properties": { "ID": "375L370400590", "正式名称": "京町薬局高瀬店", "機関区分": 5, "都道府県コード": 37, "市区町村コード": 208, "所在地": "香川県三豊市高瀬町下麻１３８２番１", "緯度": 34.178223, "経度": 133.767052, "url": "https://www.iryou.teikyouseido.mhlw.go.jp/znk-web/juminkanja/S2430/initialize?prefCd=37&kikanCd=L370400590&kikanKbn=5", "url2": "http://www.kyomachi-pharmacy.co.jp/", "内容": "京町薬局高瀬店【5:薬局】香川県三豊市高瀬町下麻１３８２番１" }, "geometry": { "type": "Point", "coordinates": [ 133.767052, 34.178223 ] } },
{ "type": "Feature", "properties": { "ID": "375L370400600", "正式名称": "きづな調剤薬局", "機関区分": 5, "都道府県コード": 37, "市区町村コード": 205, "所在地": "香川県観音寺市村黒町７６８－３", "緯度": 34.133532, "経度": 133.665813, "url": "https://www.iryou.teikyouseido.mhlw.go.jp/znk-web/juminkanja/S2430/initialize?prefCd=37&kikanCd=L370400600&kikanKbn=5", "url2": "http://www.ritsurinn-ph.com", "内容": "きづな調剤薬局【5:薬局】香川県観音寺市村黒町７６８－３" }, "geometry": { "type": "Point", "coordinates": [ 133.665813, 34.133532 ] } },
{ "type": "Feature", "properties": { "ID": "375L370400610", "正式名称": "うぐいす薬局", "機関区分": 5, "都道府県コード": 37, "市区町村コード": 208, "所在地": "香川県三豊市山本町財田西３４２番地１", "緯度": 34.120173, "経度": 133.723587, "url": "https://www.iryou.teikyouseido.mhlw.go.jp/znk-web/juminkanja/S2430/initialize?prefCd=37&kikanCd=L370400610&kikanKbn=5", "url2": "https://www.karinchan.jp/", "内容": "うぐいす薬局【5:薬局】香川県三豊市山本町財田西３４２番地１" }, "geometry": { "type": "Point", "coordinates": [ 133.723587, 34.120173 ] } },
{ "type": "Feature", "properties": { "ID": "375L370400620", "正式名称": "株式会社　日野薬局", "機関区分": 5, "都道府県コード": 37, "市区町村コード": 205, "所在地": "香川県観音寺市栄町一丁目２番１４号", "緯度": 34.125588, "経度": 133.658619, "url": "https://www.iryou.teikyouseido.mhlw.go.jp/znk-web/juminkanja/S2430/initialize?prefCd=37&kikanCd=L370400620&kikanKbn=5", "url2": null, "内容": "株式会社　日野薬局【5:薬局】香川県観音寺市栄町一丁目２番１４号" }, "geometry": { "type": "Point", "coordinates": [ 133.658619, 34.125588 ] } },
{ "type": "Feature", "properties": { "ID": "375L370400650", "正式名称": "そうごう薬局　さぬき豊中店", "機関区分": 5, "都道府県コード": 37, "市区町村コード": 208, "所在地": "香川県三豊市豊中町下高野１０９０", "緯度": 34.159862, "経度": 133.683366, "url": "https://www.iryou.teikyouseido.mhlw.go.jp/znk-web/juminkanja/S2430/initialize?prefCd=37&kikanCd=L370400650&kikanKbn=5", "url2": "http://www.sogo-medical.co.jp/", "内容": "そうごう薬局　さぬき豊中店【5:薬局】香川県三豊市豊中町下高野１０９０" }, "geometry": { "type": "Point", "coordinates": [ 133.683366, 34.159862 ] } },
{ "type": "Feature", "properties": { "ID": "375L370400660", "正式名称": "スター薬局　柞田店", "機関区分": 5, "都道府県コード": 37, "市区町村コード": 205, "所在地": "香川県観音寺市柞田町甲１９３９番地１０", "緯度": 34.117783, "経度": 133.660314, "url": "https://www.iryou.teikyouseido.mhlw.go.jp/znk-web/juminkanja/S2430/initialize?prefCd=37&kikanCd=L370400660&kikanKbn=5", "url2": "http://www.starpharmacy.jp", "内容": "スター薬局　柞田店【5:薬局】香川県観音寺市柞田町甲１９３９番地１０" }, "geometry": { "type": "Point", "coordinates": [ 133.660314, 34.117783 ] } },
{ "type": "Feature", "properties": { "ID": "375L370400690", "正式名称": "もとだい調剤薬局", "機関区分": 5, "都道府県コード": 37, "市区町村コード": 205, "所在地": "香川県観音寺市本大町１７２１－１", "緯度": 34.135449, "経度": 133.691172, "url": "https://www.iryou.teikyouseido.mhlw.go.jp/znk-web/juminkanja/S2430/initialize?prefCd=37&kikanCd=L370400690&kikanKbn=5", "url2": null, "内容": "もとだい調剤薬局【5:薬局】香川県観音寺市本大町１７２１－１" }, "geometry": { "type": "Point", "coordinates": [ 133.691172, 34.135449 ] } },
{ "type": "Feature", "properties": { "ID": "375L370400730", "正式名称": "コスモ調剤薬局　観音寺店", "機関区分": 5, "都道府県コード": 37, "市区町村コード": 205, "所在地": "香川県観音寺市坂本町七丁目５番２１号", "緯度": 34.127671, "経度": 133.656842, "url": "https://www.iryou.teikyouseido.mhlw.go.jp/znk-web/juminkanja/S2430/initialize?prefCd=37&kikanCd=L370400730&kikanKbn=5", "url2": "cosmo-chouzai.jp", "内容": "コスモ調剤薬局　観音寺店【5:薬局】香川県観音寺市坂本町七丁目５番２１号" }, "geometry": { "type": "Point", "coordinates": [ 133.656842, 34.127671 ] } },
{ "type": "Feature", "properties": { "ID": "375L370400740", "正式名称": "快生堂さぬき豊中調剤薬局", "機関区分": 5, "都道府県コード": 37, "市区町村コード": 208, "所在地": "香川県三豊市豊中町上高野１９０４－３", "緯度": 34.143587, "経度": 133.700948, "url": "https://www.iryou.teikyouseido.mhlw.go.jp/znk-web/juminkanja/S2430/initialize?prefCd=37&kikanCd=L370400740&kikanKbn=5", "url2": "https://www.kai-sei-do.co.jp", "内容": "快生堂さぬき豊中調剤薬局【5:薬局】香川県三豊市豊中町上高野１９０４－３" }, "geometry": { "type": "Point", "coordinates": [ 133.700948, 34.143587 ] } },
{ "type": "Feature", "properties": { "ID": "375L370400750", "正式名称": "ファーマシィ薬局観音寺第２", "機関区分": 5, "都道府県コード": 37, "市区町村コード": 205, "所在地": "香川県観音寺市植田町１９３０番地", "緯度": 34.11941, "経度": 133.679681, "url": "https://www.iryou.teikyouseido.mhlw.go.jp/znk-web/juminkanja/S2430/initialize?prefCd=37&kikanCd=L370400750&kikanKbn=5", "url2": "http://www.pharmacy-net.co.jp", "内容": "ファーマシィ薬局観音寺第２【5:薬局】香川県観音寺市植田町１９３０番地" }, "geometry": { "type": "Point", "coordinates": [ 133.679681, 34.11941 ] } },
{ "type": "Feature", "properties": { "ID": "375L370400760", "正式名称": "スター薬局大野原店", "機関区分": 5, "都道府県コード": 37, "市区町村コード": 205, "所在地": "香川県観音寺市大野原町大野原４１１３番地１", "緯度": 34.090203, "経度": 133.653205, "url": "https://www.iryou.teikyouseido.mhlw.go.jp/znk-web/juminkanja/S2430/initialize?prefCd=37&kikanCd=L370400760&kikanKbn=5", "url2": "http://www.starpharmacy.jp/", "内容": "スター薬局大野原店【5:薬局】香川県観音寺市大野原町大野原４１１３番地１" }, "geometry": { "type": "Point", "coordinates": [ 133.653205, 34.090203 ] } },
{ "type": "Feature", "properties": { "ID": "375L370400770", "正式名称": "かさだ薬局", "機関区分": 5, "都道府県コード": 37, "市区町村コード": 208, "所在地": "香川県三豊市豊中町笠田竹田２８５番地７", "緯度": 34.152336, "経度": 133.701309, "url": "https://www.iryou.teikyouseido.mhlw.go.jp/znk-web/juminkanja/S2430/initialize?prefCd=37&kikanCd=L370400770&kikanKbn=5", "url2": "http://alive-phc.com/", "内容": "かさだ薬局【5:薬局】香川県三豊市豊中町笠田竹田２８５番地７" }, "geometry": { "type": "Point", "coordinates": [ 133.701309, 34.152336 ] } },
{ "type": "Feature", "properties": { "ID": "375L370400780", "正式名称": "ひまわり薬局勝間", "機関区分": 5, "都道府県コード": 37, "市区町村コード": 208, "所在地": "香川県三豊市高瀬町下勝間２１５７－１", "緯度": 34.180694, "経度": 133.711363, "url": "https://www.iryou.teikyouseido.mhlw.go.jp/znk-web/juminkanja/S2430/initialize?prefCd=37&kikanCd=L370400780&kikanKbn=5", "url2": "https://himawari.ringue.jp", "内容": "ひまわり薬局勝間【5:薬局】香川県三豊市高瀬町下勝間２１５７－１" }, "geometry": { "type": "Point", "coordinates": [ 133.711363, 34.180694 ] } },
{ "type": "Feature", "properties": { "ID": "375L370400790", "正式名称": "エコ調剤薬局観音寺店", "機関区分": 5, "都道府県コード": 37, "市区町村コード": 205, "所在地": "香川県観音寺市植田町高木４０４－４", "緯度": 34.126, "経度": 133.67787, "url": "https://www.iryou.teikyouseido.mhlw.go.jp/znk-web/juminkanja/S2430/initialize?prefCd=37&kikanCd=L370400790&kikanKbn=5", "url2": "http://www.shikoku-ms.com", "内容": "エコ調剤薬局観音寺店【5:薬局】香川県観音寺市植田町高木４０４－４" }, "geometry": { "type": "Point", "coordinates": [ 133.67787, 34.126 ] } },
{ "type": "Feature", "properties": { "ID": "375L370400800", "正式名称": "アイン薬局　的場店", "機関区分": 5, "都道府県コード": 37, "市区町村コード": 208, "所在地": "香川県三豊市詫間町詫間４１４－６", "緯度": 34.217396, "経度": 133.683047, "url": "https://www.iryou.teikyouseido.mhlw.go.jp/znk-web/juminkanja/S2430/initialize?prefCd=37&kikanCd=L370400800&kikanKbn=5", "url2": "https://www.ainj.co.jp", "内容": "アイン薬局　的場店【5:薬局】香川県三豊市詫間町詫間４１４－６" }, "geometry": { "type": "Point", "coordinates": [ 133.683047, 34.217396 ] } },
{ "type": "Feature", "properties": { "ID": "375L370400820", "正式名称": "ヒロ調剤薬局", "機関区分": 5, "都道府県コード": 37, "市区町村コード": 205, "所在地": "香川県観音寺市大野原町花稲８１５番１", "緯度": 34.09764, "経度": 133.646317, "url": "https://www.iryou.teikyouseido.mhlw.go.jp/znk-web/juminkanja/S2430/initialize?prefCd=37&kikanCd=L370400820&kikanKbn=5", "url2": null, "内容": "ヒロ調剤薬局【5:薬局】香川県観音寺市大野原町花稲８１５番１" }, "geometry": { "type": "Point", "coordinates": [ 133.646317, 34.09764 ] } },
{ "type": "Feature", "properties": { "ID": "375L370400830", "正式名称": "クオール薬局三豊店", "機関区分": 5, "都道府県コード": 37, "市区町村コード": 208, "所在地": "香川県三豊市詫間町松崎２７８０－３５", "緯度": 34.219769, "経度": 133.690231, "url": "https://www.iryou.teikyouseido.mhlw.go.jp/znk-web/juminkanja/S2430/initialize?prefCd=37&kikanCd=L370400830&kikanKbn=5", "url2": "https://www.gol-net.co.jp/", "内容": "クオール薬局三豊店【5:薬局】香川県三豊市詫間町松崎２７８０－３５" }, "geometry": { "type": "Point", "coordinates": [ 133.690231, 34.219769 ] } },
{ "type": "Feature", "properties": { "ID": "375L370400840", "正式名称": "ナショナル薬局", "機関区分": 5, "都道府県コード": 37, "市区町村コード": 205, "所在地": "香川県観音寺市大野原町萩原１３３３－５", "緯度": 34.072608, "経度": 133.676129, "url": "https://www.iryou.teikyouseido.mhlw.go.jp/znk-web/juminkanja/S2430/initialize?prefCd=37&kikanCd=L370400840&kikanKbn=5", "url2": null, "内容": "ナショナル薬局【5:薬局】香川県観音寺市大野原町萩原１３３３－５" }, "geometry": { "type": "Point", "coordinates": [ 133.676129, 34.072608 ] } },
{ "type": "Feature", "properties": { "ID": "375L370400860", "正式名称": "ひまわり薬局新名", "機関区分": 5, "都道府県コード": 37, "市区町村コード": 208, "所在地": "香川県三豊市高瀬町新名１００５番地１", "緯度": 34.185574, "経度": 133.7165, "url": "https://www.iryou.teikyouseido.mhlw.go.jp/znk-web/juminkanja/S2430/initialize?prefCd=37&kikanCd=L370400860&kikanKbn=5", "url2": "https://himawari.ringue.jp", "内容": "ひまわり薬局新名【5:薬局】香川県三豊市高瀬町新名１００５番地１" }, "geometry": { "type": "Point", "coordinates": [ 133.7165, 34.185574 ] } },
{ "type": "Feature", "properties": { "ID": "375L370400870", "正式名称": "姫浜調剤薬局", "機関区分": 5, "都道府県コード": 37, "市区町村コード": 205, "所在地": "香川県観音寺市豊浜町姫浜８６９番地１", "緯度": 34.082543, "経度": 133.643012, "url": "https://www.iryou.teikyouseido.mhlw.go.jp/znk-web/juminkanja/S2430/initialize?prefCd=37&kikanCd=L370400870&kikanKbn=5", "url2": null, "内容": "姫浜調剤薬局【5:薬局】香川県観音寺市豊浜町姫浜８６９番地１" }, "geometry": { "type": "Point", "coordinates": [ 133.643012, 34.082543 ] } },
{ "type": "Feature", "properties": { "ID": "375L370400880", "正式名称": "みどり調剤薬局", "機関区分": 5, "都道府県コード": 37, "市区町村コード": 208, "所在地": "香川県三豊市山本町財田西９０２－４", "緯度": 34.117405, "経度": 133.735143, "url": "https://www.iryou.teikyouseido.mhlw.go.jp/znk-web/juminkanja/S2430/initialize?prefCd=37&kikanCd=L370400880&kikanKbn=5", "url2": "https://www.marinegroup.jp/", "内容": "みどり調剤薬局【5:薬局】香川県三豊市山本町財田西９０２－４" }, "geometry": { "type": "Point", "coordinates": [ 133.735143, 34.117405 ] } },
{ "type": "Feature", "properties": { "ID": "375L370400900", "正式名称": "ヤマニ調剤薬局", "機関区分": 5, "都道府県コード": 37, "市区町村コード": 205, "所在地": "香川県観音寺市豊浜町姫浜８７０番地１", "緯度": 34.082503, "経度": 133.642798, "url": "https://www.iryou.teikyouseido.mhlw.go.jp/znk-web/juminkanja/S2430/initialize?prefCd=37&kikanCd=L370400900&kikanKbn=5", "url2": "http://www.kusurinomadoguchi.com/kagawa/s1000085756", "内容": "ヤマニ調剤薬局【5:薬局】香川県観音寺市豊浜町姫浜８７０番地１" }, "geometry": { "type": "Point", "coordinates": [ 133.642798, 34.082503 ] } },
{ "type": "Feature", "properties": { "ID": "375L370400910", "正式名称": "薬局日本メディカルシステム　三豊北店", "機関区分": 5, "都道府県コード": 37, "市区町村コード": 208, "所在地": "香川県三豊市詫間町詫間６７８４－１５０", "緯度": 34.213121, "経度": 133.689108, "url": "https://www.iryou.teikyouseido.mhlw.go.jp/znk-web/juminkanja/S2430/initialize?prefCd=37&kikanCd=L370400910&kikanKbn=5", "url2": "https://www.jmsys.co.jp/pharmacy/shop-detail_303/", "内容": "薬局日本メディカルシステム　三豊北店【5:薬局】香川県三豊市詫間町詫間６７８４－１５０" }, "geometry": { "type": "Point", "coordinates": [ 133.689108, 34.213121 ] } },
{ "type": "Feature", "properties": { "ID": "375L370400930", "正式名称": "レデイ薬局　詫間店", "機関区分": 5, "都道府県コード": 37, "市区町村コード": 208, "所在地": "香川県三豊市詫間町詫間６７８４番地８", "緯度": 34.218217, "経度": 133.685788, "url": "https://www.iryou.teikyouseido.mhlw.go.jp/znk-web/juminkanja/S2430/initialize?prefCd=37&kikanCd=L370400930&kikanKbn=5", "url2": "https://shop.tsuruha-g.com/4260", "内容": "レデイ薬局　詫間店【5:薬局】香川県三豊市詫間町詫間６７８４番地８" }, "geometry": { "type": "Point", "coordinates": [ 133.685788, 34.218217 ] } },
{ "type": "Feature", "properties": { "ID": "375L370400940", "正式名称": "大学薬局さかもと", "機関区分": 5, "都道府県コード": 37, "市区町村コード": 205, "所在地": "香川県観音寺市坂本町四丁目１番６号", "緯度": 34.125135, "経度": 133.664965, "url": "https://www.iryou.teikyouseido.mhlw.go.jp/znk-web/juminkanja/S2430/initialize?prefCd=37&kikanCd=L370400940&kikanKbn=5", "url2": "https://www.muromachijoutou-ph.jp/", "内容": "大学薬局さかもと【5:薬局】香川県観音寺市坂本町四丁目１番６号" }, "geometry": { "type": "Point", "coordinates": [ 133.664965, 34.125135 ] } },
{ "type": "Feature", "properties": { "ID": "375L370400950", "正式名称": "あおぞら調剤薬局", "機関区分": 5, "都道府県コード": 37, "市区町村コード": 208, "所在地": "香川県三豊市詫間町松崎３０３番地５", "緯度": 34.217919, "経度": 133.695037, "url": "https://www.iryou.teikyouseido.mhlw.go.jp/znk-web/juminkanja/S2430/initialize?prefCd=37&kikanCd=L370400950&kikanKbn=5", "url2": "http://www.masakiph.jp/", "内容": "あおぞら調剤薬局【5:薬局】香川県三豊市詫間町松崎３０３番地５" }, "geometry": { "type": "Point", "coordinates": [ 133.695037, 34.217919 ] } },
{ "type": "Feature", "properties": { "ID": "375L370400960", "正式名称": "マック観音寺調剤薬局", "機関区分": 5, "都道府県コード": 37, "市区町村コード": 205, "所在地": "香川県観音寺市本大町１６２６－１", "緯度": 34.134536, "経度": 133.693602, "url": "https://www.iryou.teikyouseido.mhlw.go.jp/znk-web/juminkanja/S2430/initialize?prefCd=37&kikanCd=L370400960&kikanKbn=5", "url2": "https://www.daiya-grp.co.jp/store/store-385/", "内容": "マック観音寺調剤薬局【5:薬局】香川県観音寺市本大町１６２６－１" }, "geometry": { "type": "Point", "coordinates": [ 133.693602, 34.134536 ] } },
{ "type": "Feature", "properties": { "ID": "375L370400970", "正式名称": "ユニスマイル薬局はないな店", "機関区分": 5, "都道府県コード": 37, "市区町村コード": 205, "所在地": "香川県観音寺市大野原町花稲８１５番地２", "緯度": 34.097537, "経度": 133.646411, "url": "https://www.iryou.teikyouseido.mhlw.go.jp/znk-web/juminkanja/S2430/initialize?prefCd=37&kikanCd=L370400970&kikanKbn=5", "url2": "https://unismile.co.jp/shop/hanaina/", "内容": "ユニスマイル薬局はないな店【5:薬局】香川県観音寺市大野原町花稲８１５番地２" }, "geometry": { "type": "Point", "coordinates": [ 133.646411, 34.097537 ] } },
{ "type": "Feature", "properties": { "ID": "375L370400980", "正式名称": "ひかり薬局　高瀬店", "機関区分": 5, "都道府県コード": 37, "市区町村コード": 208, "所在地": "香川県三豊市高瀬町下勝間１６８１－４", "緯度": 34.174522, "経度": 133.715817, "url": "https://www.iryou.teikyouseido.mhlw.go.jp/znk-web/juminkanja/S2430/initialize?prefCd=37&kikanCd=L370400980&kikanKbn=5", "url2": "http://shikoku-ms.com/", "内容": "ひかり薬局　高瀬店【5:薬局】香川県三豊市高瀬町下勝間１６８１－４" }, "geometry": { "type": "Point", "coordinates": [ 133.715817, 34.174522 ] } },
{ "type": "Feature", "properties": { "ID": "375L370500020", "正式名称": "有限会社ヒエ薬局", "機関区分": 5, "都道府県コード": 37, "市区町村コード": 201, "所在地": "香川県高松市八坂町１－６", "緯度": 34.340266, "経度": 134.053355, "url": "https://www.iryou.teikyouseido.mhlw.go.jp/znk-web/juminkanja/S2430/initialize?prefCd=37&kikanCd=L370500020&kikanKbn=5", "url2": null, "内容": "有限会社ヒエ薬局【5:薬局】香川県高松市八坂町１－６" }, "geometry": { "type": "Point", "coordinates": [ 134.053355, 34.340266 ] } },
{ "type": "Feature", "properties": { "ID": "375L370500040", "正式名称": "株式会社三河薬品　ミカワ調剤薬局　藤塚店", "機関区分": 5, "都道府県コード": 37, "市区町村コード": 201, "所在地": "香川県高松市藤塚町一丁目１６番３１号", "緯度": 34.333128, "経度": 134.048244, "url": "https://www.iryou.teikyouseido.mhlw.go.jp/znk-web/juminkanja/S2430/initialize?prefCd=37&kikanCd=L370500040&kikanKbn=5", "url2": null, "内容": "株式会社三河薬品　ミカワ調剤薬局　藤塚店【5:薬局】香川県高松市藤塚町一丁目１６番３１号" }, "geometry": { "type": "Point", "coordinates": [ 134.048244, 34.333128 ] } },
{ "type": "Feature", "properties": { "ID": "375L370500060", "正式名称": "有限会社　丸福薬局", "機関区分": 5, "都道府県コード": 37, "市区町村コード": 201, "所在地": "香川県高松市上福岡町１２０９番地の３", "緯度": 34.329962, "経度": 134.063438, "url": "https://www.iryou.teikyouseido.mhlw.go.jp/znk-web/juminkanja/S2430/initialize?prefCd=37&kikanCd=L370500060&kikanKbn=5", "url2": null, "内容": "有限会社　丸福薬局【5:薬局】香川県高松市上福岡町１２０９番地の３" }, "geometry": { "type": "Point", "coordinates": [ 134.063438, 34.329962 ] } },
{ "type": "Feature", "properties": { "ID": "375L370500080", "正式名称": "有限会社大西薬局", "機関区分": 5, "都道府県コード": 37, "市区町村コード": 201, "所在地": "香川県高松市天神前５－２４", "緯度": 34.340044, "経度": 134.044633, "url": "https://www.iryou.teikyouseido.mhlw.go.jp/znk-web/juminkanja/S2430/initialize?prefCd=37&kikanCd=L370500080&kikanKbn=5", "url2": null, "内容": "有限会社大西薬局【5:薬局】香川県高松市天神前５－２４" }, "geometry": { "type": "Point", "coordinates": [ 134.044633, 34.340044 ] } },
{ "type": "Feature", "properties": { "ID": "375L370500120", "正式名称": "有限会社中央堂薬局", "機関区分": 5, "都道府県コード": 37, "市区町村コード": 201, "所在地": "香川県高松市常磐町一丁目１０－１", "緯度": 34.338239, "経度": 134.051938, "url": "https://www.iryou.teikyouseido.mhlw.go.jp/znk-web/juminkanja/S2430/initialize?prefCd=37&kikanCd=L370500120&kikanKbn=5", "url2": null, "内容": "有限会社中央堂薬局【5:薬局】香川県高松市常磐町一丁目１０－１" }, "geometry": { "type": "Point", "coordinates": [ 134.051938, 34.338239 ] } },
{ "type": "Feature", "properties": { "ID": "375L370500150", "正式名称": "立川　薬局", "機関区分": 5, "都道府県コード": 37, "市区町村コード": 201, "所在地": "香川県高松市鬼無町鬼無２６９－３", "緯度": 34.316101, "経度": 133.989916, "url": "https://www.iryou.teikyouseido.mhlw.go.jp/znk-web/juminkanja/S2430/initialize?prefCd=37&kikanCd=L370500150&kikanKbn=5", "url2": null, "内容": "立川　薬局【5:薬局】香川県高松市鬼無町鬼無２６９－３" }, "geometry": { "type": "Point", "coordinates": [ 133.989916, 34.316101 ] } },
{ "type": "Feature", "properties": { "ID": "375L370500190", "正式名称": "Ｙ・Ｏ薬局", "機関区分": 5, "都道府県コード": 37, "市区町村コード": 201, "所在地": "香川県高松市寺井町１０５３－１９", "緯度": 34.278189, "経度": 134.02736, "url": "https://www.iryou.teikyouseido.mhlw.go.jp/znk-web/juminkanja/S2430/initialize?prefCd=37&kikanCd=L370500190&kikanKbn=5", "url2": null, "内容": "Ｙ・Ｏ薬局【5:薬局】香川県高松市寺井町１０５３－１９" }, "geometry": { "type": "Point", "coordinates": [ 134.02736, 34.278189 ] } },
{ "type": "Feature", "properties": { "ID": "375L370500240", "正式名称": "有限会社　寅野薬局", "機関区分": 5, "都道府県コード": 37, "市区町村コード": 201, "所在地": "香川県高松市高松町２５８８番地", "緯度": 34.337629, "経度": 134.106878, "url": "https://www.iryou.teikyouseido.mhlw.go.jp/znk-web/juminkanja/S2430/initialize?prefCd=37&kikanCd=L370500240&kikanKbn=5", "url2": null, "内容": "有限会社　寅野薬局【5:薬局】香川県高松市高松町２５８８番地" }, "geometry": { "type": "Point", "coordinates": [ 134.106878, 34.337629 ] } },
{ "type": "Feature", "properties": { "ID": "375L370500320", "正式名称": "有限会社小判屋薬局", "機関区分": 5, "都道府県コード": 37, "市区町村コード": 201, "所在地": "香川県高松市川島本町１９６", "緯度": 34.276413, "経度": 134.086355, "url": "https://www.iryou.teikyouseido.mhlw.go.jp/znk-web/juminkanja/S2430/initialize?prefCd=37&kikanCd=L370500320&kikanKbn=5", "url2": null, "内容": "有限会社小判屋薬局【5:薬局】香川県高松市川島本町１９６" }, "geometry": { "type": "Point", "coordinates": [ 134.086355, 34.276413 ] } },
{ "type": "Feature", "properties": { "ID": "375L370500330", "正式名称": "有限会社南天堂薬局", "機関区分": 5, "都道府県コード": 37, "市区町村コード": 201, "所在地": "香川県高松市塩屋町６－４", "緯度": 34.341488, "経度": 134.054715, "url": "https://www.iryou.teikyouseido.mhlw.go.jp/znk-web/juminkanja/S2430/initialize?prefCd=37&kikanCd=L370500330&kikanKbn=5", "url2": "http://nantendo-ph.jp/", "内容": "有限会社南天堂薬局【5:薬局】香川県高松市塩屋町６－４" }, "geometry": { "type": "Point", "coordinates": [ 134.054715, 34.341488 ] } },
{ "type": "Feature", "properties": { "ID": "375L370500350", "正式名称": "有限会社稲本薬局", "機関区分": 5, "都道府県コード": 37, "市区町村コード": 201, "所在地": "香川県高松市上之町二丁目１５－３４", "緯度": 34.320185, "経度": 134.04655, "url": "https://www.iryou.teikyouseido.mhlw.go.jp/znk-web/juminkanja/S2430/initialize?prefCd=37&kikanCd=L370500350&kikanKbn=5", "url2": "https://www.inamotoyakkyoku.com/", "内容": "有限会社稲本薬局【5:薬局】香川県高松市上之町二丁目１５－３４" }, "geometry": { "type": "Point", "coordinates": [ 134.04655, 34.320185 ] } },
{ "type": "Feature", "properties": { "ID": "375L370500360", "正式名称": "中嶋Ｂ調剤薬局", "機関区分": 5, "都道府県コード": 37, "市区町村コード": 201, "所在地": "香川県高松市瓦町二丁目６－２１", "緯度": 34.339877, "経度": 134.05216, "url": "https://www.iryou.teikyouseido.mhlw.go.jp/znk-web/juminkanja/S2430/initialize?prefCd=37&kikanCd=L370500360&kikanKbn=5", "url2": null, "内容": "中嶋Ｂ調剤薬局【5:薬局】香川県高松市瓦町二丁目６－２１" }, "geometry": { "type": "Point", "coordinates": [ 134.05216, 34.339877 ] } },
{ "type": "Feature", "properties": { "ID": "375L370500380", "正式名称": "有限会社辻上薬局今里店", "機関区分": 5, "都道府県コード": 37, "市区町村コード": 201, "所在地": "香川県高松市今里町二丁目１３－８", "緯度": 34.322879, "経度": 134.064049, "url": "https://www.iryou.teikyouseido.mhlw.go.jp/znk-web/juminkanja/S2430/initialize?prefCd=37&kikanCd=L370500380&kikanKbn=5", "url2": "https.//www.topco-group.jp", "内容": "有限会社辻上薬局今里店【5:薬局】香川県高松市今里町二丁目１３－８" }, "geometry": { "type": "Point", "coordinates": [ 134.064049, 34.322879 ] } },
{ "type": "Feature", "properties": { "ID": "375L370500410", "正式名称": "有限会社　木田薬局　東店", "機関区分": 5, "都道府県コード": 37, "市区町村コード": 201, "所在地": "香川県高松市円座町９５５－３　太山ビル１階", "緯度": 34.291243, "経度": 134.013666, "url": "https://www.iryou.teikyouseido.mhlw.go.jp/znk-web/juminkanja/S2430/initialize?prefCd=37&kikanCd=L370500410&kikanKbn=5", "url2": null, "内容": "有限会社　木田薬局　東店【5:薬局】香川県高松市円座町９５５－３　太山ビル１階" }, "geometry": { "type": "Point", "coordinates": [ 134.013666, 34.291243 ] } },
{ "type": "Feature", "properties": { "ID": "375L370500470", "正式名称": "元木薬局　太田店", "機関区分": 5, "都道府県コード": 37, "市区町村コード": 201, "所在地": "香川県高松市太田上町７７９－４", "緯度": 34.299743, "経度": 134.046857, "url": "https://www.iryou.teikyouseido.mhlw.go.jp/znk-web/juminkanja/S2430/initialize?prefCd=37&kikanCd=L370500470&kikanKbn=5", "url2": null, "内容": "元木薬局　太田店【5:薬局】香川県高松市太田上町７７９－４" }, "geometry": { "type": "Point", "coordinates": [ 134.046857, 34.299743 ] } },
{ "type": "Feature", "properties": { "ID": "375L370500520", "正式名称": "有限会社ライム調剤薬局", "機関区分": 5, "都道府県コード": 37, "市区町村コード": 201, "所在地": "香川県高松市香西東町３２６－１", "緯度": 34.343543, "経度": 134.005581, "url": "https://www.iryou.teikyouseido.mhlw.go.jp/znk-web/juminkanja/S2430/initialize?prefCd=37&kikanCd=L370500520&kikanKbn=5", "url2": null, "内容": "有限会社ライム調剤薬局【5:薬局】香川県高松市香西東町３２６－１" }, "geometry": { "type": "Point", "coordinates": [ 134.005581, 34.343543 ] } },
{ "type": "Feature", "properties": { "ID": "375L370500580", "正式名称": "小判屋薬局　川添店", "機関区分": 5, "都道府県コード": 37, "市区町村コード": 201, "所在地": "香川県高松市東山崎町１６７", "緯度": 34.305937, "経度": 134.090797, "url": "https://www.iryou.teikyouseido.mhlw.go.jp/znk-web/juminkanja/S2430/initialize?prefCd=37&kikanCd=L370500580&kikanKbn=5", "url2": null, "内容": "小判屋薬局　川添店【5:薬局】香川県高松市東山崎町１６７" }, "geometry": { "type": "Point", "coordinates": [ 134.090797, 34.305937 ] } },
{ "type": "Feature", "properties": { "ID": "375L370500590", "正式名称": "上之町調剤薬局", "機関区分": 5, "都道府県コード": 37, "市区町村コード": 201, "所在地": "香川県高松市上之町一丁目３－４０", "緯度": 34.322129, "経度": 134.045412, "url": "https://www.iryou.teikyouseido.mhlw.go.jp/znk-web/juminkanja/S2430/initialize?prefCd=37&kikanCd=L370500590&kikanKbn=5", "url2": null, "内容": "上之町調剤薬局【5:薬局】香川県高松市上之町一丁目３－４０" }, "geometry": { "type": "Point", "coordinates": [ 134.045412, 34.322129 ] } },
{ "type": "Feature", "properties": { "ID": "375L370500630", "正式名称": "有限会社アインス　林町薬局", "機関区分": 5, "都道府県コード": 37, "市区町村コード": 201, "所在地": "香川県高松市林町１５８８－１", "緯度": 34.302437, "経度": 134.071994, "url": "https://www.iryou.teikyouseido.mhlw.go.jp/znk-web/juminkanja/S2430/initialize?prefCd=37&kikanCd=L370500630&kikanKbn=5", "url2": "https.//www.topco-group.jp", "内容": "有限会社アインス　林町薬局【5:薬局】香川県高松市林町１５８８－１" }, "geometry": { "type": "Point", "coordinates": [ 134.071994, 34.302437 ] } },
{ "type": "Feature", "properties": { "ID": "375L370500680", "正式名称": "久間薬局　多肥店", "機関区分": 5, "都道府県コード": 37, "市区町村コード": 201, "所在地": "香川県高松市多肥下町４６０－１", "緯度": 34.298243, "経度": 134.058189, "url": "https://www.iryou.teikyouseido.mhlw.go.jp/znk-web/juminkanja/S2430/initialize?prefCd=37&kikanCd=L370500680&kikanKbn=5", "url2": "https://kuma-ph.com", "内容": "久間薬局　多肥店【5:薬局】香川県高松市多肥下町４６０－１" }, "geometry": { "type": "Point", "coordinates": [ 134.058189, 34.298243 ] } },
{ "type": "Feature", "properties": { "ID": "375L370500700", "正式名称": "トモエ薬局「栗林」", "機関区分": 5, "都道府県コード": 37, "市区町村コード": 201, "所在地": "香川県高松市栗林町二丁目２０番２号", "緯度": 34.32924, "経度": 134.050966, "url": "https://www.iryou.teikyouseido.mhlw.go.jp/znk-web/juminkanja/S2430/initialize?prefCd=37&kikanCd=L370500700&kikanKbn=5", "url2": null, "内容": "トモエ薬局「栗林」【5:薬局】香川県高松市栗林町二丁目２０番２号" }, "geometry": { "type": "Point", "coordinates": [ 134.050966, 34.32924 ] } },
{ "type": "Feature", "properties": { "ID": "375L370500720", "正式名称": "アイン薬局　三谷店", "機関区分": 5, "都道府県コード": 37, "市区町村コード": 201, "所在地": "香川県高松市三谷町９０－３", "緯度": 34.278968, "経度": 134.078189, "url": "https://www.iryou.teikyouseido.mhlw.go.jp/znk-web/juminkanja/S2430/initialize?prefCd=37&kikanCd=L370500720&kikanKbn=5", "url2": "https://www.ainj.co.jp", "内容": "アイン薬局　三谷店【5:薬局】香川県高松市三谷町９０－３" }, "geometry": { "type": "Point", "coordinates": [ 134.078189, 34.278968 ] } },
{ "type": "Feature", "properties": { "ID": "375L370500750", "正式名称": "きむら調剤薬局", "機関区分": 5, "都道府県コード": 37, "市区町村コード": 201, "所在地": "香川県高松市庵治町６２０番地２", "緯度": 34.381235, "経度": 134.128124, "url": "https://www.iryou.teikyouseido.mhlw.go.jp/znk-web/juminkanja/S2430/initialize?prefCd=37&kikanCd=L370500750&kikanKbn=5", "url2": null, "内容": "きむら調剤薬局【5:薬局】香川県高松市庵治町６２０番地２" }, "geometry": { "type": "Point", "coordinates": [ 134.128124, 34.381235 ] } },
{ "type": "Feature", "properties": { "ID": "375L370500760", "正式名称": "エース調剤薬局", "機関区分": 5, "都道府県コード": 37, "市区町村コード": 201, "所在地": "香川県高松市檀紙町１５３３－１", "緯度": 34.305769, "経度": 134.000111, "url": "https://www.iryou.teikyouseido.mhlw.go.jp/znk-web/juminkanja/S2430/initialize?prefCd=37&kikanCd=L370500760&kikanKbn=5", "url2": null, "内容": "エース調剤薬局【5:薬局】香川県高松市檀紙町１５３３－１" }, "geometry": { "type": "Point", "coordinates": [ 134.000111, 34.305769 ] } },
{ "type": "Feature", "properties": { "ID": "375L370500770", "正式名称": "アイン薬局　屋島店", "機関区分": 5, "都道府県コード": 37, "市区町村コード": 201, "所在地": "香川県高松市高松町２３１０－７", "緯度": 34.340253, "経度": 134.118193, "url": "https://www.iryou.teikyouseido.mhlw.go.jp/znk-web/juminkanja/S2430/initialize?prefCd=37&kikanCd=L370500770&kikanKbn=5", "url2": "https://www.ainj.co.jp", "内容": "アイン薬局　屋島店【5:薬局】香川県高松市高松町２３１０－７" }, "geometry": { "type": "Point", "coordinates": [ 134.118193, 34.340253 ] } },
{ "type": "Feature", "properties": { "ID": "375L370500800", "正式名称": "株式会社　三河薬品　ミカワ調剤薬局栗林店", "機関区分": 5, "都道府県コード": 37, "市区町村コード": 201, "所在地": "香川県高松市栗林町二丁目１９－２２", "緯度": 34.32949, "経度": 134.050466, "url": "https://www.iryou.teikyouseido.mhlw.go.jp/znk-web/juminkanja/S2430/initialize?prefCd=37&kikanCd=L370500800&kikanKbn=5", "url2": "http://homepage3.nifty.com/MIKAWA/", "内容": "株式会社　三河薬品　ミカワ調剤薬局栗林店【5:薬局】香川県高松市栗林町二丁目１９－２２" }, "geometry": { "type": "Point", "coordinates": [ 134.050466, 34.32949 ] } },
{ "type": "Feature", "properties": { "ID": "375L370500810", "正式名称": "松原調剤薬局", "機関区分": 5, "都道府県コード": 37, "市区町村コード": 201, "所在地": "香川県高松市香西本町９０－１", "緯度": 34.348653, "経度": 134.001858, "url": "https://www.iryou.teikyouseido.mhlw.go.jp/znk-web/juminkanja/S2430/initialize?prefCd=37&kikanCd=L370500810&kikanKbn=5", "url2": "https://www.matubara-pharmacy.jp", "内容": "松原調剤薬局【5:薬局】香川県高松市香西本町９０－１" }, "geometry": { "type": "Point", "coordinates": [ 134.001858, 34.348653 ] } },
{ "type": "Feature", "properties": { "ID": "375L370500870", "正式名称": "橋本薬局", "機関区分": 5, "都道府県コード": 37, "市区町村コード": 201, "所在地": "香川県高松市一宮町４５０－１", "緯度": 34.282411, "経度": 134.02361, "url": "https://www.iryou.teikyouseido.mhlw.go.jp/znk-web/juminkanja/S2430/initialize?prefCd=37&kikanCd=L370500870&kikanKbn=5", "url2": "http://la-fleurs.info", "内容": "橋本薬局【5:薬局】香川県高松市一宮町４５０－１" }, "geometry": { "type": "Point", "coordinates": [ 134.02361, 34.282411 ] } },
{ "type": "Feature", "properties": { "ID": "375L370500880", "正式名称": "かに調剤薬局　本店", "機関区分": 5, "都道府県コード": 37, "市区町村コード": 201, "所在地": "香川県高松市香西本町２５６－５", "緯度": 34.343682, "経度": 134.004136, "url": "https://www.iryou.teikyouseido.mhlw.go.jp/znk-web/juminkanja/S2430/initialize?prefCd=37&kikanCd=L370500880&kikanKbn=5", "url2": null, "内容": "かに調剤薬局　本店【5:薬局】香川県高松市香西本町２５６－５" }, "geometry": { "type": "Point", "coordinates": [ 134.004136, 34.343682 ] } },
{ "type": "Feature", "properties": { "ID": "375L370500910", "正式名称": "こばんや薬局", "機関区分": 5, "都道府県コード": 37, "市区町村コード": 201, "所在地": "香川県高松市香川町川東上１７２４－２", "緯度": 34.238805, "経度": 134.033444, "url": "https://www.iryou.teikyouseido.mhlw.go.jp/znk-web/juminkanja/S2430/initialize?prefCd=37&kikanCd=L370500910&kikanKbn=5", "url2": "ekiten.jp/shop_2717512/", "内容": "こばんや薬局【5:薬局】香川県高松市香川町川東上１７２４－２" }, "geometry": { "type": "Point", "coordinates": [ 134.033444, 34.238805 ] } },
{ "type": "Feature", "properties": { "ID": "375L370500960", "正式名称": "ミカワ調剤薬局　国分寺役場前店", "機関区分": 5, "都道府県コード": 37, "市区町村コード": 201, "所在地": "香川県高松市国分寺町新居１２９０－１", "緯度": 34.297242, "経度": 133.96092, "url": "https://www.iryou.teikyouseido.mhlw.go.jp/znk-web/juminkanja/S2430/initialize?prefCd=37&kikanCd=L370500960&kikanKbn=5", "url2": "http://homepage3.nifty.com/MIKAWA/", "内容": "ミカワ調剤薬局　国分寺役場前店【5:薬局】香川県高松市国分寺町新居１２９０－１" }, "geometry": { "type": "Point", "coordinates": [ 133.96092, 34.297242 ] } },
{ "type": "Feature", "properties": { "ID": "375L370500970", "正式名称": "かに調剤薬局　一宮店", "機関区分": 5, "都道府県コード": 37, "市区町村コード": 201, "所在地": "香川県高松市一宮町１４５－３", "緯度": 34.2858, "経度": 134.033192, "url": "https://www.iryou.teikyouseido.mhlw.go.jp/znk-web/juminkanja/S2430/initialize?prefCd=37&kikanCd=L370500970&kikanKbn=5", "url2": null, "内容": "かに調剤薬局　一宮店【5:薬局】香川県高松市一宮町１４５－３" }, "geometry": { "type": "Point", "coordinates": [ 134.033192, 34.2858 ] } },
{ "type": "Feature", "properties": { "ID": "375L370501020", "正式名称": "オリーブ調剤薬局仏生山店", "機関区分": 5, "都道府県コード": 37, "市区町村コード": 201, "所在地": "香川県高松市仏生山町甲８３３－５", "緯度": 34.282633, "経度": 134.044636, "url": "https://www.iryou.teikyouseido.mhlw.go.jp/znk-web/juminkanja/S2430/initialize?prefCd=37&kikanCd=L370501020&kikanKbn=5", "url2": null, "内容": "オリーブ調剤薬局仏生山店【5:薬局】香川県高松市仏生山町甲８３３－５" }, "geometry": { "type": "Point", "coordinates": [ 134.044636, 34.282633 ] } },
{ "type": "Feature", "properties": { "ID": "375L370501060", "正式名称": "えむ調剤薬局", "機関区分": 5, "都道府県コード": 37, "市区町村コード": 201, "所在地": "香川県高松市国分寺町新居１３５９－４", "緯度": 34.298186, "経度": 133.962808, "url": "https://www.iryou.teikyouseido.mhlw.go.jp/znk-web/juminkanja/S2430/initialize?prefCd=37&kikanCd=L370501060&kikanKbn=5", "url2": "https://www.momomtyouzai.com/", "内容": "えむ調剤薬局【5:薬局】香川県高松市国分寺町新居１３５９－４" }, "geometry": { "type": "Point", "coordinates": [ 133.962808, 34.298186 ] } },
{ "type": "Feature", "properties": { "ID": "375L370501110", "正式名称": "さくら調剤薬局　寺井店", "機関区分": 5, "都道府県コード": 37, "市区町村コード": 201, "所在地": "香川県高松市寺井町９２５－７", "緯度": 34.272356, "経度": 134.026277, "url": "https://www.iryou.teikyouseido.mhlw.go.jp/znk-web/juminkanja/S2430/initialize?prefCd=37&kikanCd=L370501110&kikanKbn=5", "url2": "https://cassis89314.wixsite.com/sakura/", "内容": "さくら調剤薬局　寺井店【5:薬局】香川県高松市寺井町９２５－７" }, "geometry": { "type": "Point", "coordinates": [ 134.026277, 34.272356 ] } },
{ "type": "Feature", "properties": { "ID": "375L370501120", "正式名称": "まなべ調剤薬局", "機関区分": 5, "都道府県コード": 37, "市区町村コード": 201, "所在地": "香川県高松市川島東町５１８－６", "緯度": 34.276191, "経度": 134.099548, "url": "https://www.iryou.teikyouseido.mhlw.go.jp/znk-web/juminkanja/S2430/initialize?prefCd=37&kikanCd=L370501120&kikanKbn=5", "url2": null, "内容": "まなべ調剤薬局【5:薬局】香川県高松市川島東町５１８－６" }, "geometry": { "type": "Point", "coordinates": [ 134.099548, 34.276191 ] } },
{ "type": "Feature", "properties": { "ID": "375L370501140", "正式名称": "フロンティア薬局　木太町店", "機関区分": 5, "都道府県コード": 37, "市区町村コード": 201, "所在地": "香川県高松市木太町３８３３番地１", "緯度": 34.321324, "経度": 134.080159, "url": "https://www.iryou.teikyouseido.mhlw.go.jp/znk-web/juminkanja/S2430/initialize?prefCd=37&kikanCd=L370501140&kikanKbn=5", "url2": "http://www.frontier-ph.com/", "内容": "フロンティア薬局　木太町店【5:薬局】香川県高松市木太町３８３３番地１" }, "geometry": { "type": "Point", "coordinates": [ 134.080159, 34.321324 ] } },
{ "type": "Feature", "properties": { "ID": "375L370501150", "正式名称": "フロンティア薬局　番町店", "機関区分": 5, "都道府県コード": 37, "市区町村コード": 201, "所在地": "香川県高松市番町二丁目５番８号", "緯度": 34.343071, "経度": 134.043522, "url": "https://www.iryou.teikyouseido.mhlw.go.jp/znk-web/juminkanja/S2430/initialize?prefCd=37&kikanCd=L370501150&kikanKbn=5", "url2": "http://www.frontier-ph.com/", "内容": "フロンティア薬局　番町店【5:薬局】香川県高松市番町二丁目５番８号" }, "geometry": { "type": "Point", "coordinates": [ 134.043522, 34.343071 ] } },
{ "type": "Feature", "properties": { "ID": "375L370501160", "正式名称": "虹調剤薬局　レインボー通り店", "機関区分": 5, "都道府県コード": 37, "市区町村コード": 201, "所在地": "香川県高松市多肥下町１５４９－１３", "緯度": 34.301354, "経度": 134.0598, "url": "https://www.iryou.teikyouseido.mhlw.go.jp/znk-web/juminkanja/S2430/initialize?prefCd=37&kikanCd=L370501160&kikanKbn=5", "url2": null, "内容": "虹調剤薬局　レインボー通り店【5:薬局】香川県高松市多肥下町１５４９－１３" }, "geometry": { "type": "Point", "coordinates": [ 134.0598, 34.301354 ] } },
{ "type": "Feature", "properties": { "ID": "375L370501190", "正式名称": "アイン薬局川島店", "機関区分": 5, "都道府県コード": 37, "市区町村コード": 201, "所在地": "香川県高松市川島本町２７６－４", "緯度": 34.279551, "経度": 134.086244, "url": "https://www.iryou.teikyouseido.mhlw.go.jp/znk-web/juminkanja/S2430/initialize?prefCd=37&kikanCd=L370501190&kikanKbn=5", "url2": "https://www.ainj.co.jp", "内容": "アイン薬局川島店【5:薬局】香川県高松市川島本町２７６－４" }, "geometry": { "type": "Point", "coordinates": [ 134.086244, 34.279551 ] } },
{ "type": "Feature", "properties": { "ID": "375L370501240", "正式名称": "株式会社三河薬品　ミカワ調剤薬局国分寺新居旧国道店", "機関区分": 5, "都道府県コード": 37, "市区町村コード": 201, "所在地": "香川県高松市国分寺町新居３３９９－２", "緯度": 34.308296, "経度": 133.974335, "url": "https://www.iryou.teikyouseido.mhlw.go.jp/znk-web/juminkanja/S2430/initialize?prefCd=37&kikanCd=L370501240&kikanKbn=5", "url2": null, "内容": "株式会社三河薬品　ミカワ調剤薬局国分寺新居旧国道店【5:薬局】香川県高松市国分寺町新居３３９９－２" }, "geometry": { "type": "Point", "coordinates": [ 133.974335, 34.308296 ] } },
{ "type": "Feature", "properties": { "ID": "375L370501250", "正式名称": "株式会社　三河薬品　ミカワ調剤薬局　空港通り三名店", "機関区分": 5, "都道府県コード": 37, "市区町村コード": 201, "所在地": "香川県高松市三名町西川３８１－５", "緯度": 34.291549, "経度": 134.032859, "url": "https://www.iryou.teikyouseido.mhlw.go.jp/znk-web/juminkanja/S2430/initialize?prefCd=37&kikanCd=L370501250&kikanKbn=5", "url2": "http://homepage3.nifty.com/MIKAWA/", "内容": "株式会社　三河薬品　ミカワ調剤薬局　空港通り三名店【5:薬局】香川県高松市三名町西川３８１－５" }, "geometry": { "type": "Point", "coordinates": [ 134.032859, 34.291549 ] } },
{ "type": "Feature", "properties": { "ID": "375L370501270", "正式名称": "薬局グローバ", "機関区分": 5, "都道府県コード": 37, "市区町村コード": 201, "所在地": "香川県高松市香川町川東下９３５番地１", "緯度": 34.246581, "経度": 134.0275, "url": "https://www.iryou.teikyouseido.mhlw.go.jp/znk-web/juminkanja/S2430/initialize?prefCd=37&kikanCd=L370501270&kikanKbn=5", "url2": "http://www.eco-globa.com", "内容": "薬局グローバ【5:薬局】香川県高松市香川町川東下９３５番地１" }, "geometry": { "type": "Point", "coordinates": [ 134.0275, 34.246581 ] } },
{ "type": "Feature", "properties": { "ID": "375L370501280", "正式名称": "虹調剤薬局　寺井店", "機関区分": 5, "都道府県コード": 37, "市区町村コード": 201, "所在地": "香川県高松市寺井町１３８５－２６", "緯度": 34.282161, "経度": 134.023054, "url": "https://www.iryou.teikyouseido.mhlw.go.jp/znk-web/juminkanja/S2430/initialize?prefCd=37&kikanCd=L370501280&kikanKbn=5", "url2": null, "内容": "虹調剤薬局　寺井店【5:薬局】香川県高松市寺井町１３８５－２６" }, "geometry": { "type": "Point", "coordinates": [ 134.023054, 34.282161 ] } },
{ "type": "Feature", "properties": { "ID": "375L370501290", "正式名称": "めぐみの薬局", "機関区分": 5, "都道府県コード": 37, "市区町村コード": 201, "所在地": "香川県高松市出作町２０５番地１", "緯度": 34.28405, "経度": 134.050691, "url": "https://www.iryou.teikyouseido.mhlw.go.jp/znk-web/juminkanja/S2430/initialize?prefCd=37&kikanCd=L370501290&kikanKbn=5", "url2": "https://yuukicreate2.stars.ne.jp/", "内容": "めぐみの薬局【5:薬局】香川県高松市出作町２０５番地１" }, "geometry": { "type": "Point", "coordinates": [ 134.050691, 34.28405 ] } },
{ "type": "Feature", "properties": { "ID": "375L370501310", "正式名称": "そうごう薬局番町店", "機関区分": 5, "都道府県コード": 37, "市区町村コード": 201, "所在地": "香川県高松市番町二丁目６番２６号", "緯度": 34.343905, "経度": 134.043133, "url": "https://www.iryou.teikyouseido.mhlw.go.jp/znk-web/juminkanja/S2430/initialize?prefCd=37&kikanCd=L370501310&kikanKbn=5", "url2": null, "内容": "そうごう薬局番町店【5:薬局】香川県高松市番町二丁目６番２６号" }, "geometry": { "type": "Point", "coordinates": [ 134.043133, 34.343905 ] } },
{ "type": "Feature", "properties": { "ID": "375L370501330", "正式名称": "本町通り調剤薬局", "機関区分": 5, "都道府県コード": 37, "市区町村コード": 201, "所在地": "香川県高松市香西本町１１５番地４", "緯度": 34.348903, "経度": 134.001442, "url": "https://www.iryou.teikyouseido.mhlw.go.jp/znk-web/juminkanja/S2430/initialize?prefCd=37&kikanCd=L370501330&kikanKbn=5", "url2": null, "内容": "本町通り調剤薬局【5:薬局】香川県高松市香西本町１１５番地４" }, "geometry": { "type": "Point", "coordinates": [ 134.001442, 34.348903 ] } },
{ "type": "Feature", "properties": { "ID": "375L370501340", "正式名称": "有限会社すみれ漢方施薬院薬局", "機関区分": 5, "都道府県コード": 37, "市区町村コード": 201, "所在地": "香川県高松市番町一丁目９番４号", "緯度": 34.343071, "経度": 134.045411, "url": "https://www.iryou.teikyouseido.mhlw.go.jp/znk-web/juminkanja/S2430/initialize?prefCd=37&kikanCd=L370501340&kikanKbn=5", "url2": "http://sumirekanpou.com/", "内容": "有限会社すみれ漢方施薬院薬局【5:薬局】香川県高松市番町一丁目９番４号" }, "geometry": { "type": "Point", "coordinates": [ 134.045411, 34.343071 ] } },
{ "type": "Feature", "properties": { "ID": "375L370501360", "正式名称": "ダイヤ薬局花園店", "機関区分": 5, "都道府県コード": 37, "市区町村コード": 201, "所在地": "香川県高松市多賀町二丁目９－４０", "緯度": 34.336415, "経度": 134.059038, "url": "https://www.iryou.teikyouseido.mhlw.go.jp/znk-web/juminkanja/S2430/initialize?prefCd=37&kikanCd=L370501360&kikanKbn=5", "url2": "http//www.jmedical.co.jp", "内容": "ダイヤ薬局花園店【5:薬局】香川県高松市多賀町二丁目９－４０" }, "geometry": { "type": "Point", "coordinates": [ 134.059038, 34.336415 ] } },
{ "type": "Feature", "properties": { "ID": "375L370501390", "正式名称": "レデイ太田調剤薬局", "機関区分": 5, "都道府県コード": 37, "市区町村コード": 201, "所在地": "香川県高松市太田下町３００７番地３", "緯度": 34.305464, "経度": 134.051912, "url": "https://www.iryou.teikyouseido.mhlw.go.jp/znk-web/juminkanja/S2430/initialize?prefCd=37&kikanCd=L370501390&kikanKbn=5", "url2": "http://www.lady-drug.co.jp", "内容": "レデイ太田調剤薬局【5:薬局】香川県高松市太田下町３００７番地３" }, "geometry": { "type": "Point", "coordinates": [ 134.051912, 34.305464 ] } },
{ "type": "Feature", "properties": { "ID": "375L370501410", "正式名称": "かもめ調剤薬局", "機関区分": 5, "都道府県コード": 37, "市区町村コード": 201, "所在地": "香川県高松市東山崎町１６５番地１３", "緯度": 34.306632, "経度": 134.090686, "url": "https://www.iryou.teikyouseido.mhlw.go.jp/znk-web/juminkanja/S2430/initialize?prefCd=37&kikanCd=L370501410&kikanKbn=5", "url2": "http://seagull-pharmacy.com", "内容": "かもめ調剤薬局【5:薬局】香川県高松市東山崎町１６５番地１３" }, "geometry": { "type": "Point", "coordinates": [ 134.090686, 34.306632 ] } },
{ "type": "Feature", "properties": { "ID": "375L370501420", "正式名称": "まりも調剤薬局", "機関区分": 5, "都道府県コード": 37, "市区町村コード": 201, "所在地": "香川県高松市東山崎町９０番地７", "緯度": 34.304215, "経度": 134.090659, "url": "https://www.iryou.teikyouseido.mhlw.go.jp/znk-web/juminkanja/S2430/initialize?prefCd=37&kikanCd=L370501420&kikanKbn=5", "url2": null, "内容": "まりも調剤薬局【5:薬局】香川県高松市東山崎町９０番地７" }, "geometry": { "type": "Point", "coordinates": [ 134.090659, 34.304215 ] } },
{ "type": "Feature", "properties": { "ID": "375L370501450", "正式名称": "コスモ調剤薬局　レインボーロード店", "機関区分": 5, "都道府県コード": 37, "市区町村コード": 201, "所在地": "香川県高松市多肥上町字日暮１３４２－９", "緯度": 34.294993, "経度": 134.058995, "url": "https://www.iryou.teikyouseido.mhlw.go.jp/znk-web/juminkanja/S2430/initialize?prefCd=37&kikanCd=L370501450&kikanKbn=5", "url2": "cosumo-chouzai.jp", "内容": "コスモ調剤薬局　レインボーロード店【5:薬局】香川県高松市多肥上町字日暮１３４２－９" }, "geometry": { "type": "Point", "coordinates": [ 134.058995, 34.294993 ] } },
{ "type": "Feature", "properties": { "ID": "375L370501480", "正式名称": "ＮＭＳ高松調剤薬局屋島側２号館", "機関区分": 5, "都道府県コード": 37, "市区町村コード": 201, "所在地": "香川県高松市朝日町２－４８３－３２２", "緯度": 34.348849, "経度": 134.063909, "url": "https://www.iryou.teikyouseido.mhlw.go.jp/znk-web/juminkanja/S2430/initialize?prefCd=37&kikanCd=L370501480&kikanKbn=5", "url2": "http://www.jmsys.co.jp", "内容": "ＮＭＳ高松調剤薬局屋島側２号館【5:薬局】香川県高松市朝日町２－４８３－３２２" }, "geometry": { "type": "Point", "coordinates": [ 134.063909, 34.348849 ] } },
{ "type": "Feature", "properties": { "ID": "375L370501510", "正式名称": "そうごう薬局　高松メディカルモール店", "機関区分": 5, "都道府県コード": 37, "市区町村コード": 201, "所在地": "香川県高松市天神前５番６号　高松メディカルモール１階", "緯度": 34.34035, "経度": 134.044994, "url": "https://www.iryou.teikyouseido.mhlw.go.jp/znk-web/juminkanja/S2430/initialize?prefCd=37&kikanCd=L370501510&kikanKbn=5", "url2": "http://www.sogo-medical.co.jp/", "内容": "そうごう薬局　高松メディカルモール店【5:薬局】香川県高松市天神前５番６号　高松メディカルモール１階" }, "geometry": { "type": "Point", "coordinates": [ 134.044994, 34.34035 ] } },
{ "type": "Feature", "properties": { "ID": "375L370501520", "正式名称": "あすなろ調剤薬局", "機関区分": 5, "都道府県コード": 37, "市区町村コード": 201, "所在地": "香川県高松市西ハゼ町３５番地", "緯度": 34.320268, "経度": 134.038329, "url": "https://www.iryou.teikyouseido.mhlw.go.jp/znk-web/juminkanja/S2430/initialize?prefCd=37&kikanCd=L370501520&kikanKbn=5", "url2": "https://asunaro.jp", "内容": "あすなろ調剤薬局【5:薬局】香川県高松市西ハゼ町３５番地" }, "geometry": { "type": "Point", "coordinates": [ 134.038329, 34.320268 ] } },
{ "type": "Feature", "properties": { "ID": "375L370501550", "正式名称": "アイン薬局　高松西店", "機関区分": 5, "都道府県コード": 37, "市区町村コード": 201, "所在地": "香川県高松市鬼無町藤井４４７番１", "緯度": 34.332516, "経度": 134.001304, "url": "https://www.iryou.teikyouseido.mhlw.go.jp/znk-web/juminkanja/S2430/initialize?prefCd=37&kikanCd=L370501550&kikanKbn=5", "url2": "https://www.ainj.co.jp", "内容": "アイン薬局　高松西店【5:薬局】香川県高松市鬼無町藤井４４７番１" }, "geometry": { "type": "Point", "coordinates": [ 134.001304, 34.332516 ] } },
{ "type": "Feature", "properties": { "ID": "375L370501570", "正式名称": "ひな薬局", "機関区分": 5, "都道府県コード": 37, "市区町村コード": 201, "所在地": "香川県高松市新田町甲１７５６番地３", "緯度": 34.318909, "経度": 134.110129, "url": "https://www.iryou.teikyouseido.mhlw.go.jp/znk-web/juminkanja/S2430/initialize?prefCd=37&kikanCd=L370501570&kikanKbn=5", "url2": null, "内容": "ひな薬局【5:薬局】香川県高松市新田町甲１７５６番地３" }, "geometry": { "type": "Point", "coordinates": [ 134.110129, 34.318909 ] } },
{ "type": "Feature", "properties": { "ID": "375L370501620", "正式名称": "あんず調剤薬局", "機関区分": 5, "都道府県コード": 37, "市区町村コード": 201, "所在地": "香川県高松市太田下町１８７２－５", "緯度": 34.305909, "経度": 134.043051, "url": "https://www.iryou.teikyouseido.mhlw.go.jp/znk-web/juminkanja/S2430/initialize?prefCd=37&kikanCd=L370501620&kikanKbn=5", "url2": "http://anzu-chouzai.com/", "内容": "あんず調剤薬局【5:薬局】香川県高松市太田下町１８７２－５" }, "geometry": { "type": "Point", "coordinates": [ 134.043051, 34.305909 ] } },
{ "type": "Feature", "properties": { "ID": "375L370501640", "正式名称": "スター薬局　木太店", "機関区分": 5, "都道府県コード": 37, "市区町村コード": 201, "所在地": "香川県高松市木太町５５１番地１０", "緯度": 34.312353, "経度": 134.073243, "url": "https://www.iryou.teikyouseido.mhlw.go.jp/znk-web/juminkanja/S2430/initialize?prefCd=37&kikanCd=L370501640&kikanKbn=5", "url2": "http://www.starpharmacy.jp/", "内容": "スター薬局　木太店【5:薬局】香川県高松市木太町５５１番地１０" }, "geometry": { "type": "Point", "coordinates": [ 134.073243, 34.312353 ] } },
{ "type": "Feature", "properties": { "ID": "375L370501670", "正式名称": "ツヤマ薬局　医大前店", "機関区分": 5, "都道府県コード": 37, "市区町村コード": 201, "所在地": "香川県高松市前田東町５６３－１４", "緯度": 34.291523, "経度": 134.121712, "url": "https://www.iryou.teikyouseido.mhlw.go.jp/znk-web/juminkanja/S2430/initialize?prefCd=37&kikanCd=L370501670&kikanKbn=5", "url2": null, "内容": "ツヤマ薬局　医大前店【5:薬局】香川県高松市前田東町５６３－１４" }, "geometry": { "type": "Point", "coordinates": [ 134.121712, 34.291523 ] } },
{ "type": "Feature", "properties": { "ID": "375L370501700", "正式名称": "アップル薬局", "機関区分": 5, "都道府県コード": 37, "市区町村コード": 201, "所在地": "香川県高松市牟礼町原１１９０－１１", "緯度": 34.329353, "経度": 134.150041, "url": "https://www.iryou.teikyouseido.mhlw.go.jp/znk-web/juminkanja/S2430/initialize?prefCd=37&kikanCd=L370501700&kikanKbn=5", "url2": null, "内容": "アップル薬局【5:薬局】香川県高松市牟礼町原１１９０－１１" }, "geometry": { "type": "Point", "coordinates": [ 134.150041, 34.329353 ] } },
{ "type": "Feature", "properties": { "ID": "375L370501710", "正式名称": "有限会社　辻上薬局高松店", "機関区分": 5, "都道府県コード": 37, "市区町村コード": 201, "所在地": "香川県高松市中央町１－２６　藤沢ビル１階", "緯度": 34.337155, "経度": 134.046522, "url": "https://www.iryou.teikyouseido.mhlw.go.jp/znk-web/juminkanja/S2430/initialize?prefCd=37&kikanCd=L370501710&kikanKbn=5", "url2": "http.//www.topco-group.jp", "内容": "有限会社　辻上薬局高松店【5:薬局】香川県高松市中央町１－２６　藤沢ビル１階" }, "geometry": { "type": "Point", "coordinates": [ 134.046522, 34.337155 ] } },
{ "type": "Feature", "properties": { "ID": "375L370501720", "正式名称": "株式会社　三河薬品　ミカワ調剤薬局　田村町たまも園前店", "機関区分": 5, "都道府県コード": 37, "市区町村コード": 201, "所在地": "香川県高松市田村町８８３－６", "緯度": 34.307381, "経度": 134.029997, "url": "https://www.iryou.teikyouseido.mhlw.go.jp/znk-web/juminkanja/S2430/initialize?prefCd=37&kikanCd=L370501720&kikanKbn=5", "url2": "http://homepage3.nifty.com/MIKAWA/", "内容": "株式会社　三河薬品　ミカワ調剤薬局　田村町たまも園前店【5:薬局】香川県高松市田村町８８３－６" }, "geometry": { "type": "Point", "coordinates": [ 134.029997, 34.307381 ] } },
{ "type": "Feature", "properties": { "ID": "375L370501730", "正式名称": "さくら薬局　高松郷東店", "機関区分": 5, "都道府県コード": 37, "市区町村コード": 201, "所在地": "香川県高松市郷東町１３４－１　西高松メディカルビル・イーア１階", "緯度": 34.34471, "経度": 134.016191, "url": "https://www.iryou.teikyouseido.mhlw.go.jp/znk-web/juminkanja/S2430/initialize?prefCd=37&kikanCd=L370501730&kikanKbn=5", "url2": "http://www.kraft-net.co.jp/", "内容": "さくら薬局　高松郷東店【5:薬局】香川県高松市郷東町１３４－１　西高松メディカルビル・イーア１階" }, "geometry": { "type": "Point", "coordinates": [ 134.016191, 34.34471 ] } },
{ "type": "Feature", "properties": { "ID": "375L370501740", "正式名称": "スター薬局　レインボー店", "機関区分": 5, "都道府県コード": 37, "市区町村コード": 201, "所在地": "香川県高松市多肥下町１５５６－１３", "緯度": 34.30202, "経度": 134.056634, "url": "https://www.iryou.teikyouseido.mhlw.go.jp/znk-web/juminkanja/S2430/initialize?prefCd=37&kikanCd=L370501740&kikanKbn=5", "url2": "http://www.starpharmacy.jp/", "内容": "スター薬局　レインボー店【5:薬局】香川県高松市多肥下町１５５６－１３" }, "geometry": { "type": "Point", "coordinates": [ 134.056634, 34.30202 ] } },
{ "type": "Feature", "properties": { "ID": "375L370501750", "正式名称": "ラポー薬局", "機関区分": 5, "都道府県コード": 37, "市区町村コード": 201, "所在地": "香川県高松市太田上町４２０－１", "緯度": 34.29741, "経度": 134.040274, "url": "https://www.iryou.teikyouseido.mhlw.go.jp/znk-web/juminkanja/S2430/initialize?prefCd=37&kikanCd=L370501750&kikanKbn=5", "url2": "https.//www.topco-group.jp", "内容": "ラポー薬局【5:薬局】香川県高松市太田上町４２０－１" }, "geometry": { "type": "Point", "coordinates": [ 134.040274, 34.29741 ] } },
{ "type": "Feature", "properties": { "ID": "375L370501760", "正式名称": "ひな薬局　十川店", "機関区分": 5, "都道府県コード": 37, "市区町村コード": 201, "所在地": "香川県高松市十川西町字西下３６７番地７", "緯度": 34.275635, "経度": 134.103659, "url": "https://www.iryou.teikyouseido.mhlw.go.jp/znk-web/juminkanja/S2430/initialize?prefCd=37&kikanCd=L370501760&kikanKbn=5", "url2": null, "内容": "ひな薬局　十川店【5:薬局】香川県高松市十川西町字西下３６７番地７" }, "geometry": { "type": "Point", "coordinates": [ 134.103659, 34.275635 ] } },
{ "type": "Feature", "properties": { "ID": "375L370501800", "正式名称": "いきいき薬局", "機関区分": 5, "都道府県コード": 37, "市区町村コード": 201, "所在地": "香川県高松市鶴市町２０４７番地８", "緯度": 34.337381, "経度": 134.010189, "url": "https://www.iryou.teikyouseido.mhlw.go.jp/znk-web/juminkanja/S2430/initialize?prefCd=37&kikanCd=L370501800&kikanKbn=5", "url2": "https://ishokuroman.com/", "内容": "いきいき薬局【5:薬局】香川県高松市鶴市町２０４７番地８" }, "geometry": { "type": "Point", "coordinates": [ 134.010189, 34.337381 ] } },
{ "type": "Feature", "properties": { "ID": "375L370501830", "正式名称": "はる調剤薬局", "機関区分": 5, "都道府県コード": 37, "市区町村コード": 201, "所在地": "香川県高松市円座町１５７５－１", "緯度": 34.286799, "経度": 134.005722, "url": "https://www.iryou.teikyouseido.mhlw.go.jp/znk-web/juminkanja/S2430/initialize?prefCd=37&kikanCd=L370501830&kikanKbn=5", "url2": null, "内容": "はる調剤薬局【5:薬局】香川県高松市円座町１５７５－１" }, "geometry": { "type": "Point", "coordinates": [ 134.005722, 34.286799 ] } },
{ "type": "Feature", "properties": { "ID": "375L370501840", "正式名称": "菊池寛通り調剤薬局", "機関区分": 5, "都道府県コード": 37, "市区町村コード": 201, "所在地": "香川県高松市亀井町８番地２", "緯度": 34.339822, "経度": 134.048577, "url": "https://www.iryou.teikyouseido.mhlw.go.jp/znk-web/juminkanja/S2430/initialize?prefCd=37&kikanCd=L370501840&kikanKbn=5", "url2": null, "内容": "菊池寛通り調剤薬局【5:薬局】香川県高松市亀井町８番地２" }, "geometry": { "type": "Point", "coordinates": [ 134.048577, 34.339822 ] } },
{ "type": "Feature", "properties": { "ID": "375L370501850", "正式名称": "イオン薬局高松店", "機関区分": 5, "都道府県コード": 37, "市区町村コード": 201, "所在地": "香川県高松市香西本町１番１", "緯度": 34.35207, "経度": 134.004775, "url": "https://www.iryou.teikyouseido.mhlw.go.jp/znk-web/juminkanja/S2430/initialize?prefCd=37&kikanCd=L370501850&kikanKbn=5", "url2": null, "内容": "イオン薬局高松店【5:薬局】香川県高松市香西本町１番１" }, "geometry": { "type": "Point", "coordinates": [ 134.004775, 34.35207 ] } },
{ "type": "Feature", "properties": { "ID": "375L370501870", "正式名称": "のの　薬局", "機関区分": 5, "都道府県コード": 37, "市区町村コード": 201, "所在地": "香川県高松市茜町３－１２　香西ビル１Ｆ", "緯度": 34.349348, "経度": 134.026551, "url": "https://www.iryou.teikyouseido.mhlw.go.jp/znk-web/juminkanja/S2430/initialize?prefCd=37&kikanCd=L370501870&kikanKbn=5", "url2": "https://www.nono-pharmacy.jp/", "内容": "のの　薬局【5:薬局】香川県高松市茜町３－１２　香西ビル１Ｆ" }, "geometry": { "type": "Point", "coordinates": [ 134.026551, 34.349348 ] } },
{ "type": "Feature", "properties": { "ID": "375L370501880", "正式名称": "株式会社三河薬品　ミカワ調剤薬局扇町１丁目店", "機関区分": 5, "都道府県コード": 37, "市区町村コード": 201, "所在地": "香川県高松市扇町一丁目２８番２６号", "緯度": 34.345821, "経度": 134.034828, "url": "https://www.iryou.teikyouseido.mhlw.go.jp/znk-web/juminkanja/S2430/initialize?prefCd=37&kikanCd=L370501880&kikanKbn=5", "url2": "http://homepage3.nifty.com/MIKAWA/", "内容": "株式会社三河薬品　ミカワ調剤薬局扇町１丁目店【5:薬局】香川県高松市扇町一丁目２８番２６号" }, "geometry": { "type": "Point", "coordinates": [ 134.034828, 34.345821 ] } },
{ "type": "Feature", "properties": { "ID": "375L370501890", "正式名称": "せぴあ調剤薬局", "機関区分": 5, "都道府県コード": 37, "市区町村コード": 201, "所在地": "香川県高松市花ノ宮町１丁目５－３２", "緯度": 34.326879, "経度": 134.04955, "url": "https://www.iryou.teikyouseido.mhlw.go.jp/znk-web/juminkanja/S2430/initialize?prefCd=37&kikanCd=L370501890&kikanKbn=5", "url2": null, "内容": "せぴあ調剤薬局【5:薬局】香川県高松市花ノ宮町１丁目５－３２" }, "geometry": { "type": "Point", "coordinates": [ 134.04955, 34.326879 ] } },
{ "type": "Feature", "properties": { "ID": "375L370501930", "正式名称": "有限会社正木薬局　古高松南店", "機関区分": 5, "都道府県コード": 37, "市区町村コード": 201, "所在地": "香川県高松市新田町甲２６３４－３", "緯度": 34.326574, "経度": 134.099101, "url": "https://www.iryou.teikyouseido.mhlw.go.jp/znk-web/juminkanja/S2430/initialize?prefCd=37&kikanCd=L370501930&kikanKbn=5", "url2": "http://www.masakiph.jp", "内容": "有限会社正木薬局　古高松南店【5:薬局】香川県高松市新田町甲２６３４－３" }, "geometry": { "type": "Point", "coordinates": [ 134.099101, 34.326574 ] } },
{ "type": "Feature", "properties": { "ID": "375L370501950", "正式名称": "ひな薬局　春日店", "機関区分": 5, "都道府県コード": 37, "市区町村コード": 201, "所在地": "香川県高松市春日町４４２－６", "緯度": 34.322519, "経度": 134.090686, "url": "https://www.iryou.teikyouseido.mhlw.go.jp/znk-web/juminkanja/S2430/initialize?prefCd=37&kikanCd=L370501950&kikanKbn=5", "url2": null, "内容": "ひな薬局　春日店【5:薬局】香川県高松市春日町４４２－６" }, "geometry": { "type": "Point", "coordinates": [ 134.090686, 34.322519 ] } },
{ "type": "Feature", "properties": { "ID": "375L370501960", "正式名称": "株式会社三河薬品ミカワ調剤薬局北バイパス屋島店", "機関区分": 5, "都道府県コード": 37, "市区町村コード": 201, "所在地": "香川県高松市高松町３００６－２３", "緯度": 34.340128, "経度": 134.110794, "url": "https://www.iryou.teikyouseido.mhlw.go.jp/znk-web/juminkanja/S2430/initialize?prefCd=37&kikanCd=L370501960&kikanKbn=5", "url2": "http://homepage3.nifty.com/MIKAWA/", "内容": "株式会社三河薬品ミカワ調剤薬局北バイパス屋島店【5:薬局】香川県高松市高松町３００６－２３" }, "geometry": { "type": "Point", "coordinates": [ 134.110794, 34.340128 ] } },
{ "type": "Feature", "properties": { "ID": "375L370501970", "正式名称": "きむら調剤薬局　牟礼店", "機関区分": 5, "都道府県コード": 37, "市区町村コード": 201, "所在地": "香川県高松市牟礼町牟礼２０９９－２", "緯度": 34.343545, "経度": 134.126904, "url": "https://www.iryou.teikyouseido.mhlw.go.jp/znk-web/juminkanja/S2430/initialize?prefCd=37&kikanCd=L370501970&kikanKbn=5", "url2": null, "内容": "きむら調剤薬局　牟礼店【5:薬局】香川県高松市牟礼町牟礼２０９９－２" }, "geometry": { "type": "Point", "coordinates": [ 134.126904, 34.343545 ] } },
{ "type": "Feature", "properties": { "ID": "375L370502010", "正式名称": "ひな薬局　林店", "機関区分": 5, "都道府県コード": 37, "市区町村コード": 201, "所在地": "香川県高松市林町１５０１番地２　なかよしマンション林１０１号", "緯度": 34.30266, "経度": 134.072938, "url": "https://www.iryou.teikyouseido.mhlw.go.jp/znk-web/juminkanja/S2430/initialize?prefCd=37&kikanCd=L370502010&kikanKbn=5", "url2": null, "内容": "ひな薬局　林店【5:薬局】香川県高松市林町１５０１番地２　なかよしマンション林１０１号" }, "geometry": { "type": "Point", "coordinates": [ 134.072938, 34.30266 ] } },
{ "type": "Feature", "properties": { "ID": "375L370502030", "正式名称": "ふじ調剤薬局", "機関区分": 5, "都道府県コード": 37, "市区町村コード": 201, "所在地": "香川県高松市飯田町５３０－７", "緯度": 34.320851, "経度": 133.99811, "url": "https://www.iryou.teikyouseido.mhlw.go.jp/znk-web/juminkanja/S2430/initialize?prefCd=37&kikanCd=L370502030&kikanKbn=5", "url2": null, "内容": "ふじ調剤薬局【5:薬局】香川県高松市飯田町５３０－７" }, "geometry": { "type": "Point", "coordinates": [ 133.99811, 34.320851 ] } },
{ "type": "Feature", "properties": { "ID": "375L370502040", "正式名称": "株式会社　三河薬品　ミカワ調剤薬局　レインボー東店", "機関区分": 5, "都道府県コード": 37, "市区町村コード": 201, "所在地": "香川県高松市伏石町２１５０－５", "緯度": 34.307492, "経度": 134.061994, "url": "https://www.iryou.teikyouseido.mhlw.go.jp/znk-web/juminkanja/S2430/initialize?prefCd=37&kikanCd=L370502040&kikanKbn=5", "url2": "http://homepage3.nifty.com/MIKAWA/", "内容": "株式会社　三河薬品　ミカワ調剤薬局　レインボー東店【5:薬局】香川県高松市伏石町２１５０－５" }, "geometry": { "type": "Point", "coordinates": [ 134.061994, 34.307492 ] } },
{ "type": "Feature", "properties": { "ID": "375L370502060", "正式名称": "株式会社三河薬品　ミカワ調剤薬局　栗林塩江街道店", "機関区分": 5, "都道府県コード": 37, "市区町村コード": 201, "所在地": "香川県高松市栗林町１丁目１４番５号　吉田ビル１Ｆ", "緯度": 34.327851, "経度": 134.046356, "url": "https://www.iryou.teikyouseido.mhlw.go.jp/znk-web/juminkanja/S2430/initialize?prefCd=37&kikanCd=L370502060&kikanKbn=5", "url2": "http://homepage3nifty.com/MIKAWA", "内容": "株式会社三河薬品　ミカワ調剤薬局　栗林塩江街道店【5:薬局】香川県高松市栗林町１丁目１４番５号　吉田ビル１Ｆ" }, "geometry": { "type": "Point", "coordinates": [ 134.046356, 34.327851 ] } },
{ "type": "Feature", "properties": { "ID": "375L370502070", "正式名称": "ゆめ調剤薬局　成合店", "機関区分": 5, "都道府県コード": 37, "市区町村コード": 201, "所在地": "香川県高松市成合町字西下所７２４番地", "緯度": 34.30402, "経度": 134.015387, "url": "https://www.iryou.teikyouseido.mhlw.go.jp/znk-web/juminkanja/S2430/initialize?prefCd=37&kikanCd=L370502070&kikanKbn=5", "url2": null, "内容": "ゆめ調剤薬局　成合店【5:薬局】香川県高松市成合町字西下所７２４番地" }, "geometry": { "type": "Point", "coordinates": [ 134.015387, 34.30402 ] } },
{ "type": "Feature", "properties": { "ID": "375L370502110", "正式名称": "株式会社三河薬品ミカワ調剤薬局　仏生山店", "機関区分": 5, "都道府県コード": 37, "市区町村コード": 201, "所在地": "香川県高松市仏生山町甲６９１番地３", "緯度": 34.280578, "経度": 134.045469, "url": "https://www.iryou.teikyouseido.mhlw.go.jp/znk-web/juminkanja/S2430/initialize?prefCd=37&kikanCd=L370502110&kikanKbn=5", "url2": "http://homepage3.nifty.com/MIKAWA/", "内容": "株式会社三河薬品ミカワ調剤薬局　仏生山店【5:薬局】香川県高松市仏生山町甲６９１番地３" }, "geometry": { "type": "Point", "coordinates": [ 134.045469, 34.280578 ] } },
{ "type": "Feature", "properties": { "ID": "375L370502130", "正式名称": "レデイ薬局　木太店", "機関区分": 5, "都道府県コード": 37, "市区町村コード": 201, "所在地": "香川県高松市木太町５０３４番地１", "緯度": 34.31613, "経度": 134.06841, "url": "https://www.iryou.teikyouseido.mhlw.go.jp/znk-web/juminkanja/S2430/initialize?prefCd=37&kikanCd=L370502130&kikanKbn=5", "url2": "http://www.lady-drug.co.jp", "内容": "レデイ薬局　木太店【5:薬局】香川県高松市木太町５０３４番地１" }, "geometry": { "type": "Point", "coordinates": [ 134.06841, 34.31613 ] } },
{ "type": "Feature", "properties": { "ID": "375L370502140", "正式名称": "レデイ薬局　十川店", "機関区分": 5, "都道府県コード": 37, "市区町村コード": 201, "所在地": "香川県高松市十川東町５５番地１", "緯度": 34.27183, "経度": 134.108714, "url": "https://www.iryou.teikyouseido.mhlw.go.jp/znk-web/juminkanja/S2430/initialize?prefCd=37&kikanCd=L370502140&kikanKbn=5", "url2": "http://www.lady-drug.co.jp", "内容": "レデイ薬局　十川店【5:薬局】香川県高松市十川東町５５番地１" }, "geometry": { "type": "Point", "coordinates": [ 134.108714, 34.27183 ] } },
{ "type": "Feature", "properties": { "ID": "375L370502150", "正式名称": "マツイ薬局　高松新田店", "機関区分": 5, "都道府県コード": 37, "市区町村コード": 201, "所在地": "香川県高松市新田町甲６５８－２", "緯度": 34.325297, "経度": 134.101935, "url": "https://www.iryou.teikyouseido.mhlw.go.jp/znk-web/juminkanja/S2430/initialize?prefCd=37&kikanCd=L370502150&kikanKbn=5", "url2": "https://www.matsuiyakkyoku.com/", "内容": "マツイ薬局　高松新田店【5:薬局】香川県高松市新田町甲６５８－２" }, "geometry": { "type": "Point", "coordinates": [ 134.101935, 34.325297 ] } },
{ "type": "Feature", "properties": { "ID": "375L370502160", "正式名称": "株式会社三河薬品　ミカワ調剤薬局　香南店", "機関区分": 5, "都道府県コード": 37, "市区町村コード": 201, "所在地": "香川県高松市香南町由佐２１０－２", "緯度": 34.238888, "経度": 134.02114, "url": "https://www.iryou.teikyouseido.mhlw.go.jp/znk-web/juminkanja/S2430/initialize?prefCd=37&kikanCd=L370502160&kikanKbn=5", "url2": null, "内容": "株式会社三河薬品　ミカワ調剤薬局　香南店【5:薬局】香川県高松市香南町由佐２１０－２" }, "geometry": { "type": "Point", "coordinates": [ 134.02114, 34.238888 ] } },
{ "type": "Feature", "properties": { "ID": "375L370502190", "正式名称": "みなみ風調剤薬局　天神前店", "機関区分": 5, "都道府県コード": 37, "市区町村コード": 201, "所在地": "香川県高松市天神前６－１０　１階", "緯度": 34.338433, "経度": 134.044661, "url": "https://www.iryou.teikyouseido.mhlw.go.jp/znk-web/juminkanja/S2430/initialize?prefCd=37&kikanCd=L370502190&kikanKbn=5", "url2": null, "内容": "みなみ風調剤薬局　天神前店【5:薬局】香川県高松市天神前６－１０　１階" }, "geometry": { "type": "Point", "coordinates": [ 134.044661, 34.338433 ] } },
{ "type": "Feature", "properties": { "ID": "375L370502200", "正式名称": "古高松薬局", "機関区分": 5, "都道府県コード": 37, "市区町村コード": 201, "所在地": "香川県高松市高松町３００２－５", "緯度": 34.340462, "経度": 134.110739, "url": "https://www.iryou.teikyouseido.mhlw.go.jp/znk-web/juminkanja/S2430/initialize?prefCd=37&kikanCd=L370502200&kikanKbn=5", "url2": null, "内容": "古高松薬局【5:薬局】香川県高松市高松町３００２－５" }, "geometry": { "type": "Point", "coordinates": [ 134.110739, 34.340462 ] } },
{ "type": "Feature", "properties": { "ID": "375L370502220", "正式名称": "ゆず調剤薬局", "機関区分": 5, "都道府県コード": 37, "市区町村コード": 201, "所在地": "香川県高松市国分寺町福家字下福家甲３８２３番地１", "緯度": 34.277716, "経度": 133.967865, "url": "https://www.iryou.teikyouseido.mhlw.go.jp/znk-web/juminkanja/S2430/initialize?prefCd=37&kikanCd=L370502220&kikanKbn=5", "url2": null, "内容": "ゆず調剤薬局【5:薬局】香川県高松市国分寺町福家字下福家甲３８２３番地１" }, "geometry": { "type": "Point", "coordinates": [ 133.967865, 34.277716 ] } },
{ "type": "Feature", "properties": { "ID": "375L370502230", "正式名称": "とみけ薬局", "機関区分": 5, "都道府県コード": 37, "市区町村コード": 201, "所在地": "香川県高松市桜町１丁目５－５", "緯度": 34.331716, "経度": 134.053049, "url": "https://www.iryou.teikyouseido.mhlw.go.jp/znk-web/juminkanja/S2430/initialize?prefCd=37&kikanCd=L370502230&kikanKbn=5", "url2": null, "内容": "とみけ薬局【5:薬局】香川県高松市桜町１丁目５－５" }, "geometry": { "type": "Point", "coordinates": [ 134.053049, 34.331716 ] } },
{ "type": "Feature", "properties": { "ID": "375L370502260", "正式名称": "アイン薬局屋島西店", "機関区分": 5, "都道府県コード": 37, "市区町村コード": 201, "所在地": "香川県高松市屋島西町２４９０－１９ー１Ｆ", "緯度": 34.347433, "経度": 134.087796, "url": "https://www.iryou.teikyouseido.mhlw.go.jp/znk-web/juminkanja/S2430/initialize?prefCd=37&kikanCd=L370502260&kikanKbn=5", "url2": "https://www.ainj.co.jp", "内容": "アイン薬局屋島西店【5:薬局】香川県高松市屋島西町２４９０－１９ー１Ｆ" }, "geometry": { "type": "Point", "coordinates": [ 134.087796, 34.347433 ] } },
{ "type": "Feature", "properties": { "ID": "375L370502300", "正式名称": "虹調剤薬局　高松南店", "機関区分": 5, "都道府県コード": 37, "市区町村コード": 201, "所在地": "香川県高松市多肥下町３５９－４", "緯度": 34.298021, "経度": 134.055606, "url": "https://www.iryou.teikyouseido.mhlw.go.jp/znk-web/juminkanja/S2430/initialize?prefCd=37&kikanCd=L370502300&kikanKbn=5", "url2": null, "内容": "虹調剤薬局　高松南店【5:薬局】香川県高松市多肥下町３５９－４" }, "geometry": { "type": "Point", "coordinates": [ 134.055606, 34.298021 ] } },
{ "type": "Feature", "properties": { "ID": "375L370502310", "正式名称": "まゆみ調剤薬局　檀紙店", "機関区分": 5, "都道府県コード": 37, "市区町村コード": 201, "所在地": "香川県高松市檀紙町１５９４－１", "緯度": 34.305408, "経度": 133.997889, "url": "https://www.iryou.teikyouseido.mhlw.go.jp/znk-web/juminkanja/S2430/initialize?prefCd=37&kikanCd=L370502310&kikanKbn=5", "url2": null, "内容": "まゆみ調剤薬局　檀紙店【5:薬局】香川県高松市檀紙町１５９４－１" }, "geometry": { "type": "Point", "coordinates": [ 133.997889, 34.305408 ] } },
{ "type": "Feature", "properties": { "ID": "375L370502360", "正式名称": "西田救命堂薬局", "機関区分": 5, "都道府県コード": 37, "市区町村コード": 201, "所在地": "香川県高松市仏生山町甲２２０３－８", "緯度": 34.278745, "経度": 134.040942, "url": "https://www.iryou.teikyouseido.mhlw.go.jp/znk-web/juminkanja/S2430/initialize?prefCd=37&kikanCd=L370502360&kikanKbn=5", "url2": null, "内容": "西田救命堂薬局【5:薬局】香川県高松市仏生山町甲２２０３－８" }, "geometry": { "type": "Point", "coordinates": [ 134.040942, 34.278745 ] } },
{ "type": "Feature", "properties": { "ID": "375L370502370", "正式名称": "アイン薬局　塩上店", "機関区分": 5, "都道府県コード": 37, "市区町村コード": 201, "所在地": "香川県高松市塩上町２丁目２番５号合田ビル１階", "緯度": 34.340627, "経度": 134.055938, "url": "https://www.iryou.teikyouseido.mhlw.go.jp/znk-web/juminkanja/S2430/initialize?prefCd=37&kikanCd=L370502370&kikanKbn=5", "url2": "https://www.ainj.co.jp", "内容": "アイン薬局　塩上店【5:薬局】香川県高松市塩上町２丁目２番５号合田ビル１階" }, "geometry": { "type": "Point", "coordinates": [ 134.055938, 34.340627 ] } },
{ "type": "Feature", "properties": { "ID": "375L370502380", "正式名称": "ごうとう薬局", "機関区分": 5, "都道府県コード": 37, "市区町村コード": 201, "所在地": "香川県高松市郷東町１４８－３　１階", "緯度": 34.345099, "経度": 134.016857, "url": "https://www.iryou.teikyouseido.mhlw.go.jp/znk-web/juminkanja/S2430/initialize?prefCd=37&kikanCd=L370502380&kikanKbn=5", "url2": "https://holistic-ph.com/ph/store/goutou.html", "内容": "ごうとう薬局【5:薬局】香川県高松市郷東町１４８－３　１階" }, "geometry": { "type": "Point", "coordinates": [ 134.016857, 34.345099 ] } },
{ "type": "Feature", "properties": { "ID": "375L370502390", "正式名称": "くすがみ薬局", "機関区分": 5, "都道府県コード": 37, "市区町村コード": 201, "所在地": "香川県高松市楠上町２丁目３－１５", "緯度": 34.329601, "経度": 134.056577, "url": "https://www.iryou.teikyouseido.mhlw.go.jp/znk-web/juminkanja/S2430/initialize?prefCd=37&kikanCd=L370502390&kikanKbn=5", "url2": "https://holistic-ph.com/ph/store/kusugami.html", "内容": "くすがみ薬局【5:薬局】香川県高松市楠上町２丁目３－１５" }, "geometry": { "type": "Point", "coordinates": [ 134.056577, 34.329601 ] } },
{ "type": "Feature", "properties": { "ID": "375L370502400", "正式名称": "おおの調剤薬局", "機関区分": 5, "都道府県コード": 37, "市区町村コード": 201, "所在地": "香川県高松市香川町大野２４９６－１", "緯度": 34.271468, "経度": 134.025693, "url": "https://www.iryou.teikyouseido.mhlw.go.jp/znk-web/juminkanja/S2430/initialize?prefCd=37&kikanCd=L370502400&kikanKbn=5", "url2": null, "内容": "おおの調剤薬局【5:薬局】香川県高松市香川町大野２４９６－１" }, "geometry": { "type": "Point", "coordinates": [ 134.025693, 34.271468 ] } },
{ "type": "Feature", "properties": { "ID": "375L370502420", "正式名称": "薬局ナチュラル・メディクス", "機関区分": 5, "都道府県コード": 37, "市区町村コード": 201, "所在地": "香川県高松市春日町１７８－１", "緯度": 34.317353, "経度": 134.092408, "url": "https://www.iryou.teikyouseido.mhlw.go.jp/znk-web/juminkanja/S2430/initialize?prefCd=37&kikanCd=L370502420&kikanKbn=5", "url2": "https://www.jmsys.co.jp/pharmacy/shop-detail_263/", "内容": "薬局ナチュラル・メディクス【5:薬局】香川県高松市春日町１７８－１" }, "geometry": { "type": "Point", "coordinates": [ 134.092408, 34.317353 ] } },
{ "type": "Feature", "properties": { "ID": "375L370502430", "正式名称": "安田薬局　木太店", "機関区分": 5, "都道府県コード": 37, "市区町村コード": 201, "所在地": "香川県高松市木太町１８１３－３", "緯度": 34.326644, "経度": 134.067929, "url": "https://www.iryou.teikyouseido.mhlw.go.jp/znk-web/juminkanja/S2430/initialize?prefCd=37&kikanCd=L370502430&kikanKbn=5", "url2": "https://yasudayakkyoku.jimdofree.com/", "内容": "安田薬局　木太店【5:薬局】香川県高松市木太町１８１３－３" }, "geometry": { "type": "Point", "coordinates": [ 134.067929, 34.326644 ] } },
{ "type": "Feature", "properties": { "ID": "375L370502440", "正式名称": "株式会社三河薬品　ミカワ調剤薬局寺井町店", "機関区分": 5, "都道府県コード": 37, "市区町村コード": 201, "所在地": "香川県高松市寺井町１０５３－１０", "緯度": 34.278106, "経度": 134.02736, "url": "https://www.iryou.teikyouseido.mhlw.go.jp/znk-web/juminkanja/S2430/initialize?prefCd=37&kikanCd=L370502440&kikanKbn=5", "url2": null, "内容": "株式会社三河薬品　ミカワ調剤薬局寺井町店【5:薬局】香川県高松市寺井町１０５３－１０" }, "geometry": { "type": "Point", "coordinates": [ 134.02736, 34.278106 ] } },
{ "type": "Feature", "properties": { "ID": "375L370502450", "正式名称": "コスモ調剤薬局　三条店", "機関区分": 5, "都道府県コード": 37, "市区町村コード": 201, "所在地": "香川県高松市三条町字中所５０７番地２", "緯度": 34.317491, "経度": 134.046078, "url": "https://www.iryou.teikyouseido.mhlw.go.jp/znk-web/juminkanja/S2430/initialize?prefCd=37&kikanCd=L370502450&kikanKbn=5", "url2": "http://cosumo-chouzai.jp/", "内容": "コスモ調剤薬局　三条店【5:薬局】香川県高松市三条町字中所５０７番地２" }, "geometry": { "type": "Point", "coordinates": [ 134.046078, 34.317491 ] } },
{ "type": "Feature", "properties": { "ID": "375L370502460", "正式名称": "にこ調剤薬局檀紙", "機関区分": 5, "都道府県コード": 37, "市区町村コード": 201, "所在地": "香川県高松市檀紙町６７－１", "緯度": 34.296992, "経度": 133.996306, "url": "https://www.iryou.teikyouseido.mhlw.go.jp/znk-web/juminkanja/S2430/initialize?prefCd=37&kikanCd=L370502460&kikanKbn=5", "url2": null, "内容": "にこ調剤薬局檀紙【5:薬局】香川県高松市檀紙町６７－１" }, "geometry": { "type": "Point", "coordinates": [ 133.996306, 34.296992 ] } },
{ "type": "Feature", "properties": { "ID": "375L370502470", "正式名称": "やしま藤原薬局", "機関区分": 5, "都道府県コード": 37, "市区町村コード": 201, "所在地": "香川県高松市屋島中町２２１－３", "緯度": 34.340989, "経度": 134.107517, "url": "https://www.iryou.teikyouseido.mhlw.go.jp/znk-web/juminkanja/S2430/initialize?prefCd=37&kikanCd=L370502470&kikanKbn=5", "url2": null, "内容": "やしま藤原薬局【5:薬局】香川県高松市屋島中町２２１－３" }, "geometry": { "type": "Point", "coordinates": [ 134.107517, 34.340989 ] } },
{ "type": "Feature", "properties": { "ID": "375L370502480", "正式名称": "有限会社三友調剤薬局", "機関区分": 5, "都道府県コード": 37, "市区町村コード": 201, "所在地": "香川県高松市常磐町２丁目４番地２　大熊ビル１階", "緯度": 34.337961, "経度": 134.051438, "url": "https://www.iryou.teikyouseido.mhlw.go.jp/znk-web/juminkanja/S2430/initialize?prefCd=37&kikanCd=L370502480&kikanKbn=5", "url2": null, "内容": "有限会社三友調剤薬局【5:薬局】香川県高松市常磐町２丁目４番地２　大熊ビル１階" }, "geometry": { "type": "Point", "coordinates": [ 134.051438, 34.337961 ] } },
{ "type": "Feature", "properties": { "ID": "375L370502490", "正式名称": "太田薬局", "機関区分": 5, "都道府県コード": 37, "市区町村コード": 201, "所在地": "香川県高松市屋島西町８６０－１０", "緯度": 34.347044, "経度": 134.094629, "url": "https://www.iryou.teikyouseido.mhlw.go.jp/znk-web/juminkanja/S2430/initialize?prefCd=37&kikanCd=L370502490&kikanKbn=5", "url2": null, "内容": "太田薬局【5:薬局】香川県高松市屋島西町８６０－１０" }, "geometry": { "type": "Point", "coordinates": [ 134.094629, 34.347044 ] } },
{ "type": "Feature", "properties": { "ID": "375L370502510", "正式名称": "ザグザグ薬局　檀紙北店", "機関区分": 5, "都道府県コード": 37, "市区町村コード": 201, "所在地": "香川県高松市飯田町３０", "緯度": 34.313602, "経度": 133.999777, "url": "https://www.iryou.teikyouseido.mhlw.go.jp/znk-web/juminkanja/S2430/initialize?prefCd=37&kikanCd=L370502510&kikanKbn=5", "url2": "http://www.zagzag.co.jp", "内容": "ザグザグ薬局　檀紙北店【5:薬局】香川県高松市飯田町３０" }, "geometry": { "type": "Point", "coordinates": [ 133.999777, 34.313602 ] } },
{ "type": "Feature", "properties": { "ID": "375L370502550", "正式名称": "安西番町薬局", "機関区分": 5, "都道府県コード": 37, "市区町村コード": 201, "所在地": "香川県高松市番町一丁目２番２３号　１階", "緯度": 34.344655, "経度": 134.04691, "url": "https://www.iryou.teikyouseido.mhlw.go.jp/znk-web/juminkanja/S2430/initialize?prefCd=37&kikanCd=L370502550&kikanKbn=5", "url2": "https://anzaibancho.com/", "内容": "安西番町薬局【5:薬局】香川県高松市番町一丁目２番２３号　１階" }, "geometry": { "type": "Point", "coordinates": [ 134.04691, 34.344655 ] } },
{ "type": "Feature", "properties": { "ID": "375L370502590", "正式名称": "リーフ調剤薬局", "機関区分": 5, "都道府県コード": 37, "市区町村コード": 201, "所在地": "香川県高松市木太町１６０８－１", "緯度": 34.322824, "経度": 134.073409, "url": "https://www.iryou.teikyouseido.mhlw.go.jp/znk-web/juminkanja/S2430/initialize?prefCd=37&kikanCd=L370502590&kikanKbn=5", "url2": null, "内容": "リーフ調剤薬局【5:薬局】香川県高松市木太町１６０８－１" }, "geometry": { "type": "Point", "coordinates": [ 134.073409, 34.322824 ] } },
{ "type": "Feature", "properties": { "ID": "375L370502610", "正式名称": "ブルーソックス薬局　上福岡店", "機関区分": 5, "都道府県コード": 37, "市区町村コード": 201, "所在地": "香川県高松市上福岡町９２２－１", "緯度": 34.327351, "経度": 134.067215, "url": "https://www.iryou.teikyouseido.mhlw.go.jp/znk-web/juminkanja/S2430/initialize?prefCd=37&kikanCd=L370502610&kikanKbn=5", "url2": null, "内容": "ブルーソックス薬局　上福岡店【5:薬局】香川県高松市上福岡町９２２－１" }, "geometry": { "type": "Point", "coordinates": [ 134.067215, 34.327351 ] } },
{ "type": "Feature", "properties": { "ID": "375L370502630", "正式名称": "ひだまり調剤薬局　牟礼店", "機関区分": 5, "都道府県コード": 37, "市区町村コード": 201, "所在地": "香川県高松市牟礼町牟礼２１－５－３", "緯度": 34.338351, "経度": 134.139653, "url": "https://www.iryou.teikyouseido.mhlw.go.jp/znk-web/juminkanja/S2430/initialize?prefCd=37&kikanCd=L370502630&kikanKbn=5", "url2": "http://www.hidamari-ph.com", "内容": "ひだまり調剤薬局　牟礼店【5:薬局】香川県高松市牟礼町牟礼２１－５－３" }, "geometry": { "type": "Point", "coordinates": [ 134.139653, 34.338351 ] } },
{ "type": "Feature", "properties": { "ID": "375L370502640", "正式名称": "ザグザグ薬局　仏生山店", "機関区分": 5, "都道府県コード": 37, "市区町村コード": 201, "所在地": "香川県高松市仏生山町甲１３４４", "緯度": 34.27369, "経度": 134.034637, "url": "https://www.iryou.teikyouseido.mhlw.go.jp/znk-web/juminkanja/S2430/initialize?prefCd=37&kikanCd=L370502640&kikanKbn=5", "url2": "http://www.zagzag.co.jp", "内容": "ザグザグ薬局　仏生山店【5:薬局】香川県高松市仏生山町甲１３４４" }, "geometry": { "type": "Point", "coordinates": [ 134.034637, 34.27369 ] } },
{ "type": "Feature", "properties": { "ID": "375L370502650", "正式名称": "日本薬局　番町店", "機関区分": 5, "都道府県コード": 37, "市区町村コード": 201, "所在地": "香川県高松市番町一丁目９番１号", "緯度": 34.343294, "経度": 134.045466, "url": "https://www.iryou.teikyouseido.mhlw.go.jp/znk-web/juminkanja/S2430/initialize?prefCd=37&kikanCd=L370502650&kikanKbn=5", "url2": "http//www.jmedical.co.jp", "内容": "日本薬局　番町店【5:薬局】香川県高松市番町一丁目９番１号" }, "geometry": { "type": "Point", "coordinates": [ 134.045466, 34.343294 ] } },
{ "type": "Feature", "properties": { "ID": "375L370502670", "正式名称": "レデイ薬局　朝日町店", "機関区分": 5, "都道府県コード": 37, "市区町村コード": 201, "所在地": "香川県高松市朝日町２丁目２番７号　１階", "緯度": 34.348488, "経度": 134.063992, "url": "https://www.iryou.teikyouseido.mhlw.go.jp/znk-web/juminkanja/S2430/initialize?prefCd=37&kikanCd=L370502670&kikanKbn=5", "url2": "http://www.lady-drug.co.jp/", "内容": "レデイ薬局　朝日町店【5:薬局】香川県高松市朝日町２丁目２番７号　１階" }, "geometry": { "type": "Point", "coordinates": [ 134.063992, 34.348488 ] } },
{ "type": "Feature", "properties": { "ID": "375L370502750", "正式名称": "ＮＭＳ高松調剤薬局　屋島側１号館", "機関区分": 5, "都道府県コード": 37, "市区町村コード": 201, "所在地": "香川県高松市朝日町２－４８３－３２１", "緯度": 34.349377, "経度": 134.063881, "url": "https://www.iryou.teikyouseido.mhlw.go.jp/znk-web/juminkanja/S2430/initialize?prefCd=37&kikanCd=L370502750&kikanKbn=5", "url2": "http://www.jmsys.co.jp", "内容": "ＮＭＳ高松調剤薬局　屋島側１号館【5:薬局】香川県高松市朝日町２－４８３－３２１" }, "geometry": { "type": "Point", "coordinates": [ 134.063881, 34.349377 ] } },
{ "type": "Feature", "properties": { "ID": "375L370502760", "正式名称": "ＮＭＳ高松調剤薬局　駅側店", "機関区分": 5, "都道府県コード": 37, "市区町村コード": 201, "所在地": "香川県高松市福岡町１－２－１５", "緯度": 34.347821, "経度": 134.060631, "url": "https://www.iryou.teikyouseido.mhlw.go.jp/znk-web/juminkanja/S2430/initialize?prefCd=37&kikanCd=L370502760&kikanKbn=5", "url2": "http://www.jmsys.co.jp", "内容": "ＮＭＳ高松調剤薬局　駅側店【5:薬局】香川県高松市福岡町１－２－１５" }, "geometry": { "type": "Point", "coordinates": [ 134.060631, 34.347821 ] } },
{ "type": "Feature", "properties": { "ID": "375L370502770", "正式名称": "ハートリーフ薬局太田店", "機関区分": 5, "都道府県コード": 37, "市区町村コード": 201, "所在地": "香川県高松市田村町１２６４－１", "緯度": 34.305381, "経度": 134.036358, "url": "https://www.iryou.teikyouseido.mhlw.go.jp/znk-web/juminkanja/S2430/initialize?prefCd=37&kikanCd=L370502770&kikanKbn=5", "url2": null, "内容": "ハートリーフ薬局太田店【5:薬局】香川県高松市田村町１２６４－１" }, "geometry": { "type": "Point", "coordinates": [ 134.036358, 34.305381 ] } },
{ "type": "Feature", "properties": { "ID": "375L370502790", "正式名称": "漢方薬局・元気通り", "機関区分": 5, "都道府県コード": 37, "市区町村コード": 201, "所在地": "香川県高松市香西本町４１４－１", "緯度": 34.34632, "経度": 133.999387, "url": "https://www.iryou.teikyouseido.mhlw.go.jp/znk-web/juminkanja/S2430/initialize?prefCd=37&kikanCd=L370502790&kikanKbn=5", "url2": "www.phgenki.com", "内容": "漢方薬局・元気通り【5:薬局】香川県高松市香西本町４１４－１" }, "geometry": { "type": "Point", "coordinates": [ 133.999387, 34.34632 ] } },
{ "type": "Feature", "properties": { "ID": "375L370502810", "正式名称": "ひだまり調剤薬局　八栗店", "機関区分": 5, "都道府県コード": 37, "市区町村コード": 201, "所在地": "香川県高松市牟礼町牟礼２５６０－２", "緯度": 34.347183, "経度": 134.122015, "url": "https://www.iryou.teikyouseido.mhlw.go.jp/znk-web/juminkanja/S2430/initialize?prefCd=37&kikanCd=L370502810&kikanKbn=5", "url2": "http://www.hidamari-ph.com", "内容": "ひだまり調剤薬局　八栗店【5:薬局】香川県高松市牟礼町牟礼２５６０－２" }, "geometry": { "type": "Point", "coordinates": [ 134.122015, 34.347183 ] } },
{ "type": "Feature", "properties": { "ID": "375L370502820", "正式名称": "高松市薬剤師会会営薬局松島", "機関区分": 5, "都道府県コード": 37, "市区町村コード": 201, "所在地": "香川県高松市松島町一丁目１６番２０号１階", "緯度": 34.339294, "経度": 134.059632, "url": "https://www.iryou.teikyouseido.mhlw.go.jp/znk-web/juminkanja/S2430/initialize?prefCd=37&kikanCd=L370502820&kikanKbn=5", "url2": "httm://www.takamatsusiyaku.com/pc/index.html", "内容": "高松市薬剤師会会営薬局松島【5:薬局】香川県高松市松島町一丁目１６番２０号１階" }, "geometry": { "type": "Point", "coordinates": [ 134.059632, 34.339294 ] } },
{ "type": "Feature", "properties": { "ID": "375L370502840", "正式名称": "アイン薬局　ライオン通り店", "機関区分": 5, "都道府県コード": 37, "市区町村コード": 201, "所在地": "香川県高松市大工町１番１４　１階", "緯度": 34.344794, "経度": 134.05166, "url": "https://www.iryou.teikyouseido.mhlw.go.jp/znk-web/juminkanja/S2430/initialize?prefCd=37&kikanCd=L370502840&kikanKbn=5", "url2": "https://www.ainj.co.jp", "内容": "アイン薬局　ライオン通り店【5:薬局】香川県高松市大工町１番１４　１階" }, "geometry": { "type": "Point", "coordinates": [ 134.05166, 34.344794 ] } },
{ "type": "Feature", "properties": { "ID": "375L370502850", "正式名称": "アイン薬局　鬼無店", "機関区分": 5, "都道府県コード": 37, "市区町村コード": 201, "所在地": "香川県高松市鬼無町藤井４３３番地１", "緯度": 34.329683, "経度": 133.999387, "url": "https://www.iryou.teikyouseido.mhlw.go.jp/znk-web/juminkanja/S2430/initialize?prefCd=37&kikanCd=L370502850&kikanKbn=5", "url2": "https://www.ainj.co.jp", "内容": "アイン薬局　鬼無店【5:薬局】香川県高松市鬼無町藤井４３３番地１" }, "geometry": { "type": "Point", "coordinates": [ 133.999387, 34.329683 ] } },
{ "type": "Feature", "properties": { "ID": "375L370502860", "正式名称": "ミント薬局　新田店", "機関区分": 5, "都道府県コード": 37, "市区町村コード": 201, "所在地": "香川県高松市新田町甲４７７－３", "緯度": 34.327852, "経度": 134.103462, "url": "https://www.iryou.teikyouseido.mhlw.go.jp/znk-web/juminkanja/S2430/initialize?prefCd=37&kikanCd=L370502860&kikanKbn=5", "url2": "http://www.mint-pharmacy.jp/", "内容": "ミント薬局　新田店【5:薬局】香川県高松市新田町甲４７７－３" }, "geometry": { "type": "Point", "coordinates": [ 134.103462, 34.327852 ] } },
{ "type": "Feature", "properties": { "ID": "375L370502880", "正式名称": "オカウチ調剤薬局　多肥店", "機関区分": 5, "都道府県コード": 37, "市区町村コード": 201, "所在地": "香川県高松市多肥上町１３４２－１", "緯度": 34.295105, "経度": 134.058967, "url": "https://www.iryou.teikyouseido.mhlw.go.jp/znk-web/juminkanja/S2430/initialize?prefCd=37&kikanCd=L370502880&kikanKbn=5", "url2": null, "内容": "オカウチ調剤薬局　多肥店【5:薬局】香川県高松市多肥上町１３４２－１" }, "geometry": { "type": "Point", "coordinates": [ 134.058967, 34.295105 ] } },
{ "type": "Feature", "properties": { "ID": "375L370502900", "正式名称": "そうごう薬局　高松川東店", "機関区分": 5, "都道府県コード": 37, "市区町村コード": 201, "所在地": "香川県高松市香川町川東上１７８０－４", "緯度": 34.239943, "経度": 134.032805, "url": "https://www.iryou.teikyouseido.mhlw.go.jp/znk-web/juminkanja/S2430/initialize?prefCd=37&kikanCd=L370502900&kikanKbn=5", "url2": "http://www.sogo-medical.co.jp", "内容": "そうごう薬局　高松川東店【5:薬局】香川県高松市香川町川東上１７８０－４" }, "geometry": { "type": "Point", "coordinates": [ 134.032805, 34.239943 ] } },
{ "type": "Feature", "properties": { "ID": "375L370502910", "正式名称": "たんぽぽ薬局　高松日赤前店", "機関区分": 5, "都道府県コード": 37, "市区町村コード": 201, "所在地": "香川県高松市番町三丁目１３番１０号", "緯度": 34.341377, "経度": 134.042994, "url": "https://www.iryou.teikyouseido.mhlw.go.jp/znk-web/juminkanja/S2430/initialize?prefCd=37&kikanCd=L370502910&kikanKbn=5", "url2": "http://www.tanpopo-ph.co.jp/", "内容": "たんぽぽ薬局　高松日赤前店【5:薬局】香川県高松市番町三丁目１３番１０号" }, "geometry": { "type": "Point", "coordinates": [ 134.042994, 34.341377 ] } },
{ "type": "Feature", "properties": { "ID": "375L370502920", "正式名称": "コスモ調剤薬局　国分寺店", "機関区分": 5, "都道府県コード": 37, "市区町村コード": 201, "所在地": "香川県高松市国分寺町新名５１３－５", "緯度": 34.291687, "経度": 133.958531, "url": "https://www.iryou.teikyouseido.mhlw.go.jp/znk-web/juminkanja/S2430/initialize?prefCd=37&kikanCd=L370502920&kikanKbn=5", "url2": "https://cosmo-chouzai.jp/", "内容": "コスモ調剤薬局　国分寺店【5:薬局】香川県高松市国分寺町新名５１３－５" }, "geometry": { "type": "Point", "coordinates": [ 133.958531, 34.291687 ] } },
{ "type": "Feature", "properties": { "ID": "375L370502940", "正式名称": "ハートリーフ薬局", "機関区分": 5, "都道府県コード": 37, "市区町村コード": 201, "所在地": "香川県高松市観光町６４９番地８", "緯度": 34.334184, "経度": 134.063826, "url": "https://www.iryou.teikyouseido.mhlw.go.jp/znk-web/juminkanja/S2430/initialize?prefCd=37&kikanCd=L370502940&kikanKbn=5", "url2": null, "内容": "ハートリーフ薬局【5:薬局】香川県高松市観光町６４９番地８" }, "geometry": { "type": "Point", "coordinates": [ 134.063826, 34.334184 ] } },
{ "type": "Feature", "properties": { "ID": "375L370502950", "正式名称": "フロンティア薬局紺屋町店", "機関区分": 5, "都道府県コード": 37, "市区町村コード": 201, "所在地": "香川県高松市紺屋町４番１０号　鹿島紺屋町ビル１Ｆ", "緯度": 34.344877, "経度": 134.046744, "url": "https://www.iryou.teikyouseido.mhlw.go.jp/znk-web/juminkanja/S2430/initialize?prefCd=37&kikanCd=L370502950&kikanKbn=5", "url2": null, "内容": "フロンティア薬局紺屋町店【5:薬局】香川県高松市紺屋町４番１０号　鹿島紺屋町ビル１Ｆ" }, "geometry": { "type": "Point", "coordinates": [ 134.046744, 34.344877 ] } },
{ "type": "Feature", "properties": { "ID": "375L370502960", "正式名称": "レデイ薬局　藤塚店", "機関区分": 5, "都道府県コード": 37, "市区町村コード": 201, "所在地": "香川県高松市藤塚町一丁目１１番２７号１階", "緯度": 34.333239, "経度": 134.046689, "url": "https://www.iryou.teikyouseido.mhlw.go.jp/znk-web/juminkanja/S2430/initialize?prefCd=37&kikanCd=L370502960&kikanKbn=5", "url2": "http://www.lady-drug.co.jo/", "内容": "レデイ薬局　藤塚店【5:薬局】香川県高松市藤塚町一丁目１１番２７号１階" }, "geometry": { "type": "Point", "coordinates": [ 134.046689, 34.333239 ] } },
{ "type": "Feature", "properties": { "ID": "375L370502990", "正式名称": "たひ薬局", "機関区分": 5, "都道府県コード": 37, "市区町村コード": 201, "所在地": "香川県高松市多肥上町１１１１－１多肥メディカルビル・イーア１階", "緯度": 34.295021, "経度": 134.052551, "url": "https://www.iryou.teikyouseido.mhlw.go.jp/znk-web/juminkanja/S2430/initialize?prefCd=37&kikanCd=L370502990&kikanKbn=5", "url2": "https://holistic-ph.com/ph/store/tahi.html", "内容": "たひ薬局【5:薬局】香川県高松市多肥上町１１１１－１多肥メディカルビル・イーア１階" }, "geometry": { "type": "Point", "coordinates": [ 134.052551, 34.295021 ] } },
{ "type": "Feature", "properties": { "ID": "375L370503030", "正式名称": "アイン薬局　屋島中央店", "機関区分": 5, "都道府県コード": 37, "市区町村コード": 201, "所在地": "香川県高松市屋島西町１９６８－７", "緯度": 34.337073, "経度": 134.100101, "url": "https://www.iryou.teikyouseido.mhlw.go.jp/znk-web/juminkanja/S2430/initialize?prefCd=37&kikanCd=L370503030&kikanKbn=5", "url2": "https://www.ainj.co.jp", "内容": "アイン薬局　屋島中央店【5:薬局】香川県高松市屋島西町１９６８－７" }, "geometry": { "type": "Point", "coordinates": [ 134.100101, 34.337073 ] } },
{ "type": "Feature", "properties": { "ID": "375L370503040", "正式名称": "はる調剤薬局", "機関区分": 5, "都道府県コード": 37, "市区町村コード": 201, "所在地": "香川県高松市三谷町１１６１番地９", "緯度": 34.278051, "経度": 134.069051, "url": "https://www.iryou.teikyouseido.mhlw.go.jp/znk-web/juminkanja/S2430/initialize?prefCd=37&kikanCd=L370503040&kikanKbn=5", "url2": null, "内容": "はる調剤薬局【5:薬局】香川県高松市三谷町１１６１番地９" }, "geometry": { "type": "Point", "coordinates": [ 134.069051, 34.278051 ] } },
{ "type": "Feature", "properties": { "ID": "375L370503050", "正式名称": "在宅支援薬局ライム", "機関区分": 5, "都道府県コード": 37, "市区町村コード": 201, "所在地": "香川県高松市鶴市町２４７番地１", "緯度": 34.327572, "経度": 134.007803, "url": "https://www.iryou.teikyouseido.mhlw.go.jp/znk-web/juminkanja/S2430/initialize?prefCd=37&kikanCd=L370503050&kikanKbn=5", "url2": null, "内容": "在宅支援薬局ライム【5:薬局】香川県高松市鶴市町２４７番地１" }, "geometry": { "type": "Point", "coordinates": [ 134.007803, 34.327572 ] } },
{ "type": "Feature", "properties": { "ID": "375L370503070", "正式名称": "コスモ調剤薬局　香川中央店", "機関区分": 5, "都道府県コード": 37, "市区町村コード": 201, "所在地": "香川県高松市香川町大野９９８－１", "緯度": 34.265607, "経度": 134.028804, "url": "https://www.iryou.teikyouseido.mhlw.go.jp/znk-web/juminkanja/S2430/initialize?prefCd=37&kikanCd=L370503070&kikanKbn=5", "url2": "https://cosmo-chouzai.jp", "内容": "コスモ調剤薬局　香川中央店【5:薬局】香川県高松市香川町大野９９８－１" }, "geometry": { "type": "Point", "coordinates": [ 134.028804, 34.265607 ] } },
{ "type": "Feature", "properties": { "ID": "375L370503080", "正式名称": "古新町調剤薬局", "機関区分": 5, "都道府県コード": 37, "市区町村コード": 201, "所在地": "香川県高松市古新町１０－３　砂屋ビル２階Ｂ", "緯度": 34.345432, "経度": 134.049993, "url": "https://www.iryou.teikyouseido.mhlw.go.jp/znk-web/juminkanja/S2430/initialize?prefCd=37&kikanCd=L370503080&kikanKbn=5", "url2": null, "内容": "古新町調剤薬局【5:薬局】香川県高松市古新町１０－３　砂屋ビル２階Ｂ" }, "geometry": { "type": "Point", "coordinates": [ 134.049993, 34.345432 ] } },
{ "type": "Feature", "properties": { "ID": "375L370503090", "正式名称": "大学通り　のの薬局", "機関区分": 5, "都道府県コード": 37, "市区町村コード": 201, "所在地": "香川県高松市扇町１－２４－８　１階", "緯度": 34.345821, "経度": 134.039217, "url": "https://www.iryou.teikyouseido.mhlw.go.jp/znk-web/juminkanja/S2430/initialize?prefCd=37&kikanCd=L370503090&kikanKbn=5", "url2": "http://www.nono-pharmacy.jp", "内容": "大学通り　のの薬局【5:薬局】香川県高松市扇町１－２４－８　１階" }, "geometry": { "type": "Point", "coordinates": [ 134.039217, 34.345821 ] } },
{ "type": "Feature", "properties": { "ID": "375L370503100", "正式名称": "コスモ調剤薬局　多肥店", "機関区分": 5, "都道府県コード": 37, "市区町村コード": 201, "所在地": "香川県高松市多肥下町字山道３６２‐１", "緯度": 34.297327, "経度": 134.055217, "url": "https://www.iryou.teikyouseido.mhlw.go.jp/znk-web/juminkanja/S2430/initialize?prefCd=37&kikanCd=L370503100&kikanKbn=5", "url2": null, "内容": "コスモ調剤薬局　多肥店【5:薬局】香川県高松市多肥下町字山道３６２‐１" }, "geometry": { "type": "Point", "coordinates": [ 134.055217, 34.297327 ] } },
{ "type": "Feature", "properties": { "ID": "375L370503110", "正式名称": "たんぽぽ薬局　屋島店", "機関区分": 5, "都道府県コード": 37, "市区町村コード": 201, "所在地": "香川県高松市屋島西町２１０９番地３７の１", "緯度": 34.344211, "経度": 134.08974, "url": "https://www.iryou.teikyouseido.mhlw.go.jp/znk-web/juminkanja/S2430/initialize?prefCd=37&kikanCd=L370503110&kikanKbn=5", "url2": "http://www.tanpopo-ph.co.jp/", "内容": "たんぽぽ薬局　屋島店【5:薬局】香川県高松市屋島西町２１０９番地３７の１" }, "geometry": { "type": "Point", "coordinates": [ 134.08974, 34.344211 ] } },
{ "type": "Feature", "properties": { "ID": "375L370503120", "正式名称": "高松紺屋町薬局", "機関区分": 5, "都道府県コード": 37, "市区町村コード": 201, "所在地": "香川県高松市紺屋町５番地３アルファリビング高松紺屋町１階", "緯度": 34.344877, "経度": 134.046438, "url": "https://www.iryou.teikyouseido.mhlw.go.jp/znk-web/juminkanja/S2430/initialize?prefCd=37&kikanCd=L370503120&kikanKbn=5", "url2": null, "内容": "高松紺屋町薬局【5:薬局】香川県高松市紺屋町５番地３アルファリビング高松紺屋町１階" }, "geometry": { "type": "Point", "coordinates": [ 134.046438, 34.344877 ] } },
{ "type": "Feature", "properties": { "ID": "375L370503130", "正式名称": "コスモ調剤薬局　仏生山店", "機関区分": 5, "都道府県コード": 37, "市区町村コード": 201, "所在地": "香川県高松市仏生山町甲３６８－２", "緯度": 34.282522, "経度": 134.046441, "url": "https://www.iryou.teikyouseido.mhlw.go.jp/znk-web/juminkanja/S2430/initialize?prefCd=37&kikanCd=L370503130&kikanKbn=5", "url2": null, "内容": "コスモ調剤薬局　仏生山店【5:薬局】香川県高松市仏生山町甲３６８－２" }, "geometry": { "type": "Point", "coordinates": [ 134.046441, 34.282522 ] } },
{ "type": "Feature", "properties": { "ID": "375L370503140", "正式名称": "コスモ調剤薬局　やしま店", "機関区分": 5, "都道府県コード": 37, "市区町村コード": 201, "所在地": "香川県高松市屋島西町字子の浜２１０９番３７－２", "緯度": 34.344183, "経度": 134.089712, "url": "https://www.iryou.teikyouseido.mhlw.go.jp/znk-web/juminkanja/S2430/initialize?prefCd=37&kikanCd=L370503140&kikanKbn=5", "url2": "http://cosmo-chouzai.jp/", "内容": "コスモ調剤薬局　やしま店【5:薬局】香川県高松市屋島西町字子の浜２１０９番３７－２" }, "geometry": { "type": "Point", "coordinates": [ 134.089712, 34.344183 ] } },
{ "type": "Feature", "properties": { "ID": "375L370503160", "正式名称": "かたもと駅前薬局", "機関区分": 5, "都道府県コード": 37, "市区町村コード": 201, "所在地": "香川県高松市屋島西町１７２３‐１", "緯度": 34.341461, "経度": 134.097684, "url": "https://www.iryou.teikyouseido.mhlw.go.jp/znk-web/juminkanja/S2430/initialize?prefCd=37&kikanCd=L370503160&kikanKbn=5", "url2": "https://www.katamoto-yashima.com/", "内容": "かたもと駅前薬局【5:薬局】香川県高松市屋島西町１７２３‐１" }, "geometry": { "type": "Point", "coordinates": [ 134.097684, 34.341461 ] } },
{ "type": "Feature", "properties": { "ID": "375L370503170", "正式名称": "ザグザグ薬局　多肥下町店", "機関区分": 5, "都道府県コード": 37, "市区町村コード": 201, "所在地": "香川県高松市多肥下町１５５０－２", "緯度": 34.301076, "経度": 134.061106, "url": "https://www.iryou.teikyouseido.mhlw.go.jp/znk-web/juminkanja/S2430/initialize?prefCd=37&kikanCd=L370503170&kikanKbn=5", "url2": "http://www.zagzag.co.jp", "内容": "ザグザグ薬局　多肥下町店【5:薬局】香川県高松市多肥下町１５５０－２" }, "geometry": { "type": "Point", "coordinates": [ 134.061106, 34.301076 ] } },
{ "type": "Feature", "properties": { "ID": "375L370503190", "正式名称": "まこと薬局", "機関区分": 5, "都道府県コード": 37, "市区町村コード": 201, "所在地": "香川県高松市香西東町４４１番３", "緯度": 34.344265, "経度": 134.008275, "url": "https://www.iryou.teikyouseido.mhlw.go.jp/znk-web/juminkanja/S2430/initialize?prefCd=37&kikanCd=L370503190&kikanKbn=5", "url2": "https://www.jmedical.co.jp/stores/p5646", "内容": "まこと薬局【5:薬局】香川県高松市香西東町４４１番３" }, "geometry": { "type": "Point", "coordinates": [ 134.008275, 34.344265 ] } },
{ "type": "Feature", "properties": { "ID": "375L370503200", "正式名称": "空港通り薬局", "機関区分": 5, "都道府県コード": 37, "市区町村コード": 201, "所在地": "香川県高松市香川町大野４５８番地４", "緯度": 34.256053, "経度": 134.028416, "url": "https://www.iryou.teikyouseido.mhlw.go.jp/znk-web/juminkanja/S2430/initialize?prefCd=37&kikanCd=L370503200&kikanKbn=5", "url2": null, "内容": "空港通り薬局【5:薬局】香川県高松市香川町大野４５８番地４" }, "geometry": { "type": "Point", "coordinates": [ 134.028416, 34.256053 ] } },
{ "type": "Feature", "properties": { "ID": "375L370503210", "正式名称": "ＫＣかがわ調剤薬局　高松店", "機関区分": 5, "都道府県コード": 37, "市区町村コード": 201, "所在地": "香川県高松市仏生山町甲２６９－１", "緯度": 34.283522, "経度": 134.040692, "url": "https://www.iryou.teikyouseido.mhlw.go.jp/znk-web/juminkanja/S2430/initialize?prefCd=37&kikanCd=L370503210&kikanKbn=5", "url2": "kckagawa.com", "内容": "ＫＣかがわ調剤薬局　高松店【5:薬局】香川県高松市仏生山町甲２６９－１" }, "geometry": { "type": "Point", "coordinates": [ 134.040692, 34.283522 ] } },
{ "type": "Feature", "properties": { "ID": "375L370503220", "正式名称": "よしたけ薬局　多肥店", "機関区分": 5, "都道府県コード": 37, "市区町村コード": 201, "所在地": "香川県高松市多肥下町２４５－１", "緯度": 34.298187, "経度": 134.053273, "url": "https://www.iryou.teikyouseido.mhlw.go.jp/znk-web/juminkanja/S2430/initialize?prefCd=37&kikanCd=L370503220&kikanKbn=5", "url2": "https://yoshitakeph.com", "内容": "よしたけ薬局　多肥店【5:薬局】香川県高松市多肥下町２４５－１" }, "geometry": { "type": "Point", "coordinates": [ 134.053273, 34.298187 ] } },
{ "type": "Feature", "properties": { "ID": "375L370503240", "正式名称": "友愛薬局　大学通り店", "機関区分": 5, "都道府県コード": 37, "市区町村コード": 201, "所在地": "香川県高松市番町三丁目２０番１０", "緯度": 34.34211, "経度": 134.038544, "url": "https://www.iryou.teikyouseido.mhlw.go.jp/znk-web/juminkanja/S2430/initialize?prefCd=37&kikanCd=L370503240&kikanKbn=5", "url2": null, "内容": "友愛薬局　大学通り店【5:薬局】香川県高松市番町三丁目２０番１０" }, "geometry": { "type": "Point", "coordinates": [ 134.038544, 34.34211 ] } },
{ "type": "Feature", "properties": { "ID": "375L370503260", "正式名称": "たんぽぽ薬局　仏生山店", "機関区分": 5, "都道府県コード": 37, "市区町村コード": 201, "所在地": "香川県高松市仏生山町甲９２３番", "緯度": 34.281569, "経度": 134.038712, "url": "https://www.iryou.teikyouseido.mhlw.go.jp/znk-web/juminkanja/S2430/initialize?prefCd=37&kikanCd=L370503260&kikanKbn=5", "url2": "http://www.tanpopo-ph.co.jp/", "内容": "たんぽぽ薬局　仏生山店【5:薬局】香川県高松市仏生山町甲９２３番" }, "geometry": { "type": "Point", "coordinates": [ 134.038712, 34.281569 ] } },
{ "type": "Feature", "properties": { "ID": "375L370503270", "正式名称": "レデイ薬局　仏生山店", "機関区分": 5, "都道府県コード": 37, "市区町村コード": 201, "所在地": "香川県高松市仏生山町甲９７６番地１", "緯度": 34.282016, "経度": 134.037092, "url": "https://www.iryou.teikyouseido.mhlw.go.jp/znk-web/juminkanja/S2430/initialize?prefCd=37&kikanCd=L370503270&kikanKbn=5", "url2": "http://www.lady-drug.co.jp/", "内容": "レデイ薬局　仏生山店【5:薬局】香川県高松市仏生山町甲９７６番地１" }, "geometry": { "type": "Point", "coordinates": [ 134.037092, 34.282016 ] } },
{ "type": "Feature", "properties": { "ID": "375L370503280", "正式名称": "はなぞの薬局", "機関区分": 5, "都道府県コード": 37, "市区町村コード": 201, "所在地": "香川県高松市多賀町二丁目１５ー１６", "緯度": 34.335735, "経度": 134.059787, "url": "https://www.iryou.teikyouseido.mhlw.go.jp/znk-web/juminkanja/S2430/initialize?prefCd=37&kikanCd=L370503280&kikanKbn=5", "url2": "http//www.jmedical.co.jp", "内容": "はなぞの薬局【5:薬局】香川県高松市多賀町二丁目１５ー１６" }, "geometry": { "type": "Point", "coordinates": [ 134.059787, 34.335735 ] } },
{ "type": "Feature", "properties": { "ID": "375L370503290", "正式名称": "みらいの薬局", "機関区分": 5, "都道府県コード": 37, "市区町村コード": 201, "所在地": "香川県高松市仏生山町甲２９３－７", "緯度": 34.283576, "経度": 134.041886, "url": "https://www.iryou.teikyouseido.mhlw.go.jp/znk-web/juminkanja/S2430/initialize?prefCd=37&kikanCd=L370503290&kikanKbn=5", "url2": "https://mspharmacy.jp/", "内容": "みらいの薬局【5:薬局】香川県高松市仏生山町甲２９３－７" }, "geometry": { "type": "Point", "coordinates": [ 134.041886, 34.283576 ] } },
{ "type": "Feature", "properties": { "ID": "375L370503300", "正式名称": "アイン薬局　仏生山店", "機関区分": 5, "都道府県コード": 37, "市区町村コード": 201, "所在地": "香川県高松市仏生山町甲２７１番地１０", "緯度": 34.283499, "経度": 134.041442, "url": "https://www.iryou.teikyouseido.mhlw.go.jp/znk-web/juminkanja/S2430/initialize?prefCd=37&kikanCd=L370503300&kikanKbn=5", "url2": "https://www.ainj.co.jp", "内容": "アイン薬局　仏生山店【5:薬局】香川県高松市仏生山町甲２７１番地１０" }, "geometry": { "type": "Point", "coordinates": [ 134.041442, 34.283499 ] } },
{ "type": "Feature", "properties": { "ID": "375L370503310", "正式名称": "しろくま薬局", "機関区分": 5, "都道府県コード": 37, "市区町村コード": 201, "所在地": "香川県高松市出作町２８１－１", "緯度": 34.285917, "経度": 134.050338, "url": "https://www.iryou.teikyouseido.mhlw.go.jp/znk-web/juminkanja/S2430/initialize?prefCd=37&kikanCd=L370503310&kikanKbn=5", "url2": "https://kuma-ph.com", "内容": "しろくま薬局【5:薬局】香川県高松市出作町２８１－１" }, "geometry": { "type": "Point", "coordinates": [ 134.050338, 34.285917 ] } },
{ "type": "Feature", "properties": { "ID": "375L370503320", "正式名称": "りぼん薬局", "機関区分": 5, "都道府県コード": 37, "市区町村コード": 201, "所在地": "香川県高松市西春日町１１１１番地１", "緯度": 34.322984, "経度": 134.028615, "url": "https://www.iryou.teikyouseido.mhlw.go.jp/znk-web/juminkanja/S2430/initialize?prefCd=37&kikanCd=L370503320&kikanKbn=5", "url2": null, "内容": "りぼん薬局【5:薬局】香川県高松市西春日町１１１１番地１" }, "geometry": { "type": "Point", "coordinates": [ 134.028615, 34.322984 ] } },
{ "type": "Feature", "properties": { "ID": "375L370503340", "正式名称": "クオール薬局　前田東町店", "機関区分": 5, "都道府県コード": 37, "市区町村コード": 201, "所在地": "香川県高松市前田東町８０１－７", "緯度": 34.294749, "経度": 134.113567, "url": "https://www.iryou.teikyouseido.mhlw.go.jp/znk-web/juminkanja/S2430/initialize?prefCd=37&kikanCd=L370503340&kikanKbn=5", "url2": "https://store.qol-net.co.jp/detail/325/", "内容": "クオール薬局　前田東町店【5:薬局】香川県高松市前田東町８０１－７" }, "geometry": { "type": "Point", "coordinates": [ 134.113567, 34.294749 ] } },
{ "type": "Feature", "properties": { "ID": "375L370503350", "正式名称": "クオール薬局ライフ店", "機関区分": 5, "都道府県コード": 37, "市区町村コード": 201, "所在地": "香川県高松市木太町３２３６－２", "緯度": 34.333608, "経度": 134.075389, "url": "https://www.iryou.teikyouseido.mhlw.go.jp/znk-web/juminkanja/S2430/initialize?prefCd=37&kikanCd=L370503350&kikanKbn=5", "url2": "https://store.qol-net.co.jp/detail/328/", "内容": "クオール薬局ライフ店【5:薬局】香川県高松市木太町３２３６－２" }, "geometry": { "type": "Point", "coordinates": [ 134.075389, 34.333608 ] } },
{ "type": "Feature", "properties": { "ID": "375L370503360", "正式名称": "日本調剤　高松薬局", "機関区分": 5, "都道府県コード": 37, "市区町村コード": 201, "所在地": "香川県高松市番町１－１０－２８　１階", "緯度": 34.340866, "経度": 134.044719, "url": "https://www.iryou.teikyouseido.mhlw.go.jp/znk-web/juminkanja/S2430/initialize?prefCd=37&kikanCd=L370503360&kikanKbn=5", "url2": null, "内容": "日本調剤　高松薬局【5:薬局】香川県高松市番町１－１０－２８　１階" }, "geometry": { "type": "Point", "coordinates": [ 134.044719, 34.340866 ] } },
{ "type": "Feature", "properties": { "ID": "375L370503370", "正式名称": "ハート調剤薬局　三谷店", "機関区分": 5, "都道府県コード": 37, "市区町村コード": 201, "所在地": "香川県高松市三谷町１６９７－１５", "緯度": 34.279285, "経度": 134.060169, "url": "https://www.iryou.teikyouseido.mhlw.go.jp/znk-web/juminkanja/S2430/initialize?prefCd=37&kikanCd=L370503370&kikanKbn=5", "url2": "http://www.a.my-drug-store.net", "内容": "ハート調剤薬局　三谷店【5:薬局】香川県高松市三谷町１６９７－１５" }, "geometry": { "type": "Point", "coordinates": [ 134.060169, 34.279285 ] } },
{ "type": "Feature", "properties": { "ID": "375L370503390", "正式名称": "アイン薬局　香川浅野店", "機関区分": 5, "都道府県コード": 37, "市区町村コード": 201, "所在地": "香川県高松市香川町浅野１３７－３", "緯度": 34.269918, "経度": 134.035061, "url": "https://www.iryou.teikyouseido.mhlw.go.jp/znk-web/juminkanja/S2430/initialize?prefCd=37&kikanCd=L370503390&kikanKbn=5", "url2": "https://www.ainj.co.jp", "内容": "アイン薬局　香川浅野店【5:薬局】香川県高松市香川町浅野１３７－３" }, "geometry": { "type": "Point", "coordinates": [ 134.035061, 34.269918 ] } },
{ "type": "Feature", "properties": { "ID": "375L370503400", "正式名称": "ココロ調剤薬局　六条店", "機関区分": 5, "都道府県コード": 37, "市区町村コード": 201, "所在地": "香川県高松市下田井町３７２－１", "緯度": 34.290848, "経度": 134.09041, "url": "https://www.iryou.teikyouseido.mhlw.go.jp/znk-web/juminkanja/S2430/initialize?prefCd=37&kikanCd=L370503400&kikanKbn=5", "url2": "http://www.shikoku-ms.com", "内容": "ココロ調剤薬局　六条店【5:薬局】香川県高松市下田井町３７２－１" }, "geometry": { "type": "Point", "coordinates": [ 134.09041, 34.290848 ] } },
{ "type": "Feature", "properties": { "ID": "375L370503410", "正式名称": "ブルーソックス薬局　浜ノ町店", "機関区分": 5, "都道府県コード": 37, "市区町村コード": 201, "所在地": "香川県高松市浜ノ町２６７－１", "緯度": 34.351258, "経度": 134.040222, "url": "https://www.iryou.teikyouseido.mhlw.go.jp/znk-web/juminkanja/S2430/initialize?prefCd=37&kikanCd=L370503410&kikanKbn=5", "url2": null, "内容": "ブルーソックス薬局　浜ノ町店【5:薬局】香川県高松市浜ノ町２６７－１" }, "geometry": { "type": "Point", "coordinates": [ 134.040222, 34.351258 ] } },
{ "type": "Feature", "properties": { "ID": "375L370503420", "正式名称": "アイン薬局　高松築港店", "機関区分": 5, "都道府県コード": 37, "市区町村コード": 201, "所在地": "香川県高松市寿町一丁目４－３　高松中央通りビル２階", "緯度": 34.348905, "経度": 134.049137, "url": "https://www.iryou.teikyouseido.mhlw.go.jp/znk-web/juminkanja/S2430/initialize?prefCd=37&kikanCd=L370503420&kikanKbn=5", "url2": "https://www.ainj.co.jp", "内容": "アイン薬局　高松築港店【5:薬局】香川県高松市寿町一丁目４－３　高松中央通りビル２階" }, "geometry": { "type": "Point", "coordinates": [ 134.049137, 34.348905 ] } },
{ "type": "Feature", "properties": { "ID": "375L370503430", "正式名称": "いちご調剤薬局", "機関区分": 5, "都道府県コード": 37, "市区町村コード": 201, "所在地": "香川県高松市太田下町２４６２－３", "緯度": 34.310206, "経度": 134.049259, "url": "https://www.iryou.teikyouseido.mhlw.go.jp/znk-web/juminkanja/S2430/initialize?prefCd=37&kikanCd=L370503430&kikanKbn=5", "url2": "https://ishokuroman.com", "内容": "いちご調剤薬局【5:薬局】香川県高松市太田下町２４６２－３" }, "geometry": { "type": "Point", "coordinates": [ 134.049259, 34.310206 ] } },
{ "type": "Feature", "properties": { "ID": "375L370503440", "正式名称": "あすか薬局", "機関区分": 5, "都道府県コード": 37, "市区町村コード": 201, "所在地": "香川県高松市木太町５０７７－１", "緯度": 34.312628, "経度": 134.063603, "url": "https://www.iryou.teikyouseido.mhlw.go.jp/znk-web/juminkanja/S2430/initialize?prefCd=37&kikanCd=L370503440&kikanKbn=5", "url2": "https://www.marinegroup.jp/detail/%e3%81%82%e3%81%99%e3%81%8b%e8%96%ac%e5%b1%80-2/", "内容": "あすか薬局【5:薬局】香川県高松市木太町５０７７－１" }, "geometry": { "type": "Point", "coordinates": [ 134.063603, 34.312628 ] } },
{ "type": "Feature", "properties": { "ID": "375L370503450", "正式名称": "日本調剤　リツリン薬局", "機関区分": 5, "都道府県コード": 37, "市区町村コード": 201, "所在地": "香川県高松市栗林町３－５－２", "緯度": 34.329161, "経度": 134.049975, "url": "https://www.iryou.teikyouseido.mhlw.go.jp/znk-web/juminkanja/S2430/initialize?prefCd=37&kikanCd=L370503450&kikanKbn=5", "url2": "https://www.nicho.co.jp/", "内容": "日本調剤　リツリン薬局【5:薬局】香川県高松市栗林町３－５－２" }, "geometry": { "type": "Point", "coordinates": [ 134.049975, 34.329161 ] } },
{ "type": "Feature", "properties": { "ID": "375L370503460", "正式名称": "メグミ調剤薬局　福岡店", "機関区分": 5, "都道府県コード": 37, "市区町村コード": 201, "所在地": "香川県高松市福岡町２丁目２７－１", "緯度": 34.344268, "経度": 134.06809, "url": "https://www.iryou.teikyouseido.mhlw.go.jp/znk-web/juminkanja/S2430/initialize?prefCd=37&kikanCd=L370503460&kikanKbn=5", "url2": null, "内容": "メグミ調剤薬局　福岡店【5:薬局】香川県高松市福岡町２丁目２７－１" }, "geometry": { "type": "Point", "coordinates": [ 134.06809, 34.344268 ] } },
{ "type": "Feature", "properties": { "ID": "375L370503470", "正式名称": "ココロ調剤薬局　シンボルタワー店", "機関区分": 5, "都道府県コード": 37, "市区町村コード": 201, "所在地": "香川県高松市サンポート２－１　マリタイムプラザ高松２Ｆ", "緯度": 34.352496, "経度": 134.0474, "url": "https://www.iryou.teikyouseido.mhlw.go.jp/znk-web/juminkanja/S2430/initialize?prefCd=37&kikanCd=L370503470&kikanKbn=5", "url2": "http://www.shikoku-ms.com", "内容": "ココロ調剤薬局　シンボルタワー店【5:薬局】香川県高松市サンポート２－１　マリタイムプラザ高松２Ｆ" }, "geometry": { "type": "Point", "coordinates": [ 134.0474, 34.352496 ] } },
{ "type": "Feature", "properties": { "ID": "375L370503480", "正式名称": "ゆい薬局", "機関区分": 5, "都道府県コード": 37, "市区町村コード": 201, "所在地": "香川県高松市多肥下町４８０－１", "緯度": 34.298657, "経度": 134.058912, "url": "https://www.iryou.teikyouseido.mhlw.go.jp/znk-web/juminkanja/S2430/initialize?prefCd=37&kikanCd=L370503480&kikanKbn=5", "url2": "https://yui-pharmacy.com/", "内容": "ゆい薬局【5:薬局】香川県高松市多肥下町４８０－１" }, "geometry": { "type": "Point", "coordinates": [ 134.058912, 34.298657 ] } },
{ "type": "Feature", "properties": { "ID": "375L370503490", "正式名称": "京町薬局国分寺店", "機関区分": 5, "都道府県コード": 37, "市区町村コード": 201, "所在地": "香川県高松市国分寺町福家甲３０９１番地２９", "緯度": 34.284259, "経度": 133.963444, "url": "https://www.iryou.teikyouseido.mhlw.go.jp/znk-web/juminkanja/S2430/initialize?prefCd=37&kikanCd=L370503490&kikanKbn=5", "url2": "http://www.kyomachi-pharmacy.co.jp/", "内容": "京町薬局国分寺店【5:薬局】香川県高松市国分寺町福家甲３０９１番地２９" }, "geometry": { "type": "Point", "coordinates": [ 133.963444, 34.284259 ] } },
{ "type": "Feature", "properties": { "ID": "375L370503500", "正式名称": "レデイ薬局　今里店", "機関区分": 5, "都道府県コード": 37, "市区町村コード": 201, "所在地": "香川県高松市今里町二丁目１０番１８", "緯度": 34.325321, "経度": 134.064461, "url": "https://www.iryou.teikyouseido.mhlw.go.jp/znk-web/juminkanja/S2430/initialize?prefCd=37&kikanCd=L370503500&kikanKbn=5", "url2": "http://www.lady-drug.co.jp/", "内容": "レデイ薬局　今里店【5:薬局】香川県高松市今里町二丁目１０番１８" }, "geometry": { "type": "Point", "coordinates": [ 134.064461, 34.325321 ] } },
{ "type": "Feature", "properties": { "ID": "375L370503510", "正式名称": "ソルト薬局", "機関区分": 5, "都道府県コード": 37, "市区町村コード": 201, "所在地": "香川県高松市丸亀町４－１３　上田ビル１階", "緯度": 34.343751, "経度": 134.049792, "url": "https://www.iryou.teikyouseido.mhlw.go.jp/znk-web/juminkanja/S2430/initialize?prefCd=37&kikanCd=L370503510&kikanKbn=5", "url2": "https://salt-pharmacy.com", "内容": "ソルト薬局【5:薬局】香川県高松市丸亀町４－１３　上田ビル１階" }, "geometry": { "type": "Point", "coordinates": [ 134.049792, 34.343751 ] } },
{ "type": "Feature", "properties": { "ID": "375L370503530", "正式名称": "ゆら調剤薬局", "機関区分": 5, "都道府県コード": 37, "市区町村コード": 201, "所在地": "香川県高松市六条町６０５－１", "緯度": 34.294235, "経度": 134.078986, "url": "https://www.iryou.teikyouseido.mhlw.go.jp/znk-web/juminkanja/S2430/initialize?prefCd=37&kikanCd=L370503530&kikanKbn=5", "url2": null, "内容": "ゆら調剤薬局【5:薬局】香川県高松市六条町６０５－１" }, "geometry": { "type": "Point", "coordinates": [ 134.078986, 34.294235 ] } },
{ "type": "Feature", "properties": { "ID": "375L370503570", "正式名称": "そうごう薬局　高松浅野店", "機関区分": 5, "都道府県コード": 37, "市区町村コード": 201, "所在地": "香川県高松市香川町浅野２７４－８", "緯度": 34.2661, "経度": 134.034601, "url": "https://www.iryou.teikyouseido.mhlw.go.jp/znk-web/juminkanja/S2430/initialize?prefCd=37&kikanCd=L370503570&kikanKbn=5", "url2": "https://www.sogo-medical.co.jp/sogopharmacy/shop/view/812", "内容": "そうごう薬局　高松浅野店【5:薬局】香川県高松市香川町浅野２７４－８" }, "geometry": { "type": "Point", "coordinates": [ 134.034601, 34.2661 ] } },
{ "type": "Feature", "properties": { "ID": "375L370503580", "正式名称": "ココロ調剤薬局　木太店", "機関区分": 5, "都道府県コード": 37, "市区町村コード": 201, "所在地": "香川県高松市木太町５０８０番地１３", "緯度": 34.310392, "経度": 134.064863, "url": "https://www.iryou.teikyouseido.mhlw.go.jp/znk-web/juminkanja/S2430/initialize?prefCd=37&kikanCd=L370503580&kikanKbn=5", "url2": "http://shikoku-ms.com/", "内容": "ココロ調剤薬局　木太店【5:薬局】香川県高松市木太町５０８０番地１３" }, "geometry": { "type": "Point", "coordinates": [ 134.064863, 34.310392 ] } },
{ "type": "Feature", "properties": { "ID": "375L370503590", "正式名称": "有限会社正木薬局　高松一宮支店", "機関区分": 5, "都道府県コード": 37, "市区町村コード": 201, "所在地": "香川県高松市一宮町１５２８ー１", "緯度": 34.290855, "経度": 134.019363, "url": "https://www.iryou.teikyouseido.mhlw.go.jp/znk-web/juminkanja/S2430/initialize?prefCd=37&kikanCd=L370503590&kikanKbn=5", "url2": "http://www.masakiph.jp/", "内容": "有限会社正木薬局　高松一宮支店【5:薬局】香川県高松市一宮町１５２８ー１" }, "geometry": { "type": "Point", "coordinates": [ 134.019363, 34.290855 ] } },
{ "type": "Feature", "properties": { "ID": "375L370503620", "正式名称": "ファルマ調剤薬局　大野店", "機関区分": 5, "都道府県コード": 37, "市区町村コード": 201, "所在地": "香川県高松市香川町大野１３２６番地１", "緯度": 34.267007, "経度": 134.025403, "url": "https://www.iryou.teikyouseido.mhlw.go.jp/znk-web/juminkanja/S2430/initialize?prefCd=37&kikanCd=L370503620&kikanKbn=5", "url2": null, "内容": "ファルマ調剤薬局　大野店【5:薬局】香川県高松市香川町大野１３２６番地１" }, "geometry": { "type": "Point", "coordinates": [ 134.025403, 34.267007 ] } },
{ "type": "Feature", "properties": { "ID": "375L370503630", "正式名称": "きりん調剤薬局　福田町店", "機関区分": 5, "都道府県コード": 37, "市区町村コード": 201, "所在地": "香川県高松市福田町１３ー２", "緯度": 34.340954, "経度": 134.05373, "url": "https://www.iryou.teikyouseido.mhlw.go.jp/znk-web/juminkanja/S2430/initialize?prefCd=37&kikanCd=L370503630&kikanKbn=5", "url2": "https://shikoku-ms.com", "内容": "きりん調剤薬局　福田町店【5:薬局】香川県高松市福田町１３ー２" }, "geometry": { "type": "Point", "coordinates": [ 134.05373, 34.340954 ] } },
{ "type": "Feature", "properties": { "ID": "375L370503640", "正式名称": "コスモ調剤薬局　高松南店", "機関区分": 5, "都道府県コード": 37, "市区町村コード": 201, "所在地": "香川県高松市三名町東原７０番１", "緯度": 34.286919, "経度": 134.035402, "url": "https://www.iryou.teikyouseido.mhlw.go.jp/znk-web/juminkanja/S2430/initialize?prefCd=37&kikanCd=L370503640&kikanKbn=5", "url2": "cosumo-chouzai.jp", "内容": "コスモ調剤薬局　高松南店【5:薬局】香川県高松市三名町東原７０番１" }, "geometry": { "type": "Point", "coordinates": [ 134.035402, 34.286919 ] } },
{ "type": "Feature", "properties": { "ID": "375L370503650", "正式名称": "コスモ調剤薬局　香南店", "機関区分": 5, "都道府県コード": 37, "市区町村コード": 201, "所在地": "香川県高松市香南町由佐１４５ー１", "緯度": 34.236719, "経度": 134.021292, "url": "https://www.iryou.teikyouseido.mhlw.go.jp/znk-web/juminkanja/S2430/initialize?prefCd=37&kikanCd=L370503650&kikanKbn=5", "url2": "https://cosmo-chouzai.jp", "内容": "コスモ調剤薬局　香南店【5:薬局】香川県高松市香南町由佐１４５ー１" }, "geometry": { "type": "Point", "coordinates": [ 134.021292, 34.236719 ] } },
{ "type": "Feature", "properties": { "ID": "375L370503660", "正式名称": "ウルス調剤薬局国分寺", "機関区分": 5, "都道府県コード": 37, "市区町村コード": 201, "所在地": "香川県高松市国分寺町福家甲３１７４－１", "緯度": 34.286537, "経度": 133.962473, "url": "https://www.iryou.teikyouseido.mhlw.go.jp/znk-web/juminkanja/S2430/initialize?prefCd=37&kikanCd=L370503660&kikanKbn=5", "url2": null, "内容": "ウルス調剤薬局国分寺【5:薬局】香川県高松市国分寺町福家甲３１７４－１" }, "geometry": { "type": "Point", "coordinates": [ 133.962473, 34.286537 ] } },
{ "type": "Feature", "properties": { "ID": "375L370503670", "正式名称": "中央公園薬局", "機関区分": 5, "都道府県コード": 37, "市区町村コード": 201, "所在地": "香川県高松市番町１丁目１０番１号１階", "緯度": 34.342274, "経度": 134.045575, "url": "https://www.iryou.teikyouseido.mhlw.go.jp/znk-web/juminkanja/S2430/initialize?prefCd=37&kikanCd=L370503670&kikanKbn=5", "url2": null, "内容": "中央公園薬局【5:薬局】香川県高松市番町１丁目１０番１号１階" }, "geometry": { "type": "Point", "coordinates": [ 134.045575, 34.342274 ] } },
{ "type": "Feature", "properties": { "ID": "375L370503680", "正式名称": "めいぷる薬局　高松円座店", "機関区分": 5, "都道府県コード": 37, "市区町村コード": 201, "所在地": "香川県高松市中間町４９番地９", "緯度": 34.287892, "経度": 134.001939, "url": "https://www.iryou.teikyouseido.mhlw.go.jp/znk-web/juminkanja/S2430/initialize?prefCd=37&kikanCd=L370503680&kikanKbn=5", "url2": null, "内容": "めいぷる薬局　高松円座店【5:薬局】香川県高松市中間町４９番地９" }, "geometry": { "type": "Point", "coordinates": [ 134.001939, 34.287892 ] } },
{ "type": "Feature", "properties": { "ID": "375L370503690", "正式名称": "ハートリーフ薬局伏石店", "機関区分": 5, "都道府県コード": 37, "市区町村コード": 201, "所在地": "香川県高松市太田下町２４５７番地８", "緯度": 34.310044, "経度": 134.049813, "url": "https://www.iryou.teikyouseido.mhlw.go.jp/znk-web/juminkanja/S2430/initialize?prefCd=37&kikanCd=L370503690&kikanKbn=5", "url2": null, "内容": "ハートリーフ薬局伏石店【5:薬局】香川県高松市太田下町２４５７番地８" }, "geometry": { "type": "Point", "coordinates": [ 134.049813, 34.310044 ] } },
{ "type": "Feature", "properties": { "ID": "375L370503720", "正式名称": "栗林公園前薬局", "機関区分": 5, "都道府県コード": 37, "市区町村コード": 201, "所在地": "香川県高松市栗林町一丁目６番１号", "緯度": 34.330978, "経度": 134.046595, "url": "https://www.iryou.teikyouseido.mhlw.go.jp/znk-web/juminkanja/S2430/initialize?prefCd=37&kikanCd=L370503720&kikanKbn=5", "url2": "http://kagawa-hk.com", "内容": "栗林公園前薬局【5:薬局】香川県高松市栗林町一丁目６番１号" }, "geometry": { "type": "Point", "coordinates": [ 134.046595, 34.330978 ] } },
{ "type": "Feature", "properties": { "ID": "375L370503730", "正式名称": "みやび調剤薬局", "機関区分": 5, "都道府県コード": 37, "市区町村コード": 201, "所在地": "香川県高松市鬼無町藤井３９４－１", "緯度": 34.332207, "経度": 134.002992, "url": "https://www.iryou.teikyouseido.mhlw.go.jp/znk-web/juminkanja/S2430/initialize?prefCd=37&kikanCd=L370503730&kikanKbn=5", "url2": null, "内容": "みやび調剤薬局【5:薬局】香川県高松市鬼無町藤井３９４－１" }, "geometry": { "type": "Point", "coordinates": [ 134.002992, 34.332207 ] } },
{ "type": "Feature", "properties": { "ID": "375L370503740", "正式名称": "元気えむ薬局", "機関区分": 5, "都道府県コード": 37, "市区町村コード": 201, "所在地": "香川県高松市国分寺町国分１３９－７", "緯度": 34.297684, "経度": 133.955443, "url": "https://www.iryou.teikyouseido.mhlw.go.jp/znk-web/juminkanja/S2430/initialize?prefCd=37&kikanCd=L370503740&kikanKbn=5", "url2": "https://www.momomtyouzai.com/", "内容": "元気えむ薬局【5:薬局】香川県高松市国分寺町国分１３９－７" }, "geometry": { "type": "Point", "coordinates": [ 133.955443, 34.297684 ] } },
{ "type": "Feature", "properties": { "ID": "375L370503750", "正式名称": "ひだまり調剤薬局　屋島店", "機関区分": 5, "都道府県コード": 37, "市区町村コード": 201, "所在地": "香川県高松市屋島西町２４９２－３５　１階", "緯度": 34.348623, "経度": 134.089124, "url": "https://www.iryou.teikyouseido.mhlw.go.jp/znk-web/juminkanja/S2430/initialize?prefCd=37&kikanCd=L370503750&kikanKbn=5", "url2": "http://hidamari-ph.com/", "内容": "ひだまり調剤薬局　屋島店【5:薬局】香川県高松市屋島西町２４９２－３５　１階" }, "geometry": { "type": "Point", "coordinates": [ 134.089124, 34.348623 ] } },
{ "type": "Feature", "properties": { "ID": "375L370503760", "正式名称": "コスモス調剤薬局　多肥上町店", "機関区分": 5, "都道府県コード": 37, "市区町村コード": 201, "所在地": "香川県高松市多肥上町１１８２－１", "緯度": 34.296056, "経度": 134.053632, "url": "https://www.iryou.teikyouseido.mhlw.go.jp/znk-web/juminkanja/S2430/initialize?prefCd=37&kikanCd=L370503760&kikanKbn=5", "url2": "https://www.cosmospc.co.jp", "内容": "コスモス調剤薬局　多肥上町店【5:薬局】香川県高松市多肥上町１１８２－１" }, "geometry": { "type": "Point", "coordinates": [ 134.053632, 34.296056 ] } },
{ "type": "Feature", "properties": { "ID": "375L370503770", "正式名称": "すずらん調剤薬局", "機関区分": 5, "都道府県コード": 37, "市区町村コード": 201, "所在地": "香川県高松市瓦町２丁目２－１６", "緯度": 34.340456, "経度": 134.051978, "url": "https://www.iryou.teikyouseido.mhlw.go.jp/znk-web/juminkanja/S2430/initialize?prefCd=37&kikanCd=L370503770&kikanKbn=5", "url2": null, "内容": "すずらん調剤薬局【5:薬局】香川県高松市瓦町２丁目２－１６" }, "geometry": { "type": "Point", "coordinates": [ 134.051978, 34.340456 ] } },
{ "type": "Feature", "properties": { "ID": "375L370503780", "正式名称": "スター薬局　丸の内店", "機関区分": 5, "都道府県コード": 37, "市区町村コード": 201, "所在地": "香川県高松市内町３番２号　美濃ビル１階", "緯度": 34.346663, "経度": 134.05258, "url": "https://www.iryou.teikyouseido.mhlw.go.jp/znk-web/juminkanja/S2430/initialize?prefCd=37&kikanCd=L370503780&kikanKbn=5", "url2": "http://www.starpharmacy.jp/", "内容": "スター薬局　丸の内店【5:薬局】香川県高松市内町３番２号　美濃ビル１階" }, "geometry": { "type": "Point", "coordinates": [ 134.05258, 34.346663 ] } },
{ "type": "Feature", "properties": { "ID": "375L370503790", "正式名称": "香川県薬剤師会会営薬局県庁北", "機関区分": 5, "都道府県コード": 37, "市区町村コード": 201, "所在地": "香川県高松市番町三丁目１４番８号", "緯度": 34.341638, "経度": 134.042146, "url": "https://www.iryou.teikyouseido.mhlw.go.jp/znk-web/juminkanja/S2430/initialize?prefCd=37&kikanCd=L370503790&kikanKbn=5", "url2": "http://www.kagayaku.jp/", "内容": "香川県薬剤師会会営薬局県庁北【5:薬局】香川県高松市番町三丁目１４番８号" }, "geometry": { "type": "Point", "coordinates": [ 134.042146, 34.341638 ] } },
{ "type": "Feature", "properties": { "ID": "375L370503800", "正式名称": "ココロン調剤薬局　小村店", "機関区分": 5, "都道府県コード": 37, "市区町村コード": 201, "所在地": "香川県高松市小村町２５６－３", "緯度": 34.284534, "経度": 134.097535, "url": "https://www.iryou.teikyouseido.mhlw.go.jp/znk-web/juminkanja/S2430/initialize?prefCd=37&kikanCd=L370503800&kikanKbn=5", "url2": "https://www.palsee1843.com", "内容": "ココロン調剤薬局　小村店【5:薬局】香川県高松市小村町２５６－３" }, "geometry": { "type": "Point", "coordinates": [ 134.097535, 34.284534 ] } },
{ "type": "Feature", "properties": { "ID": "375L370503810", "正式名称": "ココロン調剤薬局　屋島西店", "機関区分": 5, "都道府県コード": 37, "市区町村コード": 201, "所在地": "香川県高松市屋島西町１３４７番地９", "緯度": 34.346492, "経度": 134.093769, "url": "https://www.iryou.teikyouseido.mhlw.go.jp/znk-web/juminkanja/S2430/initialize?prefCd=37&kikanCd=L370503810&kikanKbn=5", "url2": null, "内容": "ココロン調剤薬局　屋島西店【5:薬局】香川県高松市屋島西町１３４７番地９" }, "geometry": { "type": "Point", "coordinates": [ 134.093769, 34.346492 ] } },
{ "type": "Feature", "properties": { "ID": "375L370503830", "正式名称": "ウエルシア薬局高松朝日町店", "機関区分": 5, "都道府県コード": 37, "市区町村コード": 201, "所在地": "香川県高松市朝日町三丁目１番４８号", "緯度": 34.347436, "経度": 134.067482, "url": "https://www.iryou.teikyouseido.mhlw.go.jp/znk-web/juminkanja/S2430/initialize?prefCd=37&kikanCd=L370503830&kikanKbn=5", "url2": "https://store.welcia.co.jp/welcia/spot/detail?code=6837D", "内容": "ウエルシア薬局高松朝日町店【5:薬局】香川県高松市朝日町三丁目１番４８号" }, "geometry": { "type": "Point", "coordinates": [ 134.067482, 34.347436 ] } },
{ "type": "Feature", "properties": { "ID": "375L370503840", "正式名称": "まりん薬局", "機関区分": 5, "都道府県コード": 37, "市区町村コード": 201, "所在地": "香川県高松市伏石町２０３８番地１", "緯度": 34.316821, "経度": 134.055311, "url": "https://www.iryou.teikyouseido.mhlw.go.jp/znk-web/juminkanja/S2430/initialize?prefCd=37&kikanCd=L370503840&kikanKbn=5", "url2": null, "内容": "まりん薬局【5:薬局】香川県高松市伏石町２０３８番地１" }, "geometry": { "type": "Point", "coordinates": [ 134.055311, 34.316821 ] } },
{ "type": "Feature", "properties": { "ID": "375L370503850", "正式名称": "ＫＣやしま調剤薬局", "機関区分": 5, "都道府県コード": 37, "市区町村コード": 201, "所在地": "香川県高松市高松町２５１３－１１三石ビル１階", "緯度": 34.338148, "経度": 134.109179, "url": "https://www.iryou.teikyouseido.mhlw.go.jp/znk-web/juminkanja/S2430/initialize?prefCd=37&kikanCd=L370503850&kikanKbn=5", "url2": "http://www.kckagawa.com", "内容": "ＫＣやしま調剤薬局【5:薬局】香川県高松市高松町２５１３－１１三石ビル１階" }, "geometry": { "type": "Point", "coordinates": [ 134.109179, 34.338148 ] } },
{ "type": "Feature", "properties": { "ID": "375L370503860", "正式名称": "八幡前のの薬局", "機関区分": 5, "都道府県コード": 37, "市区町村コード": 201, "所在地": "香川県高松市宮脇町１丁目３１－１０冨田ビル１階", "緯度": 34.336906, "経度": 134.036525, "url": "https://www.iryou.teikyouseido.mhlw.go.jp/znk-web/juminkanja/S2430/initialize?prefCd=37&kikanCd=L370503860&kikanKbn=5", "url2": null, "内容": "八幡前のの薬局【5:薬局】香川県高松市宮脇町１丁目３１－１０冨田ビル１階" }, "geometry": { "type": "Point", "coordinates": [ 134.036525, 34.336906 ] } },
{ "type": "Feature", "properties": { "ID": "375L370503870", "正式名称": "シエル薬局", "機関区分": 5, "都道府県コード": 37, "市区町村コード": 201, "所在地": "香川県高松市六条町７９５－１", "緯度": 34.298037, "経度": 134.078644, "url": "https://www.iryou.teikyouseido.mhlw.go.jp/znk-web/juminkanja/S2430/initialize?prefCd=37&kikanCd=L370503870&kikanKbn=5", "url2": "https://www.e-classa.net/cosmos_pharm/index.html", "内容": "シエル薬局【5:薬局】香川県高松市六条町７９５－１" }, "geometry": { "type": "Point", "coordinates": [ 134.078644, 34.298037 ] } },
{ "type": "Feature", "properties": { "ID": "375L370503880", "正式名称": "福岡町薬局", "機関区分": 5, "都道府県コード": 37, "市区町村コード": 201, "所在地": "香川県高松市福岡町３丁目５番９号", "緯度": 34.346418, "経度": 134.073089, "url": "https://www.iryou.teikyouseido.mhlw.go.jp/znk-web/juminkanja/S2430/initialize?prefCd=37&kikanCd=L370503880&kikanKbn=5", "url2": null, "内容": "福岡町薬局【5:薬局】香川県高松市福岡町３丁目５番９号" }, "geometry": { "type": "Point", "coordinates": [ 134.073089, 34.346418 ] } },
{ "type": "Feature", "properties": { "ID": "375L370503890", "正式名称": "アイン薬局　高松日赤前店", "機関区分": 5, "都道府県コード": 37, "市区町村コード": 201, "所在地": "香川県高松市番町一丁目１０番１７号１階", "緯度": 35.680959, "経度": 139.767306, "url": "https://www.iryou.teikyouseido.mhlw.go.jp/znk-web/juminkanja/S2430/initialize?prefCd=37&kikanCd=L370503890&kikanKbn=5", "url2": "https://www.ainj.co.jp", "内容": "アイン薬局　高松日赤前店【5:薬局】香川県高松市番町一丁目１０番１７号１階" }, "geometry": { "type": "Point", "coordinates": [ 139.767306, 35.680959 ] } },
{ "type": "Feature", "properties": { "ID": "375L370503900", "正式名称": "ななつ星調剤薬局", "機関区分": 5, "都道府県コード": 37, "市区町村コード": 201, "所在地": "香川県高松市林町２５３１番地１", "緯度": 34.306933, "経度": 134.06458, "url": "https://www.iryou.teikyouseido.mhlw.go.jp/znk-web/juminkanja/S2430/initialize?prefCd=37&kikanCd=L370503900&kikanKbn=5", "url2": "https://nanatsuhoshi.wordpress.com/", "内容": "ななつ星調剤薬局【5:薬局】香川県高松市林町２５３１番地１" }, "geometry": { "type": "Point", "coordinates": [ 134.06458, 34.306933 ] } },
{ "type": "Feature", "properties": { "ID": "375L370503910", "正式名称": "ププレひまわり薬局屋島店", "機関区分": 5, "都道府県コード": 37, "市区町村コード": 201, "所在地": "香川県高松市高松町２５１０番地９", "緯度": 34.337921, "経度": 134.108085, "url": "https://www.iryou.teikyouseido.mhlw.go.jp/znk-web/juminkanja/S2430/initialize?prefCd=37&kikanCd=L370503910&kikanKbn=5", "url2": "https://himawarinews.com/store/yashima_pharmacy/", "内容": "ププレひまわり薬局屋島店【5:薬局】香川県高松市高松町２５１０番地９" }, "geometry": { "type": "Point", "coordinates": [ 134.108085, 34.337921 ] } },
{ "type": "Feature", "properties": { "ID": "375L370503920", "正式名称": "はしおか薬局", "機関区分": 5, "都道府県コード": 37, "市区町村コード": 201, "所在地": "香川県高松市国分寺町新居４６９－１５", "緯度": 34.30534, "経度": 133.96786, "url": "https://www.iryou.teikyouseido.mhlw.go.jp/znk-web/juminkanja/S2430/initialize?prefCd=37&kikanCd=L370503920&kikanKbn=5", "url2": null, "内容": "はしおか薬局【5:薬局】香川県高松市国分寺町新居４６９－１５" }, "geometry": { "type": "Point", "coordinates": [ 133.96786, 34.30534 ] } },
{ "type": "Feature", "properties": { "ID": "375L370503930", "正式名称": "ふせいし薬局", "機関区分": 5, "都道府県コード": 37, "市区町村コード": 201, "所在地": "香川県高松市伏石町１３５４番地３", "緯度": 34.317927, "経度": 134.051347, "url": "https://www.iryou.teikyouseido.mhlw.go.jp/znk-web/juminkanja/S2430/initialize?prefCd=37&kikanCd=L370503930&kikanKbn=5", "url2": "https://www.alive-phc.com", "内容": "ふせいし薬局【5:薬局】香川県高松市伏石町１３５４番地３" }, "geometry": { "type": "Point", "coordinates": [ 134.051347, 34.317927 ] } },
{ "type": "Feature", "properties": { "ID": "375L370503940", "正式名称": "磨屋町薬局", "機関区分": 5, "都道府県コード": 37, "市区町村コード": 201, "所在地": "香川県高松市磨屋町１０－７ココマチタカマツアルファメディカルモール１階", "緯度": 34.344902, "経度": 134.049648, "url": "https://www.iryou.teikyouseido.mhlw.go.jp/znk-web/juminkanja/S2430/initialize?prefCd=37&kikanCd=L370503940&kikanKbn=5", "url2": "https://nexint.co.jp/", "内容": "磨屋町薬局【5:薬局】香川県高松市磨屋町１０－７ココマチタカマツアルファメディカルモール１階" }, "geometry": { "type": "Point", "coordinates": [ 134.049648, 34.344902 ] } },
{ "type": "Feature", "properties": { "ID": "375L370503960", "正式名称": "レデイ薬局　牟礼店", "機関区分": 5, "都道府県コード": 37, "市区町村コード": 201, "所在地": "香川県高松市牟礼町牟礼９９８番地１", "緯度": 34.341841, "経度": 134.131493, "url": "https://www.iryou.teikyouseido.mhlw.go.jp/znk-web/juminkanja/S2430/initialize?prefCd=37&kikanCd=L370503960&kikanKbn=5", "url2": "http://www.lady-drug.co.jp/", "内容": "レデイ薬局　牟礼店【5:薬局】香川県高松市牟礼町牟礼９９８番地１" }, "geometry": { "type": "Point", "coordinates": [ 134.131493, 34.341841 ] } },
{ "type": "Feature", "properties": { "ID": "375L370503970", "正式名称": "壱番街ドーム薬局", "機関区分": 5, "都道府県コード": 37, "市区町村コード": 201, "所在地": "香川県高松市丸亀町１－１　高松丸亀町壱番街西館２階", "緯度": 34.3458674, "経度": 134.0507639, "url": "https://www.iryou.teikyouseido.mhlw.go.jp/znk-web/juminkanja/S2430/initialize?prefCd=37&kikanCd=L370503970&kikanKbn=5", "url2": null, "内容": "壱番街ドーム薬局【5:薬局】香川県高松市丸亀町１－１　高松丸亀町壱番街西館２階" }, "geometry": { "type": "Point", "coordinates": [ 134.0507639, 34.3458674 ] } },
{ "type": "Feature", "properties": { "ID": "375L370503980", "正式名称": "まつや薬局", "機関区分": 5, "都道府県コード": 37, "市区町村コード": 201, "所在地": "香川県高松市栗林町二丁目１９番２０号", "緯度": 34.32928, "経度": 134.050597, "url": "https://www.iryou.teikyouseido.mhlw.go.jp/znk-web/juminkanja/S2430/initialize?prefCd=37&kikanCd=L370503980&kikanKbn=5", "url2": "https://www.matsuya-ph.com/", "内容": "まつや薬局【5:薬局】香川県高松市栗林町二丁目１９番２０号" }, "geometry": { "type": "Point", "coordinates": [ 134.050597, 34.32928 ] } },
{ "type": "Feature", "properties": { "ID": "375L370503990", "正式名称": "ソルト薬局伏石店", "機関区分": 5, "都道府県コード": 37, "市区町村コード": 201, "所在地": "香川県高松市伏石町２１３０－２", "緯度": 34.308916, "経度": 134.056398, "url": "https://www.iryou.teikyouseido.mhlw.go.jp/znk-web/juminkanja/S2430/initialize?prefCd=37&kikanCd=L370503990&kikanKbn=5", "url2": "https://salt-pharmacy.com/fuseishi/", "内容": "ソルト薬局伏石店【5:薬局】香川県高松市伏石町２１３０－２" }, "geometry": { "type": "Point", "coordinates": [ 134.056398, 34.308916 ] } },
{ "type": "Feature", "properties": { "ID": "375L370504000", "正式名称": "ひかり薬局岡本店", "機関区分": 5, "都道府県コード": 37, "市区町村コード": 201, "所在地": "香川県高松市岡本町幸ノ神８５８－７", "緯度": 34.270238, "経度": 134.000996, "url": "https://www.iryou.teikyouseido.mhlw.go.jp/znk-web/juminkanja/S2430/initialize?prefCd=37&kikanCd=L370504000&kikanKbn=5", "url2": null, "内容": "ひかり薬局岡本店【5:薬局】香川県高松市岡本町幸ノ神８５８－７" }, "geometry": { "type": "Point", "coordinates": [ 134.000996, 34.270238 ] } },
{ "type": "Feature", "properties": { "ID": "375L370504010", "正式名称": "ユニスマイル薬局　香川浅野店", "機関区分": 5, "都道府県コード": 37, "市区町村コード": 201, "所在地": "香川県高松市香川町浅野１０３０－７", "緯度": 34.255569, "経度": 134.034186, "url": "https://www.iryou.teikyouseido.mhlw.go.jp/znk-web/juminkanja/S2430/initialize?prefCd=37&kikanCd=L370504010&kikanKbn=5", "url2": null, "内容": "ユニスマイル薬局　香川浅野店【5:薬局】香川県高松市香川町浅野１０３０－７" }, "geometry": { "type": "Point", "coordinates": [ 134.034186, 34.255569 ] } },
{ "type": "Feature", "properties": { "ID": "375L370504020", "正式名称": "ザグザグ薬局　勅使店", "機関区分": 5, "都道府県コード": 37, "市区町村コード": 201, "所在地": "香川県高松市勅使町７５３番地１", "緯度": 34.304821, "経度": 134.016736, "url": "https://www.iryou.teikyouseido.mhlw.go.jp/znk-web/juminkanja/S2430/initialize?prefCd=37&kikanCd=L370504020&kikanKbn=5", "url2": "http://www.zagzag.co.jp", "内容": "ザグザグ薬局　勅使店【5:薬局】香川県高松市勅使町７５３番地１" }, "geometry": { "type": "Point", "coordinates": [ 134.016736, 34.304821 ] } },
{ "type": "Feature", "properties": { "ID": "375L370504040", "正式名称": "アイン薬局　木太店", "機関区分": 5, "都道府県コード": 37, "市区町村コード": 201, "所在地": "香川県高松市木太町２０６１", "緯度": 34.329335, "経度": 134.069341, "url": "https://www.iryou.teikyouseido.mhlw.go.jp/znk-web/juminkanja/S2430/initialize?prefCd=37&kikanCd=L370504040&kikanKbn=5", "url2": "https://store.ainj.co.jp/detail/1101667/", "内容": "アイン薬局　木太店【5:薬局】香川県高松市木太町２０６１" }, "geometry": { "type": "Point", "coordinates": [ 134.069341, 34.329335 ] } },
{ "type": "Feature", "properties": { "ID": "375L370504050", "正式名称": "レデイ薬局　香西店", "機関区分": 5, "都道府県コード": 37, "市区町村コード": 201, "所在地": "香川県高松市香西南町１３０番地４", "緯度": 34.338297, "経度": 133.999676, "url": "https://www.iryou.teikyouseido.mhlw.go.jp/znk-web/juminkanja/S2430/initialize?prefCd=37&kikanCd=L370504050&kikanKbn=5", "url2": "https://www.lady-drug.co.jp/", "内容": "レデイ薬局　香西店【5:薬局】香川県高松市香西南町１３０番地４" }, "geometry": { "type": "Point", "coordinates": [ 133.999676, 34.338297 ] } },
{ "type": "Feature", "properties": { "ID": "375L370504060", "正式名称": "ななつ星調剤薬局松縄店", "機関区分": 5, "都道府県コード": 37, "市区町村コード": 201, "所在地": "香川県高松市松縄町１１４０番地１", "緯度": 34.318325, "経度": 134.06223, "url": "https://www.iryou.teikyouseido.mhlw.go.jp/znk-web/juminkanja/S2430/initialize?prefCd=37&kikanCd=L370504060&kikanKbn=5", "url2": "https://nanatsuhoshi.wordpress.com", "内容": "ななつ星調剤薬局松縄店【5:薬局】香川県高松市松縄町１１４０番地１" }, "geometry": { "type": "Point", "coordinates": [ 134.06223, 34.318325 ] } },
{ "type": "Feature", "properties": { "ID": "375L370504070", "正式名称": "八幡　めぐみ調剤薬局", "機関区分": 5, "都道府県コード": 37, "市区町村コード": 201, "所在地": "香川県高松市宮脇町１－２０－２２", "緯度": 34.337299, "経度": 134.038494, "url": "https://www.iryou.teikyouseido.mhlw.go.jp/znk-web/juminkanja/S2430/initialize?prefCd=37&kikanCd=L370504070&kikanKbn=5", "url2": null, "内容": "八幡　めぐみ調剤薬局【5:薬局】香川県高松市宮脇町１－２０－２２" }, "geometry": { "type": "Point", "coordinates": [ 134.038494, 34.337299 ] } },
{ "type": "Feature", "properties": { "ID": "375L370504080", "正式名称": "ななつ星調剤薬局東山崎店", "機関区分": 5, "都道府県コード": 37, "市区町村コード": 201, "所在地": "香川県高松市東山崎町６７３ー３", "緯度": 34.307383, "経度": 134.091182, "url": "https://www.iryou.teikyouseido.mhlw.go.jp/znk-web/juminkanja/S2430/initialize?prefCd=37&kikanCd=L370504080&kikanKbn=5", "url2": null, "内容": "ななつ星調剤薬局東山崎店【5:薬局】香川県高松市東山崎町６７３ー３" }, "geometry": { "type": "Point", "coordinates": [ 134.091182, 34.307383 ] } },
{ "type": "Feature", "properties": { "ID": "375L370504100", "正式名称": "ななつ星調剤薬局　宮脇店", "機関区分": 5, "都道府県コード": 37, "市区町村コード": 201, "所在地": "香川県高松市宮脇町１丁目１８番地１", "緯度": 34.337655, "経度": 134.038825, "url": "https://www.iryou.teikyouseido.mhlw.go.jp/znk-web/juminkanja/S2430/initialize?prefCd=37&kikanCd=L370504100&kikanKbn=5", "url2": null, "内容": "ななつ星調剤薬局　宮脇店【5:薬局】香川県高松市宮脇町１丁目１８番地１" }, "geometry": { "type": "Point", "coordinates": [ 134.038825, 34.337655 ] } },
{ "type": "Feature", "properties": { "ID": "375L370504110", "正式名称": "にこにこ薬局　花ノ宮店", "機関区分": 5, "都道府県コード": 37, "市区町村コード": 201, "所在地": "香川県高松市花ノ宮町二丁目１１－５　山一ビル１階", "緯度": 34.323622, "経度": 134.047094, "url": "https://www.iryou.teikyouseido.mhlw.go.jp/znk-web/juminkanja/S2430/initialize?prefCd=37&kikanCd=L370504110&kikanKbn=5", "url2": null, "内容": "にこにこ薬局　花ノ宮店【5:薬局】香川県高松市花ノ宮町二丁目１１－５　山一ビル１階" }, "geometry": { "type": "Point", "coordinates": [ 134.047094, 34.323622 ] } },
{ "type": "Feature", "properties": { "ID": "375L370504120", "正式名称": "有限会社正木薬局春日店", "機関区分": 5, "都道府県コード": 37, "市区町村コード": 201, "所在地": "香川県高松市春日町１６４５－１７", "緯度": 34.336671, "経度": 134.089515, "url": "https://www.iryou.teikyouseido.mhlw.go.jp/znk-web/juminkanja/S2430/initialize?prefCd=37&kikanCd=L370504120&kikanKbn=5", "url2": "http://www.masakiph.jp/", "内容": "有限会社正木薬局春日店【5:薬局】香川県高松市春日町１６４５－１７" }, "geometry": { "type": "Point", "coordinates": [ 134.089515, 34.336671 ] } }
]
}
