{
"type": "FeatureCollection",
"name": "geo_37_訪問介護",
"crs": { "type": "name", "properties": { "name": "urn:ogc:def:crs:OGC:1.3:CRS84" } },
"features": [
{ "type": "Feature", "properties": { "内容": "株式会社トキワタクシー　トキワ介護サービス【訪問介護】高松市紙町596番地2", "url": "https://www.kaigokensaku.mhlw.go.jp/37/index.php?action_kouhyou_detail_004_kani=true&JigyosyoCd=3770104903-00&ServiceCd=110&Type=search", "url2": "http://www.Tokiwataxi.com" }, "geometry": { "type": "Point", "coordinates": [ 134.035136800000032, 34.316443 ] } },
{ "type": "Feature", "properties": { "内容": "香川タクシー介護センター【訪問介護】香川県高松市香川町川東上1819-3", "url": "https://www.kaigokensaku.mhlw.go.jp/37/index.php?action_kouhyou_detail_004_kani=true&JigyosyoCd=3771400342-00&ServiceCd=110&Type=search", "url2": null }, "geometry": { "type": "Point", "coordinates": [ 134.032559699999979, 34.2408888 ] } },
{ "type": "Feature", "properties": { "内容": "ケアサービスセンターそよの里上福岡町【訪問介護】香川県高松市上福岡町714-1", "url": "https://www.kaigokensaku.mhlw.go.jp/37/index.php?action_kouhyou_detail_004_kani=true&JigyosyoCd=3770106395-00&ServiceCd=110&Type=search", "url2": null }, "geometry": { "type": "Point", "coordinates": [ 134.066431400000056, 34.334 ] } },
{ "type": "Feature", "properties": { "内容": "ヘルパーステーション男木　湯遊の館【訪問介護】男木町1843番地", "url": "https://www.kaigokensaku.mhlw.go.jp/37/index.php?action_kouhyou_detail_004_kani=true&JigyosyoCd=3780100024-00&ServiceCd=110&Type=search", "url2": null }, "geometry": { "type": "Point", "coordinates": [ 134.055174699999952, 34.4245114 ] } },
{ "type": "Feature", "properties": { "内容": "ヘルパーステーション　ラポール【訪問介護】高松市木太町２６０４番地３", "url": "https://www.kaigokensaku.mhlw.go.jp/37/index.php?action_kouhyou_detail_004_kani=true&JigyosyoCd=3770106296-00&ServiceCd=110&Type=search", "url2": null }, "geometry": { "type": "Point", "coordinates": [ 134.07888761597323, 34.336067440663861 ] } },
{ "type": "Feature", "properties": { "内容": "ゆうりん【訪問介護】香川県高松市三名町223番地1溝渕マンションＡ-102", "url": "https://www.kaigokensaku.mhlw.go.jp/37/index.php?action_kouhyou_detail_004_kani=true&JigyosyoCd=3770107971-00&ServiceCd=110&Type=search", "url2": null }, "geometry": { "type": "Point", "coordinates": [ 134.037376900000027, 34.2885543 ] } },
{ "type": "Feature", "properties": { "内容": "イイカイゴヘルパーセンター【訪問介護】浜ノ町66番地2労住協第5ビル201", "url": "https://www.kaigokensaku.mhlw.go.jp/37/index.php?action_kouhyou_detail_004_kani=true&JigyosyoCd=3770107799-00&ServiceCd=110&Type=search", "url2": null }, "geometry": { "type": "Point", "coordinates": [ 134.041208991315784, 34.351528844771515 ] } },
{ "type": "Feature", "properties": { "内容": "ほたるの里訪問介護事業所【訪問介護】高松市国分寺町国分1284番地1", "url": "https://www.kaigokensaku.mhlw.go.jp/37/index.php?action_kouhyou_detail_004_kani=true&JigyosyoCd=3771500455-00&ServiceCd=110&Type=search", "url2": "http://www.npo-ajisai.net/" }, "geometry": { "type": "Point", "coordinates": [ 133.941336800000045, 34.3065295 ] } },
{ "type": "Feature", "properties": { "内容": "香南タクシー介護事業部【訪問介護】香川県高松市仏生山町甲844番地8", "url": "https://www.kaigokensaku.mhlw.go.jp/37/index.php?action_kouhyou_detail_004_kani=true&JigyosyoCd=3770110819-00&ServiceCd=110&Type=search", "url2": null }, "geometry": { "type": "Point", "coordinates": [ 134.0423109, 34.2830179 ] } },
{ "type": "Feature", "properties": { "内容": "にじいろケアサービス【訪問介護】香川県高松市木太町3919番地5中筋ﾏﾝｼｮﾝ　101", "url": "https://www.kaigokensaku.mhlw.go.jp/37/index.php?action_kouhyou_detail_004_kani=true&JigyosyoCd=3770108482-00&ServiceCd=110&Type=search", "url2": "nijiiro17@movie.ocn.ne.jp" }, "geometry": { "type": "Point", "coordinates": [ 134.075958799999967, 34.3215567 ] } },
{ "type": "Feature", "properties": { "内容": "訪問介護ステーション　きょうか【訪問介護】香川県高松市春日町437番地1住宅型有料老人ホーム　きょうか　2階", "url": "https://www.kaigokensaku.mhlw.go.jp/37/index.php?action_kouhyou_detail_004_kani=true&JigyosyoCd=3770111072-00&ServiceCd=110&Type=search", "url2": "http://www.tomohiro-sk.jp/tomohiro.html" }, "geometry": { "type": "Point", "coordinates": [ 134.091145399999988, 34.3222165 ] } },
{ "type": "Feature", "properties": { "内容": "訪問介護ひまわりの町【訪問介護】香川県高松市六条町795-6はまもと医院内", "url": "https://www.kaigokensaku.mhlw.go.jp/37/index.php?action_kouhyou_detail_004_kani=true&JigyosyoCd=3770109936-00&ServiceCd=110&Type=search", "url2": null }, "geometry": { "type": "Point", "coordinates": [ 134.078562, 34.2976508 ] } },
{ "type": "Feature", "properties": { "内容": "訪問介護事業所　春だより【訪問介護】香川県高松市春日町1649-1にこにこライフ高松　１階事務所内", "url": "https://www.kaigokensaku.mhlw.go.jp/37/index.php?action_kouhyou_detail_004_kani=true&JigyosyoCd=3770109290-00&ServiceCd=110&Type=search", "url2": "作成中" }, "geometry": { "type": "Point", "coordinates": [ 134.090423500000043, 34.336097 ] } },
{ "type": "Feature", "properties": { "内容": "ニチイケアセンター古高松【訪問介護】香川県高松市高松町1718番2", "url": "https://www.kaigokensaku.mhlw.go.jp/37/index.php?action_kouhyou_detail_004_kani=true&JigyosyoCd=3770700130-00&ServiceCd=110&Type=search", "url2": null }, "geometry": { "type": "Point", "coordinates": [ 134.112851299999988, 34.336272 ] } },
{ "type": "Feature", "properties": { "内容": "日新介護ヘルパーステーション【訪問介護】香川県高松市香西本町36-1", "url": "https://www.kaigokensaku.mhlw.go.jp/37/index.php?action_kouhyou_detail_004_kani=true&JigyosyoCd=3770101503-00&ServiceCd=110&Type=search", "url2": null }, "geometry": { "type": "Point", "coordinates": [ 134.0048461, 34.3489393 ] } },
{ "type": "Feature", "properties": { "内容": "さくら・介護ステーション八栗【訪問介護】香川県高松市牟礼町牟礼2426-25", "url": "https://www.kaigokensaku.mhlw.go.jp/37/index.php?action_kouhyou_detail_004_kani=true&JigyosyoCd=3770105579-00&ServiceCd=110&Type=search", "url2": null }, "geometry": { "type": "Point", "coordinates": [ 134.1226421, 34.3447952 ] } },
{ "type": "Feature", "properties": { "内容": "ソーシャルワークホーム飯田【訪問介護】香川県高松市飯田町1211-3ソーシャルワークホーム飯田", "url": "https://www.kaigokensaku.mhlw.go.jp/37/index.php?action_kouhyou_detail_004_kani=true&JigyosyoCd=3770110066-00&ServiceCd=110&Type=search", "url2": null }, "geometry": { "type": "Point", "coordinates": [ 134.007006600000011, 34.3210842 ] } },
{ "type": "Feature", "properties": { "内容": "訪問介護クローバー【訪問介護】香川県高松市三谷町4870-1", "url": "https://www.kaigokensaku.mhlw.go.jp/37/index.php?action_kouhyou_detail_004_kani=true&JigyosyoCd=3770110124-00&ServiceCd=110&Type=search", "url2": null }, "geometry": { "type": "Point", "coordinates": [ 134.076537869074173, 34.283331744760517 ] } },
{ "type": "Feature", "properties": { "内容": "ヘルパーステーション　エス【訪問介護】香川県高松市鶴市町102－1", "url": "https://www.kaigokensaku.mhlw.go.jp/37/index.php?action_kouhyou_detail_004_kani=true&JigyosyoCd=3770103731-00&ServiceCd=110&Type=search", "url2": "helperstation-es@eos.ocn.ne.jp" }, "geometry": { "type": "Point", "coordinates": [ 134.006790899999942, 34.3250389 ] } },
{ "type": "Feature", "properties": { "内容": "訪問介護　Lamer【訪問介護】香川県高松市茜町28-31", "url": "https://www.kaigokensaku.mhlw.go.jp/37/index.php?action_kouhyou_detail_004_kani=true&JigyosyoCd=3770110603-00&ServiceCd=110&Type=search", "url2": "http://akanecho-bellevie.com/" }, "geometry": { "type": "Point", "coordinates": [ 134.0238491767212, 34.350723647907294 ] } },
{ "type": "Feature", "properties": { "内容": "訪問介護ステーション　さち【訪問介護】香川県高松市福岡町2丁目12番1号", "url": "https://www.kaigokensaku.mhlw.go.jp/37/index.php?action_kouhyou_detail_004_kani=true&JigyosyoCd=3770110975-00&ServiceCd=110&Type=search", "url2": null }, "geometry": { "type": "Point", "coordinates": [ 134.0659442, 34.3457254 ] } },
{ "type": "Feature", "properties": { "内容": "ヘルパーステーションゆうの季節【訪問介護】香川県高松市春日町842番地1", "url": "https://www.kaigokensaku.mhlw.go.jp/37/index.php?action_kouhyou_detail_004_kani=true&JigyosyoCd=3770110074-00&ServiceCd=110&Type=search", "url2": "http://www.yuyusya.co.jp/" }, "geometry": { "type": "Point", "coordinates": [ 134.0954768, 34.3248762 ] } },
{ "type": "Feature", "properties": { "内容": "訪問介護事業所なごみ【訪問介護】福岡町4丁目16番１号", "url": "https://www.kaigokensaku.mhlw.go.jp/37/index.php?action_kouhyou_detail_004_kani=true&JigyosyoCd=3770106791-00&ServiceCd=110&Type=search", "url2": "http://matsu-h.jp/" }, "geometry": { "type": "Point", "coordinates": [ 130.728703054923017, 33.834517466675621 ] } },
{ "type": "Feature", "properties": { "内容": "ケアステーション太田下町【訪問介護】香川県高松市太田下町2645-1", "url": "https://www.kaigokensaku.mhlw.go.jp/37/index.php?action_kouhyou_detail_004_kani=true&JigyosyoCd=3770107864-00&ServiceCd=110&Type=search", "url2": "http://kaigostation.co.jp/ohta/" }, "geometry": { "type": "Point", "coordinates": [ 134.050002385133666, 34.308613365138839 ] } },
{ "type": "Feature", "properties": { "内容": "訪問介護事業所　はるか【訪問介護】香川県高松市郷東町7-10", "url": "https://www.kaigokensaku.mhlw.go.jp/37/index.php?action_kouhyou_detail_004_kani=true&JigyosyoCd=3770110512-00&ServiceCd=110&Type=search", "url2": null }, "geometry": { "type": "Point", "coordinates": [ 134.012235366795323, 34.343616957279224 ] } },
{ "type": "Feature", "properties": { "内容": "ヘルパーステーション夢【訪問介護】香川県高松市木太町1119-3", "url": "https://www.kaigokensaku.mhlw.go.jp/37/index.php?action_kouhyou_detail_004_kani=true&JigyosyoCd=3770107997-00&ServiceCd=110&Type=search", "url2": "https://care-net.biz/37/yume/" }, "geometry": { "type": "Point", "coordinates": [ 134.066997842336121, 34.320659163337041 ] } },
{ "type": "Feature", "properties": { "内容": "逢訪問介護【訪問介護】香川県高松市春日町752番地8", "url": "https://www.kaigokensaku.mhlw.go.jp/37/index.php?action_kouhyou_detail_004_kani=true&JigyosyoCd=3770109431-00&ServiceCd=110&Type=search", "url2": null }, "geometry": { "type": "Point", "coordinates": [ 134.090048799999977, 34.3263035 ] } },
{ "type": "Feature", "properties": { "内容": "訪問介護向日葵【訪問介護】一宮町651-11", "url": "https://www.kaigokensaku.mhlw.go.jp/37/index.php?action_kouhyou_detail_004_kani=true&JigyosyoCd=3770111221-00&ServiceCd=110&Type=search", "url2": null }, "geometry": { "type": "Point", "coordinates": [ 134.02373413625034, 34.288491491386019 ] } },
{ "type": "Feature", "properties": { "内容": "ケアハートそわん【訪問介護】香川県高松市仏生山町１６７６番地１", "url": "https://www.kaigokensaku.mhlw.go.jp/37/index.php?action_kouhyou_detail_004_kani=true&JigyosyoCd=3770111627-00&ServiceCd=110&Type=search", "url2": null }, "geometry": { "type": "Point", "coordinates": [ 134.037355598571992, 34.281191077810035 ] } },
{ "type": "Feature", "properties": { "内容": "訪問介護すずかけの径【訪問介護】高松市上福岡町９１９－１", "url": "https://www.kaigokensaku.mhlw.go.jp/37/index.php?action_kouhyou_detail_004_kani=true&JigyosyoCd=3770107385-00&ServiceCd=110&Type=search", "url2": "ｈｔｔｐ//ｗｗｗ.shikoku.ne.jp/zoishou" }, "geometry": { "type": "Point", "coordinates": [ 134.067142159524593, 34.327377371729085 ] } },
{ "type": "Feature", "properties": { "内容": "あじの里ホームヘルプサービスセンター【訪問介護】香川県高松市庵治町4151番地7", "url": "https://www.kaigokensaku.mhlw.go.jp/37/index.php?action_kouhyou_detail_004_kani=true&JigyosyoCd=3771300278-00&ServiceCd=110&Type=search", "url2": "https://yoyokai.or.jp/" }, "geometry": { "type": "Point", "coordinates": [ 134.143857300000036, 34.3795414 ] } },
{ "type": "Feature", "properties": { "内容": "訪問介護事業所　せんねんの道【訪問介護】香川県高松市香南町西庄696-1", "url": "https://www.kaigokensaku.mhlw.go.jp/37/index.php?action_kouhyou_detail_004_kani=true&JigyosyoCd=3770107914-00&ServiceCd=110&Type=search", "url2": "http:/yuyu.client.jp/" }, "geometry": { "type": "Point", "coordinates": [ 133.990107529068297, 34.244630973167261 ] } },
{ "type": "Feature", "properties": { "内容": "あおい介護サービス【訪問介護】香川県高松多肥下町1504-10", "url": "https://www.kaigokensaku.mhlw.go.jp/37/index.php?action_kouhyou_detail_004_kani=true&JigyosyoCd=3770102634-00&ServiceCd=110&Type=search", "url2": null }, "geometry": { "type": "Point", "coordinates": [ 134.056971926297592, 34.305405362241515 ] } },
{ "type": "Feature", "properties": { "内容": "訪問介護　Laughter【訪問介護】香川県高松市木太町1633-6", "url": "https://www.kaigokensaku.mhlw.go.jp/37/index.php?action_kouhyou_detail_004_kani=true&JigyosyoCd=3770111387-00&ServiceCd=110&Type=search", "url2": null }, "geometry": { "type": "Point", "coordinates": [ 134.07488, 34.3230469 ] } },
{ "type": "Feature", "properties": { "内容": "（株）ケアサービス長谷川【訪問介護】高松市築地町8-17", "url": "https://www.kaigokensaku.mhlw.go.jp/37/index.php?action_kouhyou_detail_004_kani=true&JigyosyoCd=3770100018-00&ServiceCd=110&Type=search", "url2": "https://careservice-hasegawa.jp" }, "geometry": { "type": "Point", "coordinates": [ 134.058026046626992, 34.341918529906771 ] } },
{ "type": "Feature", "properties": { "内容": "あろはヘルパーステーション【訪問介護】香川県高松市香南町西庄1671-2あろは虹の丘", "url": "https://www.kaigokensaku.mhlw.go.jp/37/index.php?action_kouhyou_detail_004_kani=true&JigyosyoCd=3770111395-00&ServiceCd=110&Type=search", "url2": null }, "geometry": { "type": "Point", "coordinates": [ 133.994239216502365, 34.235927463035445 ] } },
{ "type": "Feature", "properties": { "内容": "いきいきケア【訪問介護】香川県高松市三条町109-8東洋ビル3A", "url": "https://www.kaigokensaku.mhlw.go.jp/37/index.php?action_kouhyou_detail_004_kani=true&JigyosyoCd=3770106312-00&ServiceCd=110&Type=search", "url2": null }, "geometry": { "type": "Point", "coordinates": [ 134.0443563, 34.3109326 ] } },
{ "type": "Feature", "properties": { "内容": "ニチイケアセンター川添【訪問介護】香川県高松市元山町124-1　コーポ川添1F", "url": "https://www.kaigokensaku.mhlw.go.jp/37/index.php?action_kouhyou_detail_004_kani=true&JigyosyoCd=3770100919-00&ServiceCd=110&Type=search", "url2": "http://www.nichiigakkan.co.jp" }, "geometry": { "type": "Point", "coordinates": [ 134.0888632, 34.307274 ] } },
{ "type": "Feature", "properties": { "内容": "訪問介護ステーション　れんげ【訪問介護】香川県高松市2542番地17カローラ林町502", "url": "https://www.kaigokensaku.mhlw.go.jp/37/index.php?action_kouhyou_detail_004_kani=true&JigyosyoCd=3770112096-00&ServiceCd=110&Type=search", "url2": null }, "geometry": { "type": "Point", "coordinates": [ 134.0465405, 34.342542 ] } },
{ "type": "Feature", "properties": { "内容": "居宅介護サービス　ケアフィット【訪問介護】香川県高松市高松町1321-6", "url": "https://www.kaigokensaku.mhlw.go.jp/37/index.php?action_kouhyou_detail_004_kani=true&JigyosyoCd=3770105389-00&ServiceCd=110&Type=search", "url2": null }, "geometry": { "type": "Point", "coordinates": [ 134.119721985874946, 34.331186535995165 ] } },
{ "type": "Feature", "properties": { "内容": "ホームケアつっち【訪問介護】香川県高松市国分寺町福家甲3178番地7", "url": "https://www.kaigokensaku.mhlw.go.jp/37/index.php?action_kouhyou_detail_004_kani=true&JigyosyoCd=3770111932-00&ServiceCd=110&Type=search", "url2": "https://startry20240515.wixsite.com/home-care-tsuchi" }, "geometry": { "type": "Point", "coordinates": [ 133.961995371758292, 34.28583463450915 ] } },
{ "type": "Feature", "properties": { "内容": "東讃交通株式会社ひまわり介護サービス高松【訪問介護】香川県高松市通町6番地2", "url": "https://www.kaigokensaku.mhlw.go.jp/37/index.php?action_kouhyou_detail_004_kani=true&JigyosyoCd=3770101669-00&ServiceCd=110&Type=search", "url2": "http:/www.tousan-koutsu.co.jp" }, "geometry": { "type": "Point", "coordinates": [ 134.0559902, 34.3460295 ] } },
{ "type": "Feature", "properties": { "内容": "ヘルパーステーション内町やまもと【訪問介護】香川県高松市内町3-8さかいビル", "url": "https://www.kaigokensaku.mhlw.go.jp/37/index.php?action_kouhyou_detail_004_kani=true&JigyosyoCd=3770109613-00&ServiceCd=110&Type=search", "url2": "http://www.yamamoto.a.co.jp" }, "geometry": { "type": "Point", "coordinates": [ 138.252924, 36.204824 ] } },
{ "type": "Feature", "properties": { "内容": "訪問介護事業所　きなし【訪問介護】香川県高松市鬼無町藤井392番地1住宅型有料老人ホーム　キナシ", "url": "https://www.kaigokensaku.mhlw.go.jp/37/index.php?action_kouhyou_detail_004_kani=true&JigyosyoCd=3770111643-00&ServiceCd=110&Type=search", "url2": "https://www.obayashihp.or.jp/homekinashi/" }, "geometry": { "type": "Point", "coordinates": [ 134.002777535226443, 34.332298751467043 ] } },
{ "type": "Feature", "properties": { "内容": "訪問介護事業所えみのわ高松【訪問介護】香川県高松市太田上町974-6シャンボール太田1F", "url": "https://www.kaigokensaku.mhlw.go.jp/37/index.php?action_kouhyou_detail_004_kani=true&JigyosyoCd=3770109530-00&ServiceCd=110&Type=search", "url2": "http://eminowa.net" }, "geometry": { "type": "Point", "coordinates": [ 134.041723, 34.300527100000025 ] } },
{ "type": "Feature", "properties": { "内容": "屋島タクシー介護センター【訪問介護】高松市高松町２５０６番地", "url": "https://www.kaigokensaku.mhlw.go.jp/37/index.php?action_kouhyou_detail_004_kani=true&JigyosyoCd=3770101677-00&ServiceCd=110&Type=search", "url2": "https://yashima1132.wixsite.com/kaigo-taxi" }, "geometry": { "type": "Point", "coordinates": [ 134.1078709, 34.3375386 ] } },
{ "type": "Feature", "properties": { "内容": "ヘルパー亀【訪問介護】香川県高松市仏生山町甲185-4加藤ビル3階", "url": "https://www.kaigokensaku.mhlw.go.jp/37/index.php?action_kouhyou_detail_004_kani=true&JigyosyoCd=3770109845-00&ServiceCd=110&Type=search", "url2": null }, "geometry": { "type": "Point", "coordinates": [ 134.042159, 34.285678 ] } },
{ "type": "Feature", "properties": { "内容": "あひるケアサービス【訪問介護】香川県高松市下田井町５３１－１１", "url": "https://www.kaigokensaku.mhlw.go.jp/37/index.php?action_kouhyou_detail_004_kani=true&JigyosyoCd=3770107641-00&ServiceCd=110&Type=search", "url2": null }, "geometry": { "type": "Point", "coordinates": [ 134.093765701852362, 34.289485362293576 ] } },
{ "type": "Feature", "properties": { "内容": "訪問介護ｽﾃｰｼｮﾝ　テラビーチリゾート屋島【訪問介護】香川県高松市屋島西町2277-6", "url": "https://www.kaigokensaku.mhlw.go.jp/37/index.php?action_kouhyou_detail_004_kani=true&JigyosyoCd=3770108680-00&ServiceCd=110&Type=search", "url2": "http://www.lucksay.com" }, "geometry": { "type": "Point", "coordinates": [ 134.089367501852422, 34.358507412090574 ] } },
{ "type": "Feature", "properties": { "内容": "訪問介護　木かげ【訪問介護】香川県高松市屋島西町1929-2", "url": "https://www.kaigokensaku.mhlw.go.jp/37/index.php?action_kouhyou_detail_004_kani=true&JigyosyoCd=3770106932-00&ServiceCd=110&Type=search", "url2": null }, "geometry": { "type": "Point", "coordinates": [ 134.104374499999949, 34.3393772 ] } },
{ "type": "Feature", "properties": { "内容": "介護サービスゆり【訪問介護】香川県高松市鬼無町藤井122番地", "url": "https://www.kaigokensaku.mhlw.go.jp/37/index.php?action_kouhyou_detail_004_kani=true&JigyosyoCd=3770106973-00&ServiceCd=110&Type=search", "url2": null }, "geometry": { "type": "Point", "coordinates": [ 133.996950401755868, 34.328110171229035 ] } },
{ "type": "Feature", "properties": { "内容": "ひまわりケアサービス【訪問介護】香川県高松市鬼無町藤井122番地", "url": "https://www.kaigokensaku.mhlw.go.jp/37/index.php?action_kouhyou_detail_004_kani=true&JigyosyoCd=3770111353-00&ServiceCd=110&Type=search", "url2": null }, "geometry": { "type": "Point", "coordinates": [ 133.996951476721193, 34.328031196995163 ] } },
{ "type": "Feature", "properties": { "内容": "訪問介護ステーション栗林公園【訪問介護】高松市藤塚町1丁目11-27かがやきの季", "url": "https://www.kaigokensaku.mhlw.go.jp/37/index.php?action_kouhyou_detail_004_kani=true&JigyosyoCd=3770108987-00&ServiceCd=110&Type=search", "url2": "http://kaigostation.co.jp/" }, "geometry": { "type": "Point", "coordinates": [ 134.046769542327837, 34.333326019782994 ] } },
{ "type": "Feature", "properties": { "内容": "訪問介護ステーション　ククルケア【訪問介護】香川県高松市牟礼町牟礼2560番地3", "url": "https://www.kaigokensaku.mhlw.go.jp/37/index.php?action_kouhyou_detail_004_kani=true&JigyosyoCd=3770111254-00&ServiceCd=110&Type=search", "url2": null }, "geometry": { "type": "Point", "coordinates": [ 134.1220011, 34.3471689 ] } },
{ "type": "Feature", "properties": { "内容": "合同会社訪問介護センター奏【訪問介護】香川県高松市木太町3234-7", "url": "https://www.kaigokensaku.mhlw.go.jp/37/index.php?action_kouhyou_detail_004_kani=true&JigyosyoCd=3770111320-00&ServiceCd=110&Type=search", "url2": "https://x.gd/houmonkanadeHP" }, "geometry": { "type": "Point", "coordinates": [ 134.075954599999989, 34.3335338 ] } },
{ "type": "Feature", "properties": { "内容": "一宮の里ヘルパーステーション【訪問介護】香川県高松市一宮町875番地", "url": "https://www.kaigokensaku.mhlw.go.jp/37/index.php?action_kouhyou_detail_004_kani=true&JigyosyoCd=3770102915-00&ServiceCd=110&Type=search", "url2": "https://www.kishokai.com" }, "geometry": { "type": "Point", "coordinates": [ 134.0293772, 34.2915428 ] } },
{ "type": "Feature", "properties": { "内容": "ヘルパーステーションひな【訪問介護】香川県高松市上之町1丁目2-33", "url": "https://www.kaigokensaku.mhlw.go.jp/37/index.php?action_kouhyou_detail_004_kani=true&JigyosyoCd=3770110652-00&ServiceCd=110&Type=search", "url2": null }, "geometry": { "type": "Point", "coordinates": [ 134.04510830000001, 34.3227411 ] } },
{ "type": "Feature", "properties": { "内容": "訪問介護ケアステーション高松【訪問介護】香川県高松市桜町1丁目10番7号", "url": "https://www.kaigokensaku.mhlw.go.jp/37/index.php?action_kouhyou_detail_004_kani=true&JigyosyoCd=3770107658-00&ServiceCd=110&Type=search", "url2": "http://www.kaigostation.co.jp/index.html" }, "geometry": { "type": "Point", "coordinates": [ 134.052800513491746, 34.330727088101312 ] } },
{ "type": "Feature", "properties": { "内容": "ニチイケアセンター鶴市【訪問介護】香川県高松市鶴市町995-1", "url": "https://www.kaigokensaku.mhlw.go.jp/37/index.php?action_kouhyou_detail_004_kani=true&JigyosyoCd=3770106064-00&ServiceCd=110&Type=search", "url2": "http://www.nichiigakkan.co.jp" }, "geometry": { "type": "Point", "coordinates": [ 134.012623100000042, 34.3346101 ] } },
{ "type": "Feature", "properties": { "内容": "ニチイケアセンター空港通り【訪問介護】香川県高松市香川町大野2556-2", "url": "https://www.kaigokensaku.mhlw.go.jp/37/index.php?action_kouhyou_detail_004_kani=true&JigyosyoCd=3771400441-00&ServiceCd=110&Type=search", "url2": null }, "geometry": { "type": "Point", "coordinates": [ 134.029095, 34.2688478 ] } },
{ "type": "Feature", "properties": { "内容": "ケアパートナーU【訪問介護】香川県高松市亀田南町339-13", "url": "https://www.kaigokensaku.mhlw.go.jp/37/index.php?action_kouhyou_detail_004_kani=true&JigyosyoCd=3770111403-00&ServiceCd=110&Type=search", "url2": "https://umei-corp.com/" }, "geometry": { "type": "Point", "coordinates": [ 134.114027719595413, 34.279925073603671 ] } },
{ "type": "Feature", "properties": { "内容": "よんでんヘルパーステーション楠上【訪問介護】香川県高松市楠上町2丁目1番28号グレイスベース高松", "url": "https://www.kaigokensaku.mhlw.go.jp/37/index.php?action_kouhyou_detail_004_kani=true&JigyosyoCd=3770111635-00&ServiceCd=110&Type=search", "url2": "http://www.yondenlc.co.jp" }, "geometry": { "type": "Point", "coordinates": [ 134.0543788, 34.3289959 ] } },
{ "type": "Feature", "properties": { "内容": "訪問介護　てと手【訪問介護】香川県高松市東山崎町971番地2", "url": "https://www.kaigokensaku.mhlw.go.jp/37/index.php?action_kouhyou_detail_004_kani=true&JigyosyoCd=3770108565-00&ServiceCd=110&Type=search", "url2": null }, "geometry": { "type": "Point", "coordinates": [ 134.092882299830677, 34.316013678319528 ] } },
{ "type": "Feature", "properties": { "内容": "ニチイケアセンター福岡町【訪問介護】香川県高松市福岡町2-14-16", "url": "https://www.kaigokensaku.mhlw.go.jp/37/index.php?action_kouhyou_detail_004_kani=true&JigyosyoCd=3770100455-00&ServiceCd=110&Type=search", "url2": null }, "geometry": { "type": "Point", "coordinates": [ 134.067911399999957, 34.3448295 ] } },
{ "type": "Feature", "properties": { "内容": "有限会社　太田タクシー【訪問介護】香川県高松市太田上町764-12", "url": "https://www.kaigokensaku.mhlw.go.jp/37/index.php?action_kouhyou_detail_004_kani=true&JigyosyoCd=3770101701-00&ServiceCd=110&Type=search", "url2": null }, "geometry": { "type": "Point", "coordinates": [ 134.046309599999972, 34.2997865 ] } },
{ "type": "Feature", "properties": { "内容": "ニチイケアセンターたひ【訪問介護】香川県高松市多肥上町195-1", "url": "https://www.kaigokensaku.mhlw.go.jp/37/index.php?action_kouhyou_detail_004_kani=true&JigyosyoCd=3770110520-00&ServiceCd=110&Type=search", "url2": "hstAG9@nichiigakkan.co.jp" }, "geometry": { "type": "Point", "coordinates": [ 134.048409900000024, 34.2943727 ] } },
{ "type": "Feature", "properties": { "内容": "特定非営利活動法人　自立ケアシステム香川【訪問介護】香川県高松市田村町1200番地1", "url": "https://www.kaigokensaku.mhlw.go.jp/37/index.php?action_kouhyou_detail_004_kani=true&JigyosyoCd=3770106619-00&ServiceCd=110&Type=search", "url2": "https://care-system-kg.jimdofree.com/" }, "geometry": { "type": "Point", "coordinates": [ 134.033474929955332, 34.306578319908084 ] } },
{ "type": "Feature", "properties": { "内容": "特定非営利活動法人コアラサポート【訪問介護】香川県高松市円座町1124番地6", "url": "https://www.kaigokensaku.mhlw.go.jp/37/index.php?action_kouhyou_detail_004_kani=true&JigyosyoCd=3770107013-00&ServiceCd=110&Type=search", "url2": null }, "geometry": { "type": "Point", "coordinates": [ 134.0068392, 34.2870628 ] } },
{ "type": "Feature", "properties": { "内容": "訪問介護ステーションあんじゅ【訪問介護】香川県高松市福岡町2丁目11-14", "url": "https://www.kaigokensaku.mhlw.go.jp/37/index.php?action_kouhyou_detail_004_kani=true&JigyosyoCd=3770111502-00&ServiceCd=110&Type=search", "url2": null }, "geometry": { "type": "Point", "coordinates": [ 134.0654714, 34.3457899 ] } },
{ "type": "Feature", "properties": { "内容": "ケアテラスギャラリーヘルパーセンター【訪問介護】香川県高松市田町1-2", "url": "https://www.kaigokensaku.mhlw.go.jp/37/index.php?action_kouhyou_detail_004_kani=true&JigyosyoCd=3770103707-00&ServiceCd=110&Type=search", "url2": "hakueikai.net" }, "geometry": { "type": "Point", "coordinates": [ 134.0489268, 34.3384689 ] } },
{ "type": "Feature", "properties": { "内容": "ハロー介護事業部【訪問介護】香川県高松市木太町1356番地3", "url": "https://www.kaigokensaku.mhlw.go.jp/37/index.php?action_kouhyou_detail_004_kani=true&JigyosyoCd=3770101347-00&ServiceCd=110&Type=search", "url2": "https://www.hellotaxi.jp/" }, "geometry": { "type": "Point", "coordinates": [ 134.072443600000014, 34.3177603 ] } },
{ "type": "Feature", "properties": { "内容": "セントケア高松【訪問介護】香川県高松市勅使町634番地1", "url": "https://www.kaigokensaku.mhlw.go.jp/37/index.php?action_kouhyou_detail_004_kani=true&JigyosyoCd=3770104986-00&ServiceCd=110&Type=search", "url2": "http:/www.saint-care.com" }, "geometry": { "type": "Point", "coordinates": [ 134.014492701011676, 34.307613246615659 ] } },
{ "type": "Feature", "properties": { "内容": "ヘルパーステーション　めぐみ　一宮【訪問介護】香川県高松市成合町1066番地36", "url": "https://www.kaigokensaku.mhlw.go.jp/37/index.php?action_kouhyou_detail_004_kani=true&JigyosyoCd=3770107674-00&ServiceCd=110&Type=search", "url2": null }, "geometry": { "type": "Point", "coordinates": [ 134.0174044, 34.2995274 ] } },
{ "type": "Feature", "properties": { "内容": "ヨハネの里ヘルパーステーション【訪問介護】高松市鶴市町241番地", "url": "https://www.kaigokensaku.mhlw.go.jp/37/index.php?action_kouhyou_detail_004_kani=true&JigyosyoCd=3770108409-00&ServiceCd=110&Type=search", "url2": "http://www.bokuyoukai.or.jp/qhm/" }, "geometry": { "type": "Point", "coordinates": [ 134.007599541494727, 34.328028687745352 ] } },
{ "type": "Feature", "properties": { "内容": "支援センターウルカ【訪問介護】香川県高松市高松町691番地2", "url": "https://www.kaigokensaku.mhlw.go.jp/37/index.php?action_kouhyou_detail_004_kani=true&JigyosyoCd=3770111379-00&ServiceCd=110&Type=search", "url2": null }, "geometry": { "type": "Point", "coordinates": [ 134.1139478, 34.3247163 ] } },
{ "type": "Feature", "properties": { "内容": "一番星訪問介護事業所【訪問介護】高松市木太町４０５１－２", "url": "https://www.kaigokensaku.mhlw.go.jp/37/index.php?action_kouhyou_detail_004_kani=true&JigyosyoCd=3770104150-00&ServiceCd=110&Type=search", "url2": "http://www.ichibanboshi.info/" }, "geometry": { "type": "Point", "coordinates": [ 134.079408599999965, 34.3183514 ] } },
{ "type": "Feature", "properties": { "内容": "訪問介護事業所　恵【訪問介護】多肥上町１４１１番地１", "url": "https://www.kaigokensaku.mhlw.go.jp/37/index.php?action_kouhyou_detail_004_kani=true&JigyosyoCd=3770106890-00&ServiceCd=110&Type=search", "url2": "https://rainbow-megumi.jp/" }, "geometry": { "type": "Point", "coordinates": [ 134.058947699999976, 34.2944927 ] } },
{ "type": "Feature", "properties": { "内容": "さくら荘訪問介護事業所【訪問介護】高松市林町76番地14", "url": "https://www.kaigokensaku.mhlw.go.jp/37/index.php?action_kouhyou_detail_004_kani=true&JigyosyoCd=3770100430-00&ServiceCd=110&Type=search", "url2": "https://hatsukikai.or.jp" }, "geometry": { "type": "Point", "coordinates": [ 134.066208600000039, 34.2941329 ] } },
{ "type": "Feature", "properties": { "内容": "屋島やすらぎ【訪問介護】高松市屋島東町1414番地", "url": "https://www.kaigokensaku.mhlw.go.jp/37/index.php?action_kouhyou_detail_004_kani=true&JigyosyoCd=3770102543-00&ServiceCd=110&Type=search", "url2": "https://yashima-yasuragi.jp/" }, "geometry": { "type": "Point", "coordinates": [ 134.116221403670124, 34.346519850710571 ] } },
{ "type": "Feature", "properties": { "内容": "ここなケアサービス【訪問介護】香川県高松市亀田南町507番地7", "url": "https://www.kaigokensaku.mhlw.go.jp/37/index.php?action_kouhyou_detail_004_kani=true&JigyosyoCd=3770106023-00&ServiceCd=110&Type=search", "url2": null }, "geometry": { "type": "Point", "coordinates": [ 134.1126683, 34.278078 ] } },
{ "type": "Feature", "properties": { "内容": "ヘルパーステーション屋島西【訪問介護】香川県高松市屋島西町2472番地1ケアセンター屋島西", "url": "https://www.kaigokensaku.mhlw.go.jp/37/index.php?action_kouhyou_detail_004_kani=true&JigyosyoCd=3770107245-00&ServiceCd=110&Type=search", "url2": "http://m-koujyukai.or.jp" }, "geometry": { "type": "Point", "coordinates": [ 134.092444762565606, 34.351732315223202 ] } },
{ "type": "Feature", "properties": { "内容": "訪問介護事業所　瑞穂【訪問介護】香川県高松市香南町岡371番地1", "url": "https://www.kaigokensaku.mhlw.go.jp/37/index.php?action_kouhyou_detail_004_kani=true&JigyosyoCd=3770107898-00&ServiceCd=110&Type=search", "url2": "https://ayada-clinic-yuusyoukai.com/" }, "geometry": { "type": "Point", "coordinates": [ 134.0265303, 34.2299017 ] } },
{ "type": "Feature", "properties": { "内容": "たかまつ２４【訪問介護】香川県高松市高松町873-102", "url": "https://www.kaigokensaku.mhlw.go.jp/37/index.php?action_kouhyou_detail_004_kani=true&JigyosyoCd=3770110280-00&ServiceCd=110&Type=search", "url2": null }, "geometry": { "type": "Point", "coordinates": [ 134.114846400000033, 34.319881 ] } },
{ "type": "Feature", "properties": { "内容": "西春日ホームヘルプサービス【訪問介護】香川県高松市西春日町1510-1", "url": "https://www.kaigokensaku.mhlw.go.jp/37/index.php?action_kouhyou_detail_004_kani=true&JigyosyoCd=3770101065-00&ServiceCd=110&Type=search", "url2": "http//www.samariya.or.jp" }, "geometry": { "type": "Point", "coordinates": [ 134.02019580000001, 34.3155429 ] } },
{ "type": "Feature", "properties": { "内容": "ヘルパーステーション檀紙【訪問介護】香川県高松市檀紙町66番地１", "url": "https://www.kaigokensaku.mhlw.go.jp/37/index.php?action_kouhyou_detail_004_kani=true&JigyosyoCd=3770110983-00&ServiceCd=110&Type=search", "url2": "http://kaigodanshi.com/" }, "geometry": { "type": "Point", "coordinates": [ 133.9965403, 34.2971964 ] } },
{ "type": "Feature", "properties": { "内容": "社会福祉法人　高松市社会福祉協議会【訪問介護】高松市福岡町二丁目24番10号", "url": "https://www.kaigokensaku.mhlw.go.jp/37/index.php?action_kouhyou_detail_004_kani=true&JigyosyoCd=3770100042-00&ServiceCd=110&Type=search", "url2": "http://www.takamatsushi-syakyo.or.jp/" }, "geometry": { "type": "Point", "coordinates": [ 134.064209, 34.3444018 ] } },
{ "type": "Feature", "properties": { "内容": "特別養護老人ホーム岡本荘【訪問介護】高松市岡本町527番地1", "url": "https://www.kaigokensaku.mhlw.go.jp/37/index.php?action_kouhyou_detail_004_kani=true&JigyosyoCd=3770100349-00&ServiceCd=110&Type=search", "url2": "http://www.koutouen.com/okamotosou/" }, "geometry": { "type": "Point", "coordinates": [ 133.994914900000026, 34.266109 ] } },
{ "type": "Feature", "properties": { "内容": "社会福祉法人　高松市社会福祉協議会香川【訪問介護】香川県高松市香川町大野450番地香川社会福祉センター", "url": "https://www.kaigokensaku.mhlw.go.jp/37/index.php?action_kouhyou_detail_004_kani=true&JigyosyoCd=3770104010-00&ServiceCd=110&Type=search", "url2": null }, "geometry": { "type": "Point", "coordinates": [ 134.0291456, 34.2561056 ] } },
{ "type": "Feature", "properties": { "内容": "あなぶきケアサービス【訪問介護】香川県高松市伏石町2171－1アルファリビング高松伏石南内", "url": "https://www.kaigokensaku.mhlw.go.jp/37/index.php?action_kouhyou_detail_004_kani=true&JigyosyoCd=3770105934-00&ServiceCd=110&Type=search", "url2": null }, "geometry": { "type": "Point", "coordinates": [ 134.057233182003074, 34.306995485593099 ] } },
{ "type": "Feature", "properties": { "内容": "訪問介護おかげ【訪問介護】香川県高松市栗林町一丁目13番25号栗林ビル2Ｆ", "url": "https://www.kaigokensaku.mhlw.go.jp/37/index.php?action_kouhyou_detail_004_kani=true&JigyosyoCd=3770106122-00&ServiceCd=110&Type=search", "url2": "http://www.kaigo-okage.com/" }, "geometry": { "type": "Point", "coordinates": [ 134.046105200000056, 34.3285614 ] } },
{ "type": "Feature", "properties": { "内容": "ケアポート　笑んでる【訪問介護】香川県　高松市　香西南町　516番地3", "url": "https://www.kaigokensaku.mhlw.go.jp/37/index.php?action_kouhyou_detail_004_kani=true&JigyosyoCd=3770108326-00&ServiceCd=110&Type=search", "url2": null }, "geometry": { "type": "Point", "coordinates": [ 134.00061094047544, 34.343399740388605 ] } },
{ "type": "Feature", "properties": { "内容": "訪問介護事業所　クレール慶【訪問介護】香川県高松市太田下町3031-12", "url": "https://www.kaigokensaku.mhlw.go.jp/37/index.php?action_kouhyou_detail_004_kani=true&JigyosyoCd=3770108557-00&ServiceCd=110&Type=search", "url2": "www.keishoukai.jp/institution/kei/" }, "geometry": { "type": "Point", "coordinates": [ 134.053806500000064, 34.3037166 ] } },
{ "type": "Feature", "properties": { "内容": "香川医療生活協同組合　ヘルパーステーション虹の里【訪問介護】香川県高松市栗林町1-3-23", "url": "https://www.kaigokensaku.mhlw.go.jp/37/index.php?action_kouhyou_detail_004_kani=true&JigyosyoCd=3770111494-00&ServiceCd=110&Type=search", "url2": "http://www.kagawa.coop" }, "geometry": { "type": "Point", "coordinates": [ 134.0469139, 34.3317363 ] } },
{ "type": "Feature", "properties": { "内容": "セントケア高松東【訪問介護】香川県高松市前田東町719-6", "url": "https://www.kaigokensaku.mhlw.go.jp/37/index.php?action_kouhyou_detail_004_kani=true&JigyosyoCd=3770111718-00&ServiceCd=110&Type=search", "url2": "http://www.saint-care.com" }, "geometry": { "type": "Point", "coordinates": [ 134.1129439, 34.29331030000003 ] } },
{ "type": "Feature", "properties": { "内容": "ヘルパーステーションラベンダー【訪問介護】香川県高松市新田町甲478番地", "url": "https://www.kaigokensaku.mhlw.go.jp/37/index.php?action_kouhyou_detail_004_kani=true&JigyosyoCd=3770111742-00&ServiceCd=110&Type=search", "url2": "http://www.herbs-kaigo.jp" }, "geometry": { "type": "Point", "coordinates": [ 134.1079134, 34.3197981 ] } },
{ "type": "Feature", "properties": { "内容": "よんでんライフケア昭和町訪問介護事業所【訪問介護】香川県高松市昭和町一丁目7番23号", "url": "https://www.kaigokensaku.mhlw.go.jp/37/index.php?action_kouhyou_detail_004_kani=true&JigyosyoCd=3770112054-00&ServiceCd=110&Type=search", "url2": "https://www.yondenlc.co.jp/" }, "geometry": { "type": "Point", "coordinates": [ 134.034878700000036, 34.342901 ] } },
{ "type": "Feature", "properties": { "内容": "すみれ荘指定訪問介護事業所【訪問介護】高松市十川西町1234番地1", "url": "https://www.kaigokensaku.mhlw.go.jp/37/index.php?action_kouhyou_detail_004_kani=true&JigyosyoCd=3770100414-00&ServiceCd=110&Type=search", "url2": "https://hatsukikai.or.jp/" }, "geometry": { "type": "Point", "coordinates": [ 134.099728899999945, 34.2599762 ] } },
{ "type": "Feature", "properties": { "内容": "訪問介護事業所さぬき【訪問介護】宮脇町2丁目37-21", "url": "https://www.kaigokensaku.mhlw.go.jp/37/index.php?action_kouhyou_detail_004_kani=true&JigyosyoCd=3770100927-00&ServiceCd=110&Type=search", "url2": "http://www.sanuki-sha.or.jp" }, "geometry": { "type": "Point", "coordinates": [ 134.029758312094827, 34.33758228116745 ] } },
{ "type": "Feature", "properties": { "内容": "ホームケア土屋高松【訪問介護】林町2519番地6358サコⅡ205", "url": "https://www.kaigokensaku.mhlw.go.jp/37/index.php?action_kouhyou_detail_004_kani=true&JigyosyoCd=3770110884-00&ServiceCd=110&Type=search", "url2": "https://homecare-tsuchiya.com" }, "geometry": { "type": "Point", "coordinates": [ 134.06787030000001, 34.3073864 ] } },
{ "type": "Feature", "properties": { "内容": "ホームヘルパーセンター・フォレスト【訪問介護】香川県高松市東ハゼ町８３０－１", "url": "https://www.kaigokensaku.mhlw.go.jp/37/index.php?action_kouhyou_detail_004_kani=true&JigyosyoCd=3770100729-00&ServiceCd=110&Type=search", "url2": null }, "geometry": { "type": "Point", "coordinates": [ 134.03921420000006, 34.3204982 ] } },
{ "type": "Feature", "properties": { "内容": "ヘルパーステーション　ハピネス【訪問介護】香川県高松市中山町772番地1", "url": "https://www.kaigokensaku.mhlw.go.jp/37/index.php?action_kouhyou_detail_004_kani=true&JigyosyoCd=3770100737-00&ServiceCd=110&Type=search", "url2": "http://www.shinboukai.net/" }, "geometry": { "type": "Point", "coordinates": [ 133.973047100000031, 34.3568903 ] } },
{ "type": "Feature", "properties": { "内容": "シオンの丘ヘルパーステーション【訪問介護】高松市香西北町260番地", "url": "https://www.kaigokensaku.mhlw.go.jp/37/index.php?action_kouhyou_detail_004_kani=true&JigyosyoCd=3770100786-00&ServiceCd=110&Type=search", "url2": "http://www.bokuyoukai.or.jp/qhm/" }, "geometry": { "type": "Point", "coordinates": [ 133.995138900000029, 34.354258 ] } },
{ "type": "Feature", "properties": { "内容": "光華訪問介護事業所【訪問介護】高松市伏石町2103－21　KOHKAビル3階", "url": "https://www.kaigokensaku.mhlw.go.jp/37/index.php?action_kouhyou_detail_004_kani=true&JigyosyoCd=3770101107-00&ServiceCd=110&Type=search", "url2": "http://s-kohka.jp/" }, "geometry": { "type": "Point", "coordinates": [ 134.059933995175896, 34.30985720206295 ] } },
{ "type": "Feature", "properties": { "内容": "あい介護サービス【訪問介護】香川県高松市香南町横井952-1", "url": "https://www.kaigokensaku.mhlw.go.jp/37/index.php?action_kouhyou_detail_004_kani=true&JigyosyoCd=3770101958-00&ServiceCd=110&Type=search", "url2": "https://www.i-groups.co.jp/" }, "geometry": { "type": "Point", "coordinates": [ 134.005673213361206, 34.240752494916123 ] } },
{ "type": "Feature", "properties": { "内容": "あさひ介護サービス【訪問介護】香川県高松市一宮町338-5", "url": "https://www.kaigokensaku.mhlw.go.jp/37/index.php?action_kouhyou_detail_004_kani=true&JigyosyoCd=3770104531-00&ServiceCd=110&Type=search", "url2": "https://www.asahikaigo-solairo.co.jp/" }, "geometry": { "type": "Point", "coordinates": [ 134.0279056, 34.2837104 ] } },
{ "type": "Feature", "properties": { "内容": "峰山デイホームサービス　灯り【訪問介護】高松市松並町８８０番地１", "url": "https://www.kaigokensaku.mhlw.go.jp/37/index.php?action_kouhyou_detail_004_kani=true&JigyosyoCd=3770105132-00&ServiceCd=110&Type=search", "url2": null }, "geometry": { "type": "Point", "coordinates": [ 134.0278813, 34.3193704 ] } },
{ "type": "Feature", "properties": { "内容": "訪問介護センター　サン・ウィング【訪問介護】香川県高松市国分寺町福家甲２８２番地１", "url": "https://www.kaigokensaku.mhlw.go.jp/37/index.php?action_kouhyou_detail_004_kani=true&JigyosyoCd=3770105926-00&ServiceCd=110&Type=search", "url2": "http//www.sunwing-k.com" }, "geometry": { "type": "Point", "coordinates": [ 133.9804272, 34.2679171 ] } },
{ "type": "Feature", "properties": { "内容": "ヘルパーステーションなごみ高松【訪問介護】高松市多肥上町2219-5", "url": "https://www.kaigokensaku.mhlw.go.jp/37/index.php?action_kouhyou_detail_004_kani=true&JigyosyoCd=3770107054-00&ServiceCd=110&Type=search", "url2": null }, "geometry": { "type": "Point", "coordinates": [ 134.057120686152643, 34.277392559098075 ] } },
{ "type": "Feature", "properties": { "内容": "訪問介護　なつめ【訪問介護】香川県高松市木太町1188番地2", "url": "https://www.kaigokensaku.mhlw.go.jp/37/index.php?action_kouhyou_detail_004_kani=true&JigyosyoCd=3770108151-00&ServiceCd=110&Type=search", "url2": "https://r.kaipoke.biz/bizcms/" }, "geometry": { "type": "Point", "coordinates": [ 134.06972339999993, 34.320229 ] } },
{ "type": "Feature", "properties": { "内容": "両備ヘルシーケア高松ヘルパーセンター【訪問介護】香川県高松市浜ノ町53番38号", "url": "https://www.kaigokensaku.mhlw.go.jp/37/index.php?action_kouhyou_detail_004_kani=true&JigyosyoCd=3770109191-00&ServiceCd=110&Type=search", "url2": "http://www.ryobi-hc.jp/" }, "geometry": { "type": "Point", "coordinates": [ 134.038277, 34.3522592 ] } },
{ "type": "Feature", "properties": { "内容": "ヘルスケアビレッジノア訪問介護ステーション【訪問介護】香川県高松市十川西町418番地4", "url": "https://www.kaigokensaku.mhlw.go.jp/37/index.php?action_kouhyou_detail_004_kani=true&JigyosyoCd=3770110736-00&ServiceCd=110&Type=search", "url2": null }, "geometry": { "type": "Point", "coordinates": [ 134.1020283, 34.2749046 ] } },
{ "type": "Feature", "properties": { "内容": "訪問介護ステーションラファミリア【訪問介護】香川県高松市十川西町418-4", "url": "https://www.kaigokensaku.mhlw.go.jp/37/index.php?action_kouhyou_detail_004_kani=true&JigyosyoCd=3770110744-00&ServiceCd=110&Type=search", "url2": null }, "geometry": { "type": "Point", "coordinates": [ 134.1020283, 34.2749046 ] } },
{ "type": "Feature", "properties": { "内容": "訪問介護アイムホーム【訪問介護】香川県高松市香西東町433-1", "url": "https://www.kaigokensaku.mhlw.go.jp/37/index.php?action_kouhyou_detail_004_kani=true&JigyosyoCd=3770111684-00&ServiceCd=110&Type=search", "url2": "https://machikuri.or.jp/" }, "geometry": { "type": "Point", "coordinates": [ 134.008391722753885, 34.3448706 ] } },
{ "type": "Feature", "properties": { "内容": "ひだまりステーション【訪問介護】香川県高松市香川町川東下1190-1", "url": "https://www.kaigokensaku.mhlw.go.jp/37/index.php?action_kouhyou_detail_004_kani=true&JigyosyoCd=3770112039-00&ServiceCd=110&Type=search", "url2": "https://fukushi-hidamari.or.jp/" }, "geometry": { "type": "Point", "coordinates": [ 134.03081, 34.2468065 ] } },
{ "type": "Feature", "properties": { "内容": "こはるさぽーと【訪問介護】高松市牟礼町牟礼223番地３", "url": "https://www.kaigokensaku.mhlw.go.jp/37/index.php?action_kouhyou_detail_004_kani=true&JigyosyoCd=3770105827-00&ServiceCd=110&Type=search", "url2": null }, "geometry": { "type": "Point", "coordinates": [ 134.137735, 34.339991 ] } },
{ "type": "Feature", "properties": { "内容": "訪問介護　まごころ【訪問介護】高松市松並町802-1", "url": "https://www.kaigokensaku.mhlw.go.jp/37/index.php?action_kouhyou_detail_004_kani=true&JigyosyoCd=3770100257-00&ServiceCd=110&Type=search", "url2": "http;//www.jp-care.gr.jp" }, "geometry": { "type": "Point", "coordinates": [ 134.0249566, 34.3166817 ] } },
{ "type": "Feature", "properties": { "内容": "医心館訪問介護ステーション高松【訪問介護】香川県高松市木太町5013番地5", "url": "https://www.kaigokensaku.mhlw.go.jp/37/index.php?action_kouhyou_detail_004_kani=true&JigyosyoCd=3770111999-00&ServiceCd=110&Type=search", "url2": null }, "geometry": { "type": "Point", "coordinates": [ 134.0697384, 34.3175243 ] } },
{ "type": "Feature", "properties": { "内容": "三好内科訪問介護センター【訪問介護】香川県高松市川島本町440住宅型有料老人ホーム２F", "url": "https://www.kaigokensaku.mhlw.go.jp/37/index.php?action_kouhyou_detail_004_kani=true&JigyosyoCd=3770109597-00&ServiceCd=110&Type=search", "url2": null }, "geometry": { "type": "Point", "coordinates": [ 134.085461200000026, 34.275823500000023 ] } },
{ "type": "Feature", "properties": { "内容": "あん樹苑訪問介護事業所【訪問介護】高松市香川町浅野1414番地", "url": "https://www.kaigokensaku.mhlw.go.jp/37/index.php?action_kouhyou_detail_004_kani=true&JigyosyoCd=3770105819-00&ServiceCd=110&Type=search", "url2": "http://hatsukikai.or.jp" }, "geometry": { "type": "Point", "coordinates": [ 134.037194799999952, 34.2528091 ] } },
{ "type": "Feature", "properties": { "内容": "ソーシャルワーク下田井訪問介護事業所【訪問介護】香川県高松市下田井町465-3ソーシャルワークホーム下田井", "url": "https://www.kaigokensaku.mhlw.go.jp/37/index.php?action_kouhyou_detail_004_kani=true&JigyosyoCd=3770110579-00&ServiceCd=110&Type=search", "url2": null }, "geometry": { "type": "Point", "coordinates": [ 134.097200180317685, 34.28987223183168 ] } },
{ "type": "Feature", "properties": { "内容": "訪問介護たんぽぽのわたげ【訪問介護】東山崎町960番地1", "url": "https://www.kaigokensaku.mhlw.go.jp/37/index.php?action_kouhyou_detail_004_kani=true&JigyosyoCd=3770111247-00&ServiceCd=110&Type=search", "url2": "https://tanpopo-w.com/" }, "geometry": { "type": "Point", "coordinates": [ 134.0936543, 34.3038171 ] } },
{ "type": "Feature", "properties": { "内容": "訪問介護事業所そら【訪問介護】香川県高松市室町1903番地４", "url": "https://www.kaigokensaku.mhlw.go.jp/37/index.php?action_kouhyou_detail_004_kani=true&JigyosyoCd=3770109753-00&ServiceCd=110&Type=search", "url2": "http://www.rakuraku-rroup.jp/" }, "geometry": { "type": "Point", "coordinates": [ 134.043536, 34.3255255 ] } },
{ "type": "Feature", "properties": { "内容": "こうみょうえヘルパーステーション【訪問介護】香川県高松市下田井町25-2", "url": "https://www.kaigokensaku.mhlw.go.jp/37/index.php?action_kouhyou_detail_004_kani=true&JigyosyoCd=3770102303-00&ServiceCd=110&Type=search", "url2": null }, "geometry": { "type": "Point", "coordinates": [ 134.093351799999937, 34.2984675 ] } },
{ "type": "Feature", "properties": { "内容": "わかばケアサービス【訪問介護】香川県高松市牟礼町牟礼2120番地1", "url": "https://www.kaigokensaku.mhlw.go.jp/37/index.php?action_kouhyou_detail_004_kani=true&JigyosyoCd=3771300237-00&ServiceCd=110&Type=search", "url2": "http://care-net.biz/37/wakaba/" }, "geometry": { "type": "Point", "coordinates": [ 134.126971407981841, 34.342954161086368 ] } },
{ "type": "Feature", "properties": { "内容": "ケアサービス優悠【訪問介護】高松市三谷町４８７４番地", "url": "https://www.kaigokensaku.mhlw.go.jp/37/index.php?action_kouhyou_detail_004_kani=true&JigyosyoCd=3770102329-00&ServiceCd=110&Type=search", "url2": "https://yu-yu.site" }, "geometry": { "type": "Point", "coordinates": [ 134.075410834809873, 34.283071095737633 ] } },
{ "type": "Feature", "properties": { "内容": "株式会社三奏　訪問介護高松事業所【訪問介護】高松市上福岡町721番地2マキノ上福岡ビル3階", "url": "https://www.kaigokensaku.mhlw.go.jp/37/index.php?action_kouhyou_detail_004_kani=true&JigyosyoCd=3770111940-00&ServiceCd=110&Type=search", "url2": "https://mg-sansou.com/" }, "geometry": { "type": "Point", "coordinates": [ 134.0679029, 34.3339963 ] } },
{ "type": "Feature", "properties": { "内容": "ケアサービスすみれ【訪問介護】香川県高松市鬼無町佐藤295番地2", "url": "https://www.kaigokensaku.mhlw.go.jp/37/index.php?action_kouhyou_detail_004_kani=true&JigyosyoCd=3770103277-00&ServiceCd=110&Type=search", "url2": null }, "geometry": { "type": "Point", "coordinates": [ 133.9901893, 34.3290356 ] } },
{ "type": "Feature", "properties": { "内容": "訪問介護事業所　かりん【訪問介護】香川県高松市室町１９０３番地４", "url": "https://www.kaigokensaku.mhlw.go.jp/37/index.php?action_kouhyou_detail_004_kani=true&JigyosyoCd=3770109761-00&ServiceCd=110&Type=search", "url2": "http://www.rakuraku-group.jp" }, "geometry": { "type": "Point", "coordinates": [ 134.043536, 34.3255255 ] } },
{ "type": "Feature", "properties": { "内容": "訪問介護事業所　つくし【訪問介護】香川県高松市室町１９０３番地４", "url": "https://www.kaigokensaku.mhlw.go.jp/37/index.php?action_kouhyou_detail_004_kani=true&JigyosyoCd=3770110116-00&ServiceCd=110&Type=search", "url2": "http://www.rakuraku-group.jp" }, "geometry": { "type": "Point", "coordinates": [ 134.043536, 34.3255255 ] } },
{ "type": "Feature", "properties": { "内容": "訪問介護事業所　宗（つかさ）【訪問介護】高松市多肥下町２４４番地", "url": "https://www.kaigokensaku.mhlw.go.jp/37/index.php?action_kouhyou_detail_004_kani=true&JigyosyoCd=3770106320-00&ServiceCd=110&Type=search", "url2": null }, "geometry": { "type": "Point", "coordinates": [ 134.053236597286997, 34.298079418524395 ] } },
{ "type": "Feature", "properties": { "内容": "一般社団法人　ルピナス【訪問介護】香川県高松市松並町657番地10", "url": "https://www.kaigokensaku.mhlw.go.jp/37/index.php?action_kouhyou_detail_004_kani=true&JigyosyoCd=3770112161-00&ServiceCd=110&Type=search", "url2": "https://www.lupinus0601.com/" }, "geometry": { "type": "Point", "coordinates": [ 134.026301499999988, 34.3134704 ] } },
{ "type": "Feature", "properties": { "内容": "ライフサポート輝【訪問介護】香川県高松市一宮町1835-21", "url": "https://www.kaigokensaku.mhlw.go.jp/37/index.php?action_kouhyou_detail_004_kani=true&JigyosyoCd=3770112195-00&ServiceCd=110&Type=search", "url2": null }, "geometry": { "type": "Point", "coordinates": [ 134.0211794, 34.2848996 ] } },
{ "type": "Feature", "properties": { "内容": "ケアサービス結【訪問介護】高松市木太町6区2768-3", "url": "https://www.kaigokensaku.mhlw.go.jp/37/index.php?action_kouhyou_detail_004_kani=true&JigyosyoCd=3770102212-00&ServiceCd=110&Type=search", "url2": "care-net.biz/37/care-yui/" }, "geometry": { "type": "Point", "coordinates": [ 134.0692623, 34.3201179 ] } },
{ "type": "Feature", "properties": { "内容": "ヘルパーステーション　ケアライン【訪問介護】香川県高松市太田下町2645-1ケアステーション太田下町内", "url": "https://www.kaigokensaku.mhlw.go.jp/37/index.php?action_kouhyou_detail_004_kani=true&JigyosyoCd=3770111817-00&ServiceCd=110&Type=search", "url2": "https://kaigostation.co.jp/" }, "geometry": { "type": "Point", "coordinates": [ 134.0500658, 34.3085128 ] } },
{ "type": "Feature", "properties": { "内容": "あざみ【訪問介護】高松市屋島西町2302-12", "url": "https://www.kaigokensaku.mhlw.go.jp/37/index.php?action_kouhyou_detail_004_kani=true&JigyosyoCd=3770106452-00&ServiceCd=110&Type=search", "url2": null }, "geometry": { "type": "Point", "coordinates": [ 134.091040180426063, 34.354984896229638 ] } },
{ "type": "Feature", "properties": { "内容": "指定訪問介護事業所　ふわり【訪問介護】香川県高松市国分寺町国分18-1", "url": "https://www.kaigokensaku.mhlw.go.jp/37/index.php?action_kouhyou_detail_004_kani=true&JigyosyoCd=3770108169-00&ServiceCd=110&Type=search", "url2": null }, "geometry": { "type": "Point", "coordinates": [ 133.958721452011105, 34.303699571588858 ] } },
{ "type": "Feature", "properties": { "内容": "株式会社おたっしゃ・ケア【訪問介護】香川県高松市西ハゼ町156番地1", "url": "https://www.kaigokensaku.mhlw.go.jp/37/index.php?action_kouhyou_detail_004_kani=true&JigyosyoCd=3770111098-00&ServiceCd=110&Type=search", "url2": null }, "geometry": { "type": "Point", "coordinates": [ 134.033291731988953, 34.322101387915403 ] } },
{ "type": "Feature", "properties": { "内容": "訪問介護ステーション心愛【訪問介護】香川県高松市福田町12番地14", "url": "https://www.kaigokensaku.mhlw.go.jp/37/index.php?action_kouhyou_detail_004_kani=true&JigyosyoCd=3770110272-00&ServiceCd=110&Type=search", "url2": null }, "geometry": { "type": "Point", "coordinates": [ 134.0542352, 34.3402723 ] } },
{ "type": "Feature", "properties": { "内容": "訪問介護事業所慶【訪問介護】香川県高松市香川町川内原７３番地１", "url": "https://www.kaigokensaku.mhlw.go.jp/37/index.php?action_kouhyou_detail_004_kani=true&JigyosyoCd=3770101636-00&ServiceCd=110&Type=search", "url2": null }, "geometry": { "type": "Point", "coordinates": [ 134.040916899999957, 34.2408361 ] } },
{ "type": "Feature", "properties": { "内容": "ヘルパーステーション・フルール【訪問介護】香川県　高松市　東山崎町４０番地３７", "url": "https://www.kaigokensaku.mhlw.go.jp/37/index.php?action_kouhyou_detail_004_kani=true&JigyosyoCd=3770107690-00&ServiceCd=110&Type=search", "url2": null }, "geometry": { "type": "Point", "coordinates": [ 134.091002099999969, 34.3013115 ] } },
{ "type": "Feature", "properties": { "内容": "IMC下田井　訪問介護ステーション【訪問介護】香川県高松市下田井町80番地1", "url": "https://www.kaigokensaku.mhlw.go.jp/37/index.php?action_kouhyou_detail_004_kani=true&JigyosyoCd=3770109928-00&ServiceCd=110&Type=search", "url2": "https://imc-ls.com/" }, "geometry": { "type": "Point", "coordinates": [ 134.091021599999976, 34.2979592 ] } },
{ "type": "Feature", "properties": { "内容": "ヘルパーステーション　あったかネット【訪問介護】高松市伏石町2053番地14　エステートピア伏石101", "url": "https://www.kaigokensaku.mhlw.go.jp/37/index.php?action_kouhyou_detail_004_kani=true&JigyosyoCd=3770106841-00&ServiceCd=110&Type=search", "url2": "http://hp.kaipoke.biz/g0n/" }, "geometry": { "type": "Point", "coordinates": [ 134.05385239510656, 34.314962773050411 ] } },
{ "type": "Feature", "properties": { "内容": "訪問介護はぐ【訪問介護】香川県高松市木太町453番地1丸忠第13ビル107", "url": "https://www.kaigokensaku.mhlw.go.jp/37/index.php?action_kouhyou_detail_004_kani=true&JigyosyoCd=3770111783-00&ServiceCd=110&Type=search", "url2": null }, "geometry": { "type": "Point", "coordinates": [ 134.072015599999986, 34.3111995 ] } },
{ "type": "Feature", "properties": { "内容": "ケアサービス　華四季【訪問介護】香川県高松市常磐町2丁目4-2大熊ビル201", "url": "https://www.kaigokensaku.mhlw.go.jp/37/index.php?action_kouhyou_detail_004_kani=true&JigyosyoCd=3770112245-00&ServiceCd=110&Type=search", "url2": "https://care-net.biz/37/hanasiki" }, "geometry": { "type": "Point", "coordinates": [ 134.0514298, 34.337898 ] } },
{ "type": "Feature", "properties": { "内容": "ヘルパーステーション　ゆうゆう鹿角【訪問介護】香川県高松市鹿角町269-1", "url": "https://www.kaigokensaku.mhlw.go.jp/37/index.php?action_kouhyou_detail_004_kani=true&JigyosyoCd=3770111486-00&ServiceCd=110&Type=search", "url2": "http://www.yuyusya.co.jp/" }, "geometry": { "type": "Point", "coordinates": [ 134.032252699999987, 34.3025412 ] } },
{ "type": "Feature", "properties": { "内容": "ソエルガーデン高松寺井訪問介護【訪問介護】香川県高松市寺井町1041番地4", "url": "https://www.kaigokensaku.mhlw.go.jp/37/index.php?action_kouhyou_detail_004_kani=true&JigyosyoCd=3770112229-00&ServiceCd=110&Type=search", "url2": "http///www.carepartner.com/service/soerugarden/" }, "geometry": { "type": "Point", "coordinates": [ 134.026428599999946, 34.2784417 ] } },
{ "type": "Feature", "properties": { "内容": "ココロンヘルパーステーション【訪問介護】香川県高松市出作町422番地1", "url": "https://www.kaigokensaku.mhlw.go.jp/37/index.php?action_kouhyou_detail_004_kani=true&JigyosyoCd=3770112260-00&ServiceCd=110&Type=search", "url2": "https://www.jikeikai-ise.or.jp/" }, "geometry": { "type": "Point", "coordinates": [ 134.047966879762271, 34.286948802393489 ] } },
{ "type": "Feature", "properties": { "内容": "ヘルパーステーションゆうゆう高松【訪問介護】香川県高松市上林町705番地1", "url": "https://www.kaigokensaku.mhlw.go.jp/37/index.php?action_kouhyou_detail_004_kani=true&JigyosyoCd=3770111478-00&ServiceCd=110&Type=search", "url2": "http://www.yuyusya.co.jp/" }, "geometry": { "type": "Point", "coordinates": [ 134.0618905, 34.2905609 ] } },
{ "type": "Feature", "properties": { "内容": "訪問介護ステーション　あゆむ【訪問介護】香川県高松市上林町541-1", "url": "https://www.kaigokensaku.mhlw.go.jp/37/index.php?action_kouhyou_detail_004_kani=true&JigyosyoCd=3770112278-00&ServiceCd=110&Type=search", "url2": "https://www.careservicekagawa.jp/" }, "geometry": { "type": "Point", "coordinates": [ 134.0663783, 34.290264700000016 ] } },
{ "type": "Feature", "properties": { "内容": "レインボーケアセンター【訪問介護】香川県高松市伏石町2139番地4", "url": "https://www.kaigokensaku.mhlw.go.jp/37/index.php?action_kouhyou_detail_004_kani=true&JigyosyoCd=3770101362-00&ServiceCd=110&Type=search", "url2": null }, "geometry": { "type": "Point", "coordinates": [ 134.0607721, 34.3102577 ] } },
{ "type": "Feature", "properties": { "内容": "なでしこ垂水訪問介護事業部【訪問介護】香川県丸亀市新田町233番地5", "url": "https://www.kaigokensaku.mhlw.go.jp/37/index.php?action_kouhyou_detail_004_kani=true&JigyosyoCd=3770201691-00&ServiceCd=110&Type=search", "url2": "https://care-nadeshiko.jp/" }, "geometry": { "type": "Point", "coordinates": [ 133.78974310000001, 34.2737081 ] } },
{ "type": "Feature", "properties": { "内容": "ウォ－ム・ハ－ト・ブリュ－介護センタ－【訪問介護】香川県丸亀市土器町東ハ丁目70番地", "url": "https://www.kaigokensaku.mhlw.go.jp/37/index.php?action_kouhyou_detail_004_kani=true&JigyosyoCd=3770200420-00&ServiceCd=110&Type=search", "url2": "buryu@proof.ocn.ne.jp" }, "geometry": { "type": "Point", "coordinates": [ 133.806721, 34.294955 ] } },
{ "type": "Feature", "properties": { "内容": "京極の里【訪問介護】丸亀市田村町1286番地1", "url": "https://www.kaigokensaku.mhlw.go.jp/37/index.php?action_kouhyou_detail_004_kani=true&JigyosyoCd=3770201808-00&ServiceCd=110&Type=search", "url2": null }, "geometry": { "type": "Point", "coordinates": [ 133.794432899999947, 34.2662396 ] } },
{ "type": "Feature", "properties": { "内容": "訪問介護笑結【訪問介護】香川県丸亀市三条町1536番地5", "url": "https://www.kaigokensaku.mhlw.go.jp/37/index.php?action_kouhyou_detail_004_kani=true&JigyosyoCd=3770201980-00&ServiceCd=110&Type=search", "url2": null }, "geometry": { "type": "Point", "coordinates": [ 133.8003181, 34.2601513 ] } },
{ "type": "Feature", "properties": { "内容": "インクルージョンホーム丸亀訪問介護事業所【訪問介護】丸亀市中津町1467-1", "url": "https://www.kaigokensaku.mhlw.go.jp/37/index.php?action_kouhyou_detail_004_kani=true&JigyosyoCd=3770201261-00&ServiceCd=110&Type=search", "url2": null }, "geometry": { "type": "Point", "coordinates": [ 133.7741153, 34.2809239 ] } },
{ "type": "Feature", "properties": { "内容": "つどい介護サービス【訪問介護】香川県丸亀市西平山町110番地1カーサ・くろせ101号", "url": "https://www.kaigokensaku.mhlw.go.jp/37/index.php?action_kouhyou_detail_004_kani=true&JigyosyoCd=3770201303-00&ServiceCd=110&Type=search", "url2": null }, "geometry": { "type": "Point", "coordinates": [ 133.795061300000043, 34.2935474 ] } },
{ "type": "Feature", "properties": { "内容": "きずな【訪問介護】香川県丸亀市綾歌町富熊5024番地6", "url": "https://www.kaigokensaku.mhlw.go.jp/37/index.php?action_kouhyou_detail_004_kani=true&JigyosyoCd=3770202111-00&ServiceCd=110&Type=search", "url2": null }, "geometry": { "type": "Point", "coordinates": [ 133.888029, 34.2555783 ] } },
{ "type": "Feature", "properties": { "内容": "ヘルパーステーションリアン【訪問介護】香川県丸亀市今津町19番地1医療法人社団宝樹みやの会人口透析センター宮野病院4F", "url": "https://www.kaigokensaku.mhlw.go.jp/37/index.php?action_kouhyou_detail_004_kani=true&JigyosyoCd=3770201873-00&ServiceCd=110&Type=search", "url2": "http://www.miyano-hp.com/" }, "geometry": { "type": "Point", "coordinates": [ 133.7848655, 34.2795066 ] } },
{ "type": "Feature", "properties": { "内容": "東讃交通株式会社丸亀営業所　ひまわり介護サービス【訪問介護】香川県丸亀市土器町北二丁目105-2", "url": "https://www.kaigokensaku.mhlw.go.jp/37/index.php?action_kouhyou_detail_004_kani=true&JigyosyoCd=3770200347-00&ServiceCd=110&Type=search", "url2": "hppp://www.tousan-kotsu.co.jp" }, "geometry": { "type": "Point", "coordinates": [ 133.801182400000016, 34.3073402 ] } },
{ "type": "Feature", "properties": { "内容": "訪問介護ステーション　パルマ【訪問介護】丸亀市幸町1丁目4－10", "url": "https://www.kaigokensaku.mhlw.go.jp/37/index.php?action_kouhyou_detail_004_kani=true&JigyosyoCd=3770201014-00&ServiceCd=110&Type=search", "url2": "http//www.tamura-clin.com/" }, "geometry": { "type": "Point", "coordinates": [ 133.789544284737644, 34.287211273819139 ] } },
{ "type": "Feature", "properties": { "内容": "（有）ケア・サービス丸亀指定訪問介護事業所【訪問介護】香川県丸亀市中府町2丁目4-30", "url": "https://www.kaigokensaku.mhlw.go.jp/37/index.php?action_kouhyou_detail_004_kani=true&JigyosyoCd=3770200156-00&ServiceCd=110&Type=search", "url2": "http://care-net.biz/37/care-marugame/" }, "geometry": { "type": "Point", "coordinates": [ 133.794159, 34.2807961 ] } },
{ "type": "Feature", "properties": { "内容": "訪問介護事業所よもぎ【訪問介護】香川県丸亀市飯山町下法軍寺536番地1", "url": "https://www.kaigokensaku.mhlw.go.jp/37/index.php?action_kouhyou_detail_004_kani=true&JigyosyoCd=3770202046-00&ServiceCd=110&Type=search", "url2": "https://yomogiweb.jimdofree.com/" }, "geometry": { "type": "Point", "coordinates": [ 133.856983767151974, 34.256942472400205 ] } },
{ "type": "Feature", "properties": { "内容": "訪問介護事業所きみ【訪問介護】綾歌町富熊1074", "url": "https://www.kaigokensaku.mhlw.go.jp/37/index.php?action_kouhyou_detail_004_kani=true&JigyosyoCd=3770202129-00&ServiceCd=110&Type=search", "url2": "http://wwwc.pikara.ne.jp/kimitaxi/index.html" }, "geometry": { "type": "Point", "coordinates": [ 133.87342240000001, 34.2495625 ] } },
{ "type": "Feature", "properties": { "内容": "ワンハート介護サービスセンター【訪問介護】香川県丸亀市飯山町西坂元1206番地69", "url": "https://www.kaigokensaku.mhlw.go.jp/37/index.php?action_kouhyou_detail_004_kani=true&JigyosyoCd=3771500737-00&ServiceCd=110&Type=search", "url2": "https://sites.google.com/view/oneheart-kaigo/" }, "geometry": { "type": "Point", "coordinates": [ 133.836766600000033, 34.2579044 ] } },
{ "type": "Feature", "properties": { "内容": "ひかり【訪問介護】香川県丸亀市綾歌町岡田下３５３番地1", "url": "https://www.kaigokensaku.mhlw.go.jp/37/index.php?action_kouhyou_detail_004_kani=true&JigyosyoCd=3770201931-00&ServiceCd=110&Type=search", "url2": null }, "geometry": { "type": "Point", "coordinates": [ 133.86163160000001, 34.2226491 ] } },
{ "type": "Feature", "properties": { "内容": "天宝苑ヘルパーステーション【訪問介護】香川県丸亀市宗古町１６番地", "url": "https://www.kaigokensaku.mhlw.go.jp/37/index.php?action_kouhyou_detail_004_kani=true&JigyosyoCd=3770200552-00&ServiceCd=110&Type=search", "url2": "tenpouen.jinjukai@gmail.com" }, "geometry": { "type": "Point", "coordinates": [ 133.7956835, 34.2927391 ] } },
{ "type": "Feature", "properties": { "内容": "丸亀市社会福祉協議会【訪問介護】丸亀市飯山町下法軍寺581番地1丸亀市飯山総合保健福祉センター", "url": "https://www.kaigokensaku.mhlw.go.jp/37/index.php?action_kouhyou_detail_004_kani=true&JigyosyoCd=3770200677-00&ServiceCd=110&Type=search", "url2": "http://www.marugame-shakyo.ne.jp/" }, "geometry": { "type": "Point", "coordinates": [ 133.858479100000068, 34.2589126 ] } },
{ "type": "Feature", "properties": { "内容": "ニチイケアセンター飯山【訪問介護】丸亀市飯山町上法軍寺922-1", "url": "https://www.kaigokensaku.mhlw.go.jp/37/index.php?action_kouhyou_detail_004_kani=true&JigyosyoCd=3770201394-00&ServiceCd=110&Type=search", "url2": "株式会社　ニチイ学館公式ＨＰへ" }, "geometry": { "type": "Point", "coordinates": [ 133.859315400000014, 34.2479973 ] } },
{ "type": "Feature", "properties": { "内容": "セントケア丸亀【訪問介護】香川県丸亀市土器町東7丁目457", "url": "https://www.kaigokensaku.mhlw.go.jp/37/index.php?action_kouhyou_detail_004_kani=true&JigyosyoCd=3770200982-00&ServiceCd=110&Type=search", "url2": "http://www.saint-care.com" }, "geometry": { "type": "Point", "coordinates": [ 133.812117599999965, 34.2954833 ] } },
{ "type": "Feature", "properties": { "内容": "Ｌｉｆｅｰエイド【訪問介護】香川県丸亀市川西町北2102-1", "url": "https://www.kaigokensaku.mhlw.go.jp/37/index.php?action_kouhyou_detail_004_kani=true&JigyosyoCd=3770202012-00&ServiceCd=110&Type=search", "url2": "https://life-aid3232.com/" }, "geometry": { "type": "Point", "coordinates": [ 133.823439478538887, 34.264248884368349 ] } },
{ "type": "Feature", "properties": { "内容": "アイファミリークリニック訪問介護事業所【訪問介護】香川県丸亀市川西町826", "url": "https://www.kaigokensaku.mhlw.go.jp/37/index.php?action_kouhyou_detail_004_kani=true&JigyosyoCd=3770201618-00&ServiceCd=110&Type=search", "url2": null }, "geometry": { "type": "Point", "coordinates": [ 133.832286699999941, 34.2440033 ] } },
{ "type": "Feature", "properties": { "内容": "ニチイケアセンター丸亀【訪問介護】香川県　丸亀市　中津町75番１", "url": "https://www.kaigokensaku.mhlw.go.jp/37/index.php?action_kouhyou_detail_004_kani=true&JigyosyoCd=3770200230-00&ServiceCd=110&Type=search", "url2": "http//www.nitiigakkann.co.jp" }, "geometry": { "type": "Point", "coordinates": [ 133.767644799999971, 34.2838482 ] } },
{ "type": "Feature", "properties": { "内容": "有限会社介護支援サークル・アニメイト【訪問介護】香川県丸亀市今津町739－6", "url": "https://www.kaigokensaku.mhlw.go.jp/37/index.php?action_kouhyou_detail_004_kani=true&JigyosyoCd=3770200438-00&ServiceCd=110&Type=search", "url2": null }, "geometry": { "type": "Point", "coordinates": [ 133.783121199999982, 34.282718 ] } },
{ "type": "Feature", "properties": { "内容": "訪問介護　ケア・ステーション【訪問介護】丸亀市土器町西4丁目244", "url": "https://www.kaigokensaku.mhlw.go.jp/37/index.php?action_kouhyou_detail_004_kani=true&JigyosyoCd=3770201196-00&ServiceCd=110&Type=search", "url2": "http：//www.kaigostation.com/" }, "geometry": { "type": "Point", "coordinates": [ 133.814922255819738, 34.282745561730856 ] } },
{ "type": "Feature", "properties": { "内容": "ベストパートナーズ【訪問介護】飯山町東坂元1651-12", "url": "https://www.kaigokensaku.mhlw.go.jp/37/index.php?action_kouhyou_detail_004_kani=true&JigyosyoCd=3770201741-00&ServiceCd=110&Type=search", "url2": null }, "geometry": { "type": "Point", "coordinates": [ 133.855693237836476, 34.269605070386717 ] } },
{ "type": "Feature", "properties": { "内容": "訪問介護アイムホーム丸亀【訪問介護】香川県丸亀市飯野町東分1075-1", "url": "https://www.kaigokensaku.mhlw.go.jp/37/index.php?action_kouhyou_detail_004_kani=true&JigyosyoCd=3770202137-00&ServiceCd=110&Type=search", "url2": null }, "geometry": { "type": "Point", "coordinates": [ 133.824757, 34.2864667 ] } },
{ "type": "Feature", "properties": { "内容": "シャロームヘルパー事業所【訪問介護】丸亀市垂水町１６－５０", "url": "https://www.kaigokensaku.mhlw.go.jp/37/index.php?action_kouhyou_detail_004_kani=true&JigyosyoCd=3770200321-00&ServiceCd=110&Type=search", "url2": null }, "geometry": { "type": "Point", "coordinates": [ 133.836276099999964, 34.2212752 ] } },
{ "type": "Feature", "properties": { "内容": "坂出聖マルチン病院訪問介護【訪問介護】香川県坂出市谷町1-4-68", "url": "https://www.kaigokensaku.mhlw.go.jp/37/index.php?action_kouhyou_detail_004_kani=true&JigyosyoCd=3770301103-00&ServiceCd=110&Type=search", "url2": "sakaide-martinhp.jp" }, "geometry": { "type": "Point", "coordinates": [ 133.8597883, 34.311800499999983 ] } },
{ "type": "Feature", "properties": { "内容": "MIRAI病院訪問介護センター【訪問介護】香川県坂出市加茂町593番地1旧西山脳神経外科病院", "url": "https://www.kaigokensaku.mhlw.go.jp/37/index.php?action_kouhyou_detail_004_kani=true&JigyosyoCd=3770300295-00&ServiceCd=110&Type=search", "url2": "https://www.mirai-hospital.com/community/home-care/" }, "geometry": { "type": "Point", "coordinates": [ 133.909799824356696, 34.307059505782554 ] } },
{ "type": "Feature", "properties": { "内容": "中村製麸有限会社　訪問介護ステーション　まる【訪問介護】香川県坂出市旭町二丁目６番４２号", "url": "https://www.kaigokensaku.mhlw.go.jp/37/index.php?action_kouhyou_detail_004_kani=true&JigyosyoCd=3770301145-00&ServiceCd=110&Type=search", "url2": "https://sunumarudaru.crayonsite.net/" }, "geometry": { "type": "Point", "coordinates": [ 133.866153820901502, 34.31558867432809 ] } },
{ "type": "Feature", "properties": { "内容": "ニチイケアセンターさかいで【訪問介護】香川県坂出市西大浜南１丁目4-5", "url": "https://www.kaigokensaku.mhlw.go.jp/37/index.php?action_kouhyou_detail_004_kani=true&JigyosyoCd=3770301202-00&ServiceCd=110&Type=search", "url2": "www.nichiigakkan.co.jp" }, "geometry": { "type": "Point", "coordinates": [ 133.8467584, 34.3197739 ] } },
{ "type": "Feature", "properties": { "内容": "城山ホームヘルパーステーション【訪問介護】香川県坂出市川津町1986番地22ケアハウス　ハイツ城山", "url": "https://www.kaigokensaku.mhlw.go.jp/37/index.php?action_kouhyou_detail_004_kani=true&JigyosyoCd=3770300204-00&ServiceCd=110&Type=search", "url2": "http://www.nagai-group.com/" }, "geometry": { "type": "Point", "coordinates": [ 133.86997520608216, 34.291866269206579 ] } },
{ "type": "Feature", "properties": { "内容": "セントケア坂出【訪問介護】香川県坂出市林田町879番地5", "url": "https://www.kaigokensaku.mhlw.go.jp/37/index.php?action_kouhyou_detail_004_kani=true&JigyosyoCd=3770300774-00&ServiceCd=110&Type=search", "url2": "http:/www.saint-care.com" }, "geometry": { "type": "Point", "coordinates": [ 133.893498307931509, 34.32406525976976 ] } },
{ "type": "Feature", "properties": { "内容": "松ヶ浦荘ホームヘルパーステーション【訪問介護】坂出市大屋冨町３１００番地１３", "url": "https://www.kaigokensaku.mhlw.go.jp/37/index.php?action_kouhyou_detail_004_kani=true&JigyosyoCd=3770300220-00&ServiceCd=110&Type=search", "url2": "http://care-net.biz/37/shoujyukai/" }, "geometry": { "type": "Point", "coordinates": [ 133.894061500000021, 34.3556199 ] } },
{ "type": "Feature", "properties": { "内容": "社会福祉法人坂出市社会福祉協議会【訪問介護】香川県坂出市白金町一丁目-2番-10号", "url": "https://www.kaigokensaku.mhlw.go.jp/37/index.php?action_kouhyou_detail_004_kani=true&JigyosyoCd=3770300022-00&ServiceCd=110&Type=search", "url2": "http://sakaidesyakyo.jp/" }, "geometry": { "type": "Point", "coordinates": [ 133.846443735287863, 34.313178429991758 ] } },
{ "type": "Feature", "properties": { "内容": "訪問介護事業所　幹【訪問介護】香川県坂出市西大浜北２丁目４－５６", "url": "https://www.kaigokensaku.mhlw.go.jp/37/index.php?action_kouhyou_detail_004_kani=true&JigyosyoCd=3770300873-00&ServiceCd=110&Type=search", "url2": null }, "geometry": { "type": "Point", "coordinates": [ 133.8435651, 34.3239584 ] } },
{ "type": "Feature", "properties": { "内容": "グレイスガーデン訪問介護センター【訪問介護】加茂町628-1", "url": "https://www.kaigokensaku.mhlw.go.jp/37/index.php?action_kouhyou_detail_004_kani=true&JigyosyoCd=3770300949-00&ServiceCd=110&Type=search", "url2": "http://www.kbn.ne.jp/home/neuronis/grace/" }, "geometry": { "type": "Point", "coordinates": [ 133.9101594, 34.3074851 ] } },
{ "type": "Feature", "properties": { "内容": "ヘルパーステーション　府中の郷　雅【訪問介護】香川県坂出市府中町１４７番地６府中の郷　雅", "url": "https://www.kaigokensaku.mhlw.go.jp/37/index.php?action_kouhyou_detail_004_kani=true&JigyosyoCd=3770301160-00&ServiceCd=110&Type=search", "url2": "http//www.akazawa-hp.com" }, "geometry": { "type": "Point", "coordinates": [ 138.252924, 36.204824 ] } },
{ "type": "Feature", "properties": { "内容": "ヘルパーステーションさくら【訪問介護】香川県坂出市元町２番地1-1", "url": "https://www.kaigokensaku.mhlw.go.jp/37/index.php?action_kouhyou_detail_004_kani=true&JigyosyoCd=3770301269-00&ServiceCd=110&Type=search", "url2": "https://n-keiseikai.com/facilities/helperstation/" }, "geometry": { "type": "Point", "coordinates": [ 133.8547461, 34.3152879 ] } },
{ "type": "Feature", "properties": { "内容": "訪問介護　星雲【訪問介護】香川県坂出市室町３丁目１－５大山ビル３F", "url": "https://www.kaigokensaku.mhlw.go.jp/37/index.php?action_kouhyou_detail_004_kani=true&JigyosyoCd=3770300733-00&ServiceCd=110&Type=search", "url2": null }, "geometry": { "type": "Point", "coordinates": [ 133.860089778959747, 34.317649363708327 ] } },
{ "type": "Feature", "properties": { "内容": "訪問介護サービスはなお【訪問介護】香川県善通寺市善通寺町1371-1", "url": "https://www.kaigokensaku.mhlw.go.jp/37/index.php?action_kouhyou_detail_004_kani=true&JigyosyoCd=3770400731-00&ServiceCd=110&Type=search", "url2": null }, "geometry": { "type": "Point", "coordinates": [ 133.77246601268746, 34.216388019470898 ] } },
{ "type": "Feature", "properties": { "内容": "医療法人高樹会ふじた医院　訪問介護事業所【訪問介護】香川県善通寺市上吉田町４丁目５番１号", "url": "https://www.kaigokensaku.mhlw.go.jp/37/index.php?action_kouhyou_detail_004_kani=true&JigyosyoCd=3770400343-00&ServiceCd=110&Type=search", "url2": "https://fujitaiin.or.jp/" }, "geometry": { "type": "Point", "coordinates": [ 133.78092479999998, 34.228688 ] } },
{ "type": "Feature", "properties": { "内容": "訪問介護　笑う門【訪問介護】香川県善通寺市弘田町292番地2", "url": "https://www.kaigokensaku.mhlw.go.jp/37/index.php?action_kouhyou_detail_004_kani=true&JigyosyoCd=3770400798-00&ServiceCd=110&Type=search", "url2": "https://ivyhukukuru.wixsite.com/my-site" }, "geometry": { "type": "Point", "coordinates": [ 133.7621168, 34.2373765 ] } },
{ "type": "Feature", "properties": { "内容": "ふじケアセンター【訪問介護】香川県善通寺市善通寺町４丁目７番28号", "url": "https://www.kaigokensaku.mhlw.go.jp/37/index.php?action_kouhyou_detail_004_kani=true&JigyosyoCd=3770400251-00&ServiceCd=110&Type=search", "url2": "http://z-fujitaxi.com" }, "geometry": { "type": "Point", "coordinates": [ 133.772275700000023, 34.2275129 ] } },
{ "type": "Feature", "properties": { "内容": "ヘルパーステーションほがらか【訪問介護】善通寺市上吉田町６丁目８番９号", "url": "https://www.kaigokensaku.mhlw.go.jp/37/index.php?action_kouhyou_detail_004_kani=true&JigyosyoCd=3770400202-00&ServiceCd=110&Type=search", "url2": "zensin-care@kagawa.coop" }, "geometry": { "type": "Point", "coordinates": [ 133.7846217, 34.2307046 ] } },
{ "type": "Feature", "properties": { "内容": "まどかケアサービスセンター【訪問介護】香川県善通寺市原田町1496番地1", "url": "https://www.kaigokensaku.mhlw.go.jp/37/index.php?action_kouhyou_detail_004_kani=true&JigyosyoCd=3770400178-00&ServiceCd=110&Type=search", "url2": "www.senju-group.or.jp" }, "geometry": { "type": "Point", "coordinates": [ 133.7881906, 34.2540882 ] } },
{ "type": "Feature", "properties": { "内容": "善通寺市社会福祉協議会　指定訪問介護事業所【訪問介護】香川県善通寺市文京町二丁目1番4号", "url": "https://www.kaigokensaku.mhlw.go.jp/37/index.php?action_kouhyou_detail_004_kani=true&JigyosyoCd=3770400186-00&ServiceCd=110&Type=search", "url2": "https://zentsuji-shakyo.or.jp" }, "geometry": { "type": "Point", "coordinates": [ 133.7882826, 34.2271773 ] } },
{ "type": "Feature", "properties": { "内容": "まごころ丸亀【訪問介護】香川県善通寺市原田町1317-7", "url": "https://www.kaigokensaku.mhlw.go.jp/37/index.php?action_kouhyou_detail_004_kani=true&JigyosyoCd=3770400376-00&ServiceCd=110&Type=search", "url2": null }, "geometry": { "type": "Point", "coordinates": [ 133.792359600000026, 34.2531383 ] } },
{ "type": "Feature", "properties": { "内容": "ホームヘルパーステーション　愛の手【訪問介護】香川県善通寺市中村町485-1", "url": "https://www.kaigokensaku.mhlw.go.jp/37/index.php?action_kouhyou_detail_004_kani=true&JigyosyoCd=3770400434-00&ServiceCd=110&Type=search", "url2": "http://www.junshinkai.com/facilitie/kagayaki.html" }, "geometry": { "type": "Point", "coordinates": [ 133.765926, 34.2456608 ] } },
{ "type": "Feature", "properties": { "内容": "社会福祉法人ラーフ居宅訪問介護部【訪問介護】香川県観音寺市古川町９７番地２障害福祉サービス事業所やまもも", "url": "https://www.kaigokensaku.mhlw.go.jp/37/index.php?action_kouhyou_detail_004_kani=true&JigyosyoCd=3770500761-00&ServiceCd=110&Type=search", "url2": "http://www.shafuku-laugh.com/" }, "geometry": { "type": "Point", "coordinates": [ 133.698089100000061, 34.1286634 ] } },
{ "type": "Feature", "properties": { "内容": "ヘルパーステーション　はあとおん・すまいる【訪問介護】香川県観音寺市植田町1463番地サービス付き高齢者向け住宅うるわしの里はあとおん", "url": "https://www.kaigokensaku.mhlw.go.jp/37/index.php?action_kouhyou_detail_004_kani=true&JigyosyoCd=3770500662-00&ServiceCd=110&Type=search", "url2": "http://www.mig-hearton.com" }, "geometry": { "type": "Point", "coordinates": [ 133.671403342327949, 34.124200609507639 ] } },
{ "type": "Feature", "properties": { "内容": "ヘルパーステーション笑歩会豊浜【訪問介護】香川県観音寺市豊浜町姫浜101-2", "url": "https://www.kaigokensaku.mhlw.go.jp/37/index.php?action_kouhyou_detail_004_kani=true&JigyosyoCd=3770500803-00&ServiceCd=110&Type=search", "url2": "http://shouhokai.jp/" }, "geometry": { "type": "Point", "coordinates": [ 133.63957836745908, 34.0838967745985 ] } },
{ "type": "Feature", "properties": { "内容": "セントケア観音寺【訪問介護】香川県観音寺市本大町1473-3", "url": "https://www.kaigokensaku.mhlw.go.jp/37/index.php?action_kouhyou_detail_004_kani=true&JigyosyoCd=3770500522-00&ServiceCd=110&Type=search", "url2": "http:/www.saint-care.com" }, "geometry": { "type": "Point", "coordinates": [ 133.697481773296516, 34.133695311445024 ] } },
{ "type": "Feature", "properties": { "内容": "特定非営利活動法人はるかぜ居宅訪問介護部【訪問介護】香川県観音寺市原町１２０８番地１", "url": "https://www.kaigokensaku.mhlw.go.jp/37/index.php?action_kouhyou_detail_004_kani=true&JigyosyoCd=3770500894-00&ServiceCd=110&Type=search", "url2": "https://npoharukaze.com/" }, "geometry": { "type": "Point", "coordinates": [ 133.697860600000013, 34.1057808 ] } },
{ "type": "Feature", "properties": { "内容": "ニチイケアセンター観音寺【訪問介護】香川県観音寺市植田町155-1テナントサツキ1-103", "url": "https://www.kaigokensaku.mhlw.go.jp/37/index.php?action_kouhyou_detail_004_kani=true&JigyosyoCd=3770500050-00&ServiceCd=110&Type=search", "url2": null }, "geometry": { "type": "Point", "coordinates": [ 133.683334899999977, 34.12445 ] } },
{ "type": "Feature", "properties": { "内容": "訪問介護事業所みち【訪問介護】香川県観音寺市観音寺町甲3163番地26", "url": "https://www.kaigokensaku.mhlw.go.jp/37/index.php?action_kouhyou_detail_004_kani=true&JigyosyoCd=3770500936-00&ServiceCd=110&Type=search", "url2": null }, "geometry": { "type": "Point", "coordinates": [ 133.6550787, 34.1298399 ] } },
{ "type": "Feature", "properties": { "内容": "社会福祉法人　観音寺市社会福祉協議会【訪問介護】香川県観音寺市坂本町一丁目１番６号観音寺市社会福祉センター", "url": "https://www.kaigokensaku.mhlw.go.jp/37/index.php?action_kouhyou_detail_004_kani=true&JigyosyoCd=3770500472-00&ServiceCd=110&Type=search", "url2": "http://www.kansyakyo-egao.jp" }, "geometry": { "type": "Point", "coordinates": [ 133.66193050000004, 34.1276437 ] } },
{ "type": "Feature", "properties": { "内容": "ケアサポート凛【訪問介護】長尾東８６８－５", "url": "https://www.kaigokensaku.mhlw.go.jp/37/index.php?action_kouhyou_detail_004_kani=true&JigyosyoCd=3770601056-00&ServiceCd=110&Type=search", "url2": null }, "geometry": { "type": "Point", "coordinates": [ 134.175755699999968, 34.2651166 ] } },
{ "type": "Feature", "properties": { "内容": "さくら・介護ステーションさぬき【訪問介護】香川県さぬき市長尾西１０５３－２　２Ｆ", "url": "https://www.kaigokensaku.mhlw.go.jp/37/index.php?action_kouhyou_detail_004_kani=true&JigyosyoCd=3770600595-00&ServiceCd=110&Type=search", "url2": "http://www.sakurakaigo.co.jp/" }, "geometry": { "type": "Point", "coordinates": [ 134.169342300000039, 34.2657969 ] } },
{ "type": "Feature", "properties": { "内容": "有限会社　介護支援サービスセンター　御徳【訪問介護】香川県さぬき市鴨部4469-3", "url": "https://www.kaigokensaku.mhlw.go.jp/37/index.php?action_kouhyou_detail_004_kani=true&JigyosyoCd=3770600140-00&ServiceCd=110&Type=search", "url2": null }, "geometry": { "type": "Point", "coordinates": [ 134.227277800000024, 34.3088509 ] } },
{ "type": "Feature", "properties": { "内容": "サンケア訪問介護センター【訪問介護】香川県さぬき市寒川町石田西2296-5", "url": "https://www.kaigokensaku.mhlw.go.jp/37/index.php?action_kouhyou_detail_004_kani=true&JigyosyoCd=3770600603-00&ServiceCd=110&Type=search", "url2": "http://sun-care.sub.jp" }, "geometry": { "type": "Point", "coordinates": [ 134.192406939425609, 34.258870889643752 ] } },
{ "type": "Feature", "properties": { "内容": "かがやきケアサービス【訪問介護】さぬき市志度2120番地1ＧＲＡＣＥⅡ　101号室", "url": "https://www.kaigokensaku.mhlw.go.jp/37/index.php?action_kouhyou_detail_004_kani=true&JigyosyoCd=3770600694-00&ServiceCd=110&Type=search", "url2": "https://r.goope.jp/kagayaki-care/" }, "geometry": { "type": "Point", "coordinates": [ 134.183605026036616, 34.31807325177509 ] } },
{ "type": "Feature", "properties": { "内容": "ヘルパーステーション福笑【訪問介護】香川県さぬき市長尾西205-10", "url": "https://www.kaigokensaku.mhlw.go.jp/37/index.php?action_kouhyou_detail_004_kani=true&JigyosyoCd=3770601312-00&ServiceCd=110&Type=search", "url2": null }, "geometry": { "type": "Point", "coordinates": [ 134.175731899999988, 34.2763145 ] } },
{ "type": "Feature", "properties": { "内容": "訪問介護ステーション　志度の丘【訪問介護】香川県さぬき市志度4625番地22", "url": "https://www.kaigokensaku.mhlw.go.jp/37/index.php?action_kouhyou_detail_004_kani=true&JigyosyoCd=3770601304-00&ServiceCd=110&Type=search", "url2": "http://www.tomohiro-sk.jp" }, "geometry": { "type": "Point", "coordinates": [ 134.1881889, 34.3124767 ] } },
{ "type": "Feature", "properties": { "内容": "ニチイケアセンター長尾東【訪問介護】香川県さぬき市長尾東1111番地１", "url": "https://www.kaigokensaku.mhlw.go.jp/37/index.php?action_kouhyou_detail_004_kani=true&JigyosyoCd=3770600645-00&ServiceCd=110&Type=search", "url2": null }, "geometry": { "type": "Point", "coordinates": [ 134.182180606745874, 34.265143466502529 ] } },
{ "type": "Feature", "properties": { "内容": "訪問介護事業所　南【訪問介護】香川県さぬき市昭和３３１７番地", "url": "https://www.kaigokensaku.mhlw.go.jp/37/index.php?action_kouhyou_detail_004_kani=true&JigyosyoCd=3770600439-00&ServiceCd=110&Type=search", "url2": null }, "geometry": { "type": "Point", "coordinates": [ 134.167098099999947, 34.2644248 ] } },
{ "type": "Feature", "properties": { "内容": "介護支援サービスセンター　大川荘【訪問介護】香川県さぬき市津田町鶴羽2193番地1", "url": "https://www.kaigokensaku.mhlw.go.jp/37/index.php?action_kouhyou_detail_004_kani=true&JigyosyoCd=3761190028-00&ServiceCd=110&Type=search", "url2": "https//www.okawaso.com/" }, "geometry": { "type": "Point", "coordinates": [ 134.278708864934572, 34.277630492045674 ] } },
{ "type": "Feature", "properties": { "内容": "ケアセンター憩【訪問介護】さぬき市長尾西204-10", "url": "https://www.kaigokensaku.mhlw.go.jp/37/index.php?action_kouhyou_detail_004_kani=true&JigyosyoCd=3771300252-00&ServiceCd=110&Type=search", "url2": "http://www.sanuki-hyunet.com" }, "geometry": { "type": "Point", "coordinates": [ 134.1760137, 34.2761677 ] } },
{ "type": "Feature", "properties": { "内容": "訪問介護　鴨部の家【訪問介護】香川県さぬき市鴨部4781-1", "url": "https://www.kaigokensaku.mhlw.go.jp/37/index.php?action_kouhyou_detail_004_kani=true&JigyosyoCd=3770600991-00&ServiceCd=110&Type=search", "url2": null }, "geometry": { "type": "Point", "coordinates": [ 134.225980700000036, 34.3133643 ] } },
{ "type": "Feature", "properties": { "内容": "ニチイケアセンター志度【訪問介護】香川県さぬき市志度905-1コーポ寺町1-1", "url": "https://www.kaigokensaku.mhlw.go.jp/37/index.php?action_kouhyou_detail_004_kani=true&JigyosyoCd=3770601254-00&ServiceCd=110&Type=search", "url2": null }, "geometry": { "type": "Point", "coordinates": [ 134.1780884, 34.3206205 ] } },
{ "type": "Feature", "properties": { "内容": "訪問介護事業所ゆかり【訪問介護】香川県さぬき市長尾東1029番地3ハートケアゆかり", "url": "https://www.kaigokensaku.mhlw.go.jp/37/index.php?action_kouhyou_detail_004_kani=true&JigyosyoCd=3770601015-00&ServiceCd=110&Type=search", "url2": "https://mg-sansou.com/" }, "geometry": { "type": "Point", "coordinates": [ 134.180740522090218, 34.261350271542426 ] } },
{ "type": "Feature", "properties": { "内容": "さざんか荘訪問介護事業所【訪問介護】香川県さぬき市大川町田面３６０番地", "url": "https://www.kaigokensaku.mhlw.go.jp/37/index.php?action_kouhyou_detail_004_kani=true&JigyosyoCd=3770600777-00&ServiceCd=110&Type=search", "url2": "http://www.o-kouiki.jp/sazankasou/" }, "geometry": { "type": "Point", "coordinates": [ 134.2559539, 34.2532461 ] } },
{ "type": "Feature", "properties": { "内容": "さわやか荘訪問介護ステーション【訪問介護】香川県さぬき市津田町津田２２０７番地", "url": "https://www.kaigokensaku.mhlw.go.jp/37/index.php?action_kouhyou_detail_004_kani=true&JigyosyoCd=3771100231-00&ServiceCd=110&Type=search", "url2": "https:sawayakakaigo.or.jp/" }, "geometry": { "type": "Point", "coordinates": [ 134.2389743, 34.2944693 ] } },
{ "type": "Feature", "properties": { "内容": "さぬき市社会福祉協議会福祉の里【訪問介護】さぬき市昭和１０５０－１", "url": "https://www.kaigokensaku.mhlw.go.jp/37/index.php?action_kouhyou_detail_004_kani=true&JigyosyoCd=3770600058-00&ServiceCd=110&Type=search", "url2": "https://sanukiーsyakyo.jp" }, "geometry": { "type": "Point", "coordinates": [ 134.166915300000028, 34.2474632 ] } },
{ "type": "Feature", "properties": { "内容": "訪問介護　こころ【訪問介護】さぬき市大川町富田中398番地", "url": "https://www.kaigokensaku.mhlw.go.jp/37/index.php?action_kouhyou_detail_004_kani=true&JigyosyoCd=3770600231-00&ServiceCd=110&Type=search", "url2": null }, "geometry": { "type": "Point", "coordinates": [ 134.235166199999981, 34.2740825 ] } },
{ "type": "Feature", "properties": { "内容": "東明訪問介護センター【訪問介護】香川県さぬき市大川町南川343番地２", "url": "https://www.kaigokensaku.mhlw.go.jp/37/index.php?action_kouhyou_detail_004_kani=true&JigyosyoCd=3771100223-00&ServiceCd=110&Type=search", "url2": "https://toumei-hotaru.com" }, "geometry": { "type": "Point", "coordinates": [ 134.233941700000059, 34.2481689 ] } },
{ "type": "Feature", "properties": { "内容": "あじさいケア【訪問介護】香川県さぬき市長尾東2357－2", "url": "https://www.kaigokensaku.mhlw.go.jp/37/index.php?action_kouhyou_detail_004_kani=true&JigyosyoCd=3770601320-00&ServiceCd=110&Type=search", "url2": null }, "geometry": { "type": "Point", "coordinates": [ 134.185923699999989, 34.2525534 ] } },
{ "type": "Feature", "properties": { "内容": "サマリヤ大川ホームヘルプサービス【訪問介護】香川県さぬき市大川町田面1198", "url": "https://www.kaigokensaku.mhlw.go.jp/37/index.php?action_kouhyou_detail_004_kani=true&JigyosyoCd=3770600363-00&ServiceCd=110&Type=search", "url2": "http://www.samariya.or.jp" }, "geometry": { "type": "Point", "coordinates": [ 134.263909099999978, 34.2495412 ] } },
{ "type": "Feature", "properties": { "内容": "訪問介護ステーションあいりす【訪問介護】香川県さぬき市造田是弘619-7", "url": "https://www.kaigokensaku.mhlw.go.jp/37/index.php?action_kouhyou_detail_004_kani=true&JigyosyoCd=3770600785-00&ServiceCd=110&Type=search", "url2": "https://kourakuen-iris.co.jp" }, "geometry": { "type": "Point", "coordinates": [ 134.179905, 34.2809511 ] } },
{ "type": "Feature", "properties": { "内容": "大川タクシーケアセンター【訪問介護】香川県さぬき市寒川町石田東字地蔵385-13", "url": "https://www.kaigokensaku.mhlw.go.jp/37/index.php?action_kouhyou_detail_004_kani=true&JigyosyoCd=3770600074-00&ServiceCd=110&Type=search", "url2": null }, "geometry": { "type": "Point", "coordinates": [ 134.2147211, 34.2379133 ] } },
{ "type": "Feature", "properties": { "内容": "特別養護老人ホーム　香東園【訪問介護】香川県さぬき市寒川町石田西680-1", "url": "https://www.kaigokensaku.mhlw.go.jp/37/index.php?action_kouhyou_detail_004_kani=true&JigyosyoCd=3771100165-00&ServiceCd=110&Type=search", "url2": "http://www.koutouen.com/" }, "geometry": { "type": "Point", "coordinates": [ 134.208049, 34.2867666 ] } },
{ "type": "Feature", "properties": { "内容": "香川県さぬき市志度1883-1大河原ビル203【訪問介護】香川県さぬき市志度1883-1大河原ビル203", "url": "https://www.kaigokensaku.mhlw.go.jp/37/index.php?action_kouhyou_detail_004_kani=true&JigyosyoCd=3770601361-00&ServiceCd=110&Type=search", "url2": null }, "geometry": { "type": "Point", "coordinates": [ 134.184725500000013, 34.32147590000001 ] } },
{ "type": "Feature", "properties": { "内容": "ヘルパーステーションすずらんの里【訪問介護】香川県東かがわ市三本松1530番地1石原ビル１階", "url": "https://www.kaigokensaku.mhlw.go.jp/37/index.php?action_kouhyou_detail_004_kani=true&JigyosyoCd=3770700403-00&ServiceCd=110&Type=search", "url2": null }, "geometry": { "type": "Point", "coordinates": [ 134.337881396511904, 34.250070058478883 ] } },
{ "type": "Feature", "properties": { "内容": "訪問介護ファインケア【訪問介護】東かがわ市馬篠249-1", "url": "https://www.kaigokensaku.mhlw.go.jp/37/index.php?action_kouhyou_detail_004_kani=true&JigyosyoCd=3770700221-00&ServiceCd=110&Type=search", "url2": "-" }, "geometry": { "type": "Point", "coordinates": [ 134.288278011721218, 34.269051149677686 ] } },
{ "type": "Feature", "properties": { "内容": "指定訪問介護事業所すばる【訪問介護】香川県東かがわ市松原１０１１－２", "url": "https://www.kaigokensaku.mhlw.go.jp/37/index.php?action_kouhyou_detail_004_kani=true&JigyosyoCd=3770700379-00&ServiceCd=110&Type=search", "url2": null }, "geometry": { "type": "Point", "coordinates": [ 134.370294300000069, 34.2460834 ] } },
{ "type": "Feature", "properties": { "内容": "ずいしょう指定訪問介護事業所【訪問介護】香川県東かがわ市湊1183番地5", "url": "https://www.kaigokensaku.mhlw.go.jp/37/index.php?action_kouhyou_detail_004_kani=true&JigyosyoCd=3771100454-00&ServiceCd=110&Type=search", "url2": "http://www.shikoku.ne.jp/zuishou/index.html" }, "geometry": { "type": "Point", "coordinates": [ 134.339697300000012, 34.2187752 ] } },
{ "type": "Feature", "properties": { "内容": "ヘルパーステーションたんぽぽの家【訪問介護】香川県東かがわ市湊263-1", "url": "https://www.kaigokensaku.mhlw.go.jp/37/index.php?action_kouhyou_detail_004_kani=true&JigyosyoCd=3770700270-00&ServiceCd=110&Type=search", "url2": "https://www.tanpoponoie.jp/" }, "geometry": { "type": "Point", "coordinates": [ 134.350721, 34.2500605 ] } },
{ "type": "Feature", "properties": { "内容": "訪問介護　あいあい【訪問介護】東かがわ市三本松1199番地1エーアイビル3階", "url": "https://www.kaigokensaku.mhlw.go.jp/37/index.php?action_kouhyou_detail_004_kani=true&JigyosyoCd=3771100678-00&ServiceCd=110&Type=search", "url2": "https://idm-hcg.co.jp" }, "geometry": { "type": "Point", "coordinates": [ 134.332567736770642, 34.248838587555611 ] } },
{ "type": "Feature", "properties": { "内容": "絹島荘　訪問介護事業所【訪問介護】香川県東かがわ市馬篠1227番地20", "url": "https://www.kaigokensaku.mhlw.go.jp/37/index.php?action_kouhyou_detail_004_kani=true&JigyosyoCd=3771100173-00&ServiceCd=110&Type=search", "url2": "http://koutouen.com/kinujima/kinujima_index/htm" }, "geometry": { "type": "Point", "coordinates": [ 134.299378700000034, 34.2739173 ] } },
{ "type": "Feature", "properties": { "内容": "ひまわり介護支援センター【訪問介護】香川県東かがわ市三本松1758", "url": "https://www.kaigokensaku.mhlw.go.jp/37/index.php?action_kouhyou_detail_004_kani=true&JigyosyoCd=3771100330-00&ServiceCd=110&Type=search", "url2": "https://www.otahospital.org/" }, "geometry": { "type": "Point", "coordinates": [ 134.3391805, 34.2480965 ] } },
{ "type": "Feature", "properties": { "内容": "訪問介護　愛華の里【訪問介護】香川県東かがわ市落合100-1", "url": "https://www.kaigokensaku.mhlw.go.jp/37/index.php?action_kouhyou_detail_004_kani=true&JigyosyoCd=3770700569-00&ServiceCd=110&Type=search", "url2": "www.aikano-sato.com" }, "geometry": { "type": "Point", "coordinates": [ 134.308864200000016, 34.2511813 ] } },
{ "type": "Feature", "properties": { "内容": "元気クラブ【訪問介護】東かがわ市白鳥１６８１－５", "url": "https://www.kaigokensaku.mhlw.go.jp/37/index.php?action_kouhyou_detail_004_kani=true&JigyosyoCd=3770700122-00&ServiceCd=110&Type=search", "url2": null }, "geometry": { "type": "Point", "coordinates": [ 134.338939, 34.2370978 ] } },
{ "type": "Feature", "properties": { "内容": "訪問介護事業所あどいけ【訪問介護】香川県東かがわ市引田4268-1", "url": "https://www.kaigokensaku.mhlw.go.jp/37/index.php?action_kouhyou_detail_004_kani=true&JigyosyoCd=3770700445-00&ServiceCd=110&Type=search", "url2": null }, "geometry": { "type": "Point", "coordinates": [ 134.395112092112754, 34.232266043254839 ] } },
{ "type": "Feature", "properties": { "内容": "うらしま介護サービス　四国損害保険株式会社【訪問介護】香川県三豊市詫間町詫間6784-95", "url": "https://www.kaigokensaku.mhlw.go.jp/37/index.php?action_kouhyou_detail_004_kani=true&JigyosyoCd=3771700287-00&ServiceCd=110&Type=search", "url2": null }, "geometry": { "type": "Point", "coordinates": [ 133.685878658335668, 34.217318487162188 ] } },
{ "type": "Feature", "properties": { "内容": "訪問介護事業所まごころ3【訪問介護】香川県三豊市豊中町笠田笠岡2070-3", "url": "https://www.kaigokensaku.mhlw.go.jp/37/index.php?action_kouhyou_detail_004_kani=true&JigyosyoCd=3770800807-00&ServiceCd=110&Type=search", "url2": "https://sasuke-gakuto.com/" }, "geometry": { "type": "Point", "coordinates": [ 133.7094571, 34.1588119 ] } },
{ "type": "Feature", "properties": { "内容": "指定訪問介護事業所ステッキ【訪問介護】香川県三豊市詫間町詫間3962-1", "url": "https://www.kaigokensaku.mhlw.go.jp/37/index.php?action_kouhyou_detail_004_kani=true&JigyosyoCd=3770800781-00&ServiceCd=110&Type=search", "url2": null }, "geometry": { "type": "Point", "coordinates": [ 133.6615558, 34.2314635 ] } },
{ "type": "Feature", "properties": { "内容": "ケアステーションオレンジ【訪問介護】香川県三豊市豊中町下高野1092", "url": "https://www.kaigokensaku.mhlw.go.jp/37/index.php?action_kouhyou_detail_004_kani=true&JigyosyoCd=3770800773-00&ServiceCd=110&Type=search", "url2": "http://healthy-aging.co.jp/" }, "geometry": { "type": "Point", "coordinates": [ 133.685257485481316, 34.153155024704461 ] } },
{ "type": "Feature", "properties": { "内容": "ニチイケアセンターたかせ【訪問介護】香川県三豊市高瀬町下勝間2488-1", "url": "https://www.kaigokensaku.mhlw.go.jp/37/index.php?action_kouhyou_detail_004_kani=true&JigyosyoCd=3770800757-00&ServiceCd=110&Type=search", "url2": null }, "geometry": { "type": "Point", "coordinates": [ 133.716213399999987, 34.181184 ] } },
{ "type": "Feature", "properties": { "内容": "三豊市社会福祉協議会訪問介護事業所【訪問介護】香川県三豊市高瀬町下勝間2449番地1(高瀬町社会福祉センター内)", "url": "https://www.kaigokensaku.mhlw.go.jp/37/index.php?action_kouhyou_detail_004_kani=true&JigyosyoCd=3770800047-00&ServiceCd=110&Type=search", "url2": "https://www.mitoyoshakyo.or.jp" }, "geometry": { "type": "Point", "coordinates": [ 133.715940455958588, 34.18177586549178 ] } },
{ "type": "Feature", "properties": { "内容": "ヘルパーステーションフクシア【訪問介護】香川県三豊市仁尾町仁尾辛39-1サービス付高齢者向け住宅フクシア内", "url": "https://www.kaigokensaku.mhlw.go.jp/37/index.php?action_kouhyou_detail_004_kani=true&JigyosyoCd=3770800674-00&ServiceCd=110&Type=search", "url2": null }, "geometry": { "type": "Point", "coordinates": [ 133.647168580426069, 34.195148952321006 ] } },
{ "type": "Feature", "properties": { "内容": "にこにこ三豊訪問介護事業所【訪問介護】香川県三豊市高瀬町上高瀬1883番地1", "url": "https://www.kaigokensaku.mhlw.go.jp/37/index.php?action_kouhyou_detail_004_kani=true&JigyosyoCd=3771700865-00&ServiceCd=110&Type=search", "url2": "http://care-net.biz/37/nponikonikomitoyo/" }, "geometry": { "type": "Point", "coordinates": [ 133.725618199999985, 34.1863495 ] } },
{ "type": "Feature", "properties": { "内容": "小豆島老人ホーム訪問介護事業所【訪問介護】小豆郡土庄町渕崎甲518", "url": "https://www.kaigokensaku.mhlw.go.jp/37/index.php?action_kouhyou_detail_004_kani=true&JigyosyoCd=3771200437-00&ServiceCd=110&Type=search", "url2": null }, "geometry": { "type": "Point", "coordinates": [ 134.178715900000043, 34.4900074 ] } },
{ "type": "Feature", "properties": { "内容": "オリーブ　ケアセンター【訪問介護】香川県小豆郡土庄町字半の池甲１３６０番地９２", "url": "https://www.kaigokensaku.mhlw.go.jp/37/index.php?action_kouhyou_detail_004_kani=true&JigyosyoCd=3771200213-00&ServiceCd=110&Type=search", "url2": "olive-ks@orion.ocn.ne.jp" }, "geometry": { "type": "Point", "coordinates": [ 134.182936079089814, 34.477679219628421 ] } },
{ "type": "Feature", "properties": { "内容": "土庄町ホームヘルパーステーション【訪問介護】香川県小豆郡土庄町淵崎甲1400番地25土庄町国保保健福祉総合施設やすらぎプラザ", "url": "https://www.kaigokensaku.mhlw.go.jp/37/index.php?action_kouhyou_detail_004_kani=true&JigyosyoCd=3771200122-00&ServiceCd=110&Type=search", "url2": null }, "geometry": { "type": "Point", "coordinates": [ 134.1894982, 34.4860967 ] } },
{ "type": "Feature", "properties": { "内容": "小豆島ヘルパーステーションフレトピア【訪問介護】香川県小豆郡土庄町渕崎甲２０２７番地７", "url": "https://www.kaigokensaku.mhlw.go.jp/37/index.php?action_kouhyou_detail_004_kani=true&JigyosyoCd=3771200239-00&ServiceCd=110&Type=search", "url2": null }, "geometry": { "type": "Point", "coordinates": [ 134.187423399999943, 34.4864383 ] } },
{ "type": "Feature", "properties": { "内容": "訪問介護事業所　はまひるがお内海【訪問介護】香川県小豆郡小豆島町安田乙158番地2", "url": "https://www.kaigokensaku.mhlw.go.jp/37/index.php?action_kouhyou_detail_004_kani=true&JigyosyoCd=3771200585-00&ServiceCd=110&Type=search", "url2": null }, "geometry": { "type": "Point", "coordinates": [ 134.334092300000066, 34.4814096 ] } },
{ "type": "Feature", "properties": { "内容": "介護サポートさくら【訪問介護】西村甲719番地2", "url": "https://www.kaigokensaku.mhlw.go.jp/37/index.php?action_kouhyou_detail_004_kani=true&JigyosyoCd=3771200635-00&ServiceCd=110&Type=search", "url2": null }, "geometry": { "type": "Point", "coordinates": [ 134.277222199999983, 34.4705179 ] } },
{ "type": "Feature", "properties": { "内容": "ヘルプステーション青空【訪問介護】香川県小豆郡小豆島町西村甲２１２２-１お元気村　青空", "url": "https://www.kaigokensaku.mhlw.go.jp/37/index.php?action_kouhyou_detail_004_kani=true&JigyosyoCd=3771200429-00&ServiceCd=110&Type=search", "url2": "http://www.ogenki-aozora.jp" }, "geometry": { "type": "Point", "coordinates": [ 134.270350600000029, 34.4696123 ] } },
{ "type": "Feature", "properties": { "内容": "介護サービスしょうどしま【訪問介護】香川県小豆郡小豆島町片城甲４４番地９５", "url": "https://www.kaigokensaku.mhlw.go.jp/37/index.php?action_kouhyou_detail_004_kani=true&JigyosyoCd=3771200346-00&ServiceCd=110&Type=search", "url2": null }, "geometry": { "type": "Point", "coordinates": [ 134.308054565402927, 34.479270938238763 ] } },
{ "type": "Feature", "properties": { "内容": "訪問介護事業所サンシャイン【訪問介護】香川県小豆郡小豆島町蒲生甲３９７番地２", "url": "https://www.kaigokensaku.mhlw.go.jp/37/index.php?action_kouhyou_detail_004_kani=true&JigyosyoCd=3771200080-00&ServiceCd=110&Type=search", "url2": "http://www.sunshine-kai.com/" }, "geometry": { "type": "Point", "coordinates": [ 134.215639099999947, 34.4821785 ] } },
{ "type": "Feature", "properties": { "内容": "株式会社ケアサポートつばさ【訪問介護】香川県小豆郡小豆島町神懸通甲１６６２－１", "url": "https://www.kaigokensaku.mhlw.go.jp/37/index.php?action_kouhyou_detail_004_kani=true&JigyosyoCd=3771200452-00&ServiceCd=110&Type=search", "url2": "https://www.tubasa-shodoshima.com" }, "geometry": { "type": "Point", "coordinates": [ 134.302661095106487, 34.491753450763838 ] } },
{ "type": "Feature", "properties": { "内容": "ライフケア桜三月訪問介護センター【訪問介護】香川県木田郡三木町下高岡字川原井2318-4ライフケア桜三月", "url": "https://www.kaigokensaku.mhlw.go.jp/37/index.php?action_kouhyou_detail_004_kani=true&JigyosyoCd=3771300757-00&ServiceCd=110&Type=search", "url2": "http://www.dolphin-takamatsu.jp/index.html" }, "geometry": { "type": "Point", "coordinates": [ 134.145702640623, 34.265139425338752 ] } },
{ "type": "Feature", "properties": { "内容": "すずらんケアセンター【訪問介護】香川県木田郡三木町池戸3148番地9", "url": "https://www.kaigokensaku.mhlw.go.jp/37/index.php?action_kouhyou_detail_004_kani=true&JigyosyoCd=3771300468-00&ServiceCd=110&Type=search", "url2": "https://hatsukikai.or.jp/" }, "geometry": { "type": "Point", "coordinates": [ 134.115873400000027, 34.2743551 ] } },
{ "type": "Feature", "properties": { "内容": "三木指定訪問介護事業所【訪問介護】香川県木田郡三木町大字氷上310番地三木町防災センター内", "url": "https://www.kaigokensaku.mhlw.go.jp/37/index.php?action_kouhyou_detail_004_kani=true&JigyosyoCd=3771300088-00&ServiceCd=110&Type=search", "url2": "http://ww8.tiki.ne.jp/~mikishakyo/" }, "geometry": { "type": "Point", "coordinates": [ 134.134531541069805, 34.268371311861351 ] } },
{ "type": "Feature", "properties": { "内容": "ケアサービス笑顔【訪問介護】香川県木田郡三木町池戸1538番地2たまきハイツ1棟106号", "url": "https://www.kaigokensaku.mhlw.go.jp/37/index.php?action_kouhyou_detail_004_kani=true&JigyosyoCd=3771300864-00&ServiceCd=110&Type=search", "url2": null }, "geometry": { "type": "Point", "coordinates": [ 134.126333063573185, 34.292782129888728 ] } },
{ "type": "Feature", "properties": { "内容": "ヘルパーステーションヌーベル三木【訪問介護】香川県木田郡三木町大字上高岡1033番地１", "url": "https://www.kaigokensaku.mhlw.go.jp/37/index.php?action_kouhyou_detail_004_kani=true&JigyosyoCd=3771300781-00&ServiceCd=110&Type=search", "url2": "http://www.yu-sho.or.jp" }, "geometry": { "type": "Point", "coordinates": [ 134.140354099999968, 34.2529838 ] } },
{ "type": "Feature", "properties": { "内容": "あゆむ介護サービス【訪問介護】木田郡三木町大字氷上3761番地1", "url": "https://www.kaigokensaku.mhlw.go.jp/37/index.php?action_kouhyou_detail_004_kani=true&JigyosyoCd=3771300609-00&ServiceCd=110&Type=search", "url2": null }, "geometry": { "type": "Point", "coordinates": [ 134.13168866837006, 34.252097323761006 ] } },
{ "type": "Feature", "properties": { "内容": "ヘルパーステーションみき【訪問介護】木田郡三木町氷上112-1", "url": "https://www.kaigokensaku.mhlw.go.jp/37/index.php?action_kouhyou_detail_004_kani=true&JigyosyoCd=3771300401-00&ServiceCd=110&Type=search", "url2": "http://www.kagawa.coop/" }, "geometry": { "type": "Point", "coordinates": [ 134.130216, 34.2659151 ] } },
{ "type": "Feature", "properties": { "内容": "介護支援なおしま社協【訪問介護】香川県香川郡直島町３６９４番地１直島町総合福祉センター", "url": "https://www.kaigokensaku.mhlw.go.jp/37/index.php?action_kouhyou_detail_004_kani=true&JigyosyoCd=3771400052-00&ServiceCd=110&Type=search", "url2": null }, "geometry": { "type": "Point", "coordinates": [ 133.979395484117163, 34.457576881590114 ] } },
{ "type": "Feature", "properties": { "内容": "宇多津町指定訪問介護事業所【訪問介護】香川県綾歌郡宇多津町１９００番地あみのうら交流センター", "url": "https://www.kaigokensaku.mhlw.go.jp/37/index.php?action_kouhyou_detail_004_kani=true&JigyosyoCd=3771500174-00&ServiceCd=110&Type=search", "url2": "http//www.utazusyakyou.org/" }, "geometry": { "type": "Point", "coordinates": [ 133.824768, 34.309154 ] } },
{ "type": "Feature", "properties": { "内容": "訪問介護センターいこい【訪問介護】香川県綾歌郡宇多津町浜五番丁６６－３", "url": "https://www.kaigokensaku.mhlw.go.jp/37/index.php?action_kouhyou_detail_004_kani=true&JigyosyoCd=3771500893-00&ServiceCd=110&Type=search", "url2": "http://vice-utz.com/" }, "geometry": { "type": "Point", "coordinates": [ 133.811320199999955, 34.3039711 ] } },
{ "type": "Feature", "properties": { "内容": "ニチイケアセンター　うたづ【訪問介護】香川県綾歌郡宇多津町大字東分1661-1", "url": "https://www.kaigokensaku.mhlw.go.jp/37/index.php?action_kouhyou_detail_004_kani=true&JigyosyoCd=3770300188-00&ServiceCd=110&Type=search", "url2": "www.nichiigakkan.co.jp" }, "geometry": { "type": "Point", "coordinates": [ 133.8375572, 34.2931002 ] } },
{ "type": "Feature", "properties": { "内容": "にこぐさ訪問介護事業所【訪問介護】香川県綾歌郡宇多津町985番地3", "url": "https://www.kaigokensaku.mhlw.go.jp/37/index.php?action_kouhyou_detail_004_kani=true&JigyosyoCd=3771501065-00&ServiceCd=110&Type=search", "url2": null }, "geometry": { "type": "Point", "coordinates": [ 133.832319143777454, 34.307614609119256 ] } },
{ "type": "Feature", "properties": { "内容": "だいとう【訪問介護】香川県綾歌郡綾川町畑田６９６番地１３", "url": "https://www.kaigokensaku.mhlw.go.jp/37/index.php?action_kouhyou_detail_004_kani=true&JigyosyoCd=3771500539-00&ServiceCd=110&Type=search", "url2": "http://www.daitoh‐taxi.co.jp/" }, "geometry": { "type": "Point", "coordinates": [ 133.9788304, 34.263001 ] } },
{ "type": "Feature", "properties": { "内容": "綾川町社会福祉協議会訪問介護事業所【訪問介護】香川県綾歌郡綾川町滝宮276番地", "url": "https://www.kaigokensaku.mhlw.go.jp/37/index.php?action_kouhyou_detail_004_kani=true&JigyosyoCd=3771500927-00&ServiceCd=110&Type=search", "url2": "http://www.ayagawa-shakyo.or.jp/" }, "geometry": { "type": "Point", "coordinates": [ 133.9210243, 34.2499604 ] } },
{ "type": "Feature", "properties": { "内容": "明日に架ける橋【訪問介護】香川県綾歌郡綾川町陶５７７９番地1", "url": "https://www.kaigokensaku.mhlw.go.jp/37/index.php?action_kouhyou_detail_004_kani=true&JigyosyoCd=3770104994-00&ServiceCd=110&Type=search", "url2": "http://tatara-net.com/" }, "geometry": { "type": "Point", "coordinates": [ 133.9476277, 34.2520078 ] } },
{ "type": "Feature", "properties": { "内容": "楽々苑訪問介護事業所【訪問介護】香川県綾歌郡綾川町滝宮380番地", "url": "https://www.kaigokensaku.mhlw.go.jp/37/index.php?action_kouhyou_detail_004_kani=true&JigyosyoCd=3771500778-00&ServiceCd=110&Type=search", "url2": "https://rakurakuen-kagawa.or.jp/" }, "geometry": { "type": "Point", "coordinates": [ 133.925000485319543, 34.248993119868864 ] } },
{ "type": "Feature", "properties": { "内容": "リラックス　ケアステーション【訪問介護】香川県綾歌郡綾川町滝宮1639-1", "url": "https://www.kaigokensaku.mhlw.go.jp/37/index.php?action_kouhyou_detail_004_kani=true&JigyosyoCd=3771501024-00&ServiceCd=110&Type=search", "url2": null }, "geometry": { "type": "Point", "coordinates": [ 133.915652300000033, 34.2523213 ] } },
{ "type": "Feature", "properties": { "内容": "訪問介護サービスひな菊【訪問介護】綾歌郡綾川町小野甲247-5", "url": "https://www.kaigokensaku.mhlw.go.jp/37/index.php?action_kouhyou_detail_004_kani=true&JigyosyoCd=3770300444-00&ServiceCd=110&Type=search", "url2": "http://wick-hinagiku.com/hana/" }, "geometry": { "type": "Point", "coordinates": [ 133.907425500000045, 34.2446584 ] } },
{ "type": "Feature", "properties": { "内容": "指定訪問介護事業所　千手ケア【訪問介護】香川県仲多度郡琴平町榎井104-1", "url": "https://www.kaigokensaku.mhlw.go.jp/37/index.php?action_kouhyou_detail_004_kani=true&JigyosyoCd=3771601246-00&ServiceCd=110&Type=search", "url2": "http://hp:kaipoke.biz/3t6/" }, "geometry": { "type": "Point", "coordinates": [ 133.830107, 34.1920634 ] } },
{ "type": "Feature", "properties": { "内容": "社会福祉法人　琴平町社会福祉協議会【訪問介護】香川県仲多度郡琴平町榎井891番地１", "url": "https://www.kaigokensaku.mhlw.go.jp/37/index.php?action_kouhyou_detail_004_kani=true&JigyosyoCd=3771600115-00&ServiceCd=110&Type=search", "url2": "http//www.k-wel.or.jp" }, "geometry": { "type": "Point", "coordinates": [ 133.822161100000017, 34.1920752 ] } },
{ "type": "Feature", "properties": { "内容": "琴平老人の家指定訪問介護事業所【訪問介護】香川県仲多度郡琴平町榎井572番地1", "url": "https://www.kaigokensaku.mhlw.go.jp/37/index.php?action_kouhyou_detail_004_kani=true&JigyosyoCd=3771600768-00&ServiceCd=110&Type=search", "url2": "kotorou@arion.ocn.ne.jp" }, "geometry": { "type": "Point", "coordinates": [ 133.821853354214426, 34.195424522786737 ] } },
{ "type": "Feature", "properties": { "内容": "訪問介護ステーションみりみり【訪問介護】香川県仲多度郡多度津町堀江三丁目10番50-1号", "url": "https://www.kaigokensaku.mhlw.go.jp/37/index.php?action_kouhyou_detail_004_kani=true&JigyosyoCd=3771601253-00&ServiceCd=110&Type=search", "url2": null }, "geometry": { "type": "Point", "coordinates": [ 133.760453582139547, 34.27850529539073 ] } },
{ "type": "Feature", "properties": { "内容": "訪問介護ステーションエルスト【訪問介護】香川県仲多度郡多度津町葛原1924番地1", "url": "https://www.kaigokensaku.mhlw.go.jp/37/index.php?action_kouhyou_detail_004_kani=true&JigyosyoCd=3771601139-00&ServiceCd=110&Type=search", "url2": "http://www.utsumi-clinic.com" }, "geometry": { "type": "Point", "coordinates": [ 133.774678067164587, 34.252518916488725 ] } },
{ "type": "Feature", "properties": { "内容": "介護ステーション　あおぞら【訪問介護】香川県仲多度郡多度津町栄町二丁目4番10号", "url": "https://www.kaigokensaku.mhlw.go.jp/37/index.php?action_kouhyou_detail_004_kani=true&JigyosyoCd=3771600644-00&ServiceCd=110&Type=search", "url2": "https://tetsuya-tadotsu.com/" }, "geometry": { "type": "Point", "coordinates": [ 133.756990500000029, 34.27426 ] } },
{ "type": "Feature", "properties": { "内容": "あゆら【訪問介護】香川県仲多度郡多度津町奥白方35-2", "url": "https://www.kaigokensaku.mhlw.go.jp/37/index.php?action_kouhyou_detail_004_kani=true&JigyosyoCd=3771601295-00&ServiceCd=110&Type=search", "url2": "npo-kiheitai.com" }, "geometry": { "type": "Point", "coordinates": [ 133.737639, 34.245175100000012 ] } },
{ "type": "Feature", "properties": { "内容": "多度津町社会福祉協議会【訪問介護】香川県仲多度郡多度津町西港町１２７番地１多度津町民健康センター", "url": "https://www.kaigokensaku.mhlw.go.jp/37/index.php?action_kouhyou_detail_004_kani=true&JigyosyoCd=3771600123-00&ServiceCd=110&Type=search", "url2": "https://tadotsusyakyo.com" }, "geometry": { "type": "Point", "coordinates": [ 133.737986800000044, 34.2651664 ] } },
{ "type": "Feature", "properties": { "内容": "ヘルパー事業所ペコラ【訪問介護】香川県仲多度郡多度津町道福寺５７０番地１", "url": "https://www.kaigokensaku.mhlw.go.jp/37/index.php?action_kouhyou_detail_004_kani=true&JigyosyoCd=3771601287-00&ServiceCd=110&Type=search", "url2": "https://fourseasons-setouchi.com/" }, "geometry": { "type": "Point", "coordinates": [ 133.764360399999987, 34.2679237 ] } },
{ "type": "Feature", "properties": { "内容": "セントケアまんのう【訪問介護】香川県仲多度郡まんのう町吉野下193番地2高橋ビル102号室", "url": "https://www.kaigokensaku.mhlw.go.jp/37/index.php?action_kouhyou_detail_004_kani=true&JigyosyoCd=3771600974-00&ServiceCd=110&Type=search", "url2": null }, "geometry": { "type": "Point", "coordinates": [ 133.838576699999976, 34.1956808 ] } },
{ "type": "Feature", "properties": { "内容": "まんのう町社会福祉協議会　訪問介護事業所【訪問介護】香川県仲多度郡まんのう町生間415番地1", "url": "https://www.kaigokensaku.mhlw.go.jp/37/index.php?action_kouhyou_detail_004_kani=true&JigyosyoCd=3771600685-00&ServiceCd=110&Type=search", "url2": "https://www.manno-syakyo.jp/" }, "geometry": { "type": "Point", "coordinates": [ 133.837580500000058, 34.154925 ] } }
]
}
