{
"type": "FeatureCollection",
"name": "geo_37_3",
"crs": { "type": "name", "properties": { "name": "urn:ogc:def:crs:OGC:1.3:CRS84" } },
"features": [
{ "type": "Feature", "properties": { "ID": 3733370100020, "正式名称": "医療法人とらまる歯科医院", "機関区分": 3, "都道府県コード": 37, "市区町村コード": 207, "所在地": "香川県東かがわ市三本松１２７７－５", "緯度": 34.247365, "経度": 134.335224, "url": "https://www.iryou.teikyouseido.mhlw.go.jp/znk-web/juminkanja/S2430/initialize?prefCd=37&kikanCd=3370100020&kikanKbn=3", "url2": null, "内容": "医療法人とらまる歯科医院【3:歯科】香川県東かがわ市三本松１２７７－５" }, "geometry": { "type": "Point", "coordinates": [ 134.335224, 34.247365 ] } },
{ "type": "Feature", "properties": { "ID": 3733370100030, "正式名称": "兼松歯科医院", "機関区分": 3, "都道府県コード": 37, "市区町村コード": 207, "所在地": "香川県東かがわ市三本松９８７", "緯度": 34.253197, "経度": 134.336057, "url": "https://www.iryou.teikyouseido.mhlw.go.jp/znk-web/juminkanja/S2430/initialize?prefCd=37&kikanCd=3370100030&kikanKbn=3", "url2": null, "内容": "兼松歯科医院【3:歯科】香川県東かがわ市三本松９８７" }, "geometry": { "type": "Point", "coordinates": [ 134.336057, 34.253197 ] } },
{ "type": "Feature", "properties": { "ID": 3733370100050, "正式名称": "佐藤歯科医院", "機関区分": 3, "都道府県コード": 37, "市区町村コード": 206, "所在地": "香川県さぬき市志度１０１８－３", "緯度": 34.32041, "経度": 134.18165, "url": "https://www.iryou.teikyouseido.mhlw.go.jp/znk-web/juminkanja/S2430/initialize?prefCd=37&kikanCd=3370100050&kikanKbn=3", "url2": null, "内容": "佐藤歯科医院【3:歯科】香川県さぬき市志度１０１８－３" }, "geometry": { "type": "Point", "coordinates": [ 134.18165, 34.32041 ] } },
{ "type": "Feature", "properties": { "ID": 3733370100060, "正式名称": "歯科しろとりごうだ", "機関区分": 3, "都道府県コード": 37, "市区町村コード": 207, "所在地": "香川県東かがわ市白鳥８９－１", "緯度": 34.243754, "経度": 134.356389, "url": "https://www.iryou.teikyouseido.mhlw.go.jp/znk-web/juminkanja/S2430/initialize?prefCd=37&kikanCd=3370100060&kikanKbn=3", "url2": "http://goda-dc.com/", "内容": "歯科しろとりごうだ【3:歯科】香川県東かがわ市白鳥８９－１" }, "geometry": { "type": "Point", "coordinates": [ 134.356389, 34.243754 ] } },
{ "type": "Feature", "properties": { "ID": 3733370100090, "正式名称": "高橋歯科医院", "機関区分": 3, "都道府県コード": 37, "市区町村コード": 206, "所在地": "香川県さぬき市志度６５６－５", "緯度": 34.321937, "経度": 134.173651, "url": "https://www.iryou.teikyouseido.mhlw.go.jp/znk-web/juminkanja/S2430/initialize?prefCd=37&kikanCd=3370100090&kikanKbn=3", "url2": null, "内容": "高橋歯科医院【3:歯科】香川県さぬき市志度６５６－５" }, "geometry": { "type": "Point", "coordinates": [ 134.173651, 34.321937 ] } },
{ "type": "Feature", "properties": { "ID": 3733370100100, "正式名称": "安部歯科医院", "機関区分": 3, "都道府県コード": 37, "市区町村コード": 206, "所在地": "香川県さぬき市大川町富田西３０１１－１", "緯度": 34.266333, "経度": 134.213206, "url": "https://www.iryou.teikyouseido.mhlw.go.jp/znk-web/juminkanja/S2430/initialize?prefCd=37&kikanCd=3370100100&kikanKbn=3", "url2": "http://www.abekamon.com/", "内容": "安部歯科医院【3:歯科】香川県さぬき市大川町富田西３０１１－１" }, "geometry": { "type": "Point", "coordinates": [ 134.213206, 34.266333 ] } },
{ "type": "Feature", "properties": { "ID": 3733370100110, "正式名称": "おがわ歯科医院", "機関区分": 3, "都道府県コード": 37, "市区町村コード": 206, "所在地": "香川県さぬき市鴨庄２６４０－１", "緯度": 34.324299, "経度": 134.206343, "url": "https://www.iryou.teikyouseido.mhlw.go.jp/znk-web/juminkanja/S2430/initialize?prefCd=37&kikanCd=3370100110&kikanKbn=3", "url2": null, "内容": "おがわ歯科医院【3:歯科】香川県さぬき市鴨庄２６４０－１" }, "geometry": { "type": "Point", "coordinates": [ 134.206343, 34.324299 ] } },
{ "type": "Feature", "properties": { "ID": 3733370100140, "正式名称": "河田歯科医院", "機関区分": 3, "都道府県コード": 37, "市区町村コード": 206, "所在地": "香川県さぬき市寒川町石田西１０２１－１", "緯度": 34.266277, "経度": 134.198624, "url": "https://www.iryou.teikyouseido.mhlw.go.jp/znk-web/juminkanja/S2430/initialize?prefCd=37&kikanCd=3370100140&kikanKbn=3", "url2": null, "内容": "河田歯科医院【3:歯科】香川県さぬき市寒川町石田西１０２１－１" }, "geometry": { "type": "Point", "coordinates": [ 134.198624, 34.266277 ] } },
{ "type": "Feature", "properties": { "ID": 3733370100150, "正式名称": "上枝歯科医院", "機関区分": 3, "都道府県コード": 37, "市区町村コード": 206, "所在地": "香川県さぬき市長尾西６４９", "緯度": 34.266304, "経度": 134.170848, "url": "https://www.iryou.teikyouseido.mhlw.go.jp/znk-web/juminkanja/S2430/initialize?prefCd=37&kikanCd=3370100150&kikanKbn=3", "url2": "https://www.ueda-sika.net/", "内容": "上枝歯科医院【3:歯科】香川県さぬき市長尾西６４９" }, "geometry": { "type": "Point", "coordinates": [ 134.170848, 34.266304 ] } },
{ "type": "Feature", "properties": { "ID": 3733370100160, "正式名称": "医療法人社団丸山歯科医院", "機関区分": 3, "都道府県コード": 37, "市区町村コード": 206, "所在地": "香川県さぬき市造田野間田７７３－１", "緯度": 34.279414, "経度": 134.188291, "url": "https://www.iryou.teikyouseido.mhlw.go.jp/znk-web/juminkanja/S2430/initialize?prefCd=37&kikanCd=3370100160&kikanKbn=3", "url2": null, "内容": "医療法人社団丸山歯科医院【3:歯科】香川県さぬき市造田野間田７７３－１" }, "geometry": { "type": "Point", "coordinates": [ 134.188291, 34.279414 ] } },
{ "type": "Feature", "properties": { "ID": 3733370100170, "正式名称": "永峰歯科医院", "機関区分": 3, "都道府県コード": 37, "市区町村コード": 207, "所在地": "香川県東かがわ市引田３５４－８", "緯度": 34.221091, "経度": 134.405359, "url": "https://www.iryou.teikyouseido.mhlw.go.jp/znk-web/juminkanja/S2430/initialize?prefCd=37&kikanCd=3370100170&kikanKbn=3", "url2": "http://wwwd.pikara.ne.jp/nagaminesika/", "内容": "永峰歯科医院【3:歯科】香川県東かがわ市引田３５４－８" }, "geometry": { "type": "Point", "coordinates": [ 134.405359, 34.221091 ] } },
{ "type": "Feature", "properties": { "ID": 3733370100180, "正式名称": "医療法人社団中山歯科医院", "機関区分": 3, "都道府県コード": 37, "市区町村コード": 206, "所在地": "香川県さぬき市志度８９１－７", "緯度": 34.320965, "経度": 134.178345, "url": "https://www.iryou.teikyouseido.mhlw.go.jp/znk-web/juminkanja/S2430/initialize?prefCd=37&kikanCd=3370100180&kikanKbn=3", "url2": null, "内容": "医療法人社団中山歯科医院【3:歯科】香川県さぬき市志度８９１－７" }, "geometry": { "type": "Point", "coordinates": [ 134.178345, 34.320965 ] } },
{ "type": "Feature", "properties": { "ID": 3733370100190, "正式名称": "富田歯科医院", "機関区分": 3, "都道府県コード": 37, "市区町村コード": 206, "所在地": "香川県さぬき市大川町富田中２１０３－３", "緯度": 34.265222, "経度": 134.235843, "url": "https://www.iryou.teikyouseido.mhlw.go.jp/znk-web/juminkanja/S2430/initialize?prefCd=37&kikanCd=3370100190&kikanKbn=3", "url2": "http://www.sanuki-tomitashika.com/", "内容": "富田歯科医院【3:歯科】香川県さぬき市大川町富田中２１０３－３" }, "geometry": { "type": "Point", "coordinates": [ 134.235843, 34.265222 ] } },
{ "type": "Feature", "properties": { "ID": 3733370100210, "正式名称": "医療法人社団鎌田歯科医院", "機関区分": 3, "都道府県コード": 37, "市区町村コード": 207, "所在地": "香川県東かがわ市湊１３９３－１", "緯度": 34.244949, "経度": 134.354612, "url": "https://www.iryou.teikyouseido.mhlw.go.jp/znk-web/juminkanja/S2430/initialize?prefCd=37&kikanCd=3370100210&kikanKbn=3", "url2": "http://www.kamadadental.com/", "内容": "医療法人社団鎌田歯科医院【3:歯科】香川県東かがわ市湊１３９３－１" }, "geometry": { "type": "Point", "coordinates": [ 134.354612, 34.244949 ] } },
{ "type": "Feature", "properties": { "ID": 3733370100230, "正式名称": "服部歯科医院", "機関区分": 3, "都道府県コード": 37, "市区町村コード": 206, "所在地": "香川県さぬき市造田是弘７０８－２", "緯度": 34.282969, "経度": 134.183485, "url": "https://www.iryou.teikyouseido.mhlw.go.jp/znk-web/juminkanja/S2430/initialize?prefCd=37&kikanCd=3370100230&kikanKbn=3", "url2": null, "内容": "服部歯科医院【3:歯科】香川県さぬき市造田是弘７０８－２" }, "geometry": { "type": "Point", "coordinates": [ 134.183485, 34.282969 ] } },
{ "type": "Feature", "properties": { "ID": 3733370100240, "正式名称": "医療法人社団ハロー歯科クリニック", "機関区分": 3, "都道府県コード": 37, "市区町村コード": 206, "所在地": "香川県さぬき市志度２２１４－２１", "緯度": 34.316299, "経度": 134.177234, "url": "https://www.iryou.teikyouseido.mhlw.go.jp/znk-web/juminkanja/S2430/initialize?prefCd=37&kikanCd=3370100240&kikanKbn=3", "url2": null, "内容": "医療法人社団ハロー歯科クリニック【3:歯科】香川県さぬき市志度２２１４－２１" }, "geometry": { "type": "Point", "coordinates": [ 134.177234, 34.316299 ] } },
{ "type": "Feature", "properties": { "ID": 3733370100250, "正式名称": "油谷歯科医院", "機関区分": 3, "都道府県コード": 37, "市区町村コード": 206, "所在地": "香川県さぬき市津田町津田１４５０", "緯度": 34.293941, "経度": 134.248091, "url": "https://www.iryou.teikyouseido.mhlw.go.jp/znk-web/juminkanja/S2430/initialize?prefCd=37&kikanCd=3370100250&kikanKbn=3", "url2": "http://www.ca.pikara.ne.jp/yutanidental", "内容": "油谷歯科医院【3:歯科】香川県さぬき市津田町津田１４５０" }, "geometry": { "type": "Point", "coordinates": [ 134.248091, 34.293941 ] } },
{ "type": "Feature", "properties": { "ID": 3733370100270, "正式名称": "かねとう歯科", "機関区分": 3, "都道府県コード": 37, "市区町村コード": 206, "所在地": "香川県さぬき市長尾西１３７８－５", "緯度": 34.261332, "経度": 134.173182, "url": "https://www.iryou.teikyouseido.mhlw.go.jp/znk-web/juminkanja/S2430/initialize?prefCd=37&kikanCd=3370100270&kikanKbn=3", "url2": "http://www.kaneto-dc.com/", "内容": "かねとう歯科【3:歯科】香川県さぬき市長尾西１３７８－５" }, "geometry": { "type": "Point", "coordinates": [ 134.173182, 34.261332 ] } },
{ "type": "Feature", "properties": { "ID": 3733370100280, "正式名称": "合田歯科医院", "機関区分": 3, "都道府県コード": 37, "市区町村コード": 206, "所在地": "香川県さぬき市津田町津田９２２－２", "緯度": 34.28972, "経度": 134.249174, "url": "https://www.iryou.teikyouseido.mhlw.go.jp/znk-web/juminkanja/S2430/initialize?prefCd=37&kikanCd=3370100280&kikanKbn=3", "url2": null, "内容": "合田歯科医院【3:歯科】香川県さぬき市津田町津田９２２－２" }, "geometry": { "type": "Point", "coordinates": [ 134.249174, 34.28972 ] } },
{ "type": "Feature", "properties": { "ID": 3733370100290, "正式名称": "医療法人社団　安部歯科医院", "機関区分": 3, "都道府県コード": 37, "市区町村コード": 206, "所在地": "香川県さぬき市志度６２５－９", "緯度": 34.321021, "経度": 134.175456, "url": "https://www.iryou.teikyouseido.mhlw.go.jp/znk-web/juminkanja/S2430/initialize?prefCd=37&kikanCd=3370100290&kikanKbn=3", "url2": "https://shidoabesika.com/", "内容": "医療法人社団　安部歯科医院【3:歯科】香川県さぬき市志度６２５－９" }, "geometry": { "type": "Point", "coordinates": [ 134.175456, 34.321021 ] } },
{ "type": "Feature", "properties": { "ID": 3733370100300, "正式名称": "谷口歯科医院", "機関区分": 3, "都道府県コード": 37, "市区町村コード": 207, "所在地": "香川県東かがわ市西村１４００－１", "緯度": 34.248642, "経度": 134.32092, "url": "https://www.iryou.teikyouseido.mhlw.go.jp/znk-web/juminkanja/S2430/initialize?prefCd=37&kikanCd=3370100300&kikanKbn=3", "url2": null, "内容": "谷口歯科医院【3:歯科】香川県東かがわ市西村１４００－１" }, "geometry": { "type": "Point", "coordinates": [ 134.32092, 34.248642 ] } },
{ "type": "Feature", "properties": { "ID": 3733370100310, "正式名称": "さくら歯科クリニック", "機関区分": 3, "都道府県コード": 37, "市区町村コード": 206, "所在地": "香川県さぬき市寒川町石田東甲１３７５", "緯度": 34.261305, "経度": 134.211151, "url": "https://www.iryou.teikyouseido.mhlw.go.jp/znk-web/juminkanja/S2430/initialize?prefCd=37&kikanCd=3370100310&kikanKbn=3", "url2": "http://www.1182sakura.jp/", "内容": "さくら歯科クリニック【3:歯科】香川県さぬき市寒川町石田東甲１３７５" }, "geometry": { "type": "Point", "coordinates": [ 134.211151, 34.261305 ] } },
{ "type": "Feature", "properties": { "ID": 3733370100320, "正式名称": "吉田矯正歯科医院", "機関区分": 3, "都道府県コード": 37, "市区町村コード": 207, "所在地": "香川県東かがわ市引田２５１２－１", "緯度": 34.224174, "経度": 134.405997, "url": "https://www.iryou.teikyouseido.mhlw.go.jp/znk-web/juminkanja/S2430/initialize?prefCd=37&kikanCd=3370100320&kikanKbn=3", "url2": null, "内容": "吉田矯正歯科医院【3:歯科】香川県東かがわ市引田２５１２－１" }, "geometry": { "type": "Point", "coordinates": [ 134.405997, 34.224174 ] } },
{ "type": "Feature", "properties": { "ID": 3733370100330, "正式名称": "水野歯科", "機関区分": 3, "都道府県コード": 37, "市区町村コード": 206, "所在地": "香川県さぬき市大川町富田西２８５４－７", "緯度": 34.266722, "経度": 134.22065, "url": "https://www.iryou.teikyouseido.mhlw.go.jp/znk-web/juminkanja/S2430/initialize?prefCd=37&kikanCd=3370100330&kikanKbn=3", "url2": null, "内容": "水野歯科【3:歯科】香川県さぬき市大川町富田西２８５４－７" }, "geometry": { "type": "Point", "coordinates": [ 134.22065, 34.266722 ] } },
{ "type": "Feature", "properties": { "ID": 3733370100350, "正式名称": "小西歯科医院", "機関区分": 3, "都道府県コード": 37, "市区町村コード": 206, "所在地": "香川県さぬき市寒川町神前字新川２４３４－２", "緯度": 34.282858, "経度": 134.2019, "url": "https://www.iryou.teikyouseido.mhlw.go.jp/znk-web/juminkanja/S2430/initialize?prefCd=37&kikanCd=3370100350&kikanKbn=3", "url2": null, "内容": "小西歯科医院【3:歯科】香川県さぬき市寒川町神前字新川２４３４－２" }, "geometry": { "type": "Point", "coordinates": [ 134.2019, 34.282858 ] } },
{ "type": "Feature", "properties": { "ID": 3733370100360, "正式名称": "かんざき歯科医院", "機関区分": 3, "都道府県コード": 37, "市区町村コード": 206, "所在地": "香川県さぬき市津田町鶴羽字薬師堂１１１－１", "緯度": 34.283359, "経度": 134.25659, "url": "https://www.iryou.teikyouseido.mhlw.go.jp/znk-web/juminkanja/S2430/initialize?prefCd=37&kikanCd=3370100360&kikanKbn=3", "url2": null, "内容": "かんざき歯科医院【3:歯科】香川県さぬき市津田町鶴羽字薬師堂１１１－１" }, "geometry": { "type": "Point", "coordinates": [ 134.25659, 34.283359 ] } },
{ "type": "Feature", "properties": { "ID": 3733370100370, "正式名称": "医療法人社団阿部歯科医院", "機関区分": 3, "都道府県コード": 37, "市区町村コード": 206, "所在地": "香川県さぬき市長尾東９７０－１", "緯度": 34.263416, "経度": 134.175737, "url": "https://www.iryou.teikyouseido.mhlw.go.jp/znk-web/juminkanja/S2430/initialize?prefCd=37&kikanCd=3370100370&kikanKbn=3", "url2": "http://www.abe-shikaiin.or.jp/", "内容": "医療法人社団阿部歯科医院【3:歯科】香川県さぬき市長尾東９７０－１" }, "geometry": { "type": "Point", "coordinates": [ 134.175737, 34.263416 ] } },
{ "type": "Feature", "properties": { "ID": 3733370100380, "正式名称": "医療法人社団　健樹会　阿部歯科医院", "機関区分": 3, "都道府県コード": 37, "市区町村コード": 341, "所在地": "香川県木田郡三木町池戸２８７８", "緯度": 34.274719, "経度": 134.124241, "url": "https://www.iryou.teikyouseido.mhlw.go.jp/znk-web/juminkanja/S2430/initialize?prefCd=37&kikanCd=3370100380&kikanKbn=3", "url2": "http://www.abe-dentalclinic.jp/", "内容": "医療法人社団　健樹会　阿部歯科医院【3:歯科】香川県木田郡三木町池戸２８７８" }, "geometry": { "type": "Point", "coordinates": [ 134.124241, 34.274719 ] } },
{ "type": "Feature", "properties": { "ID": 3733370100400, "正式名称": "山田歯科医院", "機関区分": 3, "都道府県コード": 37, "市区町村コード": 341, "所在地": "香川県木田郡三木町池戸３３９２－７", "緯度": 34.279996, "経度": 134.117824, "url": "https://www.iryou.teikyouseido.mhlw.go.jp/znk-web/juminkanja/S2430/initialize?prefCd=37&kikanCd=3370100400&kikanKbn=3", "url2": "www7.ocn.ne.jp/~dcyamada/", "内容": "山田歯科医院【3:歯科】香川県木田郡三木町池戸３３９２－７" }, "geometry": { "type": "Point", "coordinates": [ 134.117824, 34.279996 ] } },
{ "type": "Feature", "properties": { "ID": 3733370100410, "正式名称": "十川歯科診療所", "機関区分": 3, "都道府県コード": 37, "市区町村コード": 341, "所在地": "香川県木田郡三木町大字氷上４－１", "緯度": 34.269747, "経度": 134.128963, "url": "https://www.iryou.teikyouseido.mhlw.go.jp/znk-web/juminkanja/S2430/initialize?prefCd=37&kikanCd=3370100410&kikanKbn=3", "url2": null, "内容": "十川歯科診療所【3:歯科】香川県木田郡三木町大字氷上４－１" }, "geometry": { "type": "Point", "coordinates": [ 134.128963, 34.269747 ] } },
{ "type": "Feature", "properties": { "ID": 3733370100420, "正式名称": "岡沢歯科医院", "機関区分": 3, "都道府県コード": 37, "市区町村コード": 341, "所在地": "香川県木田郡三木町氷上２９２８ー２", "緯度": 34.253069, "経度": 134.134871, "url": "https://www.iryou.teikyouseido.mhlw.go.jp/znk-web/juminkanja/S2430/initialize?prefCd=37&kikanCd=3370100420&kikanKbn=3", "url2": "http://okazawashika.com/", "内容": "岡沢歯科医院【3:歯科】香川県木田郡三木町氷上２９２８ー２" }, "geometry": { "type": "Point", "coordinates": [ 134.134871, 34.253069 ] } },
{ "type": "Feature", "properties": { "ID": 3733370100430, "正式名称": "畠歯科医院", "機関区分": 3, "都道府県コード": 37, "市区町村コード": 341, "所在地": "香川県木田郡三木町大字田中字柳原８６－１", "緯度": 34.267775, "経度": 134.126963, "url": "https://www.iryou.teikyouseido.mhlw.go.jp/znk-web/juminkanja/S2430/initialize?prefCd=37&kikanCd=3370100430&kikanKbn=3", "url2": null, "内容": "畠歯科医院【3:歯科】香川県木田郡三木町大字田中字柳原８６－１" }, "geometry": { "type": "Point", "coordinates": [ 134.126963, 34.267775 ] } },
{ "type": "Feature", "properties": { "ID": 3733370100440, "正式名称": "医療法人社団審美会もり歯科矯正歯科医院", "機関区分": 3, "都道府県コード": 37, "市区町村コード": 341, "所在地": "香川県木田郡三木町池戸３３０５－１", "緯度": 34.278385, "経度": 134.120269, "url": "https://www.iryou.teikyouseido.mhlw.go.jp/znk-web/juminkanja/S2430/initialize?prefCd=37&kikanCd=3370100440&kikanKbn=3", "url2": "https://www.mori-dentalclinic.jp//", "内容": "医療法人社団審美会もり歯科矯正歯科医院【3:歯科】香川県木田郡三木町池戸３３０５－１" }, "geometry": { "type": "Point", "coordinates": [ 134.120269, 34.278385 ] } },
{ "type": "Feature", "properties": { "ID": 3733370100450, "正式名称": "医療法人社団ささき歯科医院", "機関区分": 3, "都道府県コード": 37, "市区町村コード": 341, "所在地": "香川県木田郡三木町井戸２５７９－６", "緯度": 34.266082, "経度": 134.16121, "url": "https://www.iryou.teikyouseido.mhlw.go.jp/znk-web/juminkanja/S2430/initialize?prefCd=37&kikanCd=3370100450&kikanKbn=3", "url2": null, "内容": "医療法人社団ささき歯科医院【3:歯科】香川県木田郡三木町井戸２５７９－６" }, "geometry": { "type": "Point", "coordinates": [ 134.16121, 34.266082 ] } },
{ "type": "Feature", "properties": { "ID": 3733370100460, "正式名称": "蓮井歯科・ファミリークリニック", "機関区分": 3, "都道府県コード": 37, "市区町村コード": 341, "所在地": "香川県木田郡三木町下高岡６９３－１", "緯度": 34.266165, "経度": 134.154377, "url": "https://www.iryou.teikyouseido.mhlw.go.jp/znk-web/juminkanja/S2430/initialize?prefCd=37&kikanCd=3370100460&kikanKbn=3", "url2": "http://www.hasui.net", "内容": "蓮井歯科・ファミリークリニック【3:歯科】香川県木田郡三木町下高岡６９３－１" }, "geometry": { "type": "Point", "coordinates": [ 134.154377, 34.266165 ] } },
{ "type": "Feature", "properties": { "ID": 3733370100480, "正式名称": "安田歯科医院", "機関区分": 3, "都道府県コード": 37, "市区町村コード": 364, "所在地": "香川県香川郡直島町字地蔵山３６９５－１８", "緯度": 34.457197, "経度": 133.980105, "url": "https://www.iryou.teikyouseido.mhlw.go.jp/znk-web/juminkanja/S2430/initialize?prefCd=37&kikanCd=3370100480&kikanKbn=3", "url2": null, "内容": "安田歯科医院【3:歯科】香川県香川郡直島町字地蔵山３６９５－１８" }, "geometry": { "type": "Point", "coordinates": [ 133.980105, 34.457197 ] } },
{ "type": "Feature", "properties": { "ID": 3733370100500, "正式名称": "医療法人社団叶夢会やまだ歯科クリニック", "機関区分": 3, "都道府県コード": 37, "市区町村コード": 206, "所在地": "香川県さぬき市志度２１４８－１", "緯度": 34.317271, "経度": 134.183123, "url": "https://www.iryou.teikyouseido.mhlw.go.jp/znk-web/juminkanja/S2430/initialize?prefCd=37&kikanCd=3370100500&kikanKbn=3", "url2": "www.yamada-shika-clinic.jp", "内容": "医療法人社団叶夢会やまだ歯科クリニック【3:歯科】香川県さぬき市志度２１４８－１" }, "geometry": { "type": "Point", "coordinates": [ 134.183123, 34.317271 ] } },
{ "type": "Feature", "properties": { "ID": 3733370100510, "正式名称": "医療法人社団健信会たに歯科クリニック", "機関区分": 3, "都道府県コード": 37, "市区町村コード": 206, "所在地": "香川県さぬき市志度４１２７番地", "緯度": 34.313605, "経度": 134.180179, "url": "https://www.iryou.teikyouseido.mhlw.go.jp/znk-web/juminkanja/S2430/initialize?prefCd=37&kikanCd=3370100510&kikanKbn=3", "url2": "https://www.tani-dc.net/", "内容": "医療法人社団健信会たに歯科クリニック【3:歯科】香川県さぬき市志度４１２７番地" }, "geometry": { "type": "Point", "coordinates": [ 134.180179, 34.313605 ] } },
{ "type": "Feature", "properties": { "ID": 3733370100520, "正式名称": "医療法人社団　青田歯科", "機関区分": 3, "都道府県コード": 37, "市区町村コード": 206, "所在地": "香川県さぬき市志度４１８－５", "緯度": 34.324399, "経度": 134.171395, "url": "https://www.iryou.teikyouseido.mhlw.go.jp/znk-web/juminkanja/S2430/initialize?prefCd=37&kikanCd=3370100520&kikanKbn=3", "url2": "http://aota-dental.com", "内容": "医療法人社団　青田歯科【3:歯科】香川県さぬき市志度４１８－５" }, "geometry": { "type": "Point", "coordinates": [ 134.171395, 34.324399 ] } },
{ "type": "Feature", "properties": { "ID": 3733370100540, "正式名称": "せお歯科クリニック", "機関区分": 3, "都道府県コード": 37, "市区町村コード": 207, "所在地": "香川県東かがわ市白鳥字田高田１３４－６", "緯度": 34.231509, "経度": 134.347304, "url": "https://www.iryou.teikyouseido.mhlw.go.jp/znk-web/juminkanja/S2430/initialize?prefCd=37&kikanCd=3370100540&kikanKbn=3", "url2": "http://seoshikaclinic.jp", "内容": "せお歯科クリニック【3:歯科】香川県東かがわ市白鳥字田高田１３４－６" }, "geometry": { "type": "Point", "coordinates": [ 134.347304, 34.231509 ] } },
{ "type": "Feature", "properties": { "ID": 3733370100550, "正式名称": "おがわ口腔外科クリニック", "機関区分": 3, "都道府県コード": 37, "市区町村コード": 341, "所在地": "香川県木田郡三木町池戸２１８６－１", "緯度": 34.282038, "経度": 134.123461, "url": "https://www.iryou.teikyouseido.mhlw.go.jp/znk-web/juminkanja/S2430/initialize?prefCd=37&kikanCd=3370100550&kikanKbn=3", "url2": "https://ogawa-os.com/", "内容": "おがわ口腔外科クリニック【3:歯科】香川県木田郡三木町池戸２１８６－１" }, "geometry": { "type": "Point", "coordinates": [ 134.123461, 34.282038 ] } },
{ "type": "Feature", "properties": { "ID": 3733370200030, "正式名称": "炭山歯科医院", "機関区分": 3, "都道府県コード": 37, "市区町村コード": 324, "所在地": "香川県小豆郡小豆島町馬木甲９１３－１", "緯度": 34.474173, "経度": 134.319049, "url": "https://www.iryou.teikyouseido.mhlw.go.jp/znk-web/juminkanja/S2430/initialize?prefCd=37&kikanCd=3370200030&kikanKbn=3", "url2": null, "内容": "炭山歯科医院【3:歯科】香川県小豆郡小豆島町馬木甲９１３－１" }, "geometry": { "type": "Point", "coordinates": [ 134.319049, 34.474173 ] } },
{ "type": "Feature", "properties": { "ID": 3733370200040, "正式名称": "樋出歯科医院", "機関区分": 3, "都道府県コード": 37, "市区町村コード": 324, "所在地": "香川県小豆郡小豆島町草壁本町５０７－２", "緯度": 34.480783, "経度": 134.302633, "url": "https://www.iryou.teikyouseido.mhlw.go.jp/znk-web/juminkanja/S2430/initialize?prefCd=37&kikanCd=3370200040&kikanKbn=3", "url2": null, "内容": "樋出歯科医院【3:歯科】香川県小豆郡小豆島町草壁本町５０７－２" }, "geometry": { "type": "Point", "coordinates": [ 134.302633, 34.480783 ] } },
{ "type": "Feature", "properties": { "ID": 3733370200050, "正式名称": "アイデンタルクリニック", "機関区分": 3, "都道府県コード": 37, "市区町村コード": 324, "所在地": "香川県小豆郡小豆島町片城甲４４－１３９", "緯度": 34.478784, "経度": 134.310605, "url": "https://www.iryou.teikyouseido.mhlw.go.jp/znk-web/juminkanja/S2430/initialize?prefCd=37&kikanCd=3370200050&kikanKbn=3", "url2": null, "内容": "アイデンタルクリニック【3:歯科】香川県小豆郡小豆島町片城甲４４－１３９" }, "geometry": { "type": "Point", "coordinates": [ 134.310605, 34.478784 ] } },
{ "type": "Feature", "properties": { "ID": 3733370200060, "正式名称": "あきた歯科医院", "機関区分": 3, "都道府県コード": 37, "市区町村コード": 324, "所在地": "香川県小豆郡小豆島町片城甲１６１－１", "緯度": 34.482228, "経度": 134.309466, "url": "https://www.iryou.teikyouseido.mhlw.go.jp/znk-web/juminkanja/S2430/initialize?prefCd=37&kikanCd=3370200060&kikanKbn=3", "url2": null, "内容": "あきた歯科医院【3:歯科】香川県小豆郡小豆島町片城甲１６１－１" }, "geometry": { "type": "Point", "coordinates": [ 134.309466, 34.482228 ] } },
{ "type": "Feature", "properties": { "ID": 3733370200090, "正式名称": "岡田歯科", "機関区分": 3, "都道府県コード": 37, "市区町村コード": 324, "所在地": "香川県小豆郡小豆島町池田１０１１－１０", "緯度": 34.480532, "経度": 134.229778, "url": "https://www.iryou.teikyouseido.mhlw.go.jp/znk-web/juminkanja/S2430/initialize?prefCd=37&kikanCd=3370200090&kikanKbn=3", "url2": null, "内容": "岡田歯科【3:歯科】香川県小豆郡小豆島町池田１０１１－１０" }, "geometry": { "type": "Point", "coordinates": [ 134.229778, 34.480532 ] } },
{ "type": "Feature", "properties": { "ID": 3733370200100, "正式名称": "高橋歯科医院", "機関区分": 3, "都道府県コード": 37, "市区町村コード": 322, "所在地": "香川県小豆郡土庄町甲５１６５－５０", "緯度": 34.487503, "経度": 134.171921, "url": "https://www.iryou.teikyouseido.mhlw.go.jp/znk-web/juminkanja/S2430/initialize?prefCd=37&kikanCd=3370200100&kikanKbn=3", "url2": null, "内容": "高橋歯科医院【3:歯科】香川県小豆郡土庄町甲５１６５－５０" }, "geometry": { "type": "Point", "coordinates": [ 134.171921, 34.487503 ] } },
{ "type": "Feature", "properties": { "ID": 3733370200110, "正式名称": "松本歯科医院", "機関区分": 3, "都道府県コード": 37, "市区町村コード": 322, "所在地": "香川県小豆郡土庄町甲５４９番地８", "緯度": 34.485031, "経度": 134.185504, "url": "https://www.iryou.teikyouseido.mhlw.go.jp/znk-web/juminkanja/S2430/initialize?prefCd=37&kikanCd=3370200110&kikanKbn=3", "url2": null, "内容": "松本歯科医院【3:歯科】香川県小豆郡土庄町甲５４９番地８" }, "geometry": { "type": "Point", "coordinates": [ 134.185504, 34.485031 ] } },
{ "type": "Feature", "properties": { "ID": 3733370200120, "正式名称": "医療法人社団イマウエ歯科クリニック", "機関区分": 3, "都道府県コード": 37, "市区町村コード": 322, "所在地": "香川県小豆郡土庄町渕崎甲２１４５番地", "緯度": 34.488586, "経度": 134.194642, "url": "https://www.iryou.teikyouseido.mhlw.go.jp/znk-web/juminkanja/S2430/initialize?prefCd=37&kikanCd=3370200120&kikanKbn=3", "url2": null, "内容": "医療法人社団イマウエ歯科クリニック【3:歯科】香川県小豆郡土庄町渕崎甲２１４５番地" }, "geometry": { "type": "Point", "coordinates": [ 134.194642, 34.488586 ] } },
{ "type": "Feature", "properties": { "ID": 3733370200130, "正式名称": "はらだ歯科医院", "機関区分": 3, "都道府県コード": 37, "市区町村コード": 322, "所在地": "香川県小豆郡土庄町甲１１７２－１", "緯度": 34.47992, "経度": 134.184309, "url": "https://www.iryou.teikyouseido.mhlw.go.jp/znk-web/juminkanja/S2430/initialize?prefCd=37&kikanCd=3370200130&kikanKbn=3", "url2": null, "内容": "はらだ歯科医院【3:歯科】香川県小豆郡土庄町甲１１７２－１" }, "geometry": { "type": "Point", "coordinates": [ 134.184309, 34.47992 ] } },
{ "type": "Feature", "properties": { "ID": 3733370200140, "正式名称": "てしまオリーブ歯科診療所", "機関区分": 3, "都道府県コード": 37, "市区町村コード": 322, "所在地": "香川県小豆郡土庄町豊島家浦２０１２番地", "緯度": 34.483279, "経度": 134.062375, "url": "https://www.iryou.teikyouseido.mhlw.go.jp/znk-web/juminkanja/S2430/initialize?prefCd=37&kikanCd=3370200140&kikanKbn=3", "url2": null, "内容": "てしまオリーブ歯科診療所【3:歯科】香川県小豆郡土庄町豊島家浦２０１２番地" }, "geometry": { "type": "Point", "coordinates": [ 134.062375, 34.483279 ] } },
{ "type": "Feature", "properties": { "ID": 3733370300010, "正式名称": "医療法人社団綾上歯科診療所", "機関区分": 3, "都道府県コード": 37, "市区町村コード": 387, "所在地": "香川県綾歌郡綾川町山田下字久保３３３４－２", "緯度": 34.223555, "経度": 133.950757, "url": "https://www.iryou.teikyouseido.mhlw.go.jp/znk-web/juminkanja/S2430/initialize?prefCd=37&kikanCd=3370300010&kikanKbn=3", "url2": "http://ayagamishika.com/", "内容": "医療法人社団綾上歯科診療所【3:歯科】香川県綾歌郡綾川町山田下字久保３３３４－２" }, "geometry": { "type": "Point", "coordinates": [ 133.950757, 34.223555 ] } },
{ "type": "Feature", "properties": { "ID": 3733370300020, "正式名称": "医療法人社団博光会かさいデンタルクリニック", "機関区分": 3, "都道府県コード": 37, "市区町村コード": 387, "所在地": "香川県綾歌郡綾川町陶５８７０－２", "緯度": 34.253357, "経度": 133.949228, "url": "https://www.iryou.teikyouseido.mhlw.go.jp/znk-web/juminkanja/S2430/initialize?prefCd=37&kikanCd=3370300020&kikanKbn=3", "url2": null, "内容": "医療法人社団博光会かさいデンタルクリニック【3:歯科】香川県綾歌郡綾川町陶５８７０－２" }, "geometry": { "type": "Point", "coordinates": [ 133.949228, 34.253357 ] } },
{ "type": "Feature", "properties": { "ID": 3733370300030, "正式名称": "高橋歯科医院", "機関区分": 3, "都道府県コード": 37, "市区町村コード": 387, "所在地": "香川県綾歌郡綾川町滝宮大池原５７０－８", "緯度": 34.245496, "経度": 133.924675, "url": "https://www.iryou.teikyouseido.mhlw.go.jp/znk-web/juminkanja/S2430/initialize?prefCd=37&kikanCd=3370300030&kikanKbn=3", "url2": null, "内容": "高橋歯科医院【3:歯科】香川県綾歌郡綾川町滝宮大池原５７０－８" }, "geometry": { "type": "Point", "coordinates": [ 133.924675, 34.245496 ] } },
{ "type": "Feature", "properties": { "ID": 3733370300040, "正式名称": "医療法人社団にこにこ歯科", "機関区分": 3, "都道府県コード": 37, "市区町村コード": 387, "所在地": "香川県綾歌郡綾川町陶４１７８－２", "緯度": 34.253718, "経度": 133.945451, "url": "https://www.iryou.teikyouseido.mhlw.go.jp/znk-web/juminkanja/S2430/initialize?prefCd=37&kikanCd=3370300040&kikanKbn=3", "url2": "http:/niconico-dc.info/", "内容": "医療法人社団にこにこ歯科【3:歯科】香川県綾歌郡綾川町陶４１７８－２" }, "geometry": { "type": "Point", "coordinates": [ 133.945451, 34.253718 ] } },
{ "type": "Feature", "properties": { "ID": 3733370300050, "正式名称": "浜﨑歯科医院", "機関区分": 3, "都道府県コード": 37, "市区町村コード": 387, "所在地": "香川県綾歌郡綾川町畑田８１２－１", "緯度": 34.261384, "経度": 133.974892, "url": "https://www.iryou.teikyouseido.mhlw.go.jp/znk-web/juminkanja/S2430/initialize?prefCd=37&kikanCd=3370300050&kikanKbn=3", "url2": null, "内容": "浜﨑歯科医院【3:歯科】香川県綾歌郡綾川町畑田８１２－１" }, "geometry": { "type": "Point", "coordinates": [ 133.974892, 34.261384 ] } },
{ "type": "Feature", "properties": { "ID": 3733370300060, "正式名称": "ぱーるしかいいん", "機関区分": 3, "都道府県コード": 37, "市区町村コード": 387, "所在地": "香川県綾歌郡綾川町萱原８２２－１　イオンモール綾川ショッピングセンター２Ｆ", "緯度": 34.251913, "経度": 133.930702, "url": "https://www.iryou.teikyouseido.mhlw.go.jp/znk-web/juminkanja/S2430/initialize?prefCd=37&kikanCd=3370300060&kikanKbn=3", "url2": null, "内容": "ぱーるしかいいん【3:歯科】香川県綾歌郡綾川町萱原８２２－１　イオンモール綾川ショッピングセンター２Ｆ" }, "geometry": { "type": "Point", "coordinates": [ 133.930702, 34.251913 ] } },
{ "type": "Feature", "properties": { "ID": 3733370300070, "正式名称": "ふくい歯科医院", "機関区分": 3, "都道府県コード": 37, "市区町村コード": 387, "所在地": "香川県綾歌郡綾川町萱原８０７－３", "緯度": 34.254162, "経度": 133.930258, "url": "https://www.iryou.teikyouseido.mhlw.go.jp/znk-web/juminkanja/S2430/initialize?prefCd=37&kikanCd=3370300070&kikanKbn=3", "url2": "http://www.fukuisika.com/", "内容": "ふくい歯科医院【3:歯科】香川県綾歌郡綾川町萱原８０７－３" }, "geometry": { "type": "Point", "coordinates": [ 133.930258, 34.254162 ] } },
{ "type": "Feature", "properties": { "ID": 3733370300090, "正式名称": "ごうだおとなこども歯科", "機関区分": 3, "都道府県コード": 37, "市区町村コード": 386, "所在地": "香川県綾歌郡宇多津町浜六番丁８２－３", "緯度": 34.308043, "経度": 133.817987, "url": "https://www.iryou.teikyouseido.mhlw.go.jp/znk-web/juminkanja/S2430/initialize?prefCd=37&kikanCd=3370300090&kikanKbn=3", "url2": "https://gouda-dental.com/", "内容": "ごうだおとなこども歯科【3:歯科】香川県綾歌郡宇多津町浜六番丁８２－３" }, "geometry": { "type": "Point", "coordinates": [ 133.817987, 34.308043 ] } },
{ "type": "Feature", "properties": { "ID": 3733370300100, "正式名称": "さかい歯科医院", "機関区分": 3, "都道府県コード": 37, "市区町村コード": 386, "所在地": "香川県綾歌郡宇多津町浜九番丁１４２－８", "緯度": 34.313099, "経度": 133.823403, "url": "https://www.iryou.teikyouseido.mhlw.go.jp/znk-web/juminkanja/S2430/initialize?prefCd=37&kikanCd=3370300100&kikanKbn=3", "url2": null, "内容": "さかい歯科医院【3:歯科】香川県綾歌郡宇多津町浜九番丁１４２－８" }, "geometry": { "type": "Point", "coordinates": [ 133.823403, 34.313099 ] } },
{ "type": "Feature", "properties": { "ID": 3733370300110, "正式名称": "竹内歯科医院", "機関区分": 3, "都道府県コード": 37, "市区町村コード": 386, "所在地": "香川県綾歌郡宇多津町浜四番丁４６－６", "緯度": 34.310182, "経度": 133.814765, "url": "https://www.iryou.teikyouseido.mhlw.go.jp/znk-web/juminkanja/S2430/initialize?prefCd=37&kikanCd=3370300110&kikanKbn=3", "url2": "http://www.take-dc.jp", "内容": "竹内歯科医院【3:歯科】香川県綾歌郡宇多津町浜四番丁４６－６" }, "geometry": { "type": "Point", "coordinates": [ 133.814765, 34.310182 ] } },
{ "type": "Feature", "properties": { "ID": 3733370300130, "正式名称": "森田歯科医院", "機関区分": 3, "都道府県コード": 37, "市区町村コード": 386, "所在地": "香川県綾歌郡宇多津町大字東分字板橋東２３０－３", "緯度": 34.293129, "経度": 133.832292, "url": "https://www.iryou.teikyouseido.mhlw.go.jp/znk-web/juminkanja/S2430/initialize?prefCd=37&kikanCd=3370300130&kikanKbn=3", "url2": null, "内容": "森田歯科医院【3:歯科】香川県綾歌郡宇多津町大字東分字板橋東２３０－３" }, "geometry": { "type": "Point", "coordinates": [ 133.832292, 34.293129 ] } },
{ "type": "Feature", "properties": { "ID": 3733370300140, "正式名称": "うつみ歯科医院", "機関区分": 3, "都道府県コード": 37, "市区町村コード": 403, "所在地": "香川県仲多度郡琴平町榎井６９－３", "緯度": 34.191417, "経度": 133.830741, "url": "https://www.iryou.teikyouseido.mhlw.go.jp/znk-web/juminkanja/S2430/initialize?prefCd=37&kikanCd=3370300140&kikanKbn=3", "url2": null, "内容": "うつみ歯科医院【3:歯科】香川県仲多度郡琴平町榎井６９－３" }, "geometry": { "type": "Point", "coordinates": [ 133.830741, 34.191417 ] } },
{ "type": "Feature", "properties": { "ID": 3733370300160, "正式名称": "医療法人社団尚和会　塩田歯科医院", "機関区分": 3, "都道府県コード": 37, "市区町村コード": 403, "所在地": "香川県仲多度郡琴平町榎井８１７番地１７", "緯度": 34.191417, "経度": 133.822658, "url": "https://www.iryou.teikyouseido.mhlw.go.jp/znk-web/juminkanja/S2430/initialize?prefCd=37&kikanCd=3370300160&kikanKbn=3", "url2": "http://www.shiota/dental.com", "内容": "医療法人社団尚和会　塩田歯科医院【3:歯科】香川県仲多度郡琴平町榎井８１７番地１７" }, "geometry": { "type": "Point", "coordinates": [ 133.822658, 34.191417 ] } },
{ "type": "Feature", "properties": { "ID": 3733370300180, "正式名称": "前田歯科医院", "機関区分": 3, "都道府県コード": 37, "市区町村コード": 403, "所在地": "香川県仲多度郡琴平町１９８", "緯度": 34.187779, "経度": 133.821159, "url": "https://www.iryou.teikyouseido.mhlw.go.jp/znk-web/juminkanja/S2430/initialize?prefCd=37&kikanCd=3370300180&kikanKbn=3", "url2": "https://kotohira-maeda.com/", "内容": "前田歯科医院【3:歯科】香川県仲多度郡琴平町１９８" }, "geometry": { "type": "Point", "coordinates": [ 133.821159, 34.187779 ] } },
{ "type": "Feature", "properties": { "ID": 3733370300200, "正式名称": "あきやま歯科", "機関区分": 3, "都道府県コード": 37, "市区町村コード": 203, "所在地": "香川県坂出市室町１－２－２３", "緯度": 34.314071, "経度": 133.862399, "url": "https://www.iryou.teikyouseido.mhlw.go.jp/znk-web/juminkanja/S2430/initialize?prefCd=37&kikanCd=3370300200&kikanKbn=3", "url2": "http//www.akiyama-sika.com/", "内容": "あきやま歯科【3:歯科】香川県坂出市室町１－２－２３" }, "geometry": { "type": "Point", "coordinates": [ 133.862399, 34.314071 ] } },
{ "type": "Feature", "properties": { "ID": 3733370300210, "正式名称": "医療法人社団綾坂歯科医院", "機関区分": 3, "都道府県コード": 37, "市区町村コード": 203, "所在地": "香川県坂出市林田町８７５－３", "緯度": 34.323821, "経度": 133.893035, "url": "https://www.iryou.teikyouseido.mhlw.go.jp/znk-web/juminkanja/S2430/initialize?prefCd=37&kikanCd=3370300210&kikanKbn=3", "url2": "https://www.ayasaka-dental.com", "内容": "医療法人社団綾坂歯科医院【3:歯科】香川県坂出市林田町８７５－３" }, "geometry": { "type": "Point", "coordinates": [ 133.893035, 34.323821 ] } },
{ "type": "Feature", "properties": { "ID": 3733370300220, "正式名称": "あゆむ歯科", "機関区分": 3, "都道府県コード": 37, "市区町村コード": 203, "所在地": "香川県坂出市元町３－５－２４", "緯度": 34.318358, "経度": 133.854749, "url": "https://www.iryou.teikyouseido.mhlw.go.jp/znk-web/juminkanja/S2430/initialize?prefCd=37&kikanCd=3370300220&kikanKbn=3", "url2": "https://www.ayumushika.com/", "内容": "あゆむ歯科【3:歯科】香川県坂出市元町３－５－２４" }, "geometry": { "type": "Point", "coordinates": [ 133.854749, 34.318358 ] } },
{ "type": "Feature", "properties": { "ID": 3733370300230, "正式名称": "あらきデンタルクリニック", "機関区分": 3, "都道府県コード": 37, "市区町村コード": 203, "所在地": "香川県坂出市室町３－４－１４", "緯度": 34.318515, "経度": 133.861455, "url": "https://www.iryou.teikyouseido.mhlw.go.jp/znk-web/juminkanja/S2430/initialize?prefCd=37&kikanCd=3370300230&kikanKbn=3", "url2": "www.araki-dc.net", "内容": "あらきデンタルクリニック【3:歯科】香川県坂出市室町３－４－１４" }, "geometry": { "type": "Point", "coordinates": [ 133.861455, 34.318515 ] } },
{ "type": "Feature", "properties": { "ID": 3733370300250, "正式名称": "医療法人いぬい歯科", "機関区分": 3, "都道府県コード": 37, "市区町村コード": 203, "所在地": "香川県坂出市江尻町４０９－１", "緯度": 34.322043, "経度": 133.872148, "url": "https://www.iryou.teikyouseido.mhlw.go.jp/znk-web/juminkanja/S2430/initialize?prefCd=37&kikanCd=3370300250&kikanKbn=3", "url2": "http://www.inui-dc.com", "内容": "医療法人いぬい歯科【3:歯科】香川県坂出市江尻町４０９－１" }, "geometry": { "type": "Point", "coordinates": [ 133.872148, 34.322043 ] } },
{ "type": "Feature", "properties": { "ID": 3733370300270, "正式名称": "いわた歯科クリニック", "機関区分": 3, "都道府県コード": 37, "市区町村コード": 203, "所在地": "香川県坂出市旭町１－１－１７", "緯度": 34.315127, "経度": 133.863705, "url": "https://www.iryou.teikyouseido.mhlw.go.jp/znk-web/juminkanja/S2430/initialize?prefCd=37&kikanCd=3370300270&kikanKbn=3", "url2": "http://www.iwata-dc.jp/", "内容": "いわた歯科クリニック【3:歯科】香川県坂出市旭町１－１－１７" }, "geometry": { "type": "Point", "coordinates": [ 133.863705, 34.315127 ] } },
{ "type": "Feature", "properties": { "ID": 3733370300280, "正式名称": "かがの歯科医院", "機関区分": 3, "都道府県コード": 37, "市区町村コード": 203, "所在地": "香川県坂出市久米町１－１６－５", "緯度": 34.318848, "経度": 133.855983, "url": "https://www.iryou.teikyouseido.mhlw.go.jp/znk-web/juminkanja/S2430/initialize?prefCd=37&kikanCd=3370300280&kikanKbn=3", "url2": null, "内容": "かがの歯科医院【3:歯科】香川県坂出市久米町１－１６－５" }, "geometry": { "type": "Point", "coordinates": [ 133.855983, 34.318848 ] } },
{ "type": "Feature", "properties": { "ID": 3733370300290, "正式名称": "鎌田歯科医院", "機関区分": 3, "都道府県コード": 37, "市区町村コード": 203, "所在地": "香川県坂出市川津町３２３５－１", "緯度": 34.293296, "経度": 133.851262, "url": "https://www.iryou.teikyouseido.mhlw.go.jp/znk-web/juminkanja/S2430/initialize?prefCd=37&kikanCd=3370300290&kikanKbn=3", "url2": null, "内容": "鎌田歯科医院【3:歯科】香川県坂出市川津町３２３５－１" }, "geometry": { "type": "Point", "coordinates": [ 133.851262, 34.293296 ] } },
{ "type": "Feature", "properties": { "ID": 3733370300310, "正式名称": "医療法人社団久真会大木眼科久保歯科医院", "機関区分": 3, "都道府県コード": 37, "市区町村コード": 203, "所在地": "香川県坂出市江尻町１１４９－２", "緯度": 34.318432, "経度": 133.87076, "url": "https://www.iryou.teikyouseido.mhlw.go.jp/znk-web/juminkanja/S2430/initialize?prefCd=37&kikanCd=3370300310&kikanKbn=3", "url2": "https://www.kubo-eye-dental.jp", "内容": "医療法人社団久真会大木眼科久保歯科医院【3:歯科】香川県坂出市江尻町１１４９－２" }, "geometry": { "type": "Point", "coordinates": [ 133.87076, 34.318432 ] } },
{ "type": "Feature", "properties": { "ID": 3733370300320, "正式名称": "香西歯科医院", "機関区分": 3, "都道府県コード": 37, "市区町村コード": 203, "所在地": "香川県坂出市林田町２７４－１", "緯度": 34.328098, "経度": 133.897257, "url": "https://www.iryou.teikyouseido.mhlw.go.jp/znk-web/juminkanja/S2430/initialize?prefCd=37&kikanCd=3370300320&kikanKbn=3", "url2": "https://kozai-dc.com/", "内容": "香西歯科医院【3:歯科】香川県坂出市林田町２７４－１" }, "geometry": { "type": "Point", "coordinates": [ 133.897257, 34.328098 ] } },
{ "type": "Feature", "properties": { "ID": 3733370300330, "正式名称": "医療法人社団ゆずか　こうざと矯正歯科クリニック", "機関区分": 3, "都道府県コード": 37, "市区町村コード": 203, "所在地": "香川県坂出市駒止町１丁目４－２", "緯度": 34.313099, "経度": 133.858289, "url": "https://www.iryou.teikyouseido.mhlw.go.jp/znk-web/juminkanja/S2430/initialize?prefCd=37&kikanCd=3370300330&kikanKbn=3", "url2": "http://www.kouzatokyousei.com/", "内容": "医療法人社団ゆずか　こうざと矯正歯科クリニック【3:歯科】香川県坂出市駒止町１丁目４－２" }, "geometry": { "type": "Point", "coordinates": [ 133.858289, 34.313099 ] } },
{ "type": "Feature", "properties": { "ID": 3733370300340, "正式名称": "医療法人社団Ｈａｐｐｙ＆Ｓｍｉｌｅ　ソフィア歯科クリニック", "機関区分": 3, "都道府県コード": 37, "市区町村コード": 203, "所在地": "香川県坂出市京町１丁目６－２６", "緯度": 34.31496, "経度": 133.859761, "url": "https://www.iryou.teikyouseido.mhlw.go.jp/znk-web/juminkanja/S2430/initialize?prefCd=37&kikanCd=3370300340&kikanKbn=3", "url2": "www.sophiaDC.com", "内容": "医療法人社団Ｈａｐｐｙ＆Ｓｍｉｌｅ　ソフィア歯科クリニック【3:歯科】香川県坂出市京町１丁目６－２６" }, "geometry": { "type": "Point", "coordinates": [ 133.859761, 34.31496 ] } },
{ "type": "Feature", "properties": { "ID": 3733370300350, "正式名称": "医療法人社団武部歯科医院", "機関区分": 3, "都道府県コード": 37, "市区町村コード": 203, "所在地": "香川県坂出市文京町１ー１－８", "緯度": 34.312266, "経度": 133.854706, "url": "https://www.iryou.teikyouseido.mhlw.go.jp/znk-web/juminkanja/S2430/initialize?prefCd=37&kikanCd=3370300350&kikanKbn=3", "url2": "http://www.takebe.jp", "内容": "医療法人社団武部歯科医院【3:歯科】香川県坂出市文京町１ー１－８" }, "geometry": { "type": "Point", "coordinates": [ 133.854706, 34.312266 ] } },
{ "type": "Feature", "properties": { "ID": 3733370300370, "正式名称": "みどりの歯科医院", "機関区分": 3, "都道府県コード": 37, "市区町村コード": 203, "所在地": "香川県坂出市寿町１－２－６", "緯度": 34.313266, "経度": 133.850039, "url": "https://www.iryou.teikyouseido.mhlw.go.jp/znk-web/juminkanja/S2430/initialize?prefCd=37&kikanCd=3370300370&kikanKbn=3", "url2": "http://www.midorino-dc.com/", "内容": "みどりの歯科医院【3:歯科】香川県坂出市寿町１－２－６" }, "geometry": { "type": "Point", "coordinates": [ 133.850039, 34.313266 ] } },
{ "type": "Feature", "properties": { "ID": 3733370300380, "正式名称": "つたに歯科クリニック", "機関区分": 3, "都道府県コード": 37, "市区町村コード": 203, "所在地": "香川県坂出市本町３－５－２８", "緯度": 34.317071, "経度": 133.852011, "url": "https://www.iryou.teikyouseido.mhlw.go.jp/znk-web/juminkanja/S2430/initialize?prefCd=37&kikanCd=3370300380&kikanKbn=3", "url2": "https://www.tsutani-dental.com/", "内容": "つたに歯科クリニック【3:歯科】香川県坂出市本町３－５－２８" }, "geometry": { "type": "Point", "coordinates": [ 133.852011, 34.317071 ] } },
{ "type": "Feature", "properties": { "ID": 3733370300390, "正式名称": "樋口歯科医院", "機関区分": 3, "都道府県コード": 37, "市区町村コード": 203, "所在地": "香川県坂出市府中町１１３６－１", "緯度": 34.291103, "経度": 133.920923, "url": "https://www.iryou.teikyouseido.mhlw.go.jp/znk-web/juminkanja/S2430/initialize?prefCd=37&kikanCd=3370300390&kikanKbn=3", "url2": null, "内容": "樋口歯科医院【3:歯科】香川県坂出市府中町１１３６－１" }, "geometry": { "type": "Point", "coordinates": [ 133.920923, 34.291103 ] } },
{ "type": "Feature", "properties": { "ID": 3733370300400, "正式名称": "藤澤歯科医院", "機関区分": 3, "都道府県コード": 37, "市区町村コード": 203, "所在地": "香川県坂出市駒止町１－５－５", "緯度": 34.312016, "経度": 133.857844, "url": "https://www.iryou.teikyouseido.mhlw.go.jp/znk-web/juminkanja/S2430/initialize?prefCd=37&kikanCd=3370300400&kikanKbn=3", "url2": "http://www.fujisawa-dental.com/", "内容": "藤澤歯科医院【3:歯科】香川県坂出市駒止町１－５－５" }, "geometry": { "type": "Point", "coordinates": [ 133.857844, 34.312016 ] } },
{ "type": "Feature", "properties": { "ID": 3733370300430, "正式名称": "細川歯科医院", "機関区分": 3, "都道府県コード": 37, "市区町村コード": 203, "所在地": "香川県坂出市池園町７－２２", "緯度": 34.301739, "経度": 133.855512, "url": "https://www.iryou.teikyouseido.mhlw.go.jp/znk-web/juminkanja/S2430/initialize?prefCd=37&kikanCd=3370300430&kikanKbn=3", "url2": null, "内容": "細川歯科医院【3:歯科】香川県坂出市池園町７－２２" }, "geometry": { "type": "Point", "coordinates": [ 133.855512, 34.301739 ] } },
{ "type": "Feature", "properties": { "ID": 3733370300450, "正式名称": "みいけ歯科医院", "機関区分": 3, "都道府県コード": 37, "市区町村コード": 203, "所在地": "香川県坂出市池園町６－７", "緯度": 34.304628, "経度": 133.855012, "url": "https://www.iryou.teikyouseido.mhlw.go.jp/znk-web/juminkanja/S2430/initialize?prefCd=37&kikanCd=3370300450&kikanKbn=3", "url2": "www.miike-shika.com", "内容": "みいけ歯科医院【3:歯科】香川県坂出市池園町６－７" }, "geometry": { "type": "Point", "coordinates": [ 133.855012, 34.304628 ] } },
{ "type": "Feature", "properties": { "ID": 3733370300460, "正式名称": "宮崎歯科医院", "機関区分": 3, "都道府県コード": 37, "市区町村コード": 203, "所在地": "香川県坂出市元町１－１０－２４", "緯度": 34.314932, "経度": 133.856011, "url": "https://www.iryou.teikyouseido.mhlw.go.jp/znk-web/juminkanja/S2430/initialize?prefCd=37&kikanCd=3370300460&kikanKbn=3", "url2": null, "内容": "宮崎歯科医院【3:歯科】香川県坂出市元町１－１０－２４" }, "geometry": { "type": "Point", "coordinates": [ 133.856011, 34.314932 ] } },
{ "type": "Feature", "properties": { "ID": 3733370300470, "正式名称": "森田歯科医院", "機関区分": 3, "都道府県コード": 37, "市区町村コード": 203, "所在地": "香川県坂出市本町２－３－６", "緯度": 34.315321, "経度": 133.851345, "url": "https://www.iryou.teikyouseido.mhlw.go.jp/znk-web/juminkanja/S2430/initialize?prefCd=37&kikanCd=3370300470&kikanKbn=3", "url2": null, "内容": "森田歯科医院【3:歯科】香川県坂出市本町２－３－６" }, "geometry": { "type": "Point", "coordinates": [ 133.851345, 34.315321 ] } },
{ "type": "Feature", "properties": { "ID": 3733370300480, "正式名称": "八木歯科医院", "機関区分": 3, "都道府県コード": 37, "市区町村コード": 203, "所在地": "香川県坂出市林田町３４９３－１", "緯度": 34.338152, "経度": 133.884646, "url": "https://www.iryou.teikyouseido.mhlw.go.jp/znk-web/juminkanja/S2430/initialize?prefCd=37&kikanCd=3370300480&kikanKbn=3", "url2": null, "内容": "八木歯科医院【3:歯科】香川県坂出市林田町３４９３－１" }, "geometry": { "type": "Point", "coordinates": [ 133.884646, 34.338152 ] } },
{ "type": "Feature", "properties": { "ID": 3733370300490, "正式名称": "山地歯科医院", "機関区分": 3, "都道府県コード": 37, "市区町村コード": 203, "所在地": "香川県坂出市旭町２－６－５０", "緯度": 34.315877, "経度": 133.865149, "url": "https://www.iryou.teikyouseido.mhlw.go.jp/znk-web/juminkanja/S2430/initialize?prefCd=37&kikanCd=3370300490&kikanKbn=3", "url2": null, "内容": "山地歯科医院【3:歯科】香川県坂出市旭町２－６－５０" }, "geometry": { "type": "Point", "coordinates": [ 133.865149, 34.315877 ] } },
{ "type": "Feature", "properties": { "ID": 3733370300520, "正式名称": "氏家歯科診療所", "機関区分": 3, "都道府県コード": 37, "市区町村コード": 204, "所在地": "香川県善通寺市上吉田町１－４－６", "緯度": 34.229385, "経度": 133.786965, "url": "https://www.iryou.teikyouseido.mhlw.go.jp/znk-web/juminkanja/S2430/initialize?prefCd=37&kikanCd=3370300520&kikanKbn=3", "url2": "ujikeshika.com", "内容": "氏家歯科診療所【3:歯科】香川県善通寺市上吉田町１－４－６" }, "geometry": { "type": "Point", "coordinates": [ 133.786965, 34.229385 ] } },
{ "type": "Feature", "properties": { "ID": 3733370300530, "正式名称": "金香歯科医院", "機関区分": 3, "都道府県コード": 37, "市区町村コード": 204, "所在地": "香川県善通寺市善通寺町２－６－６", "緯度": 34.226135, "経度": 133.777605, "url": "https://www.iryou.teikyouseido.mhlw.go.jp/znk-web/juminkanja/S2430/initialize?prefCd=37&kikanCd=3370300530&kikanKbn=3", "url2": "http://kanekodc.web.fc2.com/", "内容": "金香歯科医院【3:歯科】香川県善通寺市善通寺町２－６－６" }, "geometry": { "type": "Point", "coordinates": [ 133.777605, 34.226135 ] } },
{ "type": "Feature", "properties": { "ID": 3733370300540, "正式名称": "すぎ歯科医院", "機関区分": 3, "都道府県コード": 37, "市区町村コード": 204, "所在地": "香川県善通寺市中村町１１９３－５", "緯度": 34.237245, "経度": 133.767744, "url": "https://www.iryou.teikyouseido.mhlw.go.jp/znk-web/juminkanja/S2430/initialize?prefCd=37&kikanCd=3370300540&kikanKbn=3", "url2": null, "内容": "すぎ歯科医院【3:歯科】香川県善通寺市中村町１１９３－５" }, "geometry": { "type": "Point", "coordinates": [ 133.767744, 34.237245 ] } },
{ "type": "Feature", "properties": { "ID": 3733370300560, "正式名称": "鈴木歯科クリニック", "機関区分": 3, "都道府県コード": 37, "市区町村コード": 204, "所在地": "香川県善通寺市金蔵寺町７４４－３", "緯度": 34.246216, "経度": 133.781187, "url": "https://www.iryou.teikyouseido.mhlw.go.jp/znk-web/juminkanja/S2430/initialize?prefCd=37&kikanCd=3370300560&kikanKbn=3", "url2": "http://www.suzuki-dent.info/", "内容": "鈴木歯科クリニック【3:歯科】香川県善通寺市金蔵寺町７４４－３" }, "geometry": { "type": "Point", "coordinates": [ 133.781187, 34.246216 ] } },
{ "type": "Feature", "properties": { "ID": 3733370300570, "正式名称": "医療法人鈴木歯科医院", "機関区分": 3, "都道府県コード": 37, "市区町村コード": 204, "所在地": "香川県善通寺市上吉田町３－５－６", "緯度": 34.227635, "経度": 133.780966, "url": "https://www.iryou.teikyouseido.mhlw.go.jp/znk-web/juminkanja/S2430/initialize?prefCd=37&kikanCd=3370300570&kikanKbn=3", "url2": "http://dent-suzuki.net/", "内容": "医療法人鈴木歯科医院【3:歯科】香川県善通寺市上吉田町３－５－６" }, "geometry": { "type": "Point", "coordinates": [ 133.780966, 34.227635 ] } },
{ "type": "Feature", "properties": { "ID": 3733370300580, "正式名称": "高尾歯科医院", "機関区分": 3, "都道府県コード": 37, "市区町村コード": 204, "所在地": "香川県善通寺市上吉田町８－４－４０", "緯度": 34.232218, "経度": 133.781271, "url": "https://www.iryou.teikyouseido.mhlw.go.jp/znk-web/juminkanja/S2430/initialize?prefCd=37&kikanCd=3370300580&kikanKbn=3", "url2": "https://takao-dentalclinic.com/", "内容": "高尾歯科医院【3:歯科】香川県善通寺市上吉田町８－４－４０" }, "geometry": { "type": "Point", "coordinates": [ 133.781271, 34.232218 ] } },
{ "type": "Feature", "properties": { "ID": 3733370300590, "正式名称": "千代歯科医院", "機関区分": 3, "都道府県コード": 37, "市区町村コード": 204, "所在地": "香川県善通寺市与北町１１１３－１", "緯度": 34.236523, "経度": 133.814574, "url": "https://www.iryou.teikyouseido.mhlw.go.jp/znk-web/juminkanja/S2430/initialize?prefCd=37&kikanCd=3370300590&kikanKbn=3", "url2": "http://www.shiroiha-kirei.jp", "内容": "千代歯科医院【3:歯科】香川県善通寺市与北町１１１３－１" }, "geometry": { "type": "Point", "coordinates": [ 133.814574, 34.236523 ] } },
{ "type": "Feature", "properties": { "ID": 3733370300600, "正式名称": "ちよ歯科医院", "機関区分": 3, "都道府県コード": 37, "市区町村コード": 204, "所在地": "香川県善通寺市与北町１００５", "緯度": 34.236523, "経度": 133.814601, "url": "https://www.iryou.teikyouseido.mhlw.go.jp/znk-web/juminkanja/S2430/initialize?prefCd=37&kikanCd=3370300600&kikanKbn=3", "url2": "http://www.chiyo-dc.com/", "内容": "ちよ歯科医院【3:歯科】香川県善通寺市与北町１００５" }, "geometry": { "type": "Point", "coordinates": [ 133.814601, 34.236523 ] } },
{ "type": "Feature", "properties": { "ID": 3733370300610, "正式名称": "ミント歯科クリニック", "機関区分": 3, "都道府県コード": 37, "市区町村コード": 204, "所在地": "香川県善通寺市金蔵寺町３９２", "緯度": 34.240245, "経度": 133.789159, "url": "https://www.iryou.teikyouseido.mhlw.go.jp/znk-web/juminkanja/S2430/initialize?prefCd=37&kikanCd=3370300610&kikanKbn=3", "url2": "http://www.mint-dental.com/", "内容": "ミント歯科クリニック【3:歯科】香川県善通寺市金蔵寺町３９２" }, "geometry": { "type": "Point", "coordinates": [ 133.789159, 34.240245 ] } },
{ "type": "Feature", "properties": { "ID": 3733370300640, "正式名称": "山下歯科医院", "機関区分": 3, "都道府県コード": 37, "市区町村コード": 204, "所在地": "香川県善通寺市善通寺町１－３－２２", "緯度": 34.226551, "経度": 133.779466, "url": "https://www.iryou.teikyouseido.mhlw.go.jp/znk-web/juminkanja/S2430/initialize?prefCd=37&kikanCd=3370300640&kikanKbn=3", "url2": null, "内容": "山下歯科医院【3:歯科】香川県善通寺市善通寺町１－３－２２" }, "geometry": { "type": "Point", "coordinates": [ 133.779466, 34.226551 ] } },
{ "type": "Feature", "properties": { "ID": 3733370300650, "正式名称": "おくの歯科・矯正歯科クリニック", "機関区分": 3, "都道府県コード": 37, "市区町村コード": 404, "所在地": "香川県仲多度郡多度津町葛原８１１－１", "緯度": 34.263353, "経度": 133.766021, "url": "https://www.iryou.teikyouseido.mhlw.go.jp/znk-web/juminkanja/S2430/initialize?prefCd=37&kikanCd=3370300650&kikanKbn=3", "url2": "www.okuno-dent.jp", "内容": "おくの歯科・矯正歯科クリニック【3:歯科】香川県仲多度郡多度津町葛原８１１－１" }, "geometry": { "type": "Point", "coordinates": [ 133.766021, 34.263353 ] } },
{ "type": "Feature", "properties": { "ID": 3733370300660, "正式名称": "医療法人社団秋桜会木谷歯科医院", "機関区分": 3, "都道府県コード": 37, "市区町村コード": 404, "所在地": "香川県仲多度郡多度津町元町４－６", "緯度": 34.269935, "経度": 133.752327, "url": "https://www.iryou.teikyouseido.mhlw.go.jp/znk-web/juminkanja/S2430/initialize?prefCd=37&kikanCd=3370300660&kikanKbn=3", "url2": "http://www.kitani-shika.com/", "内容": "医療法人社団秋桜会木谷歯科医院【3:歯科】香川県仲多度郡多度津町元町４－６" }, "geometry": { "type": "Point", "coordinates": [ 133.752327, 34.269935 ] } },
{ "type": "Feature", "properties": { "ID": 3733370300670, "正式名称": "医療法人社団　さくら健美会　さくら歯科医院", "機関区分": 3, "都道府県コード": 37, "市区町村コード": 404, "所在地": "香川県仲多度郡多度津町北鴨２－１０－１　イオンタウン多度津内", "緯度": 34.275129, "経度": 133.766937, "url": "https://www.iryou.teikyouseido.mhlw.go.jp/znk-web/juminkanja/S2430/initialize?prefCd=37&kikanCd=3370300670&kikanKbn=3", "url2": "http://www.sakuradc.net", "内容": "医療法人社団　さくら健美会　さくら歯科医院【3:歯科】香川県仲多度郡多度津町北鴨２－１０－１　イオンタウン多度津内" }, "geometry": { "type": "Point", "coordinates": [ 133.766937, 34.275129 ] } },
{ "type": "Feature", "properties": { "ID": 3733370300680, "正式名称": "島田歯科診療所", "機関区分": 3, "都道府県コード": 37, "市区町村コード": 404, "所在地": "香川県仲多度郡多度津町大通り４－１９", "緯度": 34.272685, "経度": 133.749383, "url": "https://www.iryou.teikyouseido.mhlw.go.jp/znk-web/juminkanja/S2430/initialize?prefCd=37&kikanCd=3370300680&kikanKbn=3", "url2": null, "内容": "島田歯科診療所【3:歯科】香川県仲多度郡多度津町大通り４－１９" }, "geometry": { "type": "Point", "coordinates": [ 133.749383, 34.272685 ] } },
{ "type": "Feature", "properties": { "ID": 3733370300690, "正式名称": "たかぎ歯科医院", "機関区分": 3, "都道府県コード": 37, "市区町村コード": 404, "所在地": "香川県仲多度郡多度津町葛原６５７", "緯度": 34.258353, "経度": 133.766827, "url": "https://www.iryou.teikyouseido.mhlw.go.jp/znk-web/juminkanja/S2430/initialize?prefCd=37&kikanCd=3370300690&kikanKbn=3", "url2": null, "内容": "たかぎ歯科医院【3:歯科】香川県仲多度郡多度津町葛原６５７" }, "geometry": { "type": "Point", "coordinates": [ 133.766827, 34.258353 ] } },
{ "type": "Feature", "properties": { "ID": 3733370300710, "正式名称": "まちのはいしゃ", "機関区分": 3, "都道府県コード": 37, "市区町村コード": 404, "所在地": "香川県仲多度郡多度津町本通３丁目２番１２－１号", "緯度": 34.265769, "経度": 133.749494, "url": "https://www.iryou.teikyouseido.mhlw.go.jp/znk-web/juminkanja/S2430/initialize?prefCd=37&kikanCd=3370300710&kikanKbn=3", "url2": "http://www.machinohaisha.com/", "内容": "まちのはいしゃ【3:歯科】香川県仲多度郡多度津町本通３丁目２番１２－１号" }, "geometry": { "type": "Point", "coordinates": [ 133.749494, 34.265769 ] } },
{ "type": "Feature", "properties": { "ID": 3733370300720, "正式名称": "なないろ歯科・こども矯正歯科クリニック", "機関区分": 3, "都道府県コード": 37, "市区町村コード": 404, "所在地": "香川県仲多度郡多度津町庄８４１－１", "緯度": 34.25639, "経度": 133.754785, "url": "https://www.iryou.teikyouseido.mhlw.go.jp/znk-web/juminkanja/S2430/initialize?prefCd=37&kikanCd=3370300720&kikanKbn=3", "url2": "https://www.nanairokids-dental.com/", "内容": "なないろ歯科・こども矯正歯科クリニック【3:歯科】香川県仲多度郡多度津町庄８４１－１" }, "geometry": { "type": "Point", "coordinates": [ 133.754785, 34.25639 ] } },
{ "type": "Feature", "properties": { "ID": 3733370300740, "正式名称": "安部歯科医院", "機関区分": 3, "都道府県コード": 37, "市区町村コード": 202, "所在地": "香川県丸亀市綾歌町栗熊東４９４－２", "緯度": 34.235663, "経度": 133.882846, "url": "https://www.iryou.teikyouseido.mhlw.go.jp/znk-web/juminkanja/S2430/initialize?prefCd=37&kikanCd=3370300740&kikanKbn=3", "url2": null, "内容": "安部歯科医院【3:歯科】香川県丸亀市綾歌町栗熊東４９４－２" }, "geometry": { "type": "Point", "coordinates": [ 133.882846, 34.235663 ] } },
{ "type": "Feature", "properties": { "ID": 3733370300770, "正式名称": "いまい歯科クリニック", "機関区分": 3, "都道府県コード": 37, "市区町村コード": 202, "所在地": "香川県丸亀市柞原町６８２－４", "緯度": 34.272186, "経度": 133.806906, "url": "https://www.iryou.teikyouseido.mhlw.go.jp/znk-web/juminkanja/S2430/initialize?prefCd=37&kikanCd=3370300770&kikanKbn=3", "url2": "https://dental-imai.com/", "内容": "いまい歯科クリニック【3:歯科】香川県丸亀市柞原町６８２－４" }, "geometry": { "type": "Point", "coordinates": [ 133.806906, 34.272186 ] } },
{ "type": "Feature", "properties": { "ID": 3733370300810, "正式名称": "大久保歯科医院", "機関区分": 3, "都道府県コード": 37, "市区町村コード": 202, "所在地": "香川県丸亀市土器町東１丁目７０－３", "緯度": 34.285907, "経度": 133.819099, "url": "https://www.iryou.teikyouseido.mhlw.go.jp/znk-web/juminkanja/S2430/initialize?prefCd=37&kikanCd=3370300810&kikanKbn=3", "url2": "ohkubodental.com", "内容": "大久保歯科医院【3:歯科】香川県丸亀市土器町東１丁目７０－３" }, "geometry": { "type": "Point", "coordinates": [ 133.819099, 34.285907 ] } },
{ "type": "Feature", "properties": { "ID": 3733370300820, "正式名称": "医療法人優心会　大塚歯科医院", "機関区分": 3, "都道府県コード": 37, "市区町村コード": 202, "所在地": "香川県丸亀市城東町１－２－３９", "緯度": 34.285907, "経度": 133.805822, "url": "https://www.iryou.teikyouseido.mhlw.go.jp/znk-web/juminkanja/S2430/initialize?prefCd=37&kikanCd=3370300820&kikanKbn=3", "url2": "http://www.yusinkai.or.jp", "内容": "医療法人優心会　大塚歯科医院【3:歯科】香川県丸亀市城東町１－２－３９" }, "geometry": { "type": "Point", "coordinates": [ 133.805822, 34.285907 ] } },
{ "type": "Feature", "properties": { "ID": 3733370300830, "正式名称": "大西歯科医院", "機関区分": 3, "都道府県コード": 37, "市区町村コード": 202, "所在地": "香川県丸亀市前塩屋町１－９－７", "緯度": 34.28699, "経度": 133.785546, "url": "https://www.iryou.teikyouseido.mhlw.go.jp/znk-web/juminkanja/S2430/initialize?prefCd=37&kikanCd=3370300830&kikanKbn=3", "url2": null, "内容": "大西歯科医院【3:歯科】香川県丸亀市前塩屋町１－９－７" }, "geometry": { "type": "Point", "coordinates": [ 133.785546, 34.28699 ] } },
{ "type": "Feature", "properties": { "ID": 3733370300840, "正式名称": "大林歯科医院", "機関区分": 3, "都道府県コード": 37, "市区町村コード": 202, "所在地": "香川県丸亀市郡家町２７２２－１", "緯度": 34.257299, "経度": 133.807518, "url": "https://www.iryou.teikyouseido.mhlw.go.jp/znk-web/juminkanja/S2430/initialize?prefCd=37&kikanCd=3370300840&kikanKbn=3", "url2": "www.oobayashi-shika.com/", "内容": "大林歯科医院【3:歯科】香川県丸亀市郡家町２７２２－１" }, "geometry": { "type": "Point", "coordinates": [ 133.807518, 34.257299 ] } },
{ "type": "Feature", "properties": { "ID": 3733370300850, "正式名称": "片山歯科医院", "機関区分": 3, "都道府県コード": 37, "市区町村コード": 202, "所在地": "香川県丸亀市六番丁２７－５", "緯度": 34.284518, "経度": 133.797684, "url": "https://www.iryou.teikyouseido.mhlw.go.jp/znk-web/juminkanja/S2430/initialize?prefCd=37&kikanCd=3370300850&kikanKbn=3", "url2": null, "内容": "片山歯科医院【3:歯科】香川県丸亀市六番丁２７－５" }, "geometry": { "type": "Point", "coordinates": [ 133.797684, 34.284518 ] } },
{ "type": "Feature", "properties": { "ID": 3733370300860, "正式名称": "川西歯科医院", "機関区分": 3, "都道府県コード": 37, "市区町村コード": 202, "所在地": "香川県丸亀市飯山町川原１０３５－７", "緯度": 34.266604, "経度": 133.86018, "url": "https://www.iryou.teikyouseido.mhlw.go.jp/znk-web/juminkanja/S2430/initialize?prefCd=37&kikanCd=3370300860&kikanKbn=3", "url2": null, "内容": "川西歯科医院【3:歯科】香川県丸亀市飯山町川原１０３５－７" }, "geometry": { "type": "Point", "coordinates": [ 133.86018, 34.266604 ] } },
{ "type": "Feature", "properties": { "ID": 3733370300880, "正式名称": "キタ歯科医院", "機関区分": 3, "都道府県コード": 37, "市区町村コード": 202, "所在地": "香川県丸亀市飯山町東坂元５４９－１", "緯度": 34.278686, "経度": 133.855985, "url": "https://www.iryou.teikyouseido.mhlw.go.jp/znk-web/juminkanja/S2430/initialize?prefCd=37&kikanCd=3370300880&kikanKbn=3", "url2": null, "内容": "キタ歯科医院【3:歯科】香川県丸亀市飯山町東坂元５４９－１" }, "geometry": { "type": "Point", "coordinates": [ 133.855985, 34.278686 ] } },
{ "type": "Feature", "properties": { "ID": 3733370300890, "正式名称": "黒田歯科医院", "機関区分": 3, "都道府県コード": 37, "市区町村コード": 202, "所在地": "香川県丸亀市新町４－７", "緯度": 34.291989, "経度": 133.791406, "url": "https://www.iryou.teikyouseido.mhlw.go.jp/znk-web/juminkanja/S2430/initialize?prefCd=37&kikanCd=3370300890&kikanKbn=3", "url2": null, "内容": "黒田歯科医院【3:歯科】香川県丸亀市新町４－７" }, "geometry": { "type": "Point", "coordinates": [ 133.791406, 34.291989 ] } },
{ "type": "Feature", "properties": { "ID": 3733370300910, "正式名称": "近藤歯科医院", "機関区分": 3, "都道府県コード": 37, "市区町村コード": 202, "所在地": "香川県丸亀市飯山町下法軍寺４１４ー２", "緯度": 34.255661, "経度": 133.859236, "url": "https://www.iryou.teikyouseido.mhlw.go.jp/znk-web/juminkanja/S2430/initialize?prefCd=37&kikanCd=3370300910&kikanKbn=3", "url2": null, "内容": "近藤歯科医院【3:歯科】香川県丸亀市飯山町下法軍寺４１４ー２" }, "geometry": { "type": "Point", "coordinates": [ 133.859236, 34.255661 ] } },
{ "type": "Feature", "properties": { "ID": 3733370300920, "正式名称": "さぎおか歯科医院", "機関区分": 3, "都道府県コード": 37, "市区町村コード": 202, "所在地": "香川県丸亀市川西町北９３８－１", "緯度": 34.264965, "経度": 133.817683, "url": "https://www.iryou.teikyouseido.mhlw.go.jp/znk-web/juminkanja/S2430/initialize?prefCd=37&kikanCd=3370300920&kikanKbn=3", "url2": null, "内容": "さぎおか歯科医院【3:歯科】香川県丸亀市川西町北９３８－１" }, "geometry": { "type": "Point", "coordinates": [ 133.817683, 34.264965 ] } },
{ "type": "Feature", "properties": { "ID": 3733370300930, "正式名称": "塩田歯科医院", "機関区分": 3, "都道府県コード": 37, "市区町村コード": 202, "所在地": "香川県丸亀市土器町東八丁目４６１番１", "緯度": 34.299266, "経度": 133.80746, "url": "https://www.iryou.teikyouseido.mhlw.go.jp/znk-web/juminkanja/S2430/initialize?prefCd=37&kikanCd=3370300930&kikanKbn=3", "url2": "shiotadental.com", "内容": "塩田歯科医院【3:歯科】香川県丸亀市土器町東八丁目４６１番１" }, "geometry": { "type": "Point", "coordinates": [ 133.80746, 34.299266 ] } },
{ "type": "Feature", "properties": { "ID": 3733370300940, "正式名称": "篠原歯科医院", "機関区分": 3, "都道府県コード": 37, "市区町村コード": 202, "所在地": "香川県丸亀市中府町１－２－１５", "緯度": 34.276741, "経度": 133.79574, "url": "https://www.iryou.teikyouseido.mhlw.go.jp/znk-web/juminkanja/S2430/initialize?prefCd=37&kikanCd=3370300940&kikanKbn=3", "url2": "http://www.shinohara-dent.com", "内容": "篠原歯科医院【3:歯科】香川県丸亀市中府町１－２－１５" }, "geometry": { "type": "Point", "coordinates": [ 133.79574, 34.276741 ] } },
{ "type": "Feature", "properties": { "ID": 3733370300960, "正式名称": "末森元歯科医院", "機関区分": 3, "都道府県コード": 37, "市区町村コード": 202, "所在地": "香川県丸亀市中府町３丁目４番３号", "緯度": 34.281781, "経度": 133.795648, "url": "https://www.iryou.teikyouseido.mhlw.go.jp/znk-web/juminkanja/S2430/initialize?prefCd=37&kikanCd=3370300960&kikanKbn=3", "url2": "http://www.suemorihajime.com/", "内容": "末森元歯科医院【3:歯科】香川県丸亀市中府町３丁目４番３号" }, "geometry": { "type": "Point", "coordinates": [ 133.795648, 34.281781 ] } },
{ "type": "Feature", "properties": { "ID": 3733370300970, "正式名称": "医療法人社団育成会　鈴木歯科クリニック", "機関区分": 3, "都道府県コード": 37, "市区町村コード": 202, "所在地": "香川県丸亀市飯山町川原１０６８－５", "緯度": 34.264827, "経度": 133.859263, "url": "https://www.iryou.teikyouseido.mhlw.go.jp/znk-web/juminkanja/S2430/initialize?prefCd=37&kikanCd=3370300970&kikanKbn=3", "url2": "https://suzukishika-dental.com/", "内容": "医療法人社団育成会　鈴木歯科クリニック【3:歯科】香川県丸亀市飯山町川原１０６８－５" }, "geometry": { "type": "Point", "coordinates": [ 133.859263, 34.264827 ] } },
{ "type": "Feature", "properties": { "ID": 3733370300980, "正式名称": "たくま歯科医院", "機関区分": 3, "都道府県コード": 37, "市区町村コード": 202, "所在地": "香川県丸亀市葭町３２－１", "緯度": 34.2926, "経度": 133.797684, "url": "https://www.iryou.teikyouseido.mhlw.go.jp/znk-web/juminkanja/S2430/initialize?prefCd=37&kikanCd=3370300980&kikanKbn=3", "url2": "http://takuma-dc.com/i", "内容": "たくま歯科医院【3:歯科】香川県丸亀市葭町３２－１" }, "geometry": { "type": "Point", "coordinates": [ 133.797684, 34.2926 ] } },
{ "type": "Feature", "properties": { "ID": 3733370300990, "正式名称": "田所歯科医院", "機関区分": 3, "都道府県コード": 37, "市区町村コード": 202, "所在地": "香川県丸亀市塩屋町４－５－２", "緯度": 34.288878, "経度": 133.780685, "url": "https://www.iryou.teikyouseido.mhlw.go.jp/znk-web/juminkanja/S2430/initialize?prefCd=37&kikanCd=3370300990&kikanKbn=3", "url2": null, "内容": "田所歯科医院【3:歯科】香川県丸亀市塩屋町４－５－２" }, "geometry": { "type": "Point", "coordinates": [ 133.780685, 34.288878 ] } },
{ "type": "Feature", "properties": { "ID": 3733370301020, "正式名称": "なかつか歯科", "機関区分": 3, "都道府県コード": 37, "市区町村コード": 202, "所在地": "香川県丸亀市幸町２－５－１３", "緯度": 34.287323, "経度": 133.789434, "url": "https://www.iryou.teikyouseido.mhlw.go.jp/znk-web/juminkanja/S2430/initialize?prefCd=37&kikanCd=3370301020&kikanKbn=3", "url2": null, "内容": "なかつか歯科【3:歯科】香川県丸亀市幸町２－５－１３" }, "geometry": { "type": "Point", "coordinates": [ 133.789434, 34.287323 ] } },
{ "type": "Feature", "properties": { "ID": 3733370301030, "正式名称": "夏見歯科医院", "機関区分": 3, "都道府県コード": 37, "市区町村コード": 202, "所在地": "香川県丸亀市郡家町１４７６－３", "緯度": 34.247494, "経度": 133.81524, "url": "https://www.iryou.teikyouseido.mhlw.go.jp/znk-web/juminkanja/S2430/initialize?prefCd=37&kikanCd=3370301030&kikanKbn=3", "url2": null, "内容": "夏見歯科医院【3:歯科】香川県丸亀市郡家町１４７６－３" }, "geometry": { "type": "Point", "coordinates": [ 133.81524, 34.247494 ] } },
{ "type": "Feature", "properties": { "ID": 3733370301050, "正式名称": "医療法人　歯顎会　ハッピー矯正歯科", "機関区分": 3, "都道府県コード": 37, "市区町村コード": 202, "所在地": "香川県丸亀市土器町東７丁目４５３番地", "緯度": 34.296156, "経度": 133.811321, "url": "https://www.iryou.teikyouseido.mhlw.go.jp/znk-web/juminkanja/S2430/initialize?prefCd=37&kikanCd=3370301050&kikanKbn=3", "url2": "https://happyhanarabi.jp/", "内容": "医療法人　歯顎会　ハッピー矯正歯科【3:歯科】香川県丸亀市土器町東７丁目４５３番地" }, "geometry": { "type": "Point", "coordinates": [ 133.811321, 34.296156 ] } },
{ "type": "Feature", "properties": { "ID": 3733370301060, "正式名称": "日根野谷歯科医院", "機関区分": 3, "都道府県コード": 37, "市区町村コード": 202, "所在地": "香川県丸亀市土器町東９－１２２－４", "緯度": 34.303544, "経度": 133.814848, "url": "https://www.iryou.teikyouseido.mhlw.go.jp/znk-web/juminkanja/S2430/initialize?prefCd=37&kikanCd=3370301060&kikanKbn=3", "url2": null, "内容": "日根野谷歯科医院【3:歯科】香川県丸亀市土器町東９－１２２－４" }, "geometry": { "type": "Point", "coordinates": [ 133.814848, 34.303544 ] } },
{ "type": "Feature", "properties": { "ID": 3733370301070, "正式名称": "平田歯科医院", "機関区分": 3, "都道府県コード": 37, "市区町村コード": 202, "所在地": "香川県丸亀市通町１７４－１", "緯度": 34.290573, "経度": 133.796184, "url": "https://www.iryou.teikyouseido.mhlw.go.jp/znk-web/juminkanja/S2430/initialize?prefCd=37&kikanCd=3370301070&kikanKbn=3", "url2": "http://dental-hirata.sakura.ne.jp/", "内容": "平田歯科医院【3:歯科】香川県丸亀市通町１７４－１" }, "geometry": { "type": "Point", "coordinates": [ 133.796184, 34.290573 ] } },
{ "type": "Feature", "properties": { "ID": 3733370301090, "正式名称": "藤本歯科医院", "機関区分": 3, "都道府県コード": 37, "市区町村コード": 202, "所在地": "香川県丸亀市塩飽町６番地", "緯度": 34.289406, "経度": 133.794184, "url": "https://www.iryou.teikyouseido.mhlw.go.jp/znk-web/juminkanja/S2430/initialize?prefCd=37&kikanCd=3370301090&kikanKbn=3", "url2": "http://www.gigamart.co.jp/fujimoto/index.html", "内容": "藤本歯科医院【3:歯科】香川県丸亀市塩飽町６番地" }, "geometry": { "type": "Point", "coordinates": [ 133.794184, 34.289406 ] } },
{ "type": "Feature", "properties": { "ID": 3733370301110, "正式名称": "本川歯科医院", "機関区分": 3, "都道府県コード": 37, "市区町村コード": 202, "所在地": "香川県丸亀市綾歌町富熊９８１－４", "緯度": 34.245468, "経度": 133.876068, "url": "https://www.iryou.teikyouseido.mhlw.go.jp/znk-web/juminkanja/S2430/initialize?prefCd=37&kikanCd=3370301110&kikanKbn=3", "url2": null, "内容": "本川歯科医院【3:歯科】香川県丸亀市綾歌町富熊９８１－４" }, "geometry": { "type": "Point", "coordinates": [ 133.876068, 34.245468 ] } },
{ "type": "Feature", "properties": { "ID": 3733370301120, "正式名称": "医療法人社団至誠会増田歯科医院", "機関区分": 3, "都道府県コード": 37, "市区町村コード": 202, "所在地": "香川県丸亀市土器町西４－３４７", "緯度": 34.281157, "経度": 133.815488, "url": "https://www.iryou.teikyouseido.mhlw.go.jp/znk-web/juminkanja/S2430/initialize?prefCd=37&kikanCd=3370301120&kikanKbn=3", "url2": "http://masuda-dc.jp/", "内容": "医療法人社団至誠会増田歯科医院【3:歯科】香川県丸亀市土器町西４－３４７" }, "geometry": { "type": "Point", "coordinates": [ 133.815488, 34.281157 ] } },
{ "type": "Feature", "properties": { "ID": 3733370301140, "正式名称": "丸尾歯科クリニック", "機関区分": 3, "都道府県コード": 37, "市区町村コード": 202, "所在地": "香川県丸亀市三条町字中村６５６－８", "緯度": 34.247494, "経度": 133.806713, "url": "https://www.iryou.teikyouseido.mhlw.go.jp/znk-web/juminkanja/S2430/initialize?prefCd=37&kikanCd=3370301140&kikanKbn=3", "url2": "https://maruodental.com/", "内容": "丸尾歯科クリニック【3:歯科】香川県丸亀市三条町字中村６５６－８" }, "geometry": { "type": "Point", "coordinates": [ 133.806713, 34.247494 ] } },
{ "type": "Feature", "properties": { "ID": 3733370301150, "正式名称": "丸尾歯科医院", "機関区分": 3, "都道府県コード": 37, "市区町村コード": 202, "所在地": "香川県丸亀市綾歌町岡田上１７５１－１", "緯度": 34.220415, "経度": 133.856015, "url": "https://www.iryou.teikyouseido.mhlw.go.jp/znk-web/juminkanja/S2430/initialize?prefCd=37&kikanCd=3370301150&kikanKbn=3", "url2": "http://www.maruo-shika.jp/", "内容": "丸尾歯科医院【3:歯科】香川県丸亀市綾歌町岡田上１７５１－１" }, "geometry": { "type": "Point", "coordinates": [ 133.856015, 34.220415 ] } },
{ "type": "Feature", "properties": { "ID": 3733370301170, "正式名称": "医療法人社団清成会三崎歯科クリニック", "機関区分": 3, "都道府県コード": 37, "市区町村コード": 202, "所在地": "香川県丸亀市飯山町真時６６６－６", "緯度": 34.260132, "経度": 133.84382, "url": "https://www.iryou.teikyouseido.mhlw.go.jp/znk-web/juminkanja/S2430/initialize?prefCd=37&kikanCd=3370301170&kikanKbn=3", "url2": null, "内容": "医療法人社団清成会三崎歯科クリニック【3:歯科】香川県丸亀市飯山町真時６６６－６" }, "geometry": { "type": "Point", "coordinates": [ 133.84382, 34.260132 ] } },
{ "type": "Feature", "properties": { "ID": 3733370301180, "正式名称": "医療法人社団應薫会宮武歯科医院", "機関区分": 3, "都道府県コード": 37, "市区町村コード": 202, "所在地": "香川県丸亀市三条町９０－２", "緯度": 34.242995, "経度": 133.813879, "url": "https://www.iryou.teikyouseido.mhlw.go.jp/znk-web/juminkanja/S2430/initialize?prefCd=37&kikanCd=3370301180&kikanKbn=3", "url2": "www.miyatakedc.com", "内容": "医療法人社団應薫会宮武歯科医院【3:歯科】香川県丸亀市三条町９０－２" }, "geometry": { "type": "Point", "coordinates": [ 133.813879, 34.242995 ] } },
{ "type": "Feature", "properties": { "ID": 3733370301190, "正式名称": "医療法人社団和会やまぐち歯科医院", "機関区分": 3, "都道府県コード": 37, "市区町村コード": 202, "所在地": "香川県丸亀市垂水町３２４０－４", "緯度": 34.240717, "経度": 133.824545, "url": "https://www.iryou.teikyouseido.mhlw.go.jp/znk-web/juminkanja/S2430/initialize?prefCd=37&kikanCd=3370301190&kikanKbn=3", "url2": null, "内容": "医療法人社団和会やまぐち歯科医院【3:歯科】香川県丸亀市垂水町３２４０－４" }, "geometry": { "type": "Point", "coordinates": [ 133.824545, 34.240717 ] } },
{ "type": "Feature", "properties": { "ID": 3733370301200, "正式名称": "やまじ歯科医院", "機関区分": 3, "都道府県コード": 37, "市区町村コード": 202, "所在地": "香川県丸亀市川西町北２５３－１", "緯度": 34.256688, "経度": 133.826127, "url": "https://www.iryou.teikyouseido.mhlw.go.jp/znk-web/juminkanja/S2430/initialize?prefCd=37&kikanCd=3370301200&kikanKbn=3", "url2": null, "内容": "やまじ歯科医院【3:歯科】香川県丸亀市川西町北２５３－１" }, "geometry": { "type": "Point", "coordinates": [ 133.826127, 34.256688 ] } },
{ "type": "Feature", "properties": { "ID": 3733370301210, "正式名称": "山田歯科医院", "機関区分": 3, "都道府県コード": 37, "市区町村コード": 202, "所在地": "香川県丸亀市川西町北５６９－１", "緯度": 34.266365, "経度": 133.824939, "url": "https://www.iryou.teikyouseido.mhlw.go.jp/znk-web/juminkanja/S2430/initialize?prefCd=37&kikanCd=3370301210&kikanKbn=3", "url2": "http://www.yamada-shikaiin.net/", "内容": "山田歯科医院【3:歯科】香川県丸亀市川西町北５６９－１" }, "geometry": { "type": "Point", "coordinates": [ 133.824939, 34.266365 ] } },
{ "type": "Feature", "properties": { "ID": 3733370301240, "正式名称": "眞室歯科医院", "機関区分": 3, "都道府県コード": 37, "市区町村コード": 406, "所在地": "香川県仲多度郡まんのう町吉野２６６８－３", "緯度": 34.18503, "経度": 133.868488, "url": "https://www.iryou.teikyouseido.mhlw.go.jp/znk-web/juminkanja/S2430/initialize?prefCd=37&kikanCd=3370301240&kikanKbn=3", "url2": null, "内容": "眞室歯科医院【3:歯科】香川県仲多度郡まんのう町吉野２６６８－３" }, "geometry": { "type": "Point", "coordinates": [ 133.868488, 34.18503 ] } },
{ "type": "Feature", "properties": { "ID": 3733370301250, "正式名称": "岩山歯科医院", "機関区分": 3, "都道府県コード": 37, "市区町村コード": 406, "所在地": "香川県仲多度郡まんのう町四条４１６－３", "緯度": 34.191723, "経度": 133.839879, "url": "https://www.iryou.teikyouseido.mhlw.go.jp/znk-web/juminkanja/S2430/initialize?prefCd=37&kikanCd=3370301250&kikanKbn=3", "url2": null, "内容": "岩山歯科医院【3:歯科】香川県仲多度郡まんのう町四条４１６－３" }, "geometry": { "type": "Point", "coordinates": [ 133.839879, 34.191723 ] } },
{ "type": "Feature", "properties": { "ID": 3733370301260, "正式名称": "まんのう町国民健康保険造田歯科診療所", "機関区分": 3, "都道府県コード": 37, "市区町村コード": 406, "所在地": "香川県仲多度郡まんのう町造田１９７４－１", "緯度": 34.1647, "経度": 133.924401, "url": "https://www.iryou.teikyouseido.mhlw.go.jp/znk-web/juminkanja/S2430/initialize?prefCd=37&kikanCd=3370301260&kikanKbn=3", "url2": "https://soda-dental-clinic.business.site/", "内容": "まんのう町国民健康保険造田歯科診療所【3:歯科】香川県仲多度郡まんのう町造田１９７４－１" }, "geometry": { "type": "Point", "coordinates": [ 133.924401, 34.1647 ] } },
{ "type": "Feature", "properties": { "ID": 3733370301270, "正式名称": "多田歯科医院", "機関区分": 3, "都道府県コード": 37, "市区町村コード": 406, "所在地": "香川県仲多度郡まんのう町吉野字宮東１０８２－１", "緯度": 34.185835, "経度": 133.85835, "url": "https://www.iryou.teikyouseido.mhlw.go.jp/znk-web/juminkanja/S2430/initialize?prefCd=37&kikanCd=3370301270&kikanKbn=3", "url2": null, "内容": "多田歯科医院【3:歯科】香川県仲多度郡まんのう町吉野字宮東１０８２－１" }, "geometry": { "type": "Point", "coordinates": [ 133.85835, 34.185835 ] } },
{ "type": "Feature", "properties": { "ID": 3733370301280, "正式名称": "医療法人社団平田歯科医院", "機関区分": 3, "都道府県コード": 37, "市区町村コード": 406, "所在地": "香川県仲多度郡まんのう町炭所西７７１", "緯度": 34.181391, "経度": 133.882209, "url": "https://www.iryou.teikyouseido.mhlw.go.jp/znk-web/juminkanja/S2430/initialize?prefCd=37&kikanCd=3370301280&kikanKbn=3", "url2": "http://www.hirata-shika.jp", "内容": "医療法人社団平田歯科医院【3:歯科】香川県仲多度郡まんのう町炭所西７７１" }, "geometry": { "type": "Point", "coordinates": [ 133.882209, 34.181391 ] } },
{ "type": "Feature", "properties": { "ID": 3733370301310, "正式名称": "かわい歯科", "機関区分": 3, "都道府県コード": 37, "市区町村コード": 202, "所在地": "香川県丸亀市綾歌町富熊２４４８－３", "緯度": 34.245292, "経度": 133.886397, "url": "https://www.iryou.teikyouseido.mhlw.go.jp/znk-web/juminkanja/S2430/initialize?prefCd=37&kikanCd=3370301310&kikanKbn=3", "url2": "http://wwwa.pikara.ne.jp/fwge-3631/", "内容": "かわい歯科【3:歯科】香川県丸亀市綾歌町富熊２４４８－３" }, "geometry": { "type": "Point", "coordinates": [ 133.886397, 34.245292 ] } },
{ "type": "Feature", "properties": { "ID": 3733370301320, "正式名称": "かねこ歯科", "機関区分": 3, "都道府県コード": 37, "市区町村コード": 203, "所在地": "香川県坂出市林田町１７１２－３", "緯度": 34.32932, "経度": 133.88273, "url": "https://www.iryou.teikyouseido.mhlw.go.jp/znk-web/juminkanja/S2430/initialize?prefCd=37&kikanCd=3370301320&kikanKbn=3", "url2": "http://www.kanekodental.net", "内容": "かねこ歯科【3:歯科】香川県坂出市林田町１７１２－３" }, "geometry": { "type": "Point", "coordinates": [ 133.88273, 34.32932 ] } },
{ "type": "Feature", "properties": { "ID": 3733370301330, "正式名称": "はっぴぃすまいる歯科クリニック", "機関区分": 3, "都道府県コード": 37, "市区町村コード": 202, "所在地": "香川県丸亀市飯山町東小川１３０７－６", "緯度": 34.247898, "経度": 133.846507, "url": "https://www.iryou.teikyouseido.mhlw.go.jp/znk-web/juminkanja/S2430/initialize?prefCd=37&kikanCd=3370301330&kikanKbn=3", "url2": "http://nttbj.itp.ne.jp/0877890177/", "内容": "はっぴぃすまいる歯科クリニック【3:歯科】香川県丸亀市飯山町東小川１３０７－６" }, "geometry": { "type": "Point", "coordinates": [ 133.846507, 34.247898 ] } },
{ "type": "Feature", "properties": { "ID": 3733370301340, "正式名称": "じょう歯科医院", "機関区分": 3, "都道府県コード": 37, "市区町村コード": 386, "所在地": "香川県綾歌郡宇多津町１８３１", "緯度": 34.309377, "経度": 133.822209, "url": "https://www.iryou.teikyouseido.mhlw.go.jp/znk-web/juminkanja/S2430/initialize?prefCd=37&kikanCd=3370301340&kikanKbn=3", "url2": null, "内容": "じょう歯科医院【3:歯科】香川県綾歌郡宇多津町１８３１" }, "geometry": { "type": "Point", "coordinates": [ 133.822209, 34.309377 ] } },
{ "type": "Feature", "properties": { "ID": 3733370301350, "正式名称": "丸亀ごうだ歯科医院", "機関区分": 3, "都道府県コード": 37, "市区町村コード": 202, "所在地": "香川県丸亀市土器町東４丁目８５０", "緯度": 34.293128, "経度": 133.814099, "url": "https://www.iryou.teikyouseido.mhlw.go.jp/znk-web/juminkanja/S2430/initialize?prefCd=37&kikanCd=3370301350&kikanKbn=3", "url2": "https://gouda-dental.com/", "内容": "丸亀ごうだ歯科医院【3:歯科】香川県丸亀市土器町東４丁目８５０" }, "geometry": { "type": "Point", "coordinates": [ 133.814099, 34.293128 ] } },
{ "type": "Feature", "properties": { "ID": 3733370301360, "正式名称": "かわむら歯科医院", "機関区分": 3, "都道府県コード": 37, "市区町村コード": 406, "所在地": "香川県仲多度郡まんのう町四條字福家下所１７９", "緯度": 34.190987, "経度": 133.840302, "url": "https://www.iryou.teikyouseido.mhlw.go.jp/znk-web/juminkanja/S2430/initialize?prefCd=37&kikanCd=3370301360&kikanKbn=3", "url2": "http://www..kawamurasikaiin.com/", "内容": "かわむら歯科医院【3:歯科】香川県仲多度郡まんのう町四條字福家下所１７９" }, "geometry": { "type": "Point", "coordinates": [ 133.840302, 34.190987 ] } },
{ "type": "Feature", "properties": { "ID": 3733370301370, "正式名称": "おかだ歯科医院", "機関区分": 3, "都道府県コード": 37, "市区町村コード": 202, "所在地": "香川県丸亀市飯野町東二甲２５５－１", "緯度": 34.267659, "経度": 133.836654, "url": "https://www.iryou.teikyouseido.mhlw.go.jp/znk-web/juminkanja/S2430/initialize?prefCd=37&kikanCd=3370301370&kikanKbn=3", "url2": "http://www.okada-dc2013.net/", "内容": "おかだ歯科医院【3:歯科】香川県丸亀市飯野町東二甲２５５－１" }, "geometry": { "type": "Point", "coordinates": [ 133.836654, 34.267659 ] } },
{ "type": "Feature", "properties": { "ID": 3733370301380, "正式名称": "医療法人社団　ながやま歯科", "機関区分": 3, "都道府県コード": 37, "市区町村コード": 202, "所在地": "香川県丸亀市垂水町９１５－４", "緯度": 34.230419, "経度": 133.834056, "url": "https://www.iryou.teikyouseido.mhlw.go.jp/znk-web/juminkanja/S2430/initialize?prefCd=37&kikanCd=3370301380&kikanKbn=3", "url2": "http://nagayama-dental.jp/", "内容": "医療法人社団　ながやま歯科【3:歯科】香川県丸亀市垂水町９１５－４" }, "geometry": { "type": "Point", "coordinates": [ 133.834056, 34.230419 ] } },
{ "type": "Feature", "properties": { "ID": 3733370301390, "正式名称": "香川歯科医院", "機関区分": 3, "都道府県コード": 37, "市区町村コード": 202, "所在地": "香川県丸亀市飯山町上法軍寺９３１", "緯度": 34.248247, "経度": 133.859231, "url": "https://www.iryou.teikyouseido.mhlw.go.jp/znk-web/juminkanja/S2430/initialize?prefCd=37&kikanCd=3370301390&kikanKbn=3", "url2": "http://www.kagawa-dental.net", "内容": "香川歯科医院【3:歯科】香川県丸亀市飯山町上法軍寺９３１" }, "geometry": { "type": "Point", "coordinates": [ 133.859231, 34.248247 ] } },
{ "type": "Feature", "properties": { "ID": 3733370301400, "正式名称": "あおいデンタルクリニック", "機関区分": 3, "都道府県コード": 37, "市区町村コード": 202, "所在地": "香川県丸亀市綾歌町栗熊東４８－３", "緯度": 34.241693, "経度": 133.878942, "url": "https://www.iryou.teikyouseido.mhlw.go.jp/znk-web/juminkanja/S2430/initialize?prefCd=37&kikanCd=3370301400&kikanKbn=3", "url2": null, "内容": "あおいデンタルクリニック【3:歯科】香川県丸亀市綾歌町栗熊東４８－３" }, "geometry": { "type": "Point", "coordinates": [ 133.878942, 34.241693 ] } },
{ "type": "Feature", "properties": { "ID": 3733370301410, "正式名称": "げんき歯科・矯正歯科", "機関区分": 3, "都道府県コード": 37, "市区町村コード": 202, "所在地": "香川県丸亀市金倉町１４３７－１１", "緯度": 34.274281, "経度": 133.783102, "url": "https://www.iryou.teikyouseido.mhlw.go.jp/znk-web/juminkanja/S2430/initialize?prefCd=37&kikanCd=3370301410&kikanKbn=3", "url2": "genki-d-o.com", "内容": "げんき歯科・矯正歯科【3:歯科】香川県丸亀市金倉町１４３７－１１" }, "geometry": { "type": "Point", "coordinates": [ 133.783102, 34.274281 ] } },
{ "type": "Feature", "properties": { "ID": 3733370301420, "正式名称": "にししょう歯科クリニック", "機関区分": 3, "都道府県コード": 37, "市区町村コード": 202, "所在地": "香川県丸亀市津森町２３０－１３", "緯度": 34.275178, "経度": 133.794338, "url": "https://www.iryou.teikyouseido.mhlw.go.jp/znk-web/juminkanja/S2430/initialize?prefCd=37&kikanCd=3370301420&kikanKbn=3", "url2": "http://nishisho-dc.com/", "内容": "にししょう歯科クリニック【3:歯科】香川県丸亀市津森町２３０－１３" }, "geometry": { "type": "Point", "coordinates": [ 133.794338, 34.275178 ] } },
{ "type": "Feature", "properties": { "ID": 3733370301430, "正式名称": "ふるかわ歯科医院", "機関区分": 3, "都道府県コード": 37, "市区町村コード": 202, "所在地": "香川県丸亀市新田町１１０－１０", "緯度": 34.270686, "経度": 133.786297, "url": "https://www.iryou.teikyouseido.mhlw.go.jp/znk-web/juminkanja/S2430/initialize?prefCd=37&kikanCd=3370301430&kikanKbn=3", "url2": "http://www.marugame-furukawadentalclinic.com", "内容": "ふるかわ歯科医院【3:歯科】香川県丸亀市新田町１１０－１０" }, "geometry": { "type": "Point", "coordinates": [ 133.786297, 34.270686 ] } },
{ "type": "Feature", "properties": { "ID": 3733370301450, "正式名称": "横山歯科医院", "機関区分": 3, "都道府県コード": 37, "市区町村コード": 203, "所在地": "香川県坂出市八幡町３－６－２９", "緯度": 34.315659, "経度": 133.841551, "url": "https://www.iryou.teikyouseido.mhlw.go.jp/znk-web/juminkanja/S2430/initialize?prefCd=37&kikanCd=3370301450&kikanKbn=3", "url2": "http://www.yokoyama-d.jp", "内容": "横山歯科医院【3:歯科】香川県坂出市八幡町３－６－２９" }, "geometry": { "type": "Point", "coordinates": [ 133.841551, 34.315659 ] } },
{ "type": "Feature", "properties": { "ID": 3733370301460, "正式名称": "マハロ．デンタルクリニック", "機関区分": 3, "都道府県コード": 37, "市区町村コード": 202, "所在地": "香川県丸亀市山北町道上４６５－１", "緯度": 34.276937, "経度": 133.799801, "url": "https://www.iryou.teikyouseido.mhlw.go.jp/znk-web/juminkanja/S2430/initialize?prefCd=37&kikanCd=3370301460&kikanKbn=3", "url2": "https://www.mahalo-dc.com/", "内容": "マハロ．デンタルクリニック【3:歯科】香川県丸亀市山北町道上４６５－１" }, "geometry": { "type": "Point", "coordinates": [ 133.799801, 34.276937 ] } },
{ "type": "Feature", "properties": { "ID": 3733370301470, "正式名称": "医療法人社団みらい歯科クリニック", "機関区分": 3, "都道府県コード": 37, "市区町村コード": 202, "所在地": "香川県丸亀市津森町１９０５－１", "緯度": 34.284396, "経度": 133.789362, "url": "https://www.iryou.teikyouseido.mhlw.go.jp/znk-web/juminkanja/S2430/initialize?prefCd=37&kikanCd=3370301470&kikanKbn=3", "url2": "miraishika-dental..com", "内容": "医療法人社団みらい歯科クリニック【3:歯科】香川県丸亀市津森町１９０５－１" }, "geometry": { "type": "Point", "coordinates": [ 133.789362, 34.284396 ] } },
{ "type": "Feature", "properties": { "ID": 3733370301480, "正式名称": "のむら歯科医院", "機関区分": 3, "都道府県コード": 37, "市区町村コード": 202, "所在地": "香川県丸亀市中津町９１２－２", "緯度": 34.275134, "経度": 133.778866, "url": "https://www.iryou.teikyouseido.mhlw.go.jp/znk-web/juminkanja/S2430/initialize?prefCd=37&kikanCd=3370301480&kikanKbn=3", "url2": "https://www.nomura-dc.com/", "内容": "のむら歯科医院【3:歯科】香川県丸亀市中津町９１２－２" }, "geometry": { "type": "Point", "coordinates": [ 133.778866, 34.275134 ] } },
{ "type": "Feature", "properties": { "ID": 3733370301490, "正式名称": "医療法人　紗久会　空と海の歯科クリニック", "機関区分": 3, "都道府県コード": 37, "市区町村コード": 204, "所在地": "香川県善通寺市上吉田町１８２－４", "緯度": 34.232869, "経度": 133.789438, "url": "https://www.iryou.teikyouseido.mhlw.go.jp/znk-web/juminkanja/S2430/initialize?prefCd=37&kikanCd=3370301490&kikanKbn=3", "url2": "https://soraumi-dc.com/", "内容": "医療法人　紗久会　空と海の歯科クリニック【3:歯科】香川県善通寺市上吉田町１８２－４" }, "geometry": { "type": "Point", "coordinates": [ 133.789438, 34.232869 ] } },
{ "type": "Feature", "properties": { "ID": 3733370301500, "正式名称": "たいよう訪問歯科", "機関区分": 3, "都道府県コード": 37, "市区町村コード": 203, "所在地": "香川県坂出市川津町３９２６－１", "緯度": 34.311919, "経度": 133.861296, "url": "https://www.iryou.teikyouseido.mhlw.go.jp/znk-web/juminkanja/S2430/initialize?prefCd=37&kikanCd=3370301500&kikanKbn=3", "url2": "http://taiyou-home.dental", "内容": "たいよう訪問歯科【3:歯科】香川県坂出市川津町３９２６－１" }, "geometry": { "type": "Point", "coordinates": [ 133.861296, 34.311919 ] } },
{ "type": "Feature", "properties": { "ID": 3733370301510, "正式名称": "ムツミ歯科医院", "機関区分": 3, "都道府県コード": 37, "市区町村コード": 204, "所在地": "香川県善通寺市生野町１０１６－１", "緯度": 34.220049, "経度": 133.792041, "url": "https://www.iryou.teikyouseido.mhlw.go.jp/znk-web/juminkanja/S2430/initialize?prefCd=37&kikanCd=3370301510&kikanKbn=3", "url2": null, "内容": "ムツミ歯科医院【3:歯科】香川県善通寺市生野町１０１６－１" }, "geometry": { "type": "Point", "coordinates": [ 133.792041, 34.220049 ] } },
{ "type": "Feature", "properties": { "ID": 3733370301530, "正式名称": "大河原歯科・口腔外科", "機関区分": 3, "都道府県コード": 37, "市区町村コード": 386, "所在地": "香川県綾歌郡宇多津町浜五番丁５１－２", "緯度": 34.308742, "経度": 133.812792, "url": "https://www.iryou.teikyouseido.mhlw.go.jp/znk-web/juminkanja/S2430/initialize?prefCd=37&kikanCd=3370301530&kikanKbn=3", "url2": "ohgawara-omfs.com", "内容": "大河原歯科・口腔外科【3:歯科】香川県綾歌郡宇多津町浜五番丁５１－２" }, "geometry": { "type": "Point", "coordinates": [ 133.812792, 34.308742 ] } },
{ "type": "Feature", "properties": { "ID": 3733370301540, "正式名称": "にしむら歯科医院", "機関区分": 3, "都道府県コード": 37, "市区町村コード": 202, "所在地": "香川県丸亀市飯野町西分甲１４１－１", "緯度": 34.283024, "経度": 133.826111, "url": "https://www.iryou.teikyouseido.mhlw.go.jp/znk-web/juminkanja/S2430/initialize?prefCd=37&kikanCd=3370301540&kikanKbn=3", "url2": "https://marugame-nishimuradc.jp/", "内容": "にしむら歯科医院【3:歯科】香川県丸亀市飯野町西分甲１４１－１" }, "geometry": { "type": "Point", "coordinates": [ 133.826111, 34.283024 ] } },
{ "type": "Feature", "properties": { "ID": 3733370301550, "正式名称": "ごうだＯＣＥＡＮ歯科", "機関区分": 3, "都道府県コード": 37, "市区町村コード": 386, "所在地": "香川県綾歌郡宇多津町２３７５－２", "緯度": 34.311352, "経度": 133.825692, "url": "https://www.iryou.teikyouseido.mhlw.go.jp/znk-web/juminkanja/S2430/initialize?prefCd=37&kikanCd=3370301550&kikanKbn=3", "url2": "https://gouda-dental.com/about-clinic/gouda-otonakodomo/", "内容": "ごうだＯＣＥＡＮ歯科【3:歯科】香川県綾歌郡宇多津町２３７５－２" }, "geometry": { "type": "Point", "coordinates": [ 133.825692, 34.311352 ] } },
{ "type": "Feature", "properties": { "ID": 3733370301570, "正式名称": "ＬＩＦＥ　ＤＥＮＴＡＬ　ＣＬＩＮＩＣ", "機関区分": 3, "都道府県コード": 37, "市区町村コード": 387, "所在地": "香川県綾歌郡綾川町小野５２４－２", "緯度": 34.248779, "経度": 133.910427, "url": "https://www.iryou.teikyouseido.mhlw.go.jp/znk-web/juminkanja/S2430/initialize?prefCd=37&kikanCd=3370301570&kikanKbn=3", "url2": "lifedental-clinic.com", "内容": "ＬＩＦＥ　ＤＥＮＴＡＬ　ＣＬＩＮＩＣ【3:歯科】香川県綾歌郡綾川町小野５２４－２" }, "geometry": { "type": "Point", "coordinates": [ 133.910427, 34.248779 ] } },
{ "type": "Feature", "properties": { "ID": 3733370301580, "正式名称": "にしかわ歯科医院", "機関区分": 3, "都道府県コード": 37, "市区町村コード": 404, "所在地": "香川県仲多度郡多度津町栄町２丁目１－４９", "緯度": 34.271971, "経度": 133.756493, "url": "https://www.iryou.teikyouseido.mhlw.go.jp/znk-web/juminkanja/S2430/initialize?prefCd=37&kikanCd=3370301580&kikanKbn=3", "url2": null, "内容": "にしかわ歯科医院【3:歯科】香川県仲多度郡多度津町栄町２丁目１－４９" }, "geometry": { "type": "Point", "coordinates": [ 133.756493, 34.271971 ] } },
{ "type": "Feature", "properties": { "ID": 3733370400010, "正式名称": "森歯科医院", "機関区分": 3, "都道府県コード": 37, "市区町村コード": 205, "所在地": "香川県観音寺市昭和町三丁目１－８", "緯度": 34.121977, "経度": 133.653065, "url": "https://www.iryou.teikyouseido.mhlw.go.jp/znk-web/juminkanja/S2430/initialize?prefCd=37&kikanCd=3370400010&kikanKbn=3", "url2": null, "内容": "森歯科医院【3:歯科】香川県観音寺市昭和町三丁目１－８" }, "geometry": { "type": "Point", "coordinates": [ 133.653065, 34.121977 ] } },
{ "type": "Feature", "properties": { "ID": 3733370400050, "正式名称": "多田歯科医院", "機関区分": 3, "都道府県コード": 37, "市区町村コード": 205, "所在地": "香川県観音寺市出作町１１０８－４", "緯度": 34.123311, "経度": 133.667563, "url": "https://www.iryou.teikyouseido.mhlw.go.jp/znk-web/juminkanja/S2430/initialize?prefCd=37&kikanCd=3370400050&kikanKbn=3", "url2": null, "内容": "多田歯科医院【3:歯科】香川県観音寺市出作町１１０８－４" }, "geometry": { "type": "Point", "coordinates": [ 133.667563, 34.123311 ] } },
{ "type": "Feature", "properties": { "ID": 3733370400060, "正式名称": "中島歯科医院", "機関区分": 3, "都道府県コード": 37, "市区町村コード": 205, "所在地": "香川県観音寺市観音寺町甲２９４２－４", "緯度": 34.12606, "経度": 133.650815, "url": "https://www.iryou.teikyouseido.mhlw.go.jp/znk-web/juminkanja/S2430/initialize?prefCd=37&kikanCd=3370400060&kikanKbn=3", "url2": null, "内容": "中島歯科医院【3:歯科】香川県観音寺市観音寺町甲２９４２－４" }, "geometry": { "type": "Point", "coordinates": [ 133.650815, 34.12606 ] } },
{ "type": "Feature", "properties": { "ID": 3733370400070, "正式名称": "豊永歯科クリニック", "機関区分": 3, "都道府県コード": 37, "市区町村コード": 205, "所在地": "香川県観音寺市吉岡町１３－５", "緯度": 34.133671, "経度": 133.692255, "url": "https://www.iryou.teikyouseido.mhlw.go.jp/znk-web/juminkanja/S2430/initialize?prefCd=37&kikanCd=3370400070&kikanKbn=3", "url2": null, "内容": "豊永歯科クリニック【3:歯科】香川県観音寺市吉岡町１３－５" }, "geometry": { "type": "Point", "coordinates": [ 133.692255, 34.133671 ] } },
{ "type": "Feature", "properties": { "ID": 3733370400080, "正式名称": "医療法人社団耕寿会河田歯科医院", "機関区分": 3, "都道府県コード": 37, "市区町村コード": 205, "所在地": "香川県観音寺市栄町１－２－１０", "緯度": 34.125393, "経度": 133.658286, "url": "https://www.iryou.teikyouseido.mhlw.go.jp/znk-web/juminkanja/S2430/initialize?prefCd=37&kikanCd=3370400080&kikanKbn=3", "url2": "https://kawata-dental.kagawa.jp/", "内容": "医療法人社団耕寿会河田歯科医院【3:歯科】香川県観音寺市栄町１－２－１０" }, "geometry": { "type": "Point", "coordinates": [ 133.658286, 34.125393 ] } },
{ "type": "Feature", "properties": { "ID": 3733370400100, "正式名称": "さいとう歯科医院", "機関区分": 3, "都道府県コード": 37, "市区町村コード": 205, "所在地": "香川県観音寺市粟井町３９１－１", "緯度": 34.098369, "経度": 133.688646, "url": "https://www.iryou.teikyouseido.mhlw.go.jp/znk-web/juminkanja/S2430/initialize?prefCd=37&kikanCd=3370400100&kikanKbn=3", "url2": null, "内容": "さいとう歯科医院【3:歯科】香川県観音寺市粟井町３９１－１" }, "geometry": { "type": "Point", "coordinates": [ 133.688646, 34.098369 ] } },
{ "type": "Feature", "properties": { "ID": 3733370400110, "正式名称": "とよしま歯科医院", "機関区分": 3, "都道府県コード": 37, "市区町村コード": 205, "所在地": "香川県観音寺市植田町６０８－１", "緯度": 34.125227, "経度": 133.679951, "url": "https://www.iryou.teikyouseido.mhlw.go.jp/znk-web/juminkanja/S2430/initialize?prefCd=37&kikanCd=3370400110&kikanKbn=3", "url2": null, "内容": "とよしま歯科医院【3:歯科】香川県観音寺市植田町６０８－１" }, "geometry": { "type": "Point", "coordinates": [ 133.679951, 34.125227 ] } },
{ "type": "Feature", "properties": { "ID": 3733370400130, "正式名称": "野口歯科医院", "機関区分": 3, "都道府県コード": 37, "市区町村コード": 205, "所在地": "香川県観音寺市柞田町乙１９４７－１", "緯度": 34.112534, "経度": 133.650926, "url": "https://www.iryou.teikyouseido.mhlw.go.jp/znk-web/juminkanja/S2430/initialize?prefCd=37&kikanCd=3370400130&kikanKbn=3", "url2": "http://noguchidc.html.xdomain.jp/", "内容": "野口歯科医院【3:歯科】香川県観音寺市柞田町乙１９４７－１" }, "geometry": { "type": "Point", "coordinates": [ 133.650926, 34.112534 ] } },
{ "type": "Feature", "properties": { "ID": 3733370400150, "正式名称": "大西ただし歯科クリニック", "機関区分": 3, "都道府県コード": 37, "市区町村コード": 205, "所在地": "香川県観音寺市吉岡町５８７－１", "緯度": 34.131532, "経度": 133.684173, "url": "https://www.iryou.teikyouseido.mhlw.go.jp/znk-web/juminkanja/S2430/initialize?prefCd=37&kikanCd=3370400150&kikanKbn=3", "url2": null, "内容": "大西ただし歯科クリニック【3:歯科】香川県観音寺市吉岡町５８７－１" }, "geometry": { "type": "Point", "coordinates": [ 133.684173, 34.131532 ] } },
{ "type": "Feature", "properties": { "ID": 3733370400160, "正式名称": "いその歯科クリニック", "機関区分": 3, "都道府県コード": 37, "市区町村コード": 205, "所在地": "香川県観音寺市木之郷町柿ノ町１１８－１", "緯度": 34.108285, "経度": 133.677174, "url": "https://www.iryou.teikyouseido.mhlw.go.jp/znk-web/juminkanja/S2430/initialize?prefCd=37&kikanCd=3370400160&kikanKbn=3", "url2": null, "内容": "いその歯科クリニック【3:歯科】香川県観音寺市木之郷町柿ノ町１１８－１" }, "geometry": { "type": "Point", "coordinates": [ 133.677174, 34.108285 ] } },
{ "type": "Feature", "properties": { "ID": 3733370400170, "正式名称": "医療法人社団　クロダ歯科医院", "機関区分": 3, "都道府県コード": 37, "市区町村コード": 205, "所在地": "香川県観音寺市茂木町３丁目６番３７号", "緯度": 34.1328, "経度": 133.663742, "url": "https://www.iryou.teikyouseido.mhlw.go.jp/znk-web/juminkanja/S2430/initialize?prefCd=37&kikanCd=3370400170&kikanKbn=3", "url2": null, "内容": "医療法人社団　クロダ歯科医院【3:歯科】香川県観音寺市茂木町３丁目６番３７号" }, "geometry": { "type": "Point", "coordinates": [ 133.663742, 34.1328 ] } },
{ "type": "Feature", "properties": { "ID": 3733370400180, "正式名称": "ごうだ歯科医院", "機関区分": 3, "都道府県コード": 37, "市区町村コード": 205, "所在地": "香川県観音寺市粟井町１１０６－３", "緯度": 34.098314, "経度": 133.69509, "url": "https://www.iryou.teikyouseido.mhlw.go.jp/znk-web/juminkanja/S2430/initialize?prefCd=37&kikanCd=3370400180&kikanKbn=3", "url2": null, "内容": "ごうだ歯科医院【3:歯科】香川県観音寺市粟井町１１０６－３" }, "geometry": { "type": "Point", "coordinates": [ 133.69509, 34.098314 ] } },
{ "type": "Feature", "properties": { "ID": 3733370400190, "正式名称": "医療法人社団タカシ歯科クリニック", "機関区分": 3, "都道府県コード": 37, "市区町村コード": 205, "所在地": "香川県観音寺市坂本町三丁目７番２１号", "緯度": 34.12682, "経度": 133.666801, "url": "https://www.iryou.teikyouseido.mhlw.go.jp/znk-web/juminkanja/S2430/initialize?prefCd=37&kikanCd=3370400190&kikanKbn=3", "url2": "http://www.seisan-dc.com", "内容": "医療法人社団タカシ歯科クリニック【3:歯科】香川県観音寺市坂本町三丁目７番２１号" }, "geometry": { "type": "Point", "coordinates": [ 133.666801, 34.12682 ] } },
{ "type": "Feature", "properties": { "ID": 3733370400200, "正式名称": "医療法人社団あらき歯科クリニック", "機関区分": 3, "都道府県コード": 37, "市区町村コード": 205, "所在地": "香川県観音寺市柞田町字玉田乙２０１番地１", "緯度": 34.106645, "経度": 133.657537, "url": "https://www.iryou.teikyouseido.mhlw.go.jp/znk-web/juminkanja/S2430/initialize?prefCd=37&kikanCd=3370400200&kikanKbn=3", "url2": null, "内容": "医療法人社団あらき歯科クリニック【3:歯科】香川県観音寺市柞田町字玉田乙２０１番地１" }, "geometry": { "type": "Point", "coordinates": [ 133.657537, 34.106645 ] } },
{ "type": "Feature", "properties": { "ID": 3733370400210, "正式名称": "医療法人社団　高田歯科クリニック", "機関区分": 3, "都道府県コード": 37, "市区町村コード": 205, "所在地": "香川県観音寺市柞田町甲１０４１番地３", "緯度": 34.114784, "経度": 133.665869, "url": "https://www.iryou.teikyouseido.mhlw.go.jp/znk-web/juminkanja/S2430/initialize?prefCd=37&kikanCd=3370400210&kikanKbn=3", "url2": "http://www.takata-shika.com/", "内容": "医療法人社団　高田歯科クリニック【3:歯科】香川県観音寺市柞田町甲１０４１番地３" }, "geometry": { "type": "Point", "coordinates": [ 133.665869, 34.114784 ] } },
{ "type": "Feature", "properties": { "ID": 3733370400230, "正式名称": "よしだ歯科クリニック", "機関区分": 3, "都道府県コード": 37, "市区町村コード": 205, "所在地": "香川県観音寺市高屋町字二ノ坪５６２番地１", "緯度": 34.135337, "経度": 133.660147, "url": "https://www.iryou.teikyouseido.mhlw.go.jp/znk-web/juminkanja/S2430/initialize?prefCd=37&kikanCd=3370400230&kikanKbn=3", "url2": null, "内容": "よしだ歯科クリニック【3:歯科】香川県観音寺市高屋町字二ノ坪５６２番地１" }, "geometry": { "type": "Point", "coordinates": [ 133.660147, 34.135337 ] } },
{ "type": "Feature", "properties": { "ID": 3733370400240, "正式名称": "塩田歯科医院", "機関区分": 3, "都道府県コード": 37, "市区町村コード": 205, "所在地": "香川県観音寺市観音寺町甲３１３０－１", "緯度": 34.129143, "経度": 133.652648, "url": "https://www.iryou.teikyouseido.mhlw.go.jp/znk-web/juminkanja/S2430/initialize?prefCd=37&kikanCd=3370400240&kikanKbn=3", "url2": "https://www.shiota-dc.com/", "内容": "塩田歯科医院【3:歯科】香川県観音寺市観音寺町甲３１３０－１" }, "geometry": { "type": "Point", "coordinates": [ 133.652648, 34.129143 ] } },
{ "type": "Feature", "properties": { "ID": 3733370400250, "正式名称": "しぶたに歯科医院", "機関区分": 3, "都道府県コード": 37, "市区町村コード": 205, "所在地": "香川県観音寺市池之尻町字黒島４６０－１", "緯度": 34.117451, "経度": 133.695533, "url": "https://www.iryou.teikyouseido.mhlw.go.jp/znk-web/juminkanja/S2430/initialize?prefCd=37&kikanCd=3370400250&kikanKbn=3", "url2": "http://www.shibutani-dc.jp/", "内容": "しぶたに歯科医院【3:歯科】香川県観音寺市池之尻町字黒島４６０－１" }, "geometry": { "type": "Point", "coordinates": [ 133.695533, 34.117451 ] } },
{ "type": "Feature", "properties": { "ID": 3733370400260, "正式名称": "医療法人栄豊会久保歯科クリニック", "機関区分": 3, "都道府県コード": 37, "市区町村コード": 205, "所在地": "香川県観音寺市豊浜町和田浜８２１－１", "緯度": 34.075787, "経度": 133.642206, "url": "https://www.iryou.teikyouseido.mhlw.go.jp/znk-web/juminkanja/S2430/initialize?prefCd=37&kikanCd=3370400260&kikanKbn=3", "url2": null, "内容": "医療法人栄豊会久保歯科クリニック【3:歯科】香川県観音寺市豊浜町和田浜８２１－１" }, "geometry": { "type": "Point", "coordinates": [ 133.642206, 34.075787 ] } },
{ "type": "Feature", "properties": { "ID": 3733370400280, "正式名称": "うすき歯科医院", "機関区分": 3, "都道府県コード": 37, "市区町村コード": 205, "所在地": "香川県観音寺市豊浜町姫浜６５０－１７", "緯度": 34.079843, "経度": 133.643151, "url": "https://www.iryou.teikyouseido.mhlw.go.jp/znk-web/juminkanja/S2430/initialize?prefCd=37&kikanCd=3370400280&kikanKbn=3", "url2": null, "内容": "うすき歯科医院【3:歯科】香川県観音寺市豊浜町姫浜６５０－１７" }, "geometry": { "type": "Point", "coordinates": [ 133.643151, 34.079843 ] } },
{ "type": "Feature", "properties": { "ID": 3733370400290, "正式名称": "藤村歯科医院", "機関区分": 3, "都道府県コード": 37, "市区町村コード": 205, "所在地": "香川県観音寺市大野原町大野原１３５６－１", "緯度": 34.084065, "経度": 133.663565, "url": "https://www.iryou.teikyouseido.mhlw.go.jp/znk-web/juminkanja/S2430/initialize?prefCd=37&kikanCd=3370400290&kikanKbn=3", "url2": null, "内容": "藤村歯科医院【3:歯科】香川県観音寺市大野原町大野原１３５６－１" }, "geometry": { "type": "Point", "coordinates": [ 133.663565, 34.084065 ] } },
{ "type": "Feature", "properties": { "ID": 3733370400300, "正式名称": "漆川（シツカワ）歯科医院", "機関区分": 3, "都道府県コード": 37, "市区町村コード": 205, "所在地": "香川県観音寺市大野原町大野原３８１６番地１", "緯度": 34.08912, "経度": 133.656121, "url": "https://www.iryou.teikyouseido.mhlw.go.jp/znk-web/juminkanja/S2430/initialize?prefCd=37&kikanCd=3370400300&kikanKbn=3", "url2": null, "内容": "漆川（シツカワ）歯科医院【3:歯科】香川県観音寺市大野原町大野原３８１６番地１" }, "geometry": { "type": "Point", "coordinates": [ 133.656121, 34.08912 ] } },
{ "type": "Feature", "properties": { "ID": 3733370400310, "正式名称": "小川歯科医院", "機関区分": 3, "都道府県コード": 37, "市区町村コード": 205, "所在地": "香川県観音寺市大野原町中姫２０４０－１", "緯度": 34.091064, "経度": 133.675342, "url": "https://www.iryou.teikyouseido.mhlw.go.jp/znk-web/juminkanja/S2430/initialize?prefCd=37&kikanCd=3370400310&kikanKbn=3", "url2": null, "内容": "小川歯科医院【3:歯科】香川県観音寺市大野原町中姫２０４０－１" }, "geometry": { "type": "Point", "coordinates": [ 133.675342, 34.091064 ] } },
{ "type": "Feature", "properties": { "ID": 3733370400330, "正式名称": "医療法人社団泰公会　小野歯科医院", "機関区分": 3, "都道府県コード": 37, "市区町村コード": 208, "所在地": "香川県三豊市高瀬町新名１０１８－１５", "緯度": 34.183527, "経度": 133.716973, "url": "https://www.iryou.teikyouseido.mhlw.go.jp/znk-web/juminkanja/S2430/initialize?prefCd=37&kikanCd=3370400330&kikanKbn=3", "url2": "https://www.onoshikaiin.net/", "内容": "医療法人社団泰公会　小野歯科医院【3:歯科】香川県三豊市高瀬町新名１０１８－１５" }, "geometry": { "type": "Point", "coordinates": [ 133.716973, 34.183527 ] } },
{ "type": "Feature", "properties": { "ID": 3733370400340, "正式名称": "しのまる歯科ゆかり矯正こども歯科", "機関区分": 3, "都道府県コード": 37, "市区町村コード": 208, "所在地": "香川県三豊市高瀬町比地２２５－１", "緯度": 34.177694, "経度": 133.693281, "url": "https://www.iryou.teikyouseido.mhlw.go.jp/znk-web/juminkanja/S2430/initialize?prefCd=37&kikanCd=3370400340&kikanKbn=3", "url2": "https://shinomaru-dc.jp", "内容": "しのまる歯科ゆかり矯正こども歯科【3:歯科】香川県三豊市高瀬町比地２２５－１" }, "geometry": { "type": "Point", "coordinates": [ 133.693281, 34.177694 ] } },
{ "type": "Feature", "properties": { "ID": 3733370400350, "正式名称": "中西歯科医院", "機関区分": 3, "都道府県コード": 37, "市区町村コード": 208, "所在地": "香川県三豊市高瀬町下勝間２１８５－２", "緯度": 34.178916, "経度": 133.713085, "url": "https://www.iryou.teikyouseido.mhlw.go.jp/znk-web/juminkanja/S2430/initialize?prefCd=37&kikanCd=3370400350&kikanKbn=3", "url2": null, "内容": "中西歯科医院【3:歯科】香川県三豊市高瀬町下勝間２１８５－２" }, "geometry": { "type": "Point", "coordinates": [ 133.713085, 34.178916 ] } },
{ "type": "Feature", "properties": { "ID": 3733370400360, "正式名称": "つづき歯科医院", "機関区分": 3, "都道府県コード": 37, "市区町村コード": 208, "所在地": "香川県三豊市高瀬町新名７７１－１", "緯度": 34.190665, "経度": 133.71539, "url": "https://www.iryou.teikyouseido.mhlw.go.jp/znk-web/juminkanja/S2430/initialize?prefCd=37&kikanCd=3370400360&kikanKbn=3", "url2": null, "内容": "つづき歯科医院【3:歯科】香川県三豊市高瀬町新名７７１－１" }, "geometry": { "type": "Point", "coordinates": [ 133.71539, 34.190665 ] } },
{ "type": "Feature", "properties": { "ID": 3733370400370, "正式名称": "しらい歯科クリニック", "機関区分": 3, "都道府県コード": 37, "市区町村コード": 208, "所在地": "香川県三豊市三野町大見甲３８５７－１", "緯度": 34.217412, "経度": 133.718832, "url": "https://www.iryou.teikyouseido.mhlw.go.jp/znk-web/juminkanja/S2430/initialize?prefCd=37&kikanCd=3370400370&kikanKbn=3", "url2": "http://shirai-dc.info", "内容": "しらい歯科クリニック【3:歯科】香川県三豊市三野町大見甲３８５７－１" }, "geometry": { "type": "Point", "coordinates": [ 133.718832, 34.217412 ] } },
{ "type": "Feature", "properties": { "ID": 3733370400380, "正式名称": "たくま歯科医院", "機関区分": 3, "都道府県コード": 37, "市区町村コード": 208, "所在地": "香川県三豊市三野町吉津甲５１４－６", "緯度": 34.196498, "経度": 133.699529, "url": "https://www.iryou.teikyouseido.mhlw.go.jp/znk-web/juminkanja/S2430/initialize?prefCd=37&kikanCd=3370400380&kikanKbn=3", "url2": null, "内容": "たくま歯科医院【3:歯科】香川県三豊市三野町吉津甲５１４－６" }, "geometry": { "type": "Point", "coordinates": [ 133.699529, 34.196498 ] } },
{ "type": "Feature", "properties": { "ID": 3733370400390, "正式名称": "ただ歯科医院", "機関区分": 3, "都道府県コード": 37, "市区町村コード": 208, "所在地": "香川県三豊市三野町下高瀬１９３８－１", "緯度": 34.206441, "経度": 133.709723, "url": "https://www.iryou.teikyouseido.mhlw.go.jp/znk-web/juminkanja/S2430/initialize?prefCd=37&kikanCd=3370400390&kikanKbn=3", "url2": "www.tada-sika.com/", "内容": "ただ歯科医院【3:歯科】香川県三豊市三野町下高瀬１９３８－１" }, "geometry": { "type": "Point", "coordinates": [ 133.709723, 34.206441 ] } },
{ "type": "Feature", "properties": { "ID": 3733370400400, "正式名称": "森川歯科医院", "機関区分": 3, "都道府県コード": 37, "市区町村コード": 208, "所在地": "香川県三豊市山本町財田西６９８", "緯度": 34.118729, "経度": 133.734308, "url": "https://www.iryou.teikyouseido.mhlw.go.jp/znk-web/juminkanja/S2430/initialize?prefCd=37&kikanCd=3370400400&kikanKbn=3", "url2": "http://www.morikawa-dent.jp/", "内容": "森川歯科医院【3:歯科】香川県三豊市山本町財田西６９８" }, "geometry": { "type": "Point", "coordinates": [ 133.734308, 34.118729 ] } },
{ "type": "Feature", "properties": { "ID": 3733370400410, "正式名称": "三宅歯科医院", "機関区分": 3, "都道府県コード": 37, "市区町村コード": 208, "所在地": "香川県三豊市山本町財田西３１５", "緯度": 34.121117, "経度": 133.72117, "url": "https://www.iryou.teikyouseido.mhlw.go.jp/znk-web/juminkanja/S2430/initialize?prefCd=37&kikanCd=3370400410&kikanKbn=3", "url2": "http://www.miyake-dc.jp/", "内容": "三宅歯科医院【3:歯科】香川県三豊市山本町財田西３１５" }, "geometry": { "type": "Point", "coordinates": [ 133.72117, 34.121117 ] } },
{ "type": "Feature", "properties": { "ID": 3733370400420, "正式名称": "向井歯科医院", "機関区分": 3, "都道府県コード": 37, "市区町村コード": 204, "所在地": "香川県善通寺市上吉田町３－５－２１", "緯度": 34.228079, "経度": 133.780632, "url": "https://www.iryou.teikyouseido.mhlw.go.jp/znk-web/juminkanja/S2430/initialize?prefCd=37&kikanCd=3370400420&kikanKbn=3", "url2": null, "内容": "向井歯科医院【3:歯科】香川県善通寺市上吉田町３－５－２１" }, "geometry": { "type": "Point", "coordinates": [ 133.780632, 34.228079 ] } },
{ "type": "Feature", "properties": { "ID": 3733370400430, "正式名称": "医療法人社団英歯会小林歯科医院", "機関区分": 3, "都道府県コード": 37, "市区町村コード": 208, "所在地": "香川県三豊市詫間町松崎２７８０－１６０", "緯度": 34.2218, "経度": 133.688363, "url": "https://www.iryou.teikyouseido.mhlw.go.jp/znk-web/juminkanja/S2430/initialize?prefCd=37&kikanCd=3370400430&kikanKbn=3", "url2": null, "内容": "医療法人社団英歯会小林歯科医院【3:歯科】香川県三豊市詫間町松崎２７８０－１６０" }, "geometry": { "type": "Point", "coordinates": [ 133.688363, 34.2218 ] } },
{ "type": "Feature", "properties": { "ID": 3733370400440, "正式名称": "おおした歯科医院", "機関区分": 3, "都道府県コード": 37, "市区町村コード": 208, "所在地": "香川県三豊市詫間町詫間３９１２－１", "緯度": 34.230493, "経度": 133.662614, "url": "https://www.iryou.teikyouseido.mhlw.go.jp/znk-web/juminkanja/S2430/initialize?prefCd=37&kikanCd=3370400440&kikanKbn=3", "url2": null, "内容": "おおした歯科医院【3:歯科】香川県三豊市詫間町詫間３９１２－１" }, "geometry": { "type": "Point", "coordinates": [ 133.662614, 34.230493 ] } },
{ "type": "Feature", "properties": { "ID": 3733370400450, "正式名称": "しつかわ歯科医院", "機関区分": 3, "都道府県コード": 37, "市区町村コード": 208, "所在地": "香川県三豊市詫間町詫間６８０－４５", "緯度": 34.220856, "経度": 133.675641, "url": "https://www.iryou.teikyouseido.mhlw.go.jp/znk-web/juminkanja/S2430/initialize?prefCd=37&kikanCd=3370400450&kikanKbn=3", "url2": null, "内容": "しつかわ歯科医院【3:歯科】香川県三豊市詫間町詫間６８０－４５" }, "geometry": { "type": "Point", "coordinates": [ 133.675641, 34.220856 ] } },
{ "type": "Feature", "properties": { "ID": 3733370400460, "正式名称": "みやざき歯科医院", "機関区分": 3, "都道府県コード": 37, "市区町村コード": 208, "所在地": "香川県三豊市詫間町詫間６７８４－２７", "緯度": 34.218773, "経度": 133.685085, "url": "https://www.iryou.teikyouseido.mhlw.go.jp/znk-web/juminkanja/S2430/initialize?prefCd=37&kikanCd=3370400460&kikanKbn=3", "url2": null, "内容": "みやざき歯科医院【3:歯科】香川県三豊市詫間町詫間６７８４－２７" }, "geometry": { "type": "Point", "coordinates": [ 133.685085, 34.218773 ] } },
{ "type": "Feature", "properties": { "ID": 3733370400470, "正式名称": "田中歯科医院", "機関区分": 3, "都道府県コード": 37, "市区町村コード": 208, "所在地": "香川県三豊市仁尾町仁尾辛４５－１", "緯度": 34.199719, "経度": 133.641062, "url": "https://www.iryou.teikyouseido.mhlw.go.jp/znk-web/juminkanja/S2430/initialize?prefCd=37&kikanCd=3370400470&kikanKbn=3", "url2": null, "内容": "田中歯科医院【3:歯科】香川県三豊市仁尾町仁尾辛４５－１" }, "geometry": { "type": "Point", "coordinates": [ 133.641062, 34.199719 ] } },
{ "type": "Feature", "properties": { "ID": 3733370400480, "正式名称": "浪越歯科医院", "機関区分": 3, "都道府県コード": 37, "市区町村コード": 208, "所在地": "香川県三豊市仁尾町仁尾丙７２９－１", "緯度": 34.197497, "経度": 133.657311, "url": "https://www.iryou.teikyouseido.mhlw.go.jp/znk-web/juminkanja/S2430/initialize?prefCd=37&kikanCd=3370400480&kikanKbn=3", "url2": "http://www.namikoshi.jp", "内容": "浪越歯科医院【3:歯科】香川県三豊市仁尾町仁尾丙７２９－１" }, "geometry": { "type": "Point", "coordinates": [ 133.657311, 34.197497 ] } },
{ "type": "Feature", "properties": { "ID": 3733370400490, "正式名称": "医療法人社団まなべ歯科医院", "機関区分": 3, "都道府県コード": 37, "市区町村コード": 208, "所在地": "香川県三豊市豊中町笠田笠岡３０６２－４", "緯度": 34.161918, "経度": 133.709975, "url": "https://www.iryou.teikyouseido.mhlw.go.jp/znk-web/juminkanja/S2430/initialize?prefCd=37&kikanCd=3370400490&kikanKbn=3", "url2": null, "内容": "医療法人社団まなべ歯科医院【3:歯科】香川県三豊市豊中町笠田笠岡３０６２－４" }, "geometry": { "type": "Point", "coordinates": [ 133.709975, 34.161918 ] } },
{ "type": "Feature", "properties": { "ID": 3733370400500, "正式名称": "曽川歯科医院", "機関区分": 3, "都道府県コード": 37, "市区町村コード": 208, "所在地": "香川県三豊市豊中町本山甲１３３４－４", "緯度": 34.139865, "経度": 133.694949, "url": "https://www.iryou.teikyouseido.mhlw.go.jp/znk-web/juminkanja/S2430/initialize?prefCd=37&kikanCd=3370400500&kikanKbn=3", "url2": null, "内容": "曽川歯科医院【3:歯科】香川県三豊市豊中町本山甲１３３４－４" }, "geometry": { "type": "Point", "coordinates": [ 133.694949, 34.139865 ] } },
{ "type": "Feature", "properties": { "ID": 3733370400510, "正式名称": "久保歯科医院", "機関区分": 3, "都道府県コード": 37, "市区町村コード": 208, "所在地": "香川県三豊市豊中町上高野３９１３－１", "緯度": 34.145698, "経度": 133.701305, "url": "https://www.iryou.teikyouseido.mhlw.go.jp/znk-web/juminkanja/S2430/initialize?prefCd=37&kikanCd=3370400510&kikanKbn=3", "url2": null, "内容": "久保歯科医院【3:歯科】香川県三豊市豊中町上高野３９１３－１" }, "geometry": { "type": "Point", "coordinates": [ 133.701305, 34.145698 ] } },
{ "type": "Feature", "properties": { "ID": 3733370400520, "正式名称": "医療法人優心会　豊中大塚歯科医院", "機関区分": 3, "都道府県コード": 37, "市区町村コード": 208, "所在地": "香川県三豊市豊中町笠田笠岡３０３１番地４　笠田ハイツ７－１０２", "緯度": 34.161168, "経度": 133.707503, "url": "https://www.iryou.teikyouseido.mhlw.go.jp/znk-web/juminkanja/S2430/initialize?prefCd=37&kikanCd=3370400520&kikanKbn=3", "url2": "http://www.yusinkai.or.jp", "内容": "医療法人優心会　豊中大塚歯科医院【3:歯科】香川県三豊市豊中町笠田笠岡３０３１番地４　笠田ハイツ７－１０２" }, "geometry": { "type": "Point", "coordinates": [ 133.707503, 34.161168 ] } },
{ "type": "Feature", "properties": { "ID": 3733370400530, "正式名称": "医療法人社団　はまだ歯科・矯正クリニック", "機関区分": 3, "都道府県コード": 37, "市区町村コード": 208, "所在地": "香川県三豊市豊中町比地大２６２４－６", "緯度": 34.16589, "経度": 133.689615, "url": "https://www.iryou.teikyouseido.mhlw.go.jp/znk-web/juminkanja/S2430/initialize?prefCd=37&kikanCd=3370400530&kikanKbn=3", "url2": "http://www.dr-hama.jp/", "内容": "医療法人社団　はまだ歯科・矯正クリニック【3:歯科】香川県三豊市豊中町比地大２６２４－６" }, "geometry": { "type": "Point", "coordinates": [ 133.689615, 34.16589 ] } },
{ "type": "Feature", "properties": { "ID": 3733370400540, "正式名称": "医療法人　パール歯科クリニック", "機関区分": 3, "都道府県コード": 37, "市区町村コード": 205, "所在地": "香川県観音寺市南町５－５－７", "緯度": 34.122009, "経度": 133.645434, "url": "https://www.iryou.teikyouseido.mhlw.go.jp/znk-web/juminkanja/S2430/initialize?prefCd=37&kikanCd=3370400540&kikanKbn=3", "url2": null, "内容": "医療法人　パール歯科クリニック【3:歯科】香川県観音寺市南町５－５－７" }, "geometry": { "type": "Point", "coordinates": [ 133.645434, 34.122009 ] } },
{ "type": "Feature", "properties": { "ID": 3733370400560, "正式名称": "医療法人社団蕗弘会　おとなこども歯科クリニック", "機関区分": 3, "都道府県コード": 37, "市区町村コード": 208, "所在地": "香川県三豊市高瀬町上勝間１６６６番地１", "緯度": 34.176373, "経度": 133.728004, "url": "https://www.iryou.teikyouseido.mhlw.go.jp/znk-web/juminkanja/S2430/initialize?prefCd=37&kikanCd=3370400560&kikanKbn=3", "url2": "http://otona-kodomo-dental.com/", "内容": "医療法人社団蕗弘会　おとなこども歯科クリニック【3:歯科】香川県三豊市高瀬町上勝間１６６６番地１" }, "geometry": { "type": "Point", "coordinates": [ 133.728004, 34.176373 ] } },
{ "type": "Feature", "properties": { "ID": 3733370400570, "正式名称": "アリーデンタルクリニック", "機関区分": 3, "都道府県コード": 37, "市区町村コード": 205, "所在地": "香川県観音寺市大野原町大野原２０７１番地２", "緯度": 34.088045, "経度": 133.665129, "url": "https://www.iryou.teikyouseido.mhlw.go.jp/znk-web/juminkanja/S2430/initialize?prefCd=37&kikanCd=3370400570&kikanKbn=3", "url2": "https://ally-dental-clinic.com", "内容": "アリーデンタルクリニック【3:歯科】香川県観音寺市大野原町大野原２０７１番地２" }, "geometry": { "type": "Point", "coordinates": [ 133.665129, 34.088045 ] } },
{ "type": "Feature", "properties": { "ID": 3733370500040, "正式名称": "医療法人社団いのうえファミリー歯科", "機関区分": 3, "都道府県コード": 37, "市区町村コード": 201, "所在地": "香川県高松市元山町５７７－１", "緯度": 34.321769, "経度": 134.082825, "url": "https://www.iryou.teikyouseido.mhlw.go.jp/znk-web/juminkanja/S2430/initialize?prefCd=37&kikanCd=3370500040&kikanKbn=3", "url2": "inouefamilydc.com", "内容": "医療法人社団いのうえファミリー歯科【3:歯科】香川県高松市元山町５７７－１" }, "geometry": { "type": "Point", "coordinates": [ 134.082825, 34.321769 ] } },
{ "type": "Feature", "properties": { "ID": 3733370500050, "正式名称": "おぐら歯科医院", "機関区分": 3, "都道府県コード": 37, "市区町村コード": 201, "所在地": "香川県高松市太田上町２１２－５", "緯度": 34.29166, "経度": 134.039747, "url": "https://www.iryou.teikyouseido.mhlw.go.jp/znk-web/juminkanja/S2430/initialize?prefCd=37&kikanCd=3370500050&kikanKbn=3", "url2": null, "内容": "おぐら歯科医院【3:歯科】香川県高松市太田上町２１２－５" }, "geometry": { "type": "Point", "coordinates": [ 134.039747, 34.29166 ] } },
{ "type": "Feature", "properties": { "ID": 3733370500070, "正式名称": "阿部歯科医院", "機関区分": 3, "都道府県コード": 37, "市区町村コード": 201, "所在地": "香川県高松市木太町２８３６－１", "緯度": 34.333406, "経度": 134.082741, "url": "https://www.iryou.teikyouseido.mhlw.go.jp/znk-web/juminkanja/S2430/initialize?prefCd=37&kikanCd=3370500070&kikanKbn=3", "url2": null, "内容": "阿部歯科医院【3:歯科】香川県高松市木太町２８３６－１" }, "geometry": { "type": "Point", "coordinates": [ 134.082741, 34.333406 ] } },
{ "type": "Feature", "properties": { "ID": 3733370500080, "正式名称": "医療法人社団ア歯会　ア歯科診療所", "機関区分": 3, "都道府県コード": 37, "市区町村コード": 201, "所在地": "香川県高松市天神前６－６", "緯度": 34.338794, "経度": 134.044633, "url": "https://www.iryou.teikyouseido.mhlw.go.jp/znk-web/juminkanja/S2430/initialize?prefCd=37&kikanCd=3370500080&kikanKbn=3", "url2": "http://www.ashika.or.jp", "内容": "医療法人社団ア歯会　ア歯科診療所【3:歯科】香川県高松市天神前６－６" }, "geometry": { "type": "Point", "coordinates": [ 134.044633, 34.338794 ] } },
{ "type": "Feature", "properties": { "ID": 3733370500090, "正式名称": "エビヌマ歯科医院", "機関区分": 3, "都道府県コード": 37, "市区町村コード": 201, "所在地": "香川県高松市寺井町１２４８－６", "緯度": 34.278689, "経度": 134.025082, "url": "https://www.iryou.teikyouseido.mhlw.go.jp/znk-web/juminkanja/S2430/initialize?prefCd=37&kikanCd=3370500090&kikanKbn=3", "url2": "https://www.ebindent.com/", "内容": "エビヌマ歯科医院【3:歯科】香川県高松市寺井町１２４８－６" }, "geometry": { "type": "Point", "coordinates": [ 134.025082, 34.278689 ] } },
{ "type": "Feature", "properties": { "ID": 3733370500100, "正式名称": "アキ歯科医院", "機関区分": 3, "都道府県コード": 37, "市区町村コード": 201, "所在地": "香川県高松市松縄町４４－７", "緯度": 34.321574, "経度": 134.062827, "url": "https://www.iryou.teikyouseido.mhlw.go.jp/znk-web/juminkanja/S2430/initialize?prefCd=37&kikanCd=3370500100&kikanKbn=3", "url2": null, "内容": "アキ歯科医院【3:歯科】香川県高松市松縄町４４－７" }, "geometry": { "type": "Point", "coordinates": [ 134.062827, 34.321574 ] } },
{ "type": "Feature", "properties": { "ID": 3733370500110, "正式名称": "梅村歯科医院", "機関区分": 3, "都道府県コード": 37, "市区町村コード": 201, "所在地": "香川県高松市川島東町９５８－３", "緯度": 34.273052, "経度": 134.086772, "url": "https://www.iryou.teikyouseido.mhlw.go.jp/znk-web/juminkanja/S2430/initialize?prefCd=37&kikanCd=3370500110&kikanKbn=3", "url2": "http://nttbj.itp.ne.jp/0878481136/", "内容": "梅村歯科医院【3:歯科】香川県高松市川島東町９５８－３" }, "geometry": { "type": "Point", "coordinates": [ 134.086772, 34.273052 ] } },
{ "type": "Feature", "properties": { "ID": 3733370500120, "正式名称": "医療法人社団池上歯科医院", "機関区分": 3, "都道府県コード": 37, "市区町村コード": 201, "所在地": "香川県高松市西山崎町１８２－７", "緯度": 34.283883, "経度": 134.002334, "url": "https://www.iryou.teikyouseido.mhlw.go.jp/znk-web/juminkanja/S2430/initialize?prefCd=37&kikanCd=3370500120&kikanKbn=3", "url2": null, "内容": "医療法人社団池上歯科医院【3:歯科】香川県高松市西山崎町１８２－７" }, "geometry": { "type": "Point", "coordinates": [ 134.002334, 34.283883 ] } },
{ "type": "Feature", "properties": { "ID": 3733370500140, "正式名称": "穴吹歯科医院", "機関区分": 3, "都道府県コード": 37, "市区町村コード": 201, "所在地": "香川県高松市太田下町２２２０－６", "緯度": 34.307131, "経度": 134.043107, "url": "https://www.iryou.teikyouseido.mhlw.go.jp/znk-web/juminkanja/S2430/initialize?prefCd=37&kikanCd=3370500140&kikanKbn=3", "url2": "http://www.anabukidental.com/", "内容": "穴吹歯科医院【3:歯科】香川県高松市太田下町２２２０－６" }, "geometry": { "type": "Point", "coordinates": [ 134.043107, 34.307131 ] } },
{ "type": "Feature", "properties": { "ID": 3733370500160, "正式名称": "医療法人社団植田歯科医院", "機関区分": 3, "都道府県コード": 37, "市区町村コード": 201, "所在地": "香川県高松市上福岡町７０４－２－２Ｆ", "緯度": 34.334406, "経度": 134.065632, "url": "https://www.iryou.teikyouseido.mhlw.go.jp/znk-web/juminkanja/S2430/initialize?prefCd=37&kikanCd=3370500160&kikanKbn=3", "url2": "http://www.ueta-dc.com/pc/", "内容": "医療法人社団植田歯科医院【3:歯科】香川県高松市上福岡町７０４－２－２Ｆ" }, "geometry": { "type": "Point", "coordinates": [ 134.065632, 34.334406 ] } },
{ "type": "Feature", "properties": { "ID": 3733370500190, "正式名称": "医療法人社団　おおくま歯科医院", "機関区分": 3, "都道府県コード": 37, "市区町村コード": 201, "所在地": "香川県高松市花園町三丁目２－１２", "緯度": 34.332434, "経度": 134.054994, "url": "https://www.iryou.teikyouseido.mhlw.go.jp/znk-web/juminkanja/S2430/initialize?prefCd=37&kikanCd=3370500190&kikanKbn=3", "url2": "ookumashika.com", "内容": "医療法人社団　おおくま歯科医院【3:歯科】香川県高松市花園町三丁目２－１２" }, "geometry": { "type": "Point", "coordinates": [ 134.054994, 34.332434 ] } },
{ "type": "Feature", "properties": { "ID": 3733370500200, "正式名称": "医療法人社団小野歯科医院", "機関区分": 3, "都道府県コード": 37, "市区町村コード": 201, "所在地": "香川県高松市一宮町３２８－１", "緯度": 34.284077, "経度": 134.027831, "url": "https://www.iryou.teikyouseido.mhlw.go.jp/znk-web/juminkanja/S2430/initialize?prefCd=37&kikanCd=3370500200&kikanKbn=3", "url2": null, "内容": "医療法人社団小野歯科医院【3:歯科】香川県高松市一宮町３２８－１" }, "geometry": { "type": "Point", "coordinates": [ 134.027831, 34.284077 ] } },
{ "type": "Feature", "properties": { "ID": 3733370500240, "正式名称": "アヤ歯科医院", "機関区分": 3, "都道府県コード": 37, "市区町村コード": 201, "所在地": "香川県高松市鬼無町是竹９３番地５", "緯度": 34.337264, "経度": 133.996437, "url": "https://www.iryou.teikyouseido.mhlw.go.jp/znk-web/juminkanja/S2430/initialize?prefCd=37&kikanCd=3370500240&kikanKbn=3", "url2": "http://www.418takamatu.com/hospital/aya/", "内容": "アヤ歯科医院【3:歯科】香川県高松市鬼無町是竹９３番地５" }, "geometry": { "type": "Point", "coordinates": [ 133.996437, 34.337264 ] } },
{ "type": "Feature", "properties": { "ID": 3733370500250, "正式名称": "いしい歯科クリニック", "機関区分": 3, "都道府県コード": 37, "市区町村コード": 201, "所在地": "香川県高松市宮脇町一丁目３－１７", "緯度": 34.3391, "経度": 134.037717, "url": "https://www.iryou.teikyouseido.mhlw.go.jp/znk-web/juminkanja/S2430/initialize?prefCd=37&kikanCd=3370500250&kikanKbn=3", "url2": "www.ishiishika-clinic.com", "内容": "いしい歯科クリニック【3:歯科】香川県高松市宮脇町一丁目３－１７" }, "geometry": { "type": "Point", "coordinates": [ 134.037717, 34.3391 ] } },
{ "type": "Feature", "properties": { "ID": 3733370500260, "正式名称": "医療法人社団　伊東歯科矯正歯科医院", "機関区分": 3, "都道府県コード": 37, "市区町村コード": 201, "所在地": "香川県高松市浜ノ町９－９", "緯度": 34.349154, "経度": 134.038855, "url": "https://www.iryou.teikyouseido.mhlw.go.jp/znk-web/juminkanja/S2430/initialize?prefCd=37&kikanCd=3370500260&kikanKbn=3", "url2": "www.ito-dc.org", "内容": "医療法人社団　伊東歯科矯正歯科医院【3:歯科】香川県高松市浜ノ町９－９" }, "geometry": { "type": "Point", "coordinates": [ 134.038855, 34.349154 ] } },
{ "type": "Feature", "properties": { "ID": 3733370500270, "正式名称": "今滝歯科医院", "機関区分": 3, "都道府県コード": 37, "市区町村コード": 201, "所在地": "香川県高松市太田上町７８３－２", "緯度": 34.299632, "経度": 134.047496, "url": "https://www.iryou.teikyouseido.mhlw.go.jp/znk-web/juminkanja/S2430/initialize?prefCd=37&kikanCd=3370500270&kikanKbn=3", "url2": "http://www.imatakishika.com/", "内容": "今滝歯科医院【3:歯科】香川県高松市太田上町７８３－２" }, "geometry": { "type": "Point", "coordinates": [ 134.047496, 34.299632 ] } },
{ "type": "Feature", "properties": { "ID": 3733370500280, "正式名称": "大黒歯科医院", "機関区分": 3, "都道府県コード": 37, "市区町村コード": 201, "所在地": "香川県高松市高松町２４１２－１５", "緯度": 34.34124, "経度": 134.113016, "url": "https://www.iryou.teikyouseido.mhlw.go.jp/znk-web/juminkanja/S2430/initialize?prefCd=37&kikanCd=3370500280&kikanKbn=3", "url2": null, "内容": "大黒歯科医院【3:歯科】香川県高松市高松町２４１２－１５" }, "geometry": { "type": "Point", "coordinates": [ 134.113016, 34.34124 ] } },
{ "type": "Feature", "properties": { "ID": 3733370500290, "正式名称": "小河歯科医院", "機関区分": 3, "都道府県コード": 37, "市区町村コード": 201, "所在地": "香川県高松市高松町９１", "緯度": 34.337712, "経度": 134.1091, "url": "https://www.iryou.teikyouseido.mhlw.go.jp/znk-web/juminkanja/S2430/initialize?prefCd=37&kikanCd=3370500290&kikanKbn=3", "url2": "http://wwwb.pikara.ne.jp/ogoshikaiin/", "内容": "小河歯科医院【3:歯科】香川県高松市高松町９１" }, "geometry": { "type": "Point", "coordinates": [ 134.1091, 34.337712 ] } },
{ "type": "Feature", "properties": { "ID": 3733370500300, "正式名称": "医療法人社団岡田歯科醫院", "機関区分": 3, "都道府県コード": 37, "市区町村コード": 201, "所在地": "香川県高松市成合町７２５－１", "緯度": 34.304214, "経度": 134.01547, "url": "https://www.iryou.teikyouseido.mhlw.go.jp/znk-web/juminkanja/S2430/initialize?prefCd=37&kikanCd=3370500300&kikanKbn=3", "url2": null, "内容": "医療法人社団岡田歯科醫院【3:歯科】香川県高松市成合町７２５－１" }, "geometry": { "type": "Point", "coordinates": [ 134.01547, 34.304214 ] } },
{ "type": "Feature", "properties": { "ID": 3733370500310, "正式名称": "赤松歯科医院", "機関区分": 3, "都道府県コード": 37, "市区町村コード": 201, "所在地": "香川県高松市錦町二丁目１７－８", "緯度": 34.345272, "経度": 134.042841, "url": "https://www.iryou.teikyouseido.mhlw.go.jp/znk-web/juminkanja/S2430/initialize?prefCd=37&kikanCd=3370500310&kikanKbn=3", "url2": "http://www.akamatsushika.com/", "内容": "赤松歯科医院【3:歯科】香川県高松市錦町二丁目１７－８" }, "geometry": { "type": "Point", "coordinates": [ 134.042841, 34.345272 ] } },
{ "type": "Feature", "properties": { "ID": 3733370500320, "正式名称": "池尻歯科医院", "機関区分": 3, "都道府県コード": 37, "市区町村コード": 201, "所在地": "香川県高松市檀紙町２２８８－３", "緯度": 34.310824, "経度": 134.004915, "url": "https://www.iryou.teikyouseido.mhlw.go.jp/znk-web/juminkanja/S2430/initialize?prefCd=37&kikanCd=3370500320&kikanKbn=3", "url2": "ikejiri-shika.jp", "内容": "池尻歯科医院【3:歯科】香川県高松市檀紙町２２８８－３" }, "geometry": { "type": "Point", "coordinates": [ 134.004915, 34.310824 ] } },
{ "type": "Feature", "properties": { "ID": 3733370500330, "正式名称": "浮田歯科医院", "機関区分": 3, "都道府県コード": 37, "市区町村コード": 201, "所在地": "香川県高松市香西本町１５０－１０", "緯度": 34.345987, "経度": 134.001081, "url": "https://www.iryou.teikyouseido.mhlw.go.jp/znk-web/juminkanja/S2430/initialize?prefCd=37&kikanCd=3370500330&kikanKbn=3", "url2": "http://www.ukita-dental.jp/", "内容": "浮田歯科医院【3:歯科】香川県高松市香西本町１５０－１０" }, "geometry": { "type": "Point", "coordinates": [ 134.001081, 34.345987 ] } },
{ "type": "Feature", "properties": { "ID": 3733370500340, "正式名称": "医療法人社団愛歯科会いそざき歯科", "機関区分": 3, "都道府県コード": 37, "市区町村コード": 201, "所在地": "香川県高松市桜町二丁目４－１１", "緯度": 34.327518, "経度": 134.051439, "url": "https://www.iryou.teikyouseido.mhlw.go.jp/znk-web/juminkanja/S2430/initialize?prefCd=37&kikanCd=3370500340&kikanKbn=3", "url2": "https://isozaki-shika.com", "内容": "医療法人社団愛歯科会いそざき歯科【3:歯科】香川県高松市桜町二丁目４－１１" }, "geometry": { "type": "Point", "coordinates": [ 134.051439, 34.327518 ] } },
{ "type": "Feature", "properties": { "ID": 3733370500350, "正式名称": "医療法人社団　彩正会　あんどう歯科", "機関区分": 3, "都道府県コード": 37, "市区町村コード": 201, "所在地": "香川県高松市東山崎町８９－６", "緯度": 34.303965, "経度": 134.090492, "url": "https://www.iryou.teikyouseido.mhlw.go.jp/znk-web/juminkanja/S2430/initialize?prefCd=37&kikanCd=3370500350&kikanKbn=3", "url2": "http://www.ando-d.jp/", "内容": "医療法人社団　彩正会　あんどう歯科【3:歯科】香川県高松市東山崎町８９－６" }, "geometry": { "type": "Point", "coordinates": [ 134.090492, 34.303965 ] } },
{ "type": "Feature", "properties": { "ID": 3733370500360, "正式名称": "石丸歯科医院", "機関区分": 3, "都道府県コード": 37, "市区町村コード": 201, "所在地": "香川県高松市伏石町２０１８－１２", "緯度": 34.319463, "経度": 134.055494, "url": "https://www.iryou.teikyouseido.mhlw.go.jp/znk-web/juminkanja/S2430/initialize?prefCd=37&kikanCd=3370500360&kikanKbn=3", "url2": "https://www.ishimarushika.com", "内容": "石丸歯科医院【3:歯科】香川県高松市伏石町２０１８－１２" }, "geometry": { "type": "Point", "coordinates": [ 134.055494, 34.319463 ] } },
{ "type": "Feature", "properties": { "ID": 3733370500370, "正式名称": "いまじょう矯正歯科クリニック", "機関区分": 3, "都道府県コード": 37, "市区町村コード": 201, "所在地": "香川県高松市松縄町１１１７－５　シブヤビル松縄１Ｆ", "緯度": 34.316797, "経度": 134.060133, "url": "https://www.iryou.teikyouseido.mhlw.go.jp/znk-web/juminkanja/S2430/initialize?prefCd=37&kikanCd=3370500370&kikanKbn=3", "url2": "http://www.imajo-ortho.com/", "内容": "いまじょう矯正歯科クリニック【3:歯科】香川県高松市松縄町１１１７－５　シブヤビル松縄１Ｆ" }, "geometry": { "type": "Point", "coordinates": [ 134.060133, 34.316797 ] } },
{ "type": "Feature", "properties": { "ID": 3733370500380, "正式名称": "磯島歯科医院", "機関区分": 3, "都道府県コード": 37, "市区町村コード": 201, "所在地": "香川県高松市松島町二丁目９－１０３", "緯度": 34.33785, "経度": 134.066854, "url": "https://www.iryou.teikyouseido.mhlw.go.jp/znk-web/juminkanja/S2430/initialize?prefCd=37&kikanCd=3370500380&kikanKbn=3", "url2": null, "内容": "磯島歯科医院【3:歯科】香川県高松市松島町二丁目９－１０３" }, "geometry": { "type": "Point", "coordinates": [ 134.066854, 34.33785 ] } },
{ "type": "Feature", "properties": { "ID": 3733370500390, "正式名称": "えがお歯科", "機関区分": 3, "都道府県コード": 37, "市区町村コード": 201, "所在地": "香川県高松市林町２５７２－１２", "緯度": 34.302021, "経度": 134.070605, "url": "https://www.iryou.teikyouseido.mhlw.go.jp/znk-web/juminkanja/S2430/initialize?prefCd=37&kikanCd=3370500390&kikanKbn=3", "url2": "www.egao-shika.or.jp", "内容": "えがお歯科【3:歯科】香川県高松市林町２５７２－１２" }, "geometry": { "type": "Point", "coordinates": [ 134.070605, 34.302021 ] } },
{ "type": "Feature", "properties": { "ID": 3733370500400, "正式名称": "オリーブ歯科医院", "機関区分": 3, "都道府県コード": 37, "市区町村コード": 201, "所在地": "香川県高松市田町１３－１３", "緯度": 34.338183, "経度": 134.049327, "url": "https://www.iryou.teikyouseido.mhlw.go.jp/znk-web/juminkanja/S2430/initialize?prefCd=37&kikanCd=3370500400&kikanKbn=3", "url2": "https://olive-dc.net", "内容": "オリーブ歯科医院【3:歯科】香川県高松市田町１３－１３" }, "geometry": { "type": "Point", "coordinates": [ 134.049327, 34.338183 ] } },
{ "type": "Feature", "properties": { "ID": 3733370500420, "正式名称": "あおぞら歯科クリニック", "機関区分": 3, "都道府県コード": 37, "市区町村コード": 201, "所在地": "香川県高松市木太町５０９５－１", "緯度": 34.312686, "経度": 134.065938, "url": "https://www.iryou.teikyouseido.mhlw.go.jp/znk-web/juminkanja/S2430/initialize?prefCd=37&kikanCd=3370500420&kikanKbn=3", "url2": "https://www.dr-navip.jp/kagawa/detail?no=1464#qa", "内容": "あおぞら歯科クリニック【3:歯科】香川県高松市木太町５０９５－１" }, "geometry": { "type": "Point", "coordinates": [ 134.065938, 34.312686 ] } },
{ "type": "Feature", "properties": { "ID": 3733370500430, "正式名称": "医療法人社団ひまわり会　大西歯科医院", "機関区分": 3, "都道府県コード": 37, "市区町村コード": 201, "所在地": "香川県高松市国分寺町福家乙２１４－１０", "緯度": 34.269106, "経度": 133.984475, "url": "https://www.iryou.teikyouseido.mhlw.go.jp/znk-web/juminkanja/S2430/initialize?prefCd=37&kikanCd=3370500430&kikanKbn=3", "url2": "http://www.ohnishi-dental-777.jp", "内容": "医療法人社団ひまわり会　大西歯科医院【3:歯科】香川県高松市国分寺町福家乙２１４－１０" }, "geometry": { "type": "Point", "coordinates": [ 133.984475, 34.269106 ] } },
{ "type": "Feature", "properties": { "ID": 3733370500440, "正式名称": "いのした歯科医院", "機関区分": 3, "都道府県コード": 37, "市区町村コード": 201, "所在地": "香川県高松市香川町川東上１７８１－５", "緯度": 34.239971, "経度": 134.033028, "url": "https://www.iryou.teikyouseido.mhlw.go.jp/znk-web/juminkanja/S2430/initialize?prefCd=37&kikanCd=3370500440&kikanKbn=3", "url2": "www.inoshita-dc.com/sp", "内容": "いのした歯科医院【3:歯科】香川県高松市香川町川東上１７８１－５" }, "geometry": { "type": "Point", "coordinates": [ 134.033028, 34.239971 ] } },
{ "type": "Feature", "properties": { "ID": 3733370500450, "正式名称": "医療法人社団イチハラデンタルクリニック", "機関区分": 3, "都道府県コード": 37, "市区町村コード": 201, "所在地": "香川県高松市円座町１１２４－５６", "緯度": 34.287241, "経度": 134.006042, "url": "https://www.iryou.teikyouseido.mhlw.go.jp/znk-web/juminkanja/S2430/initialize?prefCd=37&kikanCd=3370500450&kikanKbn=3", "url2": null, "内容": "医療法人社団イチハラデンタルクリニック【3:歯科】香川県高松市円座町１１２４－５６" }, "geometry": { "type": "Point", "coordinates": [ 134.006042, 34.287241 ] } },
{ "type": "Feature", "properties": { "ID": 3733370500460, "正式名称": "岩田歯科医院", "機関区分": 3, "都道府県コード": 37, "市区町村コード": 201, "所在地": "香川県高松市浜ノ町５６－８－１Ｆ", "緯度": 34.350571, "経度": 134.038189, "url": "https://www.iryou.teikyouseido.mhlw.go.jp/znk-web/juminkanja/S2430/initialize?prefCd=37&kikanCd=3370500460&kikanKbn=3", "url2": "https://iwata-dc2009.com/", "内容": "岩田歯科医院【3:歯科】香川県高松市浜ノ町５６－８－１Ｆ" }, "geometry": { "type": "Point", "coordinates": [ 134.038189, 34.350571 ] } },
{ "type": "Feature", "properties": { "ID": 3733370500470, "正式名称": "いちはら歯科クリニック", "機関区分": 3, "都道府県コード": 37, "市区町村コード": 201, "所在地": "香川県高松市楠上町２－３－１５　アルファメディカルモール内", "緯度": 34.329601, "経度": 134.056577, "url": "https://www.iryou.teikyouseido.mhlw.go.jp/znk-web/juminkanja/S2430/initialize?prefCd=37&kikanCd=3370500470&kikanKbn=3", "url2": "http://www.alpha-medical.jp/office/ichihara_dc.htm", "内容": "いちはら歯科クリニック【3:歯科】香川県高松市楠上町２－３－１５　アルファメディカルモール内" }, "geometry": { "type": "Point", "coordinates": [ 134.056577, 34.329601 ] } },
{ "type": "Feature", "properties": { "ID": 3733370500500, "正式名称": "木田歯科医院", "機関区分": 3, "都道府県コード": 37, "市区町村コード": 201, "所在地": "香川県高松市川部町４６０－６", "緯度": 34.270412, "経度": 134.009778, "url": "https://www.iryou.teikyouseido.mhlw.go.jp/znk-web/juminkanja/S2430/initialize?prefCd=37&kikanCd=3370500500&kikanKbn=3", "url2": "https://www.kita-shikaiin.com", "内容": "木田歯科医院【3:歯科】香川県高松市川部町４６０－６" }, "geometry": { "type": "Point", "coordinates": [ 134.009778, 34.270412 ] } },
{ "type": "Feature", "properties": { "ID": 3733370500510, "正式名称": "河北歯科医院", "機関区分": 3, "都道府県コード": 37, "市区町村コード": 201, "所在地": "香川県高松市円座町５２２", "緯度": 34.290854, "経度": 134.008527, "url": "https://www.iryou.teikyouseido.mhlw.go.jp/znk-web/juminkanja/S2430/initialize?prefCd=37&kikanCd=3370500510&kikanKbn=3", "url2": null, "内容": "河北歯科医院【3:歯科】香川県高松市円座町５２２" }, "geometry": { "type": "Point", "coordinates": [ 134.008527, 34.290854 ] } },
{ "type": "Feature", "properties": { "ID": 3733370500530, "正式名称": "医療法人社団湖崎歯科クリニック", "機関区分": 3, "都道府県コード": 37, "市区町村コード": 201, "所在地": "香川県高松市築地町５－１", "緯度": 34.342933, "経度": 134.055771, "url": "https://www.iryou.teikyouseido.mhlw.go.jp/znk-web/juminkanja/S2430/initialize?prefCd=37&kikanCd=3370500530&kikanKbn=3", "url2": null, "内容": "医療法人社団湖崎歯科クリニック【3:歯科】香川県高松市築地町５－１" }, "geometry": { "type": "Point", "coordinates": [ 134.055771, 34.342933 ] } },
{ "type": "Feature", "properties": { "ID": 3733370500540, "正式名称": "春日歯科クリニック", "機関区分": 3, "都道府県コード": 37, "市区町村コード": 201, "所在地": "香川県高松市春日町１６４３－９", "緯度": 34.338462, "経度": 134.089824, "url": "https://www.iryou.teikyouseido.mhlw.go.jp/znk-web/juminkanja/S2430/initialize?prefCd=37&kikanCd=3370500540&kikanKbn=3", "url2": "http://www.418takamatu.com/hospital/kasuga/", "内容": "春日歯科クリニック【3:歯科】香川県高松市春日町１６４３－９" }, "geometry": { "type": "Point", "coordinates": [ 134.089824, 34.338462 ] } },
{ "type": "Feature", "properties": { "ID": 3733370500550, "正式名称": "杉村歯科医院", "機関区分": 3, "都道府県コード": 37, "市区町村コード": 201, "所在地": "香川県高松市木太町４６６－６", "緯度": 34.311409, "経度": 134.072104, "url": "https://www.iryou.teikyouseido.mhlw.go.jp/znk-web/juminkanja/S2430/initialize?prefCd=37&kikanCd=3370500550&kikanKbn=3", "url2": null, "内容": "杉村歯科医院【3:歯科】香川県高松市木太町４６６－６" }, "geometry": { "type": "Point", "coordinates": [ 134.072104, 34.311409 ] } },
{ "type": "Feature", "properties": { "ID": 3733370500560, "正式名称": "川西歯科医院", "機関区分": 3, "都道府県コード": 37, "市区町村コード": 201, "所在地": "香川県高松市扇町一丁目２２－１２", "緯度": 34.346543, "経度": 134.037022, "url": "https://www.iryou.teikyouseido.mhlw.go.jp/znk-web/juminkanja/S2430/initialize?prefCd=37&kikanCd=3370500560&kikanKbn=3", "url2": "http://www.kawanishi-dental.com", "内容": "川西歯科医院【3:歯科】香川県高松市扇町一丁目２２－１２" }, "geometry": { "type": "Point", "coordinates": [ 134.037022, 34.346543 ] } },
{ "type": "Feature", "properties": { "ID": 3733370500570, "正式名称": "金倉歯科医院", "機関区分": 3, "都道府県コード": 37, "市区町村コード": 201, "所在地": "香川県高松市磨屋町１－１", "緯度": 34.345293, "経度": 134.049105, "url": "https://www.iryou.teikyouseido.mhlw.go.jp/znk-web/juminkanja/S2430/initialize?prefCd=37&kikanCd=3370500570&kikanKbn=3", "url2": null, "内容": "金倉歯科医院【3:歯科】香川県高松市磨屋町１－１" }, "geometry": { "type": "Point", "coordinates": [ 134.049105, 34.345293 ] } },
{ "type": "Feature", "properties": { "ID": 3733370500580, "正式名称": "久保歯科クリニック", "機関区分": 3, "都道府県コード": 37, "市区町村コード": 201, "所在地": "香川県高松市元山町１１６３－１２", "緯度": 34.312492, "経度": 134.083048, "url": "https://www.iryou.teikyouseido.mhlw.go.jp/znk-web/juminkanja/S2430/initialize?prefCd=37&kikanCd=3370500580&kikanKbn=3", "url2": null, "内容": "久保歯科クリニック【3:歯科】香川県高松市元山町１１６３－１２" }, "geometry": { "type": "Point", "coordinates": [ 134.083048, 34.312492 ] } },
{ "type": "Feature", "properties": { "ID": 3733370500590, "正式名称": "小谷歯科医院", "機関区分": 3, "都道府県コード": 37, "市区町村コード": 201, "所在地": "香川県高松市瓦町二丁目７－１４", "緯度": 34.340822, "経度": 134.051994, "url": "https://www.iryou.teikyouseido.mhlw.go.jp/znk-web/juminkanja/S2430/initialize?prefCd=37&kikanCd=3370500590&kikanKbn=3", "url2": null, "内容": "小谷歯科医院【3:歯科】香川県高松市瓦町二丁目７－１４" }, "geometry": { "type": "Point", "coordinates": [ 134.051994, 34.340822 ] } },
{ "type": "Feature", "properties": { "ID": 3733370500600, "正式名称": "木太デンタルクリニック", "機関区分": 3, "都道府県コード": 37, "市区町村コード": 201, "所在地": "香川県高松市木太町１８３７－５", "緯度": 34.325435, "経度": 134.071493, "url": "https://www.iryou.teikyouseido.mhlw.go.jp/znk-web/juminkanja/S2430/initialize?prefCd=37&kikanCd=3370500600&kikanKbn=3", "url2": "kitadentalclinic-hp.com", "内容": "木太デンタルクリニック【3:歯科】香川県高松市木太町１８３７－５" }, "geometry": { "type": "Point", "coordinates": [ 134.071493, 34.325435 ] } },
{ "type": "Feature", "properties": { "ID": 3733370500610, "正式名称": "医療法人社団　かわにし歯科クリニック", "機関区分": 3, "都道府県コード": 37, "市区町村コード": 201, "所在地": "香川県高松市新田町甲３－８", "緯度": 34.335851, "経度": 134.097434, "url": "https://www.iryou.teikyouseido.mhlw.go.jp/znk-web/juminkanja/S2430/initialize?prefCd=37&kikanCd=3370500610&kikanKbn=3", "url2": null, "内容": "医療法人社団　かわにし歯科クリニック【3:歯科】香川県高松市新田町甲３－８" }, "geometry": { "type": "Point", "coordinates": [ 134.097434, 34.335851 ] } },
{ "type": "Feature", "properties": { "ID": 3733370500630, "正式名称": "川上矯正歯科医院", "機関区分": 3, "都道府県コード": 37, "市区町村コード": 201, "所在地": "香川県高松市番町一丁目３－３０", "緯度": 34.344682, "経度": 134.046383, "url": "https://www.iryou.teikyouseido.mhlw.go.jp/znk-web/juminkanja/S2430/initialize?prefCd=37&kikanCd=3370500630&kikanKbn=3", "url2": "http://www.e-kawakami.jp", "内容": "川上矯正歯科医院【3:歯科】香川県高松市番町一丁目３－３０" }, "geometry": { "type": "Point", "coordinates": [ 134.046383, 34.344682 ] } },
{ "type": "Feature", "properties": { "ID": 3733370500640, "正式名称": "亀井歯科医院", "機関区分": 3, "都道府県コード": 37, "市区町村コード": 201, "所在地": "香川県高松市天神前４－３３　ＣＡＳＩＳＵ中央公園　２階", "緯度": 34.340294, "経度": 134.045633, "url": "https://www.iryou.teikyouseido.mhlw.go.jp/znk-web/juminkanja/S2430/initialize?prefCd=37&kikanCd=3370500640&kikanKbn=3", "url2": "http://kamei-dent.jp/", "内容": "亀井歯科医院【3:歯科】香川県高松市天神前４－３３　ＣＡＳＩＳＵ中央公園　２階" }, "geometry": { "type": "Point", "coordinates": [ 134.045633, 34.340294 ] } },
{ "type": "Feature", "properties": { "ID": 3733370500650, "正式名称": "くにしげ歯科医院", "機関区分": 3, "都道府県コード": 37, "市区町村コード": 201, "所在地": "香川県高松市中間町２２－１", "緯度": 34.286271, "経度": 134.00075, "url": "https://www.iryou.teikyouseido.mhlw.go.jp/znk-web/juminkanja/S2430/initialize?prefCd=37&kikanCd=3370500650&kikanKbn=3", "url2": null, "内容": "くにしげ歯科医院【3:歯科】香川県高松市中間町２２－１" }, "geometry": { "type": "Point", "coordinates": [ 134.00075, 34.286271 ] } },
{ "type": "Feature", "properties": { "ID": 3733370500660, "正式名称": "医療法人社団法人社団こう歯科医院", "機関区分": 3, "都道府県コード": 37, "市区町村コード": 201, "所在地": "香川県高松市今里町一丁目８－１９", "緯度": 34.32699, "経度": 134.057549, "url": "https://www.iryou.teikyouseido.mhlw.go.jp/znk-web/juminkanja/S2430/initialize?prefCd=37&kikanCd=3370500660&kikanKbn=3", "url2": null, "内容": "医療法人社団法人社団こう歯科医院【3:歯科】香川県高松市今里町一丁目８－１９" }, "geometry": { "type": "Point", "coordinates": [ 134.057549, 34.32699 ] } },
{ "type": "Feature", "properties": { "ID": 3733370500670, "正式名称": "亀田歯科医院", "機関区分": 3, "都道府県コード": 37, "市区町村コード": 201, "所在地": "香川県高松市錦町二丁目７－８", "緯度": 34.346904, "経度": 134.041827, "url": "https://www.iryou.teikyouseido.mhlw.go.jp/znk-web/juminkanja/S2430/initialize?prefCd=37&kikanCd=3370500670&kikanKbn=3", "url2": "http://www.kamedashika.com/", "内容": "亀田歯科医院【3:歯科】香川県高松市錦町二丁目７－８" }, "geometry": { "type": "Point", "coordinates": [ 134.041827, 34.346904 ] } },
{ "type": "Feature", "properties": { "ID": 3733370500680, "正式名称": "久保歯科医院", "機関区分": 3, "都道府県コード": 37, "市区町村コード": 201, "所在地": "香川県高松市屋島西町１４５４－１", "緯度": 34.3416, "経度": 134.095462, "url": "https://www.iryou.teikyouseido.mhlw.go.jp/znk-web/juminkanja/S2430/initialize?prefCd=37&kikanCd=3370500680&kikanKbn=3", "url2": "http://www.vipnavi.jp/~kubo", "内容": "久保歯科医院【3:歯科】香川県高松市屋島西町１４５４－１" }, "geometry": { "type": "Point", "coordinates": [ 134.095462, 34.3416 ] } },
{ "type": "Feature", "properties": { "ID": 3733370500690, "正式名称": "小山歯科医院", "機関区分": 3, "都道府県コード": 37, "市区町村コード": 201, "所在地": "香川県高松市鬼無町藤井５９－５", "緯度": 34.330395, "経度": 133.997295, "url": "https://www.iryou.teikyouseido.mhlw.go.jp/znk-web/juminkanja/S2430/initialize?prefCd=37&kikanCd=3370500690&kikanKbn=3", "url2": "http://www.koyamadc.com", "内容": "小山歯科医院【3:歯科】香川県高松市鬼無町藤井５９－５" }, "geometry": { "type": "Point", "coordinates": [ 133.997295, 34.330395 ] } },
{ "type": "Feature", "properties": { "ID": 3733370500700, "正式名称": "川崎歯科医院", "機関区分": 3, "都道府県コード": 37, "市区町村コード": 201, "所在地": "香川県高松市国分寺町国分２９４－７", "緯度": 34.303185, "経度": 133.955753, "url": "https://www.iryou.teikyouseido.mhlw.go.jp/znk-web/juminkanja/S2430/initialize?prefCd=37&kikanCd=3370500700&kikanKbn=3", "url2": null, "内容": "川崎歯科医院【3:歯科】香川県高松市国分寺町国分２９４－７" }, "geometry": { "type": "Point", "coordinates": [ 133.955753, 34.303185 ] } },
{ "type": "Feature", "properties": { "ID": 3733370500720, "正式名称": "医療法人社団　小西歯科医院", "機関区分": 3, "都道府県コード": 37, "市区町村コード": 201, "所在地": "香川県高松市牟礼町牟礼３－１", "緯度": 34.337407, "経度": 134.14057, "url": "https://www.iryou.teikyouseido.mhlw.go.jp/znk-web/juminkanja/S2430/initialize?prefCd=37&kikanCd=3370500720&kikanKbn=3", "url2": "konishishika.net", "内容": "医療法人社団　小西歯科医院【3:歯科】香川県高松市牟礼町牟礼３－１" }, "geometry": { "type": "Point", "coordinates": [ 134.14057, 34.337407 ] } },
{ "type": "Feature", "properties": { "ID": 3733370500730, "正式名称": "こばやし歯科小児歯科クリニック", "機関区分": 3, "都道府県コード": 37, "市区町村コード": 201, "所在地": "香川県高松市太田下町３０３５－７", "緯度": 34.302965, "経度": 134.052717, "url": "https://www.iryou.teikyouseido.mhlw.go.jp/znk-web/juminkanja/S2430/initialize?prefCd=37&kikanCd=3370500730&kikanKbn=3", "url2": "https://www.kirakira-teeth.com/", "内容": "こばやし歯科小児歯科クリニック【3:歯科】香川県高松市太田下町３０３５－７" }, "geometry": { "type": "Point", "coordinates": [ 134.052717, 34.302965 ] } },
{ "type": "Feature", "properties": { "ID": 3733370500740, "正式名称": "きくしま歯科医院", "機関区分": 3, "都道府県コード": 37, "市区町村コード": 201, "所在地": "香川県高松市出作町３８３－１", "緯度": 34.284939, "経度": 134.048219, "url": "https://www.iryou.teikyouseido.mhlw.go.jp/znk-web/juminkanja/S2430/initialize?prefCd=37&kikanCd=3370500740&kikanKbn=3", "url2": "kikushimadental.net/", "内容": "きくしま歯科医院【3:歯科】香川県高松市出作町３８３－１" }, "geometry": { "type": "Point", "coordinates": [ 134.048219, 34.284939 ] } },
{ "type": "Feature", "properties": { "ID": 3733370500760, "正式名称": "北岡歯科診療所", "機関区分": 3, "都道府県コード": 37, "市区町村コード": 201, "所在地": "香川県高松市亀岡町１４－１８", "緯度": 34.336239, "経度": 134.040106, "url": "https://www.iryou.teikyouseido.mhlw.go.jp/znk-web/juminkanja/S2430/initialize?prefCd=37&kikanCd=3370500760&kikanKbn=3", "url2": null, "内容": "北岡歯科診療所【3:歯科】香川県高松市亀岡町１４－１８" }, "geometry": { "type": "Point", "coordinates": [ 134.040106, 34.336239 ] } },
{ "type": "Feature", "properties": { "ID": 3733370500770, "正式名称": "上里歯科医院", "機関区分": 3, "都道府県コード": 37, "市区町村コード": 201, "所在地": "香川県高松市伏石町２０９６－４", "緯度": 34.311408, "経度": 134.058383, "url": "https://www.iryou.teikyouseido.mhlw.go.jp/znk-web/juminkanja/S2430/initialize?prefCd=37&kikanCd=3370500770&kikanKbn=3", "url2": null, "内容": "上里歯科医院【3:歯科】香川県高松市伏石町２０９６－４" }, "geometry": { "type": "Point", "coordinates": [ 134.058383, 34.311408 ] } },
{ "type": "Feature", "properties": { "ID": 3733370500780, "正式名称": "医療法人瓦町矯正歯科", "機関区分": 3, "都道府県コード": 37, "市区町村コード": 201, "所在地": "香川県高松市瓦町二丁目６－２１　ラ・ブームビル２Ｆ", "緯度": 34.339877, "経度": 134.052105, "url": "https://www.iryou.teikyouseido.mhlw.go.jp/znk-web/juminkanja/S2430/initialize?prefCd=37&kikanCd=3370500780&kikanKbn=3", "url2": "http://www.kawaramachi-ortho.com/", "内容": "医療法人瓦町矯正歯科【3:歯科】香川県高松市瓦町二丁目６－２１　ラ・ブームビル２Ｆ" }, "geometry": { "type": "Point", "coordinates": [ 134.052105, 34.339877 ] } },
{ "type": "Feature", "properties": { "ID": 3733370500800, "正式名称": "佐々木歯科医院", "機関区分": 3, "都道府県コード": 37, "市区町村コード": 201, "所在地": "香川県高松市川島本町１８９－１", "緯度": 34.276524, "経度": 134.084772, "url": "https://www.iryou.teikyouseido.mhlw.go.jp/znk-web/juminkanja/S2430/initialize?prefCd=37&kikanCd=3370500800&kikanKbn=3", "url2": null, "内容": "佐々木歯科医院【3:歯科】香川県高松市川島本町１８９－１" }, "geometry": { "type": "Point", "coordinates": [ 134.084772, 34.276524 ] } },
{ "type": "Feature", "properties": { "ID": 3733370500840, "正式名称": "シミズ歯科医院", "機関区分": 3, "都道府県コード": 37, "市区町村コード": 201, "所在地": "香川県高松市松縄町５１－１８", "緯度": 34.322185, "経度": 134.05941, "url": "https://www.iryou.teikyouseido.mhlw.go.jp/znk-web/juminkanja/S2430/initialize?prefCd=37&kikanCd=3370500840&kikanKbn=3", "url2": null, "内容": "シミズ歯科医院【3:歯科】香川県高松市松縄町５１－１８" }, "geometry": { "type": "Point", "coordinates": [ 134.05941, 34.322185 ] } },
{ "type": "Feature", "properties": { "ID": 3733370500850, "正式名称": "塩井歯科医院", "機関区分": 3, "都道府県コード": 37, "市区町村コード": 201, "所在地": "香川県高松市香西南町４７２－２Ｆ", "緯度": 34.341432, "経度": 134.000331, "url": "https://www.iryou.teikyouseido.mhlw.go.jp/znk-web/juminkanja/S2430/initialize?prefCd=37&kikanCd=3370500850&kikanKbn=3", "url2": null, "内容": "塩井歯科医院【3:歯科】香川県高松市香西南町４７２－２Ｆ" }, "geometry": { "type": "Point", "coordinates": [ 134.000331, 34.341432 ] } },
{ "type": "Feature", "properties": { "ID": 3733370500860, "正式名称": "香川医療生活協同組合　生協へいわ歯科診療所", "機関区分": 3, "都道府県コード": 37, "市区町村コード": 201, "所在地": "香川県高松市栗林町一丁目３－２４", "緯度": 34.331795, "経度": 134.046772, "url": "https://www.iryou.teikyouseido.mhlw.go.jp/znk-web/juminkanja/S2430/initialize?prefCd=37&kikanCd=3370500860&kikanKbn=3", "url2": "http://kagawa.coop/hospi/heiwa_sika/", "内容": "香川医療生活協同組合　生協へいわ歯科診療所【3:歯科】香川県高松市栗林町一丁目３－２４" }, "geometry": { "type": "Point", "coordinates": [ 134.046772, 34.331795 ] } },
{ "type": "Feature", "properties": { "ID": 3733370500870, "正式名称": "関元歯科医院", "機関区分": 3, "都道府県コード": 37, "市区町村コード": 201, "所在地": "香川県高松市上之町三丁目９－２８", "緯度": 34.320435, "経度": 134.049911, "url": "https://www.iryou.teikyouseido.mhlw.go.jp/znk-web/juminkanja/S2430/initialize?prefCd=37&kikanCd=3370500870&kikanKbn=3", "url2": "http://www.swjo.jp/dental-sekimoto/", "内容": "関元歯科医院【3:歯科】香川県高松市上之町三丁目９－２８" }, "geometry": { "type": "Point", "coordinates": [ 134.049911, 34.320435 ] } },
{ "type": "Feature", "properties": { "ID": 3733370500890, "正式名称": "サナダ歯科", "機関区分": 3, "都道府県コード": 37, "市区町村コード": 201, "所在地": "香川県高松市勅使町５３６－２", "緯度": 34.30863, "経度": 134.01897, "url": "https://www.iryou.teikyouseido.mhlw.go.jp/znk-web/juminkanja/S2430/initialize?prefCd=37&kikanCd=3370500890&kikanKbn=3", "url2": null, "内容": "サナダ歯科【3:歯科】香川県高松市勅使町５３６－２" }, "geometry": { "type": "Point", "coordinates": [ 134.01897, 34.30863 ] } },
{ "type": "Feature", "properties": { "ID": 3733370500910, "正式名称": "医療法人社団　宿南歯科医院", "機関区分": 3, "都道府県コード": 37, "市区町村コード": 201, "所在地": "香川県高松市花園町１－１０－４５", "緯度": 34.334045, "経度": 134.058438, "url": "https://www.iryou.teikyouseido.mhlw.go.jp/znk-web/juminkanja/S2430/initialize?prefCd=37&kikanCd=3370500910&kikanKbn=3", "url2": "http://takamatsu-sika.com/", "内容": "医療法人社団　宿南歯科医院【3:歯科】香川県高松市花園町１－１０－４５" }, "geometry": { "type": "Point", "coordinates": [ 134.058438, 34.334045 ] } },
{ "type": "Feature", "properties": { "ID": 3733370500920, "正式名称": "医療法人社団スガタ歯科医院", "機関区分": 3, "都道府県コード": 37, "市区町村コード": 201, "所在地": "香川県高松市田町１－２", "緯度": 34.338489, "経度": 134.048883, "url": "https://www.iryou.teikyouseido.mhlw.go.jp/znk-web/juminkanja/S2430/initialize?prefCd=37&kikanCd=3370500920&kikanKbn=3", "url2": "http://www.sugata-shika.com/", "内容": "医療法人社団スガタ歯科医院【3:歯科】香川県高松市田町１－２" }, "geometry": { "type": "Point", "coordinates": [ 134.048883, 34.338489 ] } },
{ "type": "Feature", "properties": { "ID": 3733370500930, "正式名称": "すみたに歯科・矯正歯科医院", "機関区分": 3, "都道府県コード": 37, "市区町村コード": 201, "所在地": "香川県高松市昭和町二丁目１５－１　　すみたに歯科・矯正歯科医院", "緯度": 34.34221, "経度": 134.031717, "url": "https://www.iryou.teikyouseido.mhlw.go.jp/znk-web/juminkanja/S2430/initialize?prefCd=37&kikanCd=3370500930&kikanKbn=3", "url2": "https://www.sumitani.net/", "内容": "すみたに歯科・矯正歯科医院【3:歯科】香川県高松市昭和町二丁目１５－１　　すみたに歯科・矯正歯科医院" }, "geometry": { "type": "Point", "coordinates": [ 134.031717, 34.34221 ] } },
{ "type": "Feature", "properties": { "ID": 3733370500940, "正式名称": "さいとう歯科クリニック", "機関区分": 3, "都道府県コード": 37, "市区町村コード": 201, "所在地": "香川県高松市天神前５－６－５Ｆ", "緯度": 34.34035, "経度": 134.044994, "url": "https://www.iryou.teikyouseido.mhlw.go.jp/znk-web/juminkanja/S2430/initialize?prefCd=37&kikanCd=3370500940&kikanKbn=3", "url2": "http://www.saito-d.com/", "内容": "さいとう歯科クリニック【3:歯科】香川県高松市天神前５－６－５Ｆ" }, "geometry": { "type": "Point", "coordinates": [ 134.044994, 34.34035 ] } },
{ "type": "Feature", "properties": { "ID": 3733370500950, "正式名称": "サンポート歯科", "機関区分": 3, "都道府県コード": 37, "市区町村コード": 201, "所在地": "香川県高松市浜ノ町６３番２号　浜ノ町ビル", "緯度": 34.350154, "経度": 134.041383, "url": "https://www.iryou.teikyouseido.mhlw.go.jp/znk-web/juminkanja/S2430/initialize?prefCd=37&kikanCd=3370500950&kikanKbn=3", "url2": "http://www.jun-dc.com", "内容": "サンポート歯科【3:歯科】香川県高松市浜ノ町６３番２号　浜ノ町ビル" }, "geometry": { "type": "Point", "coordinates": [ 134.041383, 34.350154 ] } },
{ "type": "Feature", "properties": { "ID": 3733370500960, "正式名称": "医療法人社団弘誠会サンシャイン歯科", "機関区分": 3, "都道府県コード": 37, "市区町村コード": 201, "所在地": "香川県高松市多肥下町１５６２－１５", "緯度": 34.300521, "経度": 134.051857, "url": "https://www.iryou.teikyouseido.mhlw.go.jp/znk-web/juminkanja/S2430/initialize?prefCd=37&kikanCd=3370500960&kikanKbn=3", "url2": "http://www.sunshine-sihika.com/", "内容": "医療法人社団弘誠会サンシャイン歯科【3:歯科】香川県高松市多肥下町１５６２－１５" }, "geometry": { "type": "Point", "coordinates": [ 134.051857, 34.300521 ] } },
{ "type": "Feature", "properties": { "ID": 3733370500970, "正式名称": "しもよこ歯科", "機関区分": 3, "都道府県コード": 37, "市区町村コード": 201, "所在地": "香川県高松市国分寺町福家甲２９１９－５", "緯度": 34.282049, "経度": 133.963531, "url": "https://www.iryou.teikyouseido.mhlw.go.jp/znk-web/juminkanja/S2430/initialize?prefCd=37&kikanCd=3370500970&kikanKbn=3", "url2": null, "内容": "しもよこ歯科【3:歯科】香川県高松市国分寺町福家甲２９１９－５" }, "geometry": { "type": "Point", "coordinates": [ 133.963531, 34.282049 ] } },
{ "type": "Feature", "properties": { "ID": 3733370500980, "正式名称": "渋谷歯科医院", "機関区分": 3, "都道府県コード": 37, "市区町村コード": 201, "所在地": "香川県高松市牟礼町牟礼１０３３－１", "緯度": 34.343805, "経度": 134.131733, "url": "https://www.iryou.teikyouseido.mhlw.go.jp/znk-web/juminkanja/S2430/initialize?prefCd=37&kikanCd=3370500980&kikanKbn=3", "url2": "https://www.shibuya-dental-office.com", "内容": "渋谷歯科医院【3:歯科】香川県高松市牟礼町牟礼１０３３－１" }, "geometry": { "type": "Point", "coordinates": [ 134.131733, 34.343805 ] } },
{ "type": "Feature", "properties": { "ID": 3733370500990, "正式名称": "医療法人社団しん治歯科医院", "機関区分": 3, "都道府県コード": 37, "市区町村コード": 201, "所在地": "香川県高松市牟礼町原５９４ー１", "緯度": 34.332158, "経度": 134.157596, "url": "https://www.iryou.teikyouseido.mhlw.go.jp/znk-web/juminkanja/S2430/initialize?prefCd=37&kikanCd=3370500990&kikanKbn=3", "url2": "shinji-shika.jp", "内容": "医療法人社団しん治歯科医院【3:歯科】香川県高松市牟礼町原５９４ー１" }, "geometry": { "type": "Point", "coordinates": [ 134.157596, 34.332158 ] } },
{ "type": "Feature", "properties": { "ID": 3733370501000, "正式名称": "医療法人社団健進会　さくら歯科医院", "機関区分": 3, "都道府県コード": 37, "市区町村コード": 201, "所在地": "香川県高松市香川町大野８６０－３", "緯度": 34.264135, "経度": 134.026305, "url": "https://www.iryou.teikyouseido.mhlw.go.jp/znk-web/juminkanja/S2430/initialize?prefCd=37&kikanCd=3370501000&kikanKbn=3", "url2": null, "内容": "医療法人社団健進会　さくら歯科医院【3:歯科】香川県高松市香川町大野８６０－３" }, "geometry": { "type": "Point", "coordinates": [ 134.026305, 34.264135 ] } },
{ "type": "Feature", "properties": { "ID": 3733370501010, "正式名称": "諏訪歯科医院", "機関区分": 3, "都道府県コード": 37, "市区町村コード": 201, "所在地": "香川県高松市香川町川東下６４４－１", "緯度": 34.24461, "経度": 134.031194, "url": "https://www.iryou.teikyouseido.mhlw.go.jp/znk-web/juminkanja/S2430/initialize?prefCd=37&kikanCd=3370501010&kikanKbn=3", "url2": null, "内容": "諏訪歯科医院【3:歯科】香川県高松市香川町川東下６４４－１" }, "geometry": { "type": "Point", "coordinates": [ 134.031194, 34.24461 ] } },
{ "type": "Feature", "properties": { "ID": 3733370501030, "正式名称": "医療法人社団弘誠会サンクリーン歯科", "機関区分": 3, "都道府県コード": 37, "市区町村コード": 201, "所在地": "香川県高松市香西本町１－１　イオン高松ＳＣ３Ｆ", "緯度": 34.35207, "経度": 134.004775, "url": "https://www.iryou.teikyouseido.mhlw.go.jp/znk-web/juminkanja/S2430/initialize?prefCd=37&kikanCd=3370501030&kikanKbn=3", "url2": "http://www.sunclean-shika.com/", "内容": "医療法人社団弘誠会サンクリーン歯科【3:歯科】香川県高松市香西本町１－１　イオン高松ＳＣ３Ｆ" }, "geometry": { "type": "Point", "coordinates": [ 134.004775, 34.35207 ] } },
{ "type": "Feature", "properties": { "ID": 3733370501040, "正式名称": "医療法人社団　聖ステラマリス会　三枝デンタルオフィス", "機関区分": 3, "都道府県コード": 37, "市区町村コード": 201, "所在地": "香川県高松市亀井町８－４", "緯度": 34.339877, "経度": 134.048299, "url": "https://www.iryou.teikyouseido.mhlw.go.jp/znk-web/juminkanja/S2430/initialize?prefCd=37&kikanCd=3370501040&kikanKbn=3", "url2": "http://saegusa-dent.com", "内容": "医療法人社団　聖ステラマリス会　三枝デンタルオフィス【3:歯科】香川県高松市亀井町８－４" }, "geometry": { "type": "Point", "coordinates": [ 134.048299, 34.339877 ] } },
{ "type": "Feature", "properties": { "ID": 3733370501050, "正式名称": "佃歯科医院", "機関区分": 3, "都道府県コード": 37, "市区町村コード": 201, "所在地": "香川県高松市栗林町一丁目９－１６", "緯度": 34.329073, "経度": 134.047328, "url": "https://www.iryou.teikyouseido.mhlw.go.jp/znk-web/juminkanja/S2430/initialize?prefCd=37&kikanCd=3370501050&kikanKbn=3", "url2": "tsukuda-dc.com", "内容": "佃歯科医院【3:歯科】香川県高松市栗林町一丁目９－１６" }, "geometry": { "type": "Point", "coordinates": [ 134.047328, 34.329073 ] } },
{ "type": "Feature", "properties": { "ID": 3733370501060, "正式名称": "高松歯科診療所", "機関区分": 3, "都道府県コード": 37, "市区町村コード": 201, "所在地": "香川県高松市福岡町三丁目３６－２３", "緯度": 34.344822, "経度": 134.074547, "url": "https://www.iryou.teikyouseido.mhlw.go.jp/znk-web/juminkanja/S2430/initialize?prefCd=37&kikanCd=3370501060&kikanKbn=3", "url2": "http://www.418takamatu.com", "内容": "高松歯科診療所【3:歯科】香川県高松市福岡町三丁目３６－２３" }, "geometry": { "type": "Point", "coordinates": [ 134.074547, 34.344822 ] } },
{ "type": "Feature", "properties": { "ID": 3733370501080, "正式名称": "高橋歯科医院", "機関区分": 3, "都道府県コード": 37, "市区町村コード": 201, "所在地": "香川県高松市番町三丁目１５－２１", "緯度": 34.342266, "経度": 134.040661, "url": "https://www.iryou.teikyouseido.mhlw.go.jp/znk-web/juminkanja/S2430/initialize?prefCd=37&kikanCd=3370501080&kikanKbn=3", "url2": null, "内容": "高橋歯科医院【3:歯科】香川県高松市番町三丁目１５－２１" }, "geometry": { "type": "Point", "coordinates": [ 134.040661, 34.342266 ] } },
{ "type": "Feature", "properties": { "ID": 3733370501090, "正式名称": "としま歯科医院", "機関区分": 3, "都道府県コード": 37, "市区町村コード": 201, "所在地": "香川県高松市伏石町１４２８－１６", "緯度": 34.319796, "経度": 134.0533, "url": "https://www.iryou.teikyouseido.mhlw.go.jp/znk-web/juminkanja/S2430/initialize?prefCd=37&kikanCd=3370501090&kikanKbn=3", "url2": "http://takamatsu-toshimadc.com", "内容": "としま歯科医院【3:歯科】香川県高松市伏石町１４２８－１６" }, "geometry": { "type": "Point", "coordinates": [ 134.0533, 34.319796 ] } },
{ "type": "Feature", "properties": { "ID": 3733370501100, "正式名称": "谷口歯科医院", "機関区分": 3, "都道府県コード": 37, "市区町村コード": 201, "所在地": "香川県高松市常磐町一丁目９－１４", "緯度": 34.33835, "経度": 134.051105, "url": "https://www.iryou.teikyouseido.mhlw.go.jp/znk-web/juminkanja/S2430/initialize?prefCd=37&kikanCd=3370501100&kikanKbn=3", "url2": "http://tani8020.jp/", "内容": "谷口歯科医院【3:歯科】香川県高松市常磐町一丁目９－１４" }, "geometry": { "type": "Point", "coordinates": [ 134.051105, 34.33835 ] } },
{ "type": "Feature", "properties": { "ID": 3733370501130, "正式名称": "つかだ歯科医院", "機関区分": 3, "都道府県コード": 37, "市区町村コード": 201, "所在地": "香川県高松市屋島西町２４７９－２７", "緯度": 34.354432, "経度": 134.090351, "url": "https://www.iryou.teikyouseido.mhlw.go.jp/znk-web/juminkanja/S2430/initialize?prefCd=37&kikanCd=3370501130&kikanKbn=3", "url2": "https://www.tsukada-dental-cli.com/", "内容": "つかだ歯科医院【3:歯科】香川県高松市屋島西町２４７９－２７" }, "geometry": { "type": "Point", "coordinates": [ 134.090351, 34.354432 ] } },
{ "type": "Feature", "properties": { "ID": 3733370501150, "正式名称": "たけい歯科クリニック", "機関区分": 3, "都道府県コード": 37, "市区町村コード": 201, "所在地": "香川県高松市中央町１６－１７－２Ｆ", "緯度": 34.335628, "経度": 134.044494, "url": "https://www.iryou.teikyouseido.mhlw.go.jp/znk-web/juminkanja/S2430/initialize?prefCd=37&kikanCd=3370501150&kikanKbn=3", "url2": null, "内容": "たけい歯科クリニック【3:歯科】香川県高松市中央町１６－１７－２Ｆ" }, "geometry": { "type": "Point", "coordinates": [ 134.044494, 34.335628 ] } },
{ "type": "Feature", "properties": { "ID": 3733370501160, "正式名称": "医療法人優心会　高松大塚歯科医院", "機関区分": 3, "都道府県コード": 37, "市区町村コード": 201, "所在地": "香川県高松市林町２５３８－１０", "緯度": 34.306576, "経度": 134.062216, "url": "https://www.iryou.teikyouseido.mhlw.go.jp/znk-web/juminkanja/S2430/initialize?prefCd=37&kikanCd=3370501160&kikanKbn=3", "url2": "http://www.yusinkai.or.jp", "内容": "医療法人優心会　高松大塚歯科医院【3:歯科】香川県高松市林町２５３８－１０" }, "geometry": { "type": "Point", "coordinates": [ 134.062216, 34.306576 ] } },
{ "type": "Feature", "properties": { "ID": 3733370501170, "正式名称": "高橋歯科医院", "機関区分": 3, "都道府県コード": 37, "市区町村コード": 201, "所在地": "香川県高松市塩上町一丁目５－３", "緯度": 34.337739, "経度": 134.054049, "url": "https://www.iryou.teikyouseido.mhlw.go.jp/znk-web/juminkanja/S2430/initialize?prefCd=37&kikanCd=3370501170&kikanKbn=3", "url2": null, "内容": "高橋歯科医院【3:歯科】香川県高松市塩上町一丁目５－３" }, "geometry": { "type": "Point", "coordinates": [ 134.054049, 34.337739 ] } },
{ "type": "Feature", "properties": { "ID": 3733370501180, "正式名称": "多田歯科医院", "機関区分": 3, "都道府県コード": 37, "市区町村コード": 201, "所在地": "香川県高松市木太町７９２－６", "緯度": 34.316714, "経度": 134.073382, "url": "https://www.iryou.teikyouseido.mhlw.go.jp/znk-web/juminkanja/S2430/initialize?prefCd=37&kikanCd=3370501180&kikanKbn=3", "url2": "http://www.tadashika.jp/", "内容": "多田歯科医院【3:歯科】香川県高松市木太町７９２－６" }, "geometry": { "type": "Point", "coordinates": [ 134.073382, 34.316714 ] } },
{ "type": "Feature", "properties": { "ID": 3733370501190, "正式名称": "医療法人社団グローバル会デンタルステーション谷本歯科医院", "機関区分": 3, "都道府県コード": 37, "市区町村コード": 201, "所在地": "香川県高松市香西本町３１１", "緯度": 34.345265, "経度": 134.001303, "url": "https://www.iryou.teikyouseido.mhlw.go.jp/znk-web/juminkanja/S2430/initialize?prefCd=37&kikanCd=3370501190&kikanKbn=3", "url2": "http://global-kai.com", "内容": "医療法人社団グローバル会デンタルステーション谷本歯科医院【3:歯科】香川県高松市香西本町３１１" }, "geometry": { "type": "Point", "coordinates": [ 134.001303, 34.345265 ] } },
{ "type": "Feature", "properties": { "ID": 3733370501210, "正式名称": "医療法人社団新樹会豊嶋歯科医院", "機関区分": 3, "都道府県コード": 37, "市区町村コード": 201, "所在地": "香川県高松市古新町５－１", "緯度": 34.346127, "経度": 134.046633, "url": "https://www.iryou.teikyouseido.mhlw.go.jp/znk-web/juminkanja/S2430/initialize?prefCd=37&kikanCd=3370501210&kikanKbn=3", "url2": "https://www.toyoshima-dc.or.jp", "内容": "医療法人社団新樹会豊嶋歯科医院【3:歯科】香川県高松市古新町５－１" }, "geometry": { "type": "Point", "coordinates": [ 134.046633, 34.346127 ] } },
{ "type": "Feature", "properties": { "ID": 3733370501230, "正式名称": "医療法人社団鳥かい歯科医院", "機関区分": 3, "都道府県コード": 37, "市区町村コード": 201, "所在地": "香川県高松市檀紙町１５１４－１", "緯度": 34.306213, "経度": 133.997611, "url": "https://www.iryou.teikyouseido.mhlw.go.jp/znk-web/juminkanja/S2430/initialize?prefCd=37&kikanCd=3370501230&kikanKbn=3", "url2": "http://www.torikaidental.com", "内容": "医療法人社団鳥かい歯科医院【3:歯科】香川県高松市檀紙町１５１４－１" }, "geometry": { "type": "Point", "coordinates": [ 133.997611, 34.306213 ] } },
{ "type": "Feature", "properties": { "ID": 3733370501240, "正式名称": "田町たかはし歯科医院", "機関区分": 3, "都道府県コード": 37, "市区町村コード": 201, "所在地": "香川県高松市東田町１－１－２Ｆ", "緯度": 34.336572, "経度": 134.050077, "url": "https://www.iryou.teikyouseido.mhlw.go.jp/znk-web/juminkanja/S2430/initialize?prefCd=37&kikanCd=3370501240&kikanKbn=3", "url2": "www.taka84.jp", "内容": "田町たかはし歯科医院【3:歯科】香川県高松市東田町１－１－２Ｆ" }, "geometry": { "type": "Point", "coordinates": [ 134.050077, 34.336572 ] } },
{ "type": "Feature", "properties": { "ID": 3733370501250, "正式名称": "武田歯科医院", "機関区分": 3, "都道府県コード": 37, "市区町村コード": 201, "所在地": "香川県高松市サンポート２－１－９Ｆ", "緯度": 34.35282, "経度": 134.047104, "url": "https://www.iryou.teikyouseido.mhlw.go.jp/znk-web/juminkanja/S2430/initialize?prefCd=37&kikanCd=3370501250&kikanKbn=3", "url2": "http://www.sunport-takeda.com/", "内容": "武田歯科医院【3:歯科】香川県高松市サンポート２－１－９Ｆ" }, "geometry": { "type": "Point", "coordinates": [ 134.047104, 34.35282 ] } },
{ "type": "Feature", "properties": { "ID": 3733370501280, "正式名称": "たけま歯科医院", "機関区分": 3, "都道府県コード": 37, "市区町村コード": 201, "所在地": "香川県高松市牟礼町大町１５５０－１０", "緯度": 34.335685, "経度": 134.139931, "url": "https://www.iryou.teikyouseido.mhlw.go.jp/znk-web/juminkanja/S2430/initialize?prefCd=37&kikanCd=3370501280&kikanKbn=3", "url2": null, "内容": "たけま歯科医院【3:歯科】香川県高松市牟礼町大町１５５０－１０" }, "geometry": { "type": "Point", "coordinates": [ 134.139931, 34.335685 ] } },
{ "type": "Feature", "properties": { "ID": 3733370501290, "正式名称": "医療法人社団グローバル会デンタルステーションスマイル歯科医院", "機関区分": 3, "都道府県コード": 37, "市区町村コード": 201, "所在地": "香川県高松市郷東町１３４番地１　西高松メディカルビルイーア４階", "緯度": 34.347182, "経度": 134.016913, "url": "https://www.iryou.teikyouseido.mhlw.go.jp/znk-web/juminkanja/S2430/initialize?prefCd=37&kikanCd=3370501290&kikanKbn=3", "url2": "http://global-kai.com/", "内容": "医療法人社団グローバル会デンタルステーションスマイル歯科医院【3:歯科】香川県高松市郷東町１３４番地１　西高松メディカルビルイーア４階" }, "geometry": { "type": "Point", "coordinates": [ 134.016913, 34.347182 ] } },
{ "type": "Feature", "properties": { "ID": 3733370501300, "正式名称": "月見ヶ丘歯科クリニック", "機関区分": 3, "都道府県コード": 37, "市区町村コード": 201, "所在地": "香川県高松市香南町西庄２１１２－２０", "緯度": 34.240177, "経度": 134.002406, "url": "https://www.iryou.teikyouseido.mhlw.go.jp/znk-web/juminkanja/S2430/initialize?prefCd=37&kikanCd=3370501300&kikanKbn=3", "url2": null, "内容": "月見ヶ丘歯科クリニック【3:歯科】香川県高松市香南町西庄２１１２－２０" }, "geometry": { "type": "Point", "coordinates": [ 134.002406, 34.240177 ] } },
{ "type": "Feature", "properties": { "ID": 3733370501310, "正式名称": "たにぐち歯科医院", "機関区分": 3, "都道府県コード": 37, "市区町村コード": 201, "所在地": "香川県高松市上之町一丁目４－５", "緯度": 34.321768, "経度": 134.045578, "url": "https://www.iryou.teikyouseido.mhlw.go.jp/znk-web/juminkanja/S2430/initialize?prefCd=37&kikanCd=3370501310&kikanKbn=3", "url2": null, "内容": "たにぐち歯科医院【3:歯科】香川県高松市上之町一丁目４－５" }, "geometry": { "type": "Point", "coordinates": [ 134.045578, 34.321768 ] } },
{ "type": "Feature", "properties": { "ID": 3733370501320, "正式名称": "つつみ歯科医院", "機関区分": 3, "都道府県コード": 37, "市区町村コード": 201, "所在地": "香川県高松市国分寺町福家甲３８５３－６", "緯度": 34.29427, "経度": 133.96392, "url": "https://www.iryou.teikyouseido.mhlw.go.jp/znk-web/juminkanja/S2430/initialize?prefCd=37&kikanCd=3370501320&kikanKbn=3", "url2": "http://tsutsumi-dentalclinic.jp", "内容": "つつみ歯科医院【3:歯科】香川県高松市国分寺町福家甲３８５３－６" }, "geometry": { "type": "Point", "coordinates": [ 133.96392, 34.29427 ] } },
{ "type": "Feature", "properties": { "ID": 3733370501330, "正式名称": "高松歯科口腔外科クリニック", "機関区分": 3, "都道府県コード": 37, "市区町村コード": 201, "所在地": "香川県高松市塩屋町１１－１６", "緯度": 34.341091, "経度": 134.054996, "url": "https://www.iryou.teikyouseido.mhlw.go.jp/znk-web/juminkanja/S2430/initialize?prefCd=37&kikanCd=3370501330&kikanKbn=3", "url2": "http://www.oms-center.com/", "内容": "高松歯科口腔外科クリニック【3:歯科】香川県高松市塩屋町１１－１６" }, "geometry": { "type": "Point", "coordinates": [ 134.054996, 34.341091 ] } },
{ "type": "Feature", "properties": { "ID": 3733370501340, "正式名称": "医療法人社団グローバル会　デンタルステーションピース歯科医院", "機関区分": 3, "都道府県コード": 37, "市区町村コード": 201, "所在地": "香川県高松市東山崎町６６８－１", "緯度": 34.308716, "経度": 134.092063, "url": "https://www.iryou.teikyouseido.mhlw.go.jp/znk-web/juminkanja/S2430/initialize?prefCd=37&kikanCd=3370501340&kikanKbn=3", "url2": "http://global-kai.com/", "内容": "医療法人社団グローバル会　デンタルステーションピース歯科医院【3:歯科】香川県高松市東山崎町６６８－１" }, "geometry": { "type": "Point", "coordinates": [ 134.092063, 34.308716 ] } },
{ "type": "Feature", "properties": { "ID": 3733370501380, "正式名称": "中村歯科医院", "機関区分": 3, "都道府県コード": 37, "市区町村コード": 201, "所在地": "香川県高松市多肥上町５０９－１", "緯度": 34.288466, "経度": 134.051079, "url": "https://www.iryou.teikyouseido.mhlw.go.jp/znk-web/juminkanja/S2430/initialize?prefCd=37&kikanCd=3370501380&kikanKbn=3", "url2": "http://www.nakamurashika.net", "内容": "中村歯科医院【3:歯科】香川県高松市多肥上町５０９－１" }, "geometry": { "type": "Point", "coordinates": [ 134.051079, 34.288466 ] } },
{ "type": "Feature", "properties": { "ID": 3733370501410, "正式名称": "西谷歯科医院", "機関区分": 3, "都道府県コード": 37, "市区町村コード": 201, "所在地": "香川県高松市郷東町１３６－６", "緯度": 34.344664, "経度": 134.015891, "url": "https://www.iryou.teikyouseido.mhlw.go.jp/znk-web/juminkanja/S2430/initialize?prefCd=37&kikanCd=3370501410&kikanKbn=3", "url2": null, "内容": "西谷歯科医院【3:歯科】香川県高松市郷東町１３６－６" }, "geometry": { "type": "Point", "coordinates": [ 134.015891, 34.344664 ] } },
{ "type": "Feature", "properties": { "ID": 3733370501420, "正式名称": "永原歯科医院", "機関区分": 3, "都道府県コード": 37, "市区町村コード": 201, "所在地": "香川県高松市伏石町２１２６－７", "緯度": 34.309714, "経度": 134.054217, "url": "https://www.iryou.teikyouseido.mhlw.go.jp/znk-web/juminkanja/S2430/initialize?prefCd=37&kikanCd=3370501420&kikanKbn=3", "url2": null, "内容": "永原歯科医院【3:歯科】香川県高松市伏石町２１２６－７" }, "geometry": { "type": "Point", "coordinates": [ 134.054217, 34.309714 ] } },
{ "type": "Feature", "properties": { "ID": 3733370501430, "正式名称": "医療法人社団長束歯科医院", "機関区分": 3, "都道府県コード": 37, "市区町村コード": 201, "所在地": "香川県高松市高松町２４８１－１", "緯度": 34.339051, "経度": 134.110967, "url": "https://www.iryou.teikyouseido.mhlw.go.jp/znk-web/juminkanja/S2430/initialize?prefCd=37&kikanCd=3370501430&kikanKbn=3", "url2": "https://www.natsuka-dental.com/", "内容": "医療法人社団長束歯科医院【3:歯科】香川県高松市高松町２４８１－１" }, "geometry": { "type": "Point", "coordinates": [ 134.110967, 34.339051 ] } },
{ "type": "Feature", "properties": { "ID": 3733370501440, "正式名称": "なかむら歯科医院", "機関区分": 3, "都道府県コード": 37, "市区町村コード": 201, "所在地": "香川県高松市一宮町１５９１－６", "緯度": 34.290077, "経度": 134.020915, "url": "https://www.iryou.teikyouseido.mhlw.go.jp/znk-web/juminkanja/S2430/initialize?prefCd=37&kikanCd=3370501440&kikanKbn=3", "url2": null, "内容": "なかむら歯科医院【3:歯科】香川県高松市一宮町１５９１－６" }, "geometry": { "type": "Point", "coordinates": [ 134.020915, 34.290077 ] } },
{ "type": "Feature", "properties": { "ID": 3733370501450, "正式名称": "医療法人社団永木歯科医院", "機関区分": 3, "都道府県コード": 37, "市区町村コード": 201, "所在地": "香川県高松市松福町二丁目１０－６", "緯度": 34.341683, "経度": 134.066853, "url": "https://www.iryou.teikyouseido.mhlw.go.jp/znk-web/juminkanja/S2430/initialize?prefCd=37&kikanCd=3370501450&kikanKbn=3", "url2": "http://nagakishika.com", "内容": "医療法人社団永木歯科医院【3:歯科】香川県高松市松福町二丁目１０－６" }, "geometry": { "type": "Point", "coordinates": [ 134.066853, 34.341683 ] } },
{ "type": "Feature", "properties": { "ID": 3733370501470, "正式名称": "中山歯科医院", "機関区分": 3, "都道府県コード": 37, "市区町村コード": 201, "所在地": "香川県高松市中央町５－２９", "緯度": 34.337378, "経度": 134.044189, "url": "https://www.iryou.teikyouseido.mhlw.go.jp/znk-web/juminkanja/S2430/initialize?prefCd=37&kikanCd=3370501470&kikanKbn=3", "url2": null, "内容": "中山歯科医院【3:歯科】香川県高松市中央町５－２９" }, "geometry": { "type": "Point", "coordinates": [ 134.044189, 34.337378 ] } },
{ "type": "Feature", "properties": { "ID": 3733370501480, "正式名称": "医療法人社団皓歯会西村歯科医院", "機関区分": 3, "都道府県コード": 37, "市区町村コード": 201, "所在地": "香川県高松市仏生山町甲１４１６－１", "緯度": 34.272079, "経度": 134.035665, "url": "https://www.iryou.teikyouseido.mhlw.go.jp/znk-web/juminkanja/S2430/initialize?prefCd=37&kikanCd=3370501480&kikanKbn=3", "url2": null, "内容": "医療法人社団皓歯会西村歯科医院【3:歯科】香川県高松市仏生山町甲１４１６－１" }, "geometry": { "type": "Point", "coordinates": [ 134.035665, 34.272079 ] } },
{ "type": "Feature", "properties": { "ID": 3733370501490, "正式名称": "医療法人社団西原歯科医院", "機関区分": 3, "都道府県コード": 37, "市区町村コード": 201, "所在地": "香川県高松市伏石町２０５６－３", "緯度": 34.314464, "経度": 134.053995, "url": "https://www.iryou.teikyouseido.mhlw.go.jp/znk-web/juminkanja/S2430/initialize?prefCd=37&kikanCd=3370501490&kikanKbn=3", "url2": null, "内容": "医療法人社団西原歯科医院【3:歯科】香川県高松市伏石町２０５６－３" }, "geometry": { "type": "Point", "coordinates": [ 134.053995, 34.314464 ] } },
{ "type": "Feature", "properties": { "ID": 3733370501500, "正式名称": "新居歯科医院", "機関区分": 3, "都道府県コード": 37, "市区町村コード": 201, "所在地": "香川県高松市国分寺町新居３３８５－１", "緯度": 34.307657, "経度": 133.973835, "url": "https://www.iryou.teikyouseido.mhlw.go.jp/znk-web/juminkanja/S2430/initialize?prefCd=37&kikanCd=3370501500&kikanKbn=3", "url2": null, "内容": "新居歯科医院【3:歯科】香川県高松市国分寺町新居３３８５－１" }, "geometry": { "type": "Point", "coordinates": [ 133.973835, 34.307657 ] } },
{ "type": "Feature", "properties": { "ID": 3733370501510, "正式名称": "ながまち歯科医院", "機関区分": 3, "都道府県コード": 37, "市区町村コード": 201, "所在地": "香川県高松市香川町浅野６２４－７", "緯度": 34.260025, "経度": 134.034415, "url": "https://www.iryou.teikyouseido.mhlw.go.jp/znk-web/juminkanja/S2430/initialize?prefCd=37&kikanCd=3370501510&kikanKbn=3", "url2": null, "内容": "ながまち歯科医院【3:歯科】香川県高松市香川町浅野６２４－７" }, "geometry": { "type": "Point", "coordinates": [ 134.034415, 34.260025 ] } },
{ "type": "Feature", "properties": { "ID": 3733370501520, "正式名称": "ぬまた歯科医院", "機関区分": 3, "都道府県コード": 37, "市区町村コード": 201, "所在地": "香川県高松市香川町浅野１０５３－７", "緯度": 34.255497, "経度": 134.035915, "url": "https://www.iryou.teikyouseido.mhlw.go.jp/znk-web/juminkanja/S2430/initialize?prefCd=37&kikanCd=3370501520&kikanKbn=3", "url2": "http://www.dr-navi.jp/kagawa", "内容": "ぬまた歯科医院【3:歯科】香川県高松市香川町浅野１０５３－７" }, "geometry": { "type": "Point", "coordinates": [ 134.035915, 34.255497 ] } },
{ "type": "Feature", "properties": { "ID": 3733370501530, "正式名称": "西岡歯科医院", "機関区分": 3, "都道府県コード": 37, "市区町村コード": 201, "所在地": "香川県高松市塩上町三丁目１４－１７", "緯度": 34.338267, "経度": 134.058132, "url": "https://www.iryou.teikyouseido.mhlw.go.jp/znk-web/juminkanja/S2430/initialize?prefCd=37&kikanCd=3370501530&kikanKbn=3", "url2": "http://nishiokadent.com/", "内容": "西岡歯科医院【3:歯科】香川県高松市塩上町三丁目１４－１７" }, "geometry": { "type": "Point", "coordinates": [ 134.058132, 34.338267 ] } },
{ "type": "Feature", "properties": { "ID": 3733370501560, "正式名称": "細川歯科クリニック", "機関区分": 3, "都道府県コード": 37, "市区町村コード": 201, "所在地": "香川県高松市亀井町１２－４－２Ｆ", "緯度": 34.338989, "経度": 134.047688, "url": "https://www.iryou.teikyouseido.mhlw.go.jp/znk-web/juminkanja/S2430/initialize?prefCd=37&kikanCd=3370501560&kikanKbn=3", "url2": null, "内容": "細川歯科クリニック【3:歯科】香川県高松市亀井町１２－４－２Ｆ" }, "geometry": { "type": "Point", "coordinates": [ 134.047688, 34.338989 ] } },
{ "type": "Feature", "properties": { "ID": 3733370501570, "正式名称": "平池歯科医院", "機関区分": 3, "都道府県コード": 37, "市区町村コード": 201, "所在地": "香川県高松市天神前９－２５", "緯度": 34.338655, "経度": 134.046466, "url": "https://www.iryou.teikyouseido.mhlw.go.jp/znk-web/juminkanja/S2430/initialize?prefCd=37&kikanCd=3370501570&kikanKbn=3", "url2": null, "内容": "平池歯科医院【3:歯科】香川県高松市天神前９－２５" }, "geometry": { "type": "Point", "coordinates": [ 134.046466, 34.338655 ] } },
{ "type": "Feature", "properties": { "ID": 3733370501580, "正式名称": "フジツカ三好歯科医院", "機関区分": 3, "都道府県コード": 37, "市区町村コード": 201, "所在地": "香川県高松市藤塚町三丁目１－１０", "緯度": 34.3356, "経度": 134.053188, "url": "https://www.iryou.teikyouseido.mhlw.go.jp/znk-web/juminkanja/S2430/initialize?prefCd=37&kikanCd=3370501580&kikanKbn=3", "url2": null, "内容": "フジツカ三好歯科医院【3:歯科】香川県高松市藤塚町三丁目１－１０" }, "geometry": { "type": "Point", "coordinates": [ 134.053188, 34.3356 ] } },
{ "type": "Feature", "properties": { "ID": 3733370501600, "正式名称": "藤本歯科医院", "機関区分": 3, "都道府県コード": 37, "市区町村コード": 201, "所在地": "香川県高松市瀬戸内町１６－１３", "緯度": 34.347071, "経度": 134.028606, "url": "https://www.iryou.teikyouseido.mhlw.go.jp/znk-web/juminkanja/S2430/initialize?prefCd=37&kikanCd=3370501600&kikanKbn=3", "url2": null, "内容": "藤本歯科医院【3:歯科】香川県高松市瀬戸内町１６－１３" }, "geometry": { "type": "Point", "coordinates": [ 134.028606, 34.347071 ] } },
{ "type": "Feature", "properties": { "ID": 3733370501610, "正式名称": "坂東歯科クリニック", "機関区分": 3, "都道府県コード": 37, "市区町村コード": 201, "所在地": "香川県高松市西宝町一丁目１０－１２－２Ｆ", "緯度": 34.344432, "経度": 134.025051, "url": "https://www.iryou.teikyouseido.mhlw.go.jp/znk-web/juminkanja/S2430/initialize?prefCd=37&kikanCd=3370501610&kikanKbn=3", "url2": "https://www.facebook.com/bandosika/?ref=bookmarks", "内容": "坂東歯科クリニック【3:歯科】香川県高松市西宝町一丁目１０－１２－２Ｆ" }, "geometry": { "type": "Point", "coordinates": [ 134.025051, 34.344432 ] } },
{ "type": "Feature", "properties": { "ID": 3733370501620, "正式名称": "医療法人社団明恵会古市歯科医院", "機関区分": 3, "都道府県コード": 37, "市区町村コード": 201, "所在地": "香川県高松市多賀町二丁目５－６", "緯度": 34.336434, "経度": 134.060076, "url": "https://www.iryou.teikyouseido.mhlw.go.jp/znk-web/juminkanja/S2430/initialize?prefCd=37&kikanCd=3370501620&kikanKbn=3", "url2": "http://furuichi-dent.com", "内容": "医療法人社団明恵会古市歯科医院【3:歯科】香川県高松市多賀町二丁目５－６" }, "geometry": { "type": "Point", "coordinates": [ 134.060076, 34.336434 ] } },
{ "type": "Feature", "properties": { "ID": 3733370501630, "正式名称": "堀歯科診療所", "機関区分": 3, "都道府県コード": 37, "市区町村コード": 201, "所在地": "香川県高松市福田町１４－１８", "緯度": 34.340794, "経度": 134.053216, "url": "https://www.iryou.teikyouseido.mhlw.go.jp/znk-web/juminkanja/S2430/initialize?prefCd=37&kikanCd=3370501630&kikanKbn=3", "url2": null, "内容": "堀歯科診療所【3:歯科】香川県高松市福田町１４－１８" }, "geometry": { "type": "Point", "coordinates": [ 134.053216, 34.340794 ] } },
{ "type": "Feature", "properties": { "ID": 3733370501640, "正式名称": "林歯科医院", "機関区分": 3, "都道府県コード": 37, "市区町村コード": 201, "所在地": "香川県高松市百間町９－２", "緯度": 34.345266, "経度": 134.051243, "url": "https://www.iryou.teikyouseido.mhlw.go.jp/znk-web/juminkanja/S2430/initialize?prefCd=37&kikanCd=3370501640&kikanKbn=3", "url2": null, "内容": "林歯科医院【3:歯科】香川県高松市百間町９－２" }, "geometry": { "type": "Point", "coordinates": [ 134.051243, 34.345266 ] } },
{ "type": "Feature", "properties": { "ID": 3733370501650, "正式名称": "番町歯科クリニック", "機関区分": 3, "都道府県コード": 37, "市区町村コード": 201, "所在地": "香川県高松市番町４丁目１１－３", "緯度": 34.340822, "経度": 134.039245, "url": "https://www.iryou.teikyouseido.mhlw.go.jp/znk-web/juminkanja/S2430/initialize?prefCd=37&kikanCd=3370501650&kikanKbn=3", "url2": "https://www.bancho-dc.com", "内容": "番町歯科クリニック【3:歯科】香川県高松市番町４丁目１１－３" }, "geometry": { "type": "Point", "coordinates": [ 134.039245, 34.340822 ] } },
{ "type": "Feature", "properties": { "ID": 3733370501660, "正式名称": "馬場歯科医院", "機関区分": 3, "都道府県コード": 37, "市区町村コード": 201, "所在地": "香川県高松市多賀町二丁目１５－１７", "緯度": 34.336211, "経度": 134.060104, "url": "https://www.iryou.teikyouseido.mhlw.go.jp/znk-web/juminkanja/S2430/initialize?prefCd=37&kikanCd=3370501660&kikanKbn=3", "url2": null, "内容": "馬場歯科医院【3:歯科】香川県高松市多賀町二丁目１５－１７" }, "geometry": { "type": "Point", "coordinates": [ 134.060104, 34.336211 ] } },
{ "type": "Feature", "properties": { "ID": 3733370501670, "正式名称": "ふじわら歯科医院", "機関区分": 3, "都道府県コード": 37, "市区町村コード": 201, "所在地": "香川県高松市松縄町１１０４－２", "緯度": 34.315464, "経度": 134.061938, "url": "https://www.iryou.teikyouseido.mhlw.go.jp/znk-web/juminkanja/S2430/initialize?prefCd=37&kikanCd=3370501670&kikanKbn=3", "url2": "http://fujiwara-sika.jp", "内容": "ふじわら歯科医院【3:歯科】香川県高松市松縄町１１０４－２" }, "geometry": { "type": "Point", "coordinates": [ 134.061938, 34.315464 ] } },
{ "type": "Feature", "properties": { "ID": 3733370501680, "正式名称": "ひまわり歯科医院", "機関区分": 3, "都道府県コード": 37, "市区町村コード": 201, "所在地": "香川県高松市松縄町１１４３－３", "緯度": 34.310547, "経度": 134.061577, "url": "https://www.iryou.teikyouseido.mhlw.go.jp/znk-web/juminkanja/S2430/initialize?prefCd=37&kikanCd=3370501680&kikanKbn=3", "url2": null, "内容": "ひまわり歯科医院【3:歯科】香川県高松市松縄町１１４３－３" }, "geometry": { "type": "Point", "coordinates": [ 134.061577, 34.310547 ] } },
{ "type": "Feature", "properties": { "ID": 3733370501710, "正式名称": "平田歯科医院", "機関区分": 3, "都道府県コード": 37, "市区町村コード": 201, "所在地": "香川県高松市紺屋町４－７", "緯度": 34.344821, "経度": 134.047133, "url": "https://www.iryou.teikyouseido.mhlw.go.jp/znk-web/juminkanja/S2430/initialize?prefCd=37&kikanCd=3370501710&kikanKbn=3", "url2": "hirata.main.jp", "内容": "平田歯科医院【3:歯科】香川県高松市紺屋町４－７" }, "geometry": { "type": "Point", "coordinates": [ 134.047133, 34.344821 ] } },
{ "type": "Feature", "properties": { "ID": 3733370501720, "正式名称": "医療法人白樹会フラワー歯科", "機関区分": 3, "都道府県コード": 37, "市区町村コード": 201, "所在地": "香川県高松市三条町６０８－１　ゆめタウン高松２Ｆ", "緯度": 34.31663, "経度": 134.041607, "url": "https://www.iryou.teikyouseido.mhlw.go.jp/znk-web/juminkanja/S2430/initialize?prefCd=37&kikanCd=3370501720&kikanKbn=3", "url2": "http://www.flower-sika.com", "内容": "医療法人白樹会フラワー歯科【3:歯科】香川県高松市三条町６０８－１　ゆめタウン高松２Ｆ" }, "geometry": { "type": "Point", "coordinates": [ 134.041607, 34.31663 ] } },
{ "type": "Feature", "properties": { "ID": 3733370501730, "正式名称": "医療法人友慈会フレンズ歯科クリニック", "機関区分": 3, "都道府県コード": 37, "市区町村コード": 201, "所在地": "香川県高松市木太町５０２３－２５", "緯度": 34.316464, "経度": 134.06616, "url": "https://www.iryou.teikyouseido.mhlw.go.jp/znk-web/juminkanja/S2430/initialize?prefCd=37&kikanCd=3370501730&kikanKbn=3", "url2": "http://www.friends-dental.com/", "内容": "医療法人友慈会フレンズ歯科クリニック【3:歯科】香川県高松市木太町５０２３－２５" }, "geometry": { "type": "Point", "coordinates": [ 134.06616, 34.316464 ] } },
{ "type": "Feature", "properties": { "ID": 3733370501740, "正式名称": "はまおか歯科医院", "機関区分": 3, "都道府県コード": 37, "市区町村コード": 201, "所在地": "香川県高松市新田町甲６５３－１０", "緯度": 34.325741, "経度": 134.101851, "url": "https://www.iryou.teikyouseido.mhlw.go.jp/znk-web/juminkanja/S2430/initialize?prefCd=37&kikanCd=3370501740&kikanKbn=3", "url2": "http://www.hamaokashika.net/", "内容": "はまおか歯科医院【3:歯科】香川県高松市新田町甲６５３－１０" }, "geometry": { "type": "Point", "coordinates": [ 134.101851, 34.325741 ] } },
{ "type": "Feature", "properties": { "ID": 3733370501750, "正式名称": "フチダ歯科医院", "機関区分": 3, "都道府県コード": 37, "市区町村コード": 201, "所在地": "香川県高松市香川町大野１３２０－１", "緯度": 34.267662, "経度": 134.024694, "url": "https://www.iryou.teikyouseido.mhlw.go.jp/znk-web/juminkanja/S2430/initialize?prefCd=37&kikanCd=3370501750&kikanKbn=3", "url2": null, "内容": "フチダ歯科医院【3:歯科】香川県高松市香川町大野１３２０－１" }, "geometry": { "type": "Point", "coordinates": [ 134.024694, 34.267662 ] } },
{ "type": "Feature", "properties": { "ID": 3733370501770, "正式名称": "医療法人社団林歯科医院", "機関区分": 3, "都道府県コード": 37, "市区町村コード": 201, "所在地": "香川県高松市高松町５－８", "緯度": 34.336684, "経度": 134.107267, "url": "https://www.iryou.teikyouseido.mhlw.go.jp/znk-web/juminkanja/S2430/initialize?prefCd=37&kikanCd=3370501770&kikanKbn=3", "url2": "http://www.hayashishika.info/", "内容": "医療法人社団林歯科医院【3:歯科】香川県高松市高松町５－８" }, "geometry": { "type": "Point", "coordinates": [ 134.107267, 34.336684 ] } },
{ "type": "Feature", "properties": { "ID": 3733370501780, "正式名称": "ハッピーデンタルクリニック", "機関区分": 3, "都道府県コード": 37, "市区町村コード": 201, "所在地": "香川県高松市檀紙町７５７－６", "緯度": 34.298936, "経度": 133.996694, "url": "https://www.iryou.teikyouseido.mhlw.go.jp/znk-web/juminkanja/S2430/initialize?prefCd=37&kikanCd=3370501780&kikanKbn=3", "url2": null, "内容": "ハッピーデンタルクリニック【3:歯科】香川県高松市檀紙町７５７－６" }, "geometry": { "type": "Point", "coordinates": [ 133.996694, 34.298936 ] } },
{ "type": "Feature", "properties": { "ID": 3733370501790, "正式名称": "医療法人　ふくもと歯科クリニック", "機関区分": 3, "都道府県コード": 37, "市区町村コード": 201, "所在地": "香川県高松市太田下町３０３８－１２", "緯度": 34.3031, "経度": 134.052234, "url": "https://www.iryou.teikyouseido.mhlw.go.jp/znk-web/juminkanja/S2430/initialize?prefCd=37&kikanCd=3370501790&kikanKbn=3", "url2": "http://www.fukumoto-dental.com", "内容": "医療法人　ふくもと歯科クリニック【3:歯科】香川県高松市太田下町３０３８－１２" }, "geometry": { "type": "Point", "coordinates": [ 134.052234, 34.3031 ] } },
{ "type": "Feature", "properties": { "ID": 3733370501800, "正式名称": "医療法人社団　裕歯科クリニック", "機関区分": 3, "都道府県コード": 37, "市区町村コード": 201, "所在地": "香川県高松市上林町６５－１", "緯度": 34.291507, "経度": 134.074779, "url": "https://www.iryou.teikyouseido.mhlw.go.jp/znk-web/juminkanja/S2430/initialize?prefCd=37&kikanCd=3370501800&kikanKbn=3", "url2": "http://www.hiroshi-dc.com/", "内容": "医療法人社団　裕歯科クリニック【3:歯科】香川県高松市上林町６５－１" }, "geometry": { "type": "Point", "coordinates": [ 134.074779, 34.291507 ] } },
{ "type": "Feature", "properties": { "ID": 3733370501810, "正式名称": "はる歯科診療室", "機関区分": 3, "都道府県コード": 37, "市区町村コード": 201, "所在地": "香川県高松市西町１３－３１", "緯度": 34.347556, "経度": 134.026075, "url": "https://www.iryou.teikyouseido.mhlw.go.jp/znk-web/juminkanja/S2430/initialize?prefCd=37&kikanCd=3370501810&kikanKbn=3", "url2": "https://haru-do.com/", "内容": "はる歯科診療室【3:歯科】香川県高松市西町１３－３１" }, "geometry": { "type": "Point", "coordinates": [ 134.026075, 34.347556 ] } },
{ "type": "Feature", "properties": { "ID": 3733370501820, "正式名称": "藤塚歯科クリニック", "機関区分": 3, "都道府県コード": 37, "市区町村コード": 201, "所在地": "香川県高松市藤塚町１－７－２５", "緯度": 34.334146, "経度": 134.048514, "url": "https://www.iryou.teikyouseido.mhlw.go.jp/znk-web/juminkanja/S2430/initialize?prefCd=37&kikanCd=3370501820&kikanKbn=3", "url2": "http://fujituka-dc.com/", "内容": "藤塚歯科クリニック【3:歯科】香川県高松市藤塚町１－７－２５" }, "geometry": { "type": "Point", "coordinates": [ 134.048514, 34.334146 ] } },
{ "type": "Feature", "properties": { "ID": 3733370501920, "正式名称": "宮脇歯科医院", "機関区分": 3, "都道府県コード": 37, "市区町村コード": 201, "所在地": "香川県高松市下田井町６３３－１", "緯度": 34.291494, "経度": 134.089215, "url": "https://www.iryou.teikyouseido.mhlw.go.jp/znk-web/juminkanja/S2430/initialize?prefCd=37&kikanCd=3370501920&kikanKbn=3", "url2": null, "内容": "宮脇歯科医院【3:歯科】香川県高松市下田井町６３３－１" }, "geometry": { "type": "Point", "coordinates": [ 134.089215, 34.291494 ] } },
{ "type": "Feature", "properties": { "ID": 3733370501930, "正式名称": "三谷歯科診療所", "機関区分": 3, "都道府県コード": 37, "市区町村コード": 201, "所在地": "香川県高松市内町１－５", "緯度": 34.34696, "経度": 134.049799, "url": "https://www.iryou.teikyouseido.mhlw.go.jp/znk-web/juminkanja/S2430/initialize?prefCd=37&kikanCd=3370501930&kikanKbn=3", "url2": "http://www2.odn.ne.jp/mitani_sika/", "内容": "三谷歯科診療所【3:歯科】香川県高松市内町１－５" }, "geometry": { "type": "Point", "coordinates": [ 134.049799, 34.34696 ] } },
{ "type": "Feature", "properties": { "ID": 3733370501940, "正式名称": "松井歯科医院", "機関区分": 3, "都道府県コード": 37, "市区町村コード": 201, "所在地": "香川県高松市木太町２３５１－３", "緯度": 34.33399, "経度": 134.074214, "url": "https://www.iryou.teikyouseido.mhlw.go.jp/znk-web/juminkanja/S2430/initialize?prefCd=37&kikanCd=3370501940&kikanKbn=3", "url2": null, "内容": "松井歯科医院【3:歯科】香川県高松市木太町２３５１－３" }, "geometry": { "type": "Point", "coordinates": [ 134.074214, 34.33399 ] } },
{ "type": "Feature", "properties": { "ID": 3733370501950, "正式名称": "三好歯科医院", "機関区分": 3, "都道府県コード": 37, "市区町村コード": 201, "所在地": "香川県高松市栗林町二丁目１６－１４－２Ｆ", "緯度": 34.329573, "経度": 134.048883, "url": "https://www.iryou.teikyouseido.mhlw.go.jp/znk-web/juminkanja/S2430/initialize?prefCd=37&kikanCd=3370501950&kikanKbn=3", "url2": null, "内容": "三好歯科医院【3:歯科】香川県高松市栗林町二丁目１６－１４－２Ｆ" }, "geometry": { "type": "Point", "coordinates": [ 134.048883, 34.329573 ] } },
{ "type": "Feature", "properties": { "ID": 3733370501980, "正式名称": "丸の内歯科", "機関区分": 3, "都道府県コード": 37, "市区町村コード": 201, "所在地": "香川県高松市丸の内１１－１５－５Ｆ", "緯度": 34.347016, "経度": 134.052882, "url": "https://www.iryou.teikyouseido.mhlw.go.jp/znk-web/juminkanja/S2430/initialize?prefCd=37&kikanCd=3370501980&kikanKbn=3", "url2": null, "内容": "丸の内歯科【3:歯科】香川県高松市丸の内１１－１５－５Ｆ" }, "geometry": { "type": "Point", "coordinates": [ 134.052882, 34.347016 ] } },
{ "type": "Feature", "properties": { "ID": 3733370501990, "正式名称": "医療法人社団松本歯科", "機関区分": 3, "都道府県コード": 37, "市区町村コード": 201, "所在地": "香川県高松市川島東町２７５－１", "緯度": 34.276857, "経度": 134.093549, "url": "https://www.iryou.teikyouseido.mhlw.go.jp/znk-web/juminkanja/S2430/initialize?prefCd=37&kikanCd=3370501990&kikanKbn=3", "url2": "www.matsumoto-dc.com", "内容": "医療法人社団松本歯科【3:歯科】香川県高松市川島東町２７５－１" }, "geometry": { "type": "Point", "coordinates": [ 134.093549, 34.276857 ] } },
{ "type": "Feature", "properties": { "ID": 3733370502000, "正式名称": "医療法人社団セラ松崎ファミリー歯科矯正歯科", "機関区分": 3, "都道府県コード": 37, "市区町村コード": 201, "所在地": "香川県高松市中央町１－５　ＭＢＳビル６階", "緯度": 34.33685, "経度": 134.046689, "url": "https://www.iryou.teikyouseido.mhlw.go.jp/znk-web/juminkanja/S2430/initialize?prefCd=37&kikanCd=3370502000&kikanKbn=3", "url2": "http://www.matsuzaki-dental.com/", "内容": "医療法人社団セラ松崎ファミリー歯科矯正歯科【3:歯科】香川県高松市中央町１－５　ＭＢＳビル６階" }, "geometry": { "type": "Point", "coordinates": [ 134.046689, 34.33685 ] } },
{ "type": "Feature", "properties": { "ID": 3733370502010, "正式名称": "もりい矯正歯科クリニック", "機関区分": 3, "都道府県コード": 37, "市区町村コード": 201, "所在地": "香川県高松市片原町１０－２０", "緯度": 34.345599, "経度": 134.051882, "url": "https://www.iryou.teikyouseido.mhlw.go.jp/znk-web/juminkanja/S2430/initialize?prefCd=37&kikanCd=3370502010&kikanKbn=3", "url2": "http://www.moriikyousei.jp", "内容": "もりい矯正歯科クリニック【3:歯科】香川県高松市片原町１０－２０" }, "geometry": { "type": "Point", "coordinates": [ 134.051882, 34.345599 ] } },
{ "type": "Feature", "properties": { "ID": 3733370502020, "正式名称": "まつした歯科医院", "機関区分": 3, "都道府県コード": 37, "市区町村コード": 201, "所在地": "香川県高松市上福岡町９１６－４", "緯度": 34.327685, "経度": 134.066382, "url": "https://www.iryou.teikyouseido.mhlw.go.jp/znk-web/juminkanja/S2430/initialize?prefCd=37&kikanCd=3370502020&kikanKbn=3", "url2": "matsushitashika.dentalmall.jp/", "内容": "まつした歯科医院【3:歯科】香川県高松市上福岡町９１６－４" }, "geometry": { "type": "Point", "coordinates": [ 134.066382, 34.327685 ] } },
{ "type": "Feature", "properties": { "ID": 3733370502030, "正式名称": "守田歯科医院", "機関区分": 3, "都道府県コード": 37, "市区町村コード": 201, "所在地": "香川県高松市太田上町８７４－３", "緯度": 34.299965, "経度": 134.044163, "url": "https://www.iryou.teikyouseido.mhlw.go.jp/znk-web/juminkanja/S2430/initialize?prefCd=37&kikanCd=3370502030&kikanKbn=3", "url2": "http://wwwd.pikara.ne.jp/morita-dc/", "内容": "守田歯科医院【3:歯科】香川県高松市太田上町８７４－３" }, "geometry": { "type": "Point", "coordinates": [ 134.044163, 34.299965 ] } },
{ "type": "Feature", "properties": { "ID": 3733370502040, "正式名称": "松本歯科診療所", "機関区分": 3, "都道府県コード": 37, "市区町村コード": 201, "所在地": "香川県高松市国分寺町新居１０９１－１", "緯度": 34.312296, "経度": 133.966835, "url": "https://www.iryou.teikyouseido.mhlw.go.jp/znk-web/juminkanja/S2430/initialize?prefCd=37&kikanCd=3370502040&kikanKbn=3", "url2": null, "内容": "松本歯科診療所【3:歯科】香川県高松市国分寺町新居１０９１－１" }, "geometry": { "type": "Point", "coordinates": [ 133.966835, 34.312296 ] } },
{ "type": "Feature", "properties": { "ID": 3733370502050, "正式名称": "みやわき歯科医院", "機関区分": 3, "都道府県コード": 37, "市区町村コード": 201, "所在地": "香川県高松市国分寺町福家甲２６３７－１", "緯度": 34.280327, "経度": 133.967059, "url": "https://www.iryou.teikyouseido.mhlw.go.jp/znk-web/juminkanja/S2430/initialize?prefCd=37&kikanCd=3370502050&kikanKbn=3", "url2": null, "内容": "みやわき歯科医院【3:歯科】香川県高松市国分寺町福家甲２６３７－１" }, "geometry": { "type": "Point", "coordinates": [ 133.967059, 34.280327 ] } },
{ "type": "Feature", "properties": { "ID": 3733370502060, "正式名称": "溝渕歯科医院", "機関区分": 3, "都道府県コード": 37, "市区町村コード": 201, "所在地": "香川県高松市庵治町６３８５－１８", "緯度": 34.38368, "経度": 134.127957, "url": "https://www.iryou.teikyouseido.mhlw.go.jp/znk-web/juminkanja/S2430/initialize?prefCd=37&kikanCd=3370502060&kikanKbn=3", "url2": null, "内容": "溝渕歯科医院【3:歯科】香川県高松市庵治町６３８５－１８" }, "geometry": { "type": "Point", "coordinates": [ 134.127957, 34.38368 ] } },
{ "type": "Feature", "properties": { "ID": 3733370502070, "正式名称": "三谷歯科医院", "機関区分": 3, "都道府県コード": 37, "市区町村コード": 201, "所在地": "香川県高松市牟礼町牟礼２５３３－２", "緯度": 34.348461, "経度": 134.123265, "url": "https://www.iryou.teikyouseido.mhlw.go.jp/znk-web/juminkanja/S2430/initialize?prefCd=37&kikanCd=3370502070&kikanKbn=3", "url2": "http://www.mitani-dc.com", "内容": "三谷歯科医院【3:歯科】香川県高松市牟礼町牟礼２５３３－２" }, "geometry": { "type": "Point", "coordinates": [ 134.123265, 34.348461 ] } },
{ "type": "Feature", "properties": { "ID": 3733370502080, "正式名称": "松木歯科医院", "機関区分": 3, "都道府県コード": 37, "市区町村コード": 201, "所在地": "香川県高松市牟礼町牟礼２１１２－１", "緯度": 34.343017, "経度": 134.128209, "url": "https://www.iryou.teikyouseido.mhlw.go.jp/znk-web/juminkanja/S2430/initialize?prefCd=37&kikanCd=3370502080&kikanKbn=3", "url2": null, "内容": "松木歯科医院【3:歯科】香川県高松市牟礼町牟礼２１１２－１" }, "geometry": { "type": "Point", "coordinates": [ 134.128209, 34.343017 ] } },
{ "type": "Feature", "properties": { "ID": 3733370502090, "正式名称": "医療法人社団みつもり歯科医院", "機関区分": 3, "都道府県コード": 37, "市区町村コード": 201, "所在地": "香川県高松市西山崎町８８６－１", "緯度": 34.27705, "経度": 133.994501, "url": "https://www.iryou.teikyouseido.mhlw.go.jp/znk-web/juminkanja/S2430/initialize?prefCd=37&kikanCd=3370502090&kikanKbn=3", "url2": "www.mitsumori-dental.com", "内容": "医療法人社団みつもり歯科医院【3:歯科】香川県高松市西山崎町８８６－１" }, "geometry": { "type": "Point", "coordinates": [ 133.994501, 34.27705 ] } },
{ "type": "Feature", "properties": { "ID": 3733370502100, "正式名称": "医療法人社団佑逵会美美歯科", "機関区分": 3, "都道府県コード": 37, "市区町村コード": 201, "所在地": "香川県高松市多肥下町１５４８－１４", "緯度": 34.301493, "経度": 134.059522, "url": "https://www.iryou.teikyouseido.mhlw.go.jp/znk-web/juminkanja/S2430/initialize?prefCd=37&kikanCd=3370502100&kikanKbn=3", "url2": "http://www.mimi-dc.com", "内容": "医療法人社団佑逵会美美歯科【3:歯科】香川県高松市多肥下町１５４８－１４" }, "geometry": { "type": "Point", "coordinates": [ 134.059522, 34.301493 ] } },
{ "type": "Feature", "properties": { "ID": 3733370502110, "正式名称": "医療法人社団溝渕歯科診療所", "機関区分": 3, "都道府県コード": 37, "市区町村コード": 201, "所在地": "香川県高松市中山町８１１－６", "緯度": 34.357437, "経度": 133.970401, "url": "https://www.iryou.teikyouseido.mhlw.go.jp/znk-web/juminkanja/S2430/initialize?prefCd=37&kikanCd=3370502110&kikanKbn=3", "url2": null, "内容": "医療法人社団溝渕歯科診療所【3:歯科】香川県高松市中山町８１１－６" }, "geometry": { "type": "Point", "coordinates": [ 133.970401, 34.357437 ] } },
{ "type": "Feature", "properties": { "ID": 3733370502120, "正式名称": "みたに歯科クリニック", "機関区分": 3, "都道府県コード": 37, "市区町村コード": 201, "所在地": "香川県高松市林町１３０８－１５", "緯度": 34.299438, "経度": 134.07966, "url": "https://www.iryou.teikyouseido.mhlw.go.jp/znk-web/juminkanja/S2430/initialize?prefCd=37&kikanCd=3370502120&kikanKbn=3", "url2": "http://www.mitani-dental.com", "内容": "みたに歯科クリニック【3:歯科】香川県高松市林町１３０８－１５" }, "geometry": { "type": "Point", "coordinates": [ 134.07966, 34.299438 ] } },
{ "type": "Feature", "properties": { "ID": 3733370502130, "正式名称": "みき歯科医院", "機関区分": 3, "都道府県コード": 37, "市区町村コード": 201, "所在地": "香川県高松市鶴市町２０２２－１９", "緯度": 34.340315, "経度": 134.009578, "url": "https://www.iryou.teikyouseido.mhlw.go.jp/znk-web/juminkanja/S2430/initialize?prefCd=37&kikanCd=3370502130&kikanKbn=3", "url2": null, "内容": "みき歯科医院【3:歯科】香川県高松市鶴市町２０２２－１９" }, "geometry": { "type": "Point", "coordinates": [ 134.009578, 34.340315 ] } },
{ "type": "Feature", "properties": { "ID": 3733370502140, "正式名称": "医療法人社団山下歯科医院", "機関区分": 3, "都道府県コード": 37, "市区町村コード": 201, "所在地": "香川県高松市太田上町１００４－１", "緯度": 34.30112, "経度": 134.03996, "url": "https://www.iryou.teikyouseido.mhlw.go.jp/znk-web/juminkanja/S2430/initialize?prefCd=37&kikanCd=3370502140&kikanKbn=3", "url2": null, "内容": "医療法人社団山下歯科医院【3:歯科】香川県高松市太田上町１００４－１" }, "geometry": { "type": "Point", "coordinates": [ 134.03996, 34.30112 ] } },
{ "type": "Feature", "properties": { "ID": 3733370502150, "正式名称": "山口歯科診療所", "機関区分": 3, "都道府県コード": 37, "市区町村コード": 201, "所在地": "香川県高松市番町三丁目２－１－３Ｆ", "緯度": 34.342766, "経度": 134.043216, "url": "https://www.iryou.teikyouseido.mhlw.go.jp/znk-web/juminkanja/S2430/initialize?prefCd=37&kikanCd=3370502150&kikanKbn=3", "url2": null, "内容": "山口歯科診療所【3:歯科】香川県高松市番町三丁目２－１－３Ｆ" }, "geometry": { "type": "Point", "coordinates": [ 134.043216, 34.342766 ] } },
{ "type": "Feature", "properties": { "ID": 3733370502160, "正式名称": "吉田歯科医院", "機関区分": 3, "都道府県コード": 37, "市区町村コード": 201, "所在地": "香川県高松市多肥上町１８４２－５", "緯度": 34.282495, "経度": 134.053941, "url": "https://www.iryou.teikyouseido.mhlw.go.jp/znk-web/juminkanja/S2430/initialize?prefCd=37&kikanCd=3370502160&kikanKbn=3", "url2": "yoshida-shika-tmj.jp", "内容": "吉田歯科医院【3:歯科】香川県高松市多肥上町１８４２－５" }, "geometry": { "type": "Point", "coordinates": [ 134.053941, 34.282495 ] } },
{ "type": "Feature", "properties": { "ID": 3733370502190, "正式名称": "やすとみ歯科医院", "機関区分": 3, "都道府県コード": 37, "市区町村コード": 201, "所在地": "香川県高松市太田上町３９２－１", "緯度": 34.296053, "経度": 134.043471, "url": "https://www.iryou.teikyouseido.mhlw.go.jp/znk-web/juminkanja/S2430/initialize?prefCd=37&kikanCd=3370502190&kikanKbn=3", "url2": "http://yasutomi-dental.com", "内容": "やすとみ歯科医院【3:歯科】香川県高松市太田上町３９２－１" }, "geometry": { "type": "Point", "coordinates": [ 134.043471, 34.296053 ] } },
{ "type": "Feature", "properties": { "ID": 3733370502220, "正式名称": "ヨネダ歯科医院", "機関区分": 3, "都道府県コード": 37, "市区町村コード": 201, "所在地": "香川県高松市今新町４－７　２Ｆ", "緯度": 34.342516, "経度": 134.047383, "url": "https://www.iryou.teikyouseido.mhlw.go.jp/znk-web/juminkanja/S2430/initialize?prefCd=37&kikanCd=3370502220&kikanKbn=3", "url2": null, "内容": "ヨネダ歯科医院【3:歯科】香川県高松市今新町４－７　２Ｆ" }, "geometry": { "type": "Point", "coordinates": [ 134.047383, 34.342516 ] } },
{ "type": "Feature", "properties": { "ID": 3733370502230, "正式名称": "山内歯科医院", "機関区分": 3, "都道府県コード": 37, "市区町村コード": 201, "所在地": "香川県高松市香西本町４８６－６", "緯度": 34.347015, "経度": 133.998359, "url": "https://www.iryou.teikyouseido.mhlw.go.jp/znk-web/juminkanja/S2430/initialize?prefCd=37&kikanCd=3370502230&kikanKbn=3", "url2": null, "内容": "山内歯科医院【3:歯科】香川県高松市香西本町４８６－６" }, "geometry": { "type": "Point", "coordinates": [ 133.998359, 34.347015 ] } },
{ "type": "Feature", "properties": { "ID": 3733370502240, "正式名称": "医療法人社団吉翔会吉本歯科医院", "機関区分": 3, "都道府県コード": 37, "市区町村コード": 201, "所在地": "香川県高松市屋島西町１９６８－９", "緯度": 34.336906, "経度": 134.100295, "url": "https://www.iryou.teikyouseido.mhlw.go.jp/znk-web/juminkanja/S2430/initialize?prefCd=37&kikanCd=3370502240&kikanKbn=3", "url2": "https://www.8181118.com/", "内容": "医療法人社団吉翔会吉本歯科医院【3:歯科】香川県高松市屋島西町１９６８－９" }, "geometry": { "type": "Point", "coordinates": [ 134.100295, 34.336906 ] } },
{ "type": "Feature", "properties": { "ID": 3733370502250, "正式名称": "やの歯科医院", "機関区分": 3, "都道府県コード": 37, "市区町村コード": 201, "所在地": "香川県高松市鶴市町２０３３－３", "緯度": 34.338655, "経度": 134.013247, "url": "https://www.iryou.teikyouseido.mhlw.go.jp/znk-web/juminkanja/S2430/initialize?prefCd=37&kikanCd=3370502250&kikanKbn=3", "url2": null, "内容": "やの歯科医院【3:歯科】香川県高松市鶴市町２０３３－３" }, "geometry": { "type": "Point", "coordinates": [ 134.013247, 34.338655 ] } },
{ "type": "Feature", "properties": { "ID": 3733370502260, "正式名称": "医療法人社団弘誠会やくり歯科", "機関区分": 3, "都道府県コード": 37, "市区町村コード": 201, "所在地": "香川県高松市牟礼町牟礼２４３１－１", "緯度": 34.345073, "経度": 134.123126, "url": "https://www.iryou.teikyouseido.mhlw.go.jp/znk-web/juminkanja/S2430/initialize?prefCd=37&kikanCd=3370502260&kikanKbn=3", "url2": "http://www.yakuri-shika.com", "内容": "医療法人社団弘誠会やくり歯科【3:歯科】香川県高松市牟礼町牟礼２４３１－１" }, "geometry": { "type": "Point", "coordinates": [ 134.123126, 34.345073 ] } },
{ "type": "Feature", "properties": { "ID": 3733370502270, "正式名称": "医療法人　よしもと歯科クリニック", "機関区分": 3, "都道府県コード": 37, "市区町村コード": 201, "所在地": "香川県高松市国分寺町新居１７９６－１", "緯度": 34.303991, "経度": 133.961668, "url": "https://www.iryou.teikyouseido.mhlw.go.jp/znk-web/juminkanja/S2430/initialize?prefCd=37&kikanCd=3370502270&kikanKbn=3", "url2": "http://www7b.biglobe.ne.jp/~yoshimoto-shika/", "内容": "医療法人　よしもと歯科クリニック【3:歯科】香川県高松市国分寺町新居１７９６－１" }, "geometry": { "type": "Point", "coordinates": [ 133.961668, 34.303991 ] } },
{ "type": "Feature", "properties": { "ID": 3733370502290, "正式名称": "樫デンタルクリニック", "機関区分": 3, "都道府県コード": 37, "市区町村コード": 201, "所在地": "香川県高松市木太町１２４５－１", "緯度": 34.31988, "経度": 134.072048, "url": "https://www.iryou.teikyouseido.mhlw.go.jp/znk-web/juminkanja/S2430/initialize?prefCd=37&kikanCd=3370502290&kikanKbn=3", "url2": "http://kashi-dc.com/", "内容": "樫デンタルクリニック【3:歯科】香川県高松市木太町１２４５－１" }, "geometry": { "type": "Point", "coordinates": [ 134.072048, 34.31988 ] } },
{ "type": "Feature", "properties": { "ID": 3733370502300, "正式名称": "かみやま歯科医院", "機関区分": 3, "都道府県コード": 37, "市区町村コード": 201, "所在地": "香川県高松市木太町１１４５－１　新和開発ビル１Ｆ", "緯度": 34.322314, "経度": 134.068369, "url": "https://www.iryou.teikyouseido.mhlw.go.jp/znk-web/juminkanja/S2430/initialize?prefCd=37&kikanCd=3370502300&kikanKbn=3", "url2": null, "内容": "かみやま歯科医院【3:歯科】香川県高松市木太町１１４５－１　新和開発ビル１Ｆ" }, "geometry": { "type": "Point", "coordinates": [ 134.068369, 34.322314 ] } },
{ "type": "Feature", "properties": { "ID": 3733370502310, "正式名称": "ＪＵＮ歯科クリニック", "機関区分": 3, "都道府県コード": 37, "市区町村コード": 201, "所在地": "香川県高松市常磐町２丁目８番地１０　Ｍａｃｒｏｐｈａｇｅ　Ｂｌｄｇ", "緯度": 34.337461, "経度": 134.051355, "url": "https://www.iryou.teikyouseido.mhlw.go.jp/znk-web/juminkanja/S2430/initialize?prefCd=37&kikanCd=3370502310&kikanKbn=3", "url2": "http://www.jun-dc.com", "内容": "ＪＵＮ歯科クリニック【3:歯科】香川県高松市常磐町２丁目８番地１０　Ｍａｃｒｏｐｈａｇｅ　Ｂｌｄｇ" }, "geometry": { "type": "Point", "coordinates": [ 134.051355, 34.337461 ] } },
{ "type": "Feature", "properties": { "ID": 3733370502320, "正式名称": "つばさ歯科医院", "機関区分": 3, "都道府県コード": 37, "市区町村コード": 201, "所在地": "香川県高松市西宝町１丁目４－２１", "緯度": 34.341287, "経度": 134.030667, "url": "https://www.iryou.teikyouseido.mhlw.go.jp/znk-web/juminkanja/S2430/initialize?prefCd=37&kikanCd=3370502320&kikanKbn=3", "url2": "http://www.tubasa-shika.jp/", "内容": "つばさ歯科医院【3:歯科】香川県高松市西宝町１丁目４－２１" }, "geometry": { "type": "Point", "coordinates": [ 134.030667, 34.341287 ] } },
{ "type": "Feature", "properties": { "ID": 3733370502330, "正式名称": "医療法人社団もりぐち歯科クリニック", "機関区分": 3, "都道府県コード": 37, "市区町村コード": 201, "所在地": "香川県高松市木太町２３４１－２", "緯度": 34.335531, "経度": 134.07265, "url": "https://www.iryou.teikyouseido.mhlw.go.jp/znk-web/juminkanja/S2430/initialize?prefCd=37&kikanCd=3370502330&kikanKbn=3", "url2": "http://moriguchi-dental.com/", "内容": "医療法人社団もりぐち歯科クリニック【3:歯科】香川県高松市木太町２３４１－２" }, "geometry": { "type": "Point", "coordinates": [ 134.07265, 34.335531 ] } },
{ "type": "Feature", "properties": { "ID": 3733370502360, "正式名称": "かさいデンタルクリニック", "機関区分": 3, "都道府県コード": 37, "市区町村コード": 201, "所在地": "香川県高松市香川町大野１４９－１", "緯度": 34.263524, "経度": 134.030804, "url": "https://www.iryou.teikyouseido.mhlw.go.jp/znk-web/juminkanja/S2430/initialize?prefCd=37&kikanCd=3370502360&kikanKbn=3", "url2": "http://kdc2010.jp/", "内容": "かさいデンタルクリニック【3:歯科】香川県高松市香川町大野１４９－１" }, "geometry": { "type": "Point", "coordinates": [ 134.030804, 34.263524 ] } },
{ "type": "Feature", "properties": { "ID": 3733370502370, "正式名称": "町田歯科クリニック", "機関区分": 3, "都道府県コード": 37, "市区町村コード": 201, "所在地": "香川県高松市多肥下町１５８７－１１", "緯度": 34.298701, "経度": 134.053332, "url": "https://www.iryou.teikyouseido.mhlw.go.jp/znk-web/juminkanja/S2430/initialize?prefCd=37&kikanCd=3370502370&kikanKbn=3", "url2": null, "内容": "町田歯科クリニック【3:歯科】香川県高松市多肥下町１５８７－１１" }, "geometry": { "type": "Point", "coordinates": [ 134.053332, 34.298701 ] } },
{ "type": "Feature", "properties": { "ID": 3733370502390, "正式名称": "香川大学前はこざき歯科医院", "機関区分": 3, "都道府県コード": 37, "市区町村コード": 201, "所在地": "香川県高松市番町３丁目２０－１５", "緯度": 34.342267, "経度": 134.038544, "url": "https://www.iryou.teikyouseido.mhlw.go.jp/znk-web/juminkanja/S2430/initialize?prefCd=37&kikanCd=3370502390&kikanKbn=3", "url2": "takamatsu418.com", "内容": "香川大学前はこざき歯科医院【3:歯科】香川県高松市番町３丁目２０－１５" }, "geometry": { "type": "Point", "coordinates": [ 134.038544, 34.342267 ] } },
{ "type": "Feature", "properties": { "ID": 3733370502400, "正式名称": "アップル矯正歯科・小児歯科", "機関区分": 3, "都道府県コード": 37, "市区町村コード": 201, "所在地": "香川県高松市太田上町４２０番地１", "緯度": 34.29741, "経度": 134.040274, "url": "https://www.iryou.teikyouseido.mhlw.go.jp/znk-web/juminkanja/S2430/initialize?prefCd=37&kikanCd=3370502400&kikanKbn=3", "url2": "https://apple-ped.com/", "内容": "アップル矯正歯科・小児歯科【3:歯科】香川県高松市太田上町４２０番地１" }, "geometry": { "type": "Point", "coordinates": [ 134.040274, 34.29741 ] } },
{ "type": "Feature", "properties": { "ID": 3733370502420, "正式名称": "にしくぼ歯科医院", "機関区分": 3, "都道府県コード": 37, "市区町村コード": 201, "所在地": "香川県高松市扇町２丁目７－１岡ビル１階", "緯度": 34.344016, "経度": 134.038717, "url": "https://www.iryou.teikyouseido.mhlw.go.jp/znk-web/juminkanja/S2430/initialize?prefCd=37&kikanCd=3370502420&kikanKbn=3", "url2": null, "内容": "にしくぼ歯科医院【3:歯科】香川県高松市扇町２丁目７－１岡ビル１階" }, "geometry": { "type": "Point", "coordinates": [ 134.038717, 34.344016 ] } },
{ "type": "Feature", "properties": { "ID": 3733370502430, "正式名称": "医療法人社団　丸亀町ハビット歯科クリニック", "機関区分": 3, "都道府県コード": 37, "市区町村コード": 201, "所在地": "香川県高松市丸亀町１３－３丸亀町商店街参番街東館３階", "緯度": 34.344405, "経度": 134.050549, "url": "https://www.iryou.teikyouseido.mhlw.go.jp/znk-web/juminkanja/S2430/initialize?prefCd=37&kikanCd=3370502430&kikanKbn=3", "url2": "http://habit.dc.com/", "内容": "医療法人社団　丸亀町ハビット歯科クリニック【3:歯科】香川県高松市丸亀町１３－３丸亀町商店街参番街東館３階" }, "geometry": { "type": "Point", "coordinates": [ 134.050549, 34.344405 ] } },
{ "type": "Feature", "properties": { "ID": 3733370502460, "正式名称": "長町歯科クリニック", "機関区分": 3, "都道府県コード": 37, "市区町村コード": 201, "所在地": "香川県高松市木太町２５６５－４", "緯度": 34.333688, "経度": 134.080134, "url": "https://www.iryou.teikyouseido.mhlw.go.jp/znk-web/juminkanja/S2430/initialize?prefCd=37&kikanCd=3370502460&kikanKbn=3", "url2": "http://nagamachi-dc.com/", "内容": "長町歯科クリニック【3:歯科】香川県高松市木太町２５６５－４" }, "geometry": { "type": "Point", "coordinates": [ 134.080134, 34.333688 ] } },
{ "type": "Feature", "properties": { "ID": 3733370502470, "正式名称": "マシマ歯科クリニック", "機関区分": 3, "都道府県コード": 37, "市区町村コード": 201, "所在地": "香川県高松市三谷町３８４－１", "緯度": 34.278301, "経度": 134.072828, "url": "https://www.iryou.teikyouseido.mhlw.go.jp/znk-web/juminkanja/S2430/initialize?prefCd=37&kikanCd=3370502470&kikanKbn=3", "url2": "http://www.mashima-dc.com", "内容": "マシマ歯科クリニック【3:歯科】香川県高松市三谷町３８４－１" }, "geometry": { "type": "Point", "coordinates": [ 134.072828, 34.278301 ] } },
{ "type": "Feature", "properties": { "ID": 3733370502480, "正式名称": "木太東歯科", "機関区分": 3, "都道府県コード": 37, "市区町村コード": 201, "所在地": "香川県高松市木太町３８６８", "緯度": 34.321743, "経度": 134.079247, "url": "https://www.iryou.teikyouseido.mhlw.go.jp/znk-web/juminkanja/S2430/initialize?prefCd=37&kikanCd=3370502480&kikanKbn=3", "url2": null, "内容": "木太東歯科【3:歯科】香川県高松市木太町３８６８" }, "geometry": { "type": "Point", "coordinates": [ 134.079247, 34.321743 ] } },
{ "type": "Feature", "properties": { "ID": 3733370502500, "正式名称": "平尾歯科クリニック", "機関区分": 3, "都道府県コード": 37, "市区町村コード": 201, "所在地": "香川県高松市多肥上町１２２３－１９", "緯度": 34.295333, "経度": 134.054206, "url": "https://www.iryou.teikyouseido.mhlw.go.jp/znk-web/juminkanja/S2430/initialize?prefCd=37&kikanCd=3370502500&kikanKbn=3", "url2": "user.j-connect.net/hirao-dental-clinic/", "内容": "平尾歯科クリニック【3:歯科】香川県高松市多肥上町１２２３－１９" }, "geometry": { "type": "Point", "coordinates": [ 134.054206, 34.295333 ] } },
{ "type": "Feature", "properties": { "ID": 3733370502510, "正式名称": "医療法人ＨＴＳ兵庫町歯科", "機関区分": 3, "都道府県コード": 37, "市区町村コード": 201, "所在地": "香川県高松市兵庫町２番地２", "緯度": 34.346488, "経度": 134.049132, "url": "https://www.iryou.teikyouseido.mhlw.go.jp/znk-web/juminkanja/S2430/initialize?prefCd=37&kikanCd=3370502510&kikanKbn=3", "url2": "https://hyogomachi-dc.com/", "内容": "医療法人ＨＴＳ兵庫町歯科【3:歯科】香川県高松市兵庫町２番地２" }, "geometry": { "type": "Point", "coordinates": [ 134.049132, 34.346488 ] } },
{ "type": "Feature", "properties": { "ID": 3733370502520, "正式名称": "医療法人社団グローバル会デンタルステーションりつりん歯科医院", "機関区分": 3, "都道府県コード": 37, "市区町村コード": 201, "所在地": "香川県高松市田村町３２１ー１", "緯度": 34.315291, "経度": 134.030098, "url": "https://www.iryou.teikyouseido.mhlw.go.jp/znk-web/juminkanja/S2430/initialize?prefCd=37&kikanCd=3370502520&kikanKbn=3", "url2": "http://global-kai.com/", "内容": "医療法人社団グローバル会デンタルステーションりつりん歯科医院【3:歯科】香川県高松市田村町３２１ー１" }, "geometry": { "type": "Point", "coordinates": [ 134.030098, 34.315291 ] } },
{ "type": "Feature", "properties": { "ID": 3733370502530, "正式名称": "西クリニック歯科", "機関区分": 3, "都道府県コード": 37, "市区町村コード": 201, "所在地": "香川県高松市一宮町７８３－７－１Ｆ", "緯度": 34.289419, "経度": 134.028194, "url": "https://www.iryou.teikyouseido.mhlw.go.jp/znk-web/juminkanja/S2430/initialize?prefCd=37&kikanCd=3370502530&kikanKbn=3", "url2": null, "内容": "西クリニック歯科【3:歯科】香川県高松市一宮町７８３－７－１Ｆ" }, "geometry": { "type": "Point", "coordinates": [ 134.028194, 34.289419 ] } },
{ "type": "Feature", "properties": { "ID": 3733370502540, "正式名称": "医療法人アルファ　高松駅前アルファ歯科クリニック", "機関区分": 3, "都道府県コード": 37, "市区町村コード": 201, "所在地": "香川県高松市西内町１－６", "緯度": 34.348076, "経度": 134.047618, "url": "https://www.iryou.teikyouseido.mhlw.go.jp/znk-web/juminkanja/S2430/initialize?prefCd=37&kikanCd=3370502540&kikanKbn=3", "url2": "http://www.a-dental.info", "内容": "医療法人アルファ　高松駅前アルファ歯科クリニック【3:歯科】香川県高松市西内町１－６" }, "geometry": { "type": "Point", "coordinates": [ 134.047618, 34.348076 ] } },
{ "type": "Feature", "properties": { "ID": 3733370502550, "正式名称": "医療法人フレッシュ歯科", "機関区分": 3, "都道府県コード": 37, "市区町村コード": 201, "所在地": "香川県高松市林町１１８３番地", "緯度": 34.294838, "経度": 134.0738, "url": "https://www.iryou.teikyouseido.mhlw.go.jp/znk-web/juminkanja/S2430/initialize?prefCd=37&kikanCd=3370502550&kikanKbn=3", "url2": null, "内容": "医療法人フレッシュ歯科【3:歯科】香川県高松市林町１１８３番地" }, "geometry": { "type": "Point", "coordinates": [ 134.0738, 34.294838 ] } },
{ "type": "Feature", "properties": { "ID": 3733370502570, "正式名称": "飯田歯科クリニック", "機関区分": 3, "都道府県コード": 37, "市区町村コード": 201, "所在地": "香川県高松市香川町川東下１３０１－４", "緯度": 34.249164, "経度": 134.02675, "url": "https://www.iryou.teikyouseido.mhlw.go.jp/znk-web/juminkanja/S2430/initialize?prefCd=37&kikanCd=3370502570&kikanKbn=3", "url2": "www.iida-dental.cc/", "内容": "飯田歯科クリニック【3:歯科】香川県高松市香川町川東下１３０１－４" }, "geometry": { "type": "Point", "coordinates": [ 134.02675, 34.249164 ] } },
{ "type": "Feature", "properties": { "ID": 3733370502580, "正式名称": "医療法人社団らく楽会らく楽歯科クリニック", "機関区分": 3, "都道府県コード": 37, "市区町村コード": 201, "所在地": "香川県高松市松福町２丁目４－４", "緯度": 34.343297, "経度": 134.065681, "url": "https://www.iryou.teikyouseido.mhlw.go.jp/znk-web/juminkanja/S2430/initialize?prefCd=37&kikanCd=3370502580&kikanKbn=3", "url2": "http://www.rakuraku-group.jp/raku-dental/", "内容": "医療法人社団らく楽会らく楽歯科クリニック【3:歯科】香川県高松市松福町２丁目４－４" }, "geometry": { "type": "Point", "coordinates": [ 134.065681, 34.343297 ] } },
{ "type": "Feature", "properties": { "ID": 3733370502590, "正式名称": "大石歯科クリニック", "機関区分": 3, "都道府県コード": 37, "市区町村コード": 201, "所在地": "香川県高松市観光通二丁目９－１２", "緯度": 34.335711, "経度": 134.057299, "url": "https://www.iryou.teikyouseido.mhlw.go.jp/znk-web/juminkanja/S2430/initialize?prefCd=37&kikanCd=3370502590&kikanKbn=3", "url2": null, "内容": "大石歯科クリニック【3:歯科】香川県高松市観光通二丁目９－１２" }, "geometry": { "type": "Point", "coordinates": [ 134.057299, 34.335711 ] } },
{ "type": "Feature", "properties": { "ID": 3733370502600, "正式名称": "医療法人社団桜樹会　こまつ歯科クリニック", "機関区分": 3, "都道府県コード": 37, "市区町村コード": 201, "所在地": "香川県高松市国分寺町新名字南川向６９４－１", "緯度": 34.289548, "経度": 133.961087, "url": "https://www.iryou.teikyouseido.mhlw.go.jp/znk-web/juminkanja/S2430/initialize?prefCd=37&kikanCd=3370502600&kikanKbn=3", "url2": null, "内容": "医療法人社団桜樹会　こまつ歯科クリニック【3:歯科】香川県高松市国分寺町新名字南川向６９４－１" }, "geometry": { "type": "Point", "coordinates": [ 133.961087, 34.289548 ] } },
{ "type": "Feature", "properties": { "ID": 3733370502630, "正式名称": "むね歯科クリニック", "機関区分": 3, "都道府県コード": 37, "市区町村コード": 201, "所在地": "香川県高松市今里町一丁目３１－３", "緯度": 34.325723, "経度": 134.05648, "url": "https://www.iryou.teikyouseido.mhlw.go.jp/znk-web/juminkanja/S2430/initialize?prefCd=37&kikanCd=3370502630&kikanKbn=3", "url2": "https://www.munedc.jp", "内容": "むね歯科クリニック【3:歯科】香川県高松市今里町一丁目３１－３" }, "geometry": { "type": "Point", "coordinates": [ 134.05648, 34.325723 ] } },
{ "type": "Feature", "properties": { "ID": 3733370502650, "正式名称": "ひらの歯科", "機関区分": 3, "都道府県コード": 37, "市区町村コード": 201, "所在地": "香川県高松市木太町２０６３－６", "緯度": 34.329664, "経度": 134.06919, "url": "https://www.iryou.teikyouseido.mhlw.go.jp/znk-web/juminkanja/S2430/initialize?prefCd=37&kikanCd=3370502650&kikanKbn=3", "url2": null, "内容": "ひらの歯科【3:歯科】香川県高松市木太町２０６３－６" }, "geometry": { "type": "Point", "coordinates": [ 134.06919, 34.329664 ] } },
{ "type": "Feature", "properties": { "ID": 3733370502660, "正式名称": "みき歯科三越通りクリニック", "機関区分": 3, "都道府県コード": 37, "市区町村コード": 201, "所在地": "香川県高松市丸の内１０－１６", "緯度": 34.347099, "経度": 134.052363, "url": "https://www.iryou.teikyouseido.mhlw.go.jp/znk-web/juminkanja/S2430/initialize?prefCd=37&kikanCd=3370502660&kikanKbn=3", "url2": "http://www.miki-dmc.com", "内容": "みき歯科三越通りクリニック【3:歯科】香川県高松市丸の内１０－１６" }, "geometry": { "type": "Point", "coordinates": [ 134.052363, 34.347099 ] } },
{ "type": "Feature", "properties": { "ID": 3733370502690, "正式名称": "ウガワ歯科クリニック", "機関区分": 3, "都道府県コード": 37, "市区町村コード": 201, "所在地": "香川県高松市国分寺町新居２８３－１", "緯度": 34.311279, "経度": 133.970562, "url": "https://www.iryou.teikyouseido.mhlw.go.jp/znk-web/juminkanja/S2430/initialize?prefCd=37&kikanCd=3370502690&kikanKbn=3", "url2": "https://ugawa-dc.com/", "内容": "ウガワ歯科クリニック【3:歯科】香川県高松市国分寺町新居２８３－１" }, "geometry": { "type": "Point", "coordinates": [ 133.970562, 34.311279 ] } },
{ "type": "Feature", "properties": { "ID": 3733370502700, "正式名称": "晴里歯科医院", "機関区分": 3, "都道府県コード": 37, "市区町村コード": 201, "所在地": "香川県高松市牟礼町牟礼字川原２２１７－３", "緯度": 34.348232, "経度": 134.129294, "url": "https://www.iryou.teikyouseido.mhlw.go.jp/znk-web/juminkanja/S2430/initialize?prefCd=37&kikanCd=3370502700&kikanKbn=3", "url2": "https://haruri-dc.jp/", "内容": "晴里歯科医院【3:歯科】香川県高松市牟礼町牟礼字川原２２１７－３" }, "geometry": { "type": "Point", "coordinates": [ 134.129294, 34.348232 ] } },
{ "type": "Feature", "properties": { "ID": 3733370502710, "正式名称": "新枝歯科医院", "機関区分": 3, "都道府県コード": 37, "市区町村コード": 201, "所在地": "香川県高松市東山崎町７０４番地１", "緯度": 34.303817, "経度": 134.093654, "url": "https://www.iryou.teikyouseido.mhlw.go.jp/znk-web/juminkanja/S2430/initialize?prefCd=37&kikanCd=3370502710&kikanKbn=3", "url2": "niieda-dental-office.com", "内容": "新枝歯科医院【3:歯科】香川県高松市東山崎町７０４番地１" }, "geometry": { "type": "Point", "coordinates": [ 134.093654, 34.303817 ] } },
{ "type": "Feature", "properties": { "ID": 3733370502720, "正式名称": "かたぎり歯科クリニック", "機関区分": 3, "都道府県コード": 37, "市区町村コード": 201, "所在地": "香川県高松市三名町字大下７２３－１", "緯度": 34.296112, "経度": 134.037831, "url": "https://www.iryou.teikyouseido.mhlw.go.jp/znk-web/juminkanja/S2430/initialize?prefCd=37&kikanCd=3370502720&kikanKbn=3", "url2": "https://www.katagiri.dental/", "内容": "かたぎり歯科クリニック【3:歯科】香川県高松市三名町字大下７２３－１" }, "geometry": { "type": "Point", "coordinates": [ 134.037831, 34.296112 ] } },
{ "type": "Feature", "properties": { "ID": 3733370502770, "正式名称": "いろのみ歯科", "機関区分": 3, "都道府県コード": 37, "市区町村コード": 201, "所在地": "香川県高松市新田町甲５３７－２", "緯度": 34.327068, "経度": 134.105121, "url": "https://www.iryou.teikyouseido.mhlw.go.jp/znk-web/juminkanja/S2430/initialize?prefCd=37&kikanCd=3370502770&kikanKbn=3", "url2": "ironomi-dental.com", "内容": "いろのみ歯科【3:歯科】香川県高松市新田町甲５３７－２" }, "geometry": { "type": "Point", "coordinates": [ 134.105121, 34.327068 ] } },
{ "type": "Feature", "properties": { "ID": 3733370502780, "正式名称": "あらき歯科医院", "機関区分": 3, "都道府県コード": 37, "市区町村コード": 201, "所在地": "香川県高松市伏石町１３１６－６", "緯度": 34.317167, "経度": 134.053135, "url": "https://www.iryou.teikyouseido.mhlw.go.jp/znk-web/juminkanja/S2430/initialize?prefCd=37&kikanCd=3370502780&kikanKbn=3", "url2": "https://www.arakishikaiin.com/", "内容": "あらき歯科医院【3:歯科】香川県高松市伏石町１３１６－６" }, "geometry": { "type": "Point", "coordinates": [ 134.053135, 34.317167 ] } },
{ "type": "Feature", "properties": { "ID": 3733370502790, "正式名称": "はしもと歯科", "機関区分": 3, "都道府県コード": 37, "市区町村コード": 201, "所在地": "香川県高松市仏生山町甲１８４７－１", "緯度": 34.27805, "経度": 134.041335, "url": "https://www.iryou.teikyouseido.mhlw.go.jp/znk-web/juminkanja/S2430/initialize?prefCd=37&kikanCd=3370502790&kikanKbn=3", "url2": "https://www.dental-hashimoto.com/", "内容": "はしもと歯科【3:歯科】香川県高松市仏生山町甲１８４７－１" }, "geometry": { "type": "Point", "coordinates": [ 134.041335, 34.27805 ] } },
{ "type": "Feature", "properties": { "ID": 3733370502810, "正式名称": "医療法人社団　愛生会　高松プレモ歯科クリニック", "機関区分": 3, "都道府県コード": 37, "市区町村コード": 201, "所在地": "香川県高松市上福岡町９８５－１", "緯度": 34.328626, "経度": 134.064375, "url": "https://www.iryou.teikyouseido.mhlw.go.jp/znk-web/juminkanja/S2430/initialize?prefCd=37&kikanCd=3370502810&kikanKbn=3", "url2": "https://www.premo-dental.com/", "内容": "医療法人社団　愛生会　高松プレモ歯科クリニック【3:歯科】香川県高松市上福岡町９８５－１" }, "geometry": { "type": "Point", "coordinates": [ 134.064375, 34.328626 ] } },
{ "type": "Feature", "properties": { "ID": 3733370502830, "正式名称": "すみれデンタルクリニック", "機関区分": 3, "都道府県コード": 37, "市区町村コード": 201, "所在地": "香川県高松市上福岡町２０３２－２", "緯度": 34.328442, "経度": 134.060404, "url": "https://www.iryou.teikyouseido.mhlw.go.jp/znk-web/juminkanja/S2430/initialize?prefCd=37&kikanCd=3370502830&kikanKbn=3", "url2": "sumire-dc.net", "内容": "すみれデンタルクリニック【3:歯科】香川県高松市上福岡町２０３２－２" }, "geometry": { "type": "Point", "coordinates": [ 134.060404, 34.328442 ] } },
{ "type": "Feature", "properties": { "ID": 3733370502840, "正式名称": "くわじま歯科医院", "機関区分": 3, "都道府県コード": 37, "市区町村コード": 201, "所在地": "香川県高松市三谷町１１６３－１くわじま歯科医院", "緯度": 34.278227, "経度": 134.069178, "url": "https://www.iryou.teikyouseido.mhlw.go.jp/znk-web/juminkanja/S2430/initialize?prefCd=37&kikanCd=3370502840&kikanKbn=3", "url2": "https://kuwajima-shika.com/", "内容": "くわじま歯科医院【3:歯科】香川県高松市三谷町１１６３－１くわじま歯科医院" }, "geometry": { "type": "Point", "coordinates": [ 134.069178, 34.278227 ] } },
{ "type": "Feature", "properties": { "ID": 3733370502850, "正式名称": "植松歯科クリニック", "機関区分": 3, "都道府県コード": 37, "市区町村コード": 201, "所在地": "香川県高松市上之町２ー１ー３７", "緯度": 34.32099, "経度": 134.04648, "url": "https://www.iryou.teikyouseido.mhlw.go.jp/znk-web/juminkanja/S2430/initialize?prefCd=37&kikanCd=3370502850&kikanKbn=3", "url2": null, "内容": "植松歯科クリニック【3:歯科】香川県高松市上之町２ー１ー３７" }, "geometry": { "type": "Point", "coordinates": [ 134.04648, 34.32099 ] } },
{ "type": "Feature", "properties": { "ID": 3733370502860, "正式名称": "みやび歯科", "機関区分": 3, "都道府県コード": 37, "市区町村コード": 201, "所在地": "香川県高松市岡本町１２４７－１", "緯度": 34.270822, "経度": 133.99935, "url": "https://www.iryou.teikyouseido.mhlw.go.jp/znk-web/juminkanja/S2430/initialize?prefCd=37&kikanCd=3370502860&kikanKbn=3", "url2": "https://www.miyabi-shika.com/", "内容": "みやび歯科【3:歯科】香川県高松市岡本町１２４７－１" }, "geometry": { "type": "Point", "coordinates": [ 133.99935, 34.270822 ] } },
{ "type": "Feature", "properties": { "ID": 3733370502890, "正式名称": "医療法人社団駿陽花　しもむら歯科医院", "機関区分": 3, "都道府県コード": 37, "市区町村コード": 201, "所在地": "香川県高松市元山町１１９２－１", "緯度": 34.313292, "経度": 134.083206, "url": "https://www.iryou.teikyouseido.mhlw.go.jp/znk-web/juminkanja/S2430/initialize?prefCd=37&kikanCd=3370502890&kikanKbn=3", "url2": null, "内容": "医療法人社団駿陽花　しもむら歯科医院【3:歯科】香川県高松市元山町１１９２－１" }, "geometry": { "type": "Point", "coordinates": [ 134.083206, 34.313292 ] } },
{ "type": "Feature", "properties": { "ID": 3733370502900, "正式名称": "たかまつファミリー歯科医院", "機関区分": 3, "都道府県コード": 37, "市区町村コード": 201, "所在地": "香川県高松市春日町８１２－１", "緯度": 34.327158, "経度": 134.093528, "url": "https://www.iryou.teikyouseido.mhlw.go.jp/znk-web/juminkanja/S2430/initialize?prefCd=37&kikanCd=3370502900&kikanKbn=3", "url2": "https://takamatsu-familydc.com/access/", "内容": "たかまつファミリー歯科医院【3:歯科】香川県高松市春日町８１２－１" }, "geometry": { "type": "Point", "coordinates": [ 134.093528, 34.327158 ] } },
{ "type": "Feature", "properties": { "ID": 3733370502920, "正式名称": "高松イイハ歯科", "機関区分": 3, "都道府県コード": 37, "市区町村コード": 201, "所在地": "香川県高松市伏石町２１３７－２０", "緯度": 34.309036, "経度": 134.053703, "url": "https://www.iryou.teikyouseido.mhlw.go.jp/znk-web/juminkanja/S2430/initialize?prefCd=37&kikanCd=3370502920&kikanKbn=3", "url2": "https://www.118shika.com/access.html", "内容": "高松イイハ歯科【3:歯科】香川県高松市伏石町２１３７－２０" }, "geometry": { "type": "Point", "coordinates": [ 134.053703, 34.309036 ] } },
{ "type": "Feature", "properties": { "ID": 3733370502930, "正式名称": "久保おとなこども歯科医院", "機関区分": 3, "都道府県コード": 37, "市区町村コード": 201, "所在地": "香川県高松市飯田町６７１－１", "緯度": 34.321572, "経度": 134.001145, "url": "https://www.iryou.teikyouseido.mhlw.go.jp/znk-web/juminkanja/S2430/initialize?prefCd=37&kikanCd=3370502930&kikanKbn=3", "url2": null, "内容": "久保おとなこども歯科医院【3:歯科】香川県高松市飯田町６７１－１" }, "geometry": { "type": "Point", "coordinates": [ 134.001145, 34.321572 ] } },
{ "type": "Feature", "properties": { "ID": 3733370502940, "正式名称": "よこやま歯科", "機関区分": 3, "都道府県コード": 37, "市区町村コード": 201, "所在地": "香川県高松市太田下町１８７２ー４", "緯度": 34.307392, "経度": 134.04338, "url": "https://www.iryou.teikyouseido.mhlw.go.jp/znk-web/juminkanja/S2430/initialize?prefCd=37&kikanCd=3370502940&kikanKbn=3", "url2": "https://yokoyama-d.jp", "内容": "よこやま歯科【3:歯科】香川県高松市太田下町１８７２ー４" }, "geometry": { "type": "Point", "coordinates": [ 134.04338, 34.307392 ] } }
]
}
