{
"type": "FeatureCollection",
"name": "geo_37_2",
"crs": { "type": "name", "properties": { "name": "urn:ogc:def:crs:OGC:1.3:CRS84" } },
"features": [
{ "type": "Feature", "properties": { "ID": 3722370100030, "正式名称": "中原医院", "機関区分": 2, "都道府県コード": 37, "市区町村コード": 341, "所在地": "香川県木田郡三木町下高岡６４１", "緯度": 34.265748, "経度": 134.152294, "url": "https://www.iryou.teikyouseido.mhlw.go.jp/znk-web/juminkanja/S2430/initialize?prefCd=37&kikanCd=2370100030&kikanKbn=2", "url2": "https://nakaharaiin.com", "内容": "中原医院【2:診療所】【診療科目:内科_循環器内科_消化器内科】香川県木田郡三木町下高岡６４１" }, "geometry": { "type": "Point", "coordinates": [ 134.152294, 34.265748 ] } },
{ "type": "Feature", "properties": { "ID": 3722370100080, "正式名称": "医療法人社団南福萬みぞぶち医院", "機関区分": 2, "都道府県コード": 37, "市区町村コード": 341, "所在地": "香川県木田郡三木町氷上１３５０番地１", "緯度": 34.261498, "経度": 134.127324, "url": "https://www.iryou.teikyouseido.mhlw.go.jp/znk-web/juminkanja/S2430/initialize?prefCd=37&kikanCd=2370100080&kikanKbn=2", "url2": null, "内容": "医療法人社団南福萬みぞぶち医院【2:診療所】【診療科目:内科_神経内科_小児科_小児眼科_眼科】香川県木田郡三木町氷上１３５０番地１" }, "geometry": { "type": "Point", "coordinates": [ 134.127324, 34.261498 ] } },
{ "type": "Feature", "properties": { "ID": 3722370100090, "正式名称": "医療法人社団三木みよし内科医院", "機関区分": 2, "都道府県コード": 37, "市区町村コード": 341, "所在地": "香川県木田郡三木町池戸２８３５－２", "緯度": 34.271719, "経度": 134.124991, "url": "https://www.iryou.teikyouseido.mhlw.go.jp/znk-web/juminkanja/S2430/initialize?prefCd=37&kikanCd=2370100090&kikanKbn=2", "url2": "http://www7b.biglobe.ne.jp/~mikimiyoshi/", "内容": "医療法人社団三木みよし内科医院【2:診療所】【診療科目:内科_小児科】香川県木田郡三木町池戸２８３５－２" }, "geometry": { "type": "Point", "coordinates": [ 134.124991, 34.271719 ] } },
{ "type": "Feature", "properties": { "ID": 3722370100100, "正式名称": "生協みき診療所", "機関区分": 2, "都道府県コード": 37, "市区町村コード": 341, "所在地": "香川県木田郡三木町大字氷上１１２－１", "緯度": 34.265942, "経度": 134.130268, "url": "https://www.iryou.teikyouseido.mhlw.go.jp/znk-web/juminkanja/S2430/initialize?prefCd=37&kikanCd=2370100100&kikanKbn=2", "url2": "http://www.kagawa.coop/", "内容": "生協みき診療所【2:診療所】【診療科目:内科】香川県木田郡三木町大字氷上１１２－１" }, "geometry": { "type": "Point", "coordinates": [ 134.130268, 34.265942 ] } },
{ "type": "Feature", "properties": { "ID": 3722370100130, "正式名称": "佐々木皮フ科クリニック", "機関区分": 2, "都道府県コード": 37, "市区町村コード": 341, "所在地": "香川県木田郡三木町氷上花丸９５５－１", "緯度": 34.2538, "経度": 134.13058, "url": "https://www.iryou.teikyouseido.mhlw.go.jp/znk-web/juminkanja/S2430/initialize?prefCd=37&kikanCd=2370100130&kikanKbn=2", "url2": null, "内容": "佐々木皮フ科クリニック【2:診療所】【診療科目:皮膚科】香川県木田郡三木町氷上花丸９５５－１" }, "geometry": { "type": "Point", "coordinates": [ 134.13058, 34.2538 ] } },
{ "type": "Feature", "properties": { "ID": 3722370100140, "正式名称": "医療法人社団中島内科クリニック", "機関区分": 2, "都道府県コード": 37, "市区町村コード": 341, "所在地": "香川県木田郡三木町大字鹿伏中所３７３－１", "緯度": 34.272331, "経度": 134.137906, "url": "https://www.iryou.teikyouseido.mhlw.go.jp/znk-web/juminkanja/S2430/initialize?prefCd=37&kikanCd=2370100140&kikanKbn=2", "url2": null, "内容": "医療法人社団中島内科クリニック【2:診療所】【診療科目:内科_糖尿病内科_脂質代謝内科_糖尿病・代謝内科_循環器内科_心臓内科_心臓血管内科_消化器内科_胃腸内科_心療内科】香川県木田郡三木町大字鹿伏中所３７３－１" }, "geometry": { "type": "Point", "coordinates": [ 134.137906, 34.272331 ] } },
{ "type": "Feature", "properties": { "ID": 3722370100150, "正式名称": "医療法人社団小西医院", "機関区分": 2, "都道府県コード": 37, "市区町村コード": 341, "所在地": "香川県木田郡三木町氷上２２１－１", "緯度": 34.269192, "経度": 134.132268, "url": "https://www.iryou.teikyouseido.mhlw.go.jp/znk-web/juminkanja/S2430/initialize?prefCd=37&kikanCd=2370100150&kikanKbn=2", "url2": "http://www.konishi-iin.jp/index.html", "内容": "医療法人社団小西医院【2:診療所】【診療科目:内科_循環器内科_耳鼻いんこう科】香川県木田郡三木町氷上２２１－１" }, "geometry": { "type": "Point", "coordinates": [ 134.132268, 34.269192 ] } },
{ "type": "Feature", "properties": { "ID": 3722370100170, "正式名称": "医療法人社団きただい医院", "機関区分": 2, "都道府県コード": 37, "市区町村コード": 341, "所在地": "香川県木田郡三木町下高岡１４６４－１２", "緯度": 34.262387, "経度": 134.148434, "url": "https://www.iryou.teikyouseido.mhlw.go.jp/znk-web/juminkanja/S2430/initialize?prefCd=37&kikanCd=2370100170&kikanKbn=2", "url2": "kitadaiclinic.com", "内容": "医療法人社団きただい医院【2:診療所】【診療科目:内科_循環器内科_消化器内科】香川県木田郡三木町下高岡１４６４－１２" }, "geometry": { "type": "Point", "coordinates": [ 134.148434, 34.262387 ] } },
{ "type": "Feature", "properties": { "ID": 3722370100200, "正式名称": "増田耳鼻咽喉科医院", "機関区分": 2, "都道府県コード": 37, "市区町村コード": 341, "所在地": "香川県木田郡三木町下高岡１３８５－１", "緯度": 34.265359, "経度": 134.14635, "url": "https://www.iryou.teikyouseido.mhlw.go.jp/znk-web/juminkanja/S2430/initialize?prefCd=37&kikanCd=2370100200&kikanKbn=2", "url2": null, "内容": "増田耳鼻咽喉科医院【2:診療所】【診療科目:耳鼻いんこう科_アレルギー科】香川県木田郡三木町下高岡１３８５－１" }, "geometry": { "type": "Point", "coordinates": [ 134.14635, 34.265359 ] } },
{ "type": "Feature", "properties": { "ID": 3722370100250, "正式名称": "間嶋医院", "機関区分": 2, "都道府県コード": 37, "市区町村コード": 206, "所在地": "香川県さぬき市長尾西９５５", "緯度": 34.265332, "経度": 134.173181, "url": "https://www.iryou.teikyouseido.mhlw.go.jp/znk-web/juminkanja/S2430/initialize?prefCd=37&kikanCd=2370100250&kikanKbn=2", "url2": null, "内容": "間嶋医院【2:診療所】【診療科目:内科_小児科】香川県さぬき市長尾西９５５" }, "geometry": { "type": "Point", "coordinates": [ 134.173181, 34.265332 ] } },
{ "type": "Feature", "properties": { "ID": 3722370100260, "正式名称": "鎌田医院", "機関区分": 2, "都道府県コード": 37, "市区町村コード": 207, "所在地": "香川県東かがわ市湊７０４番地", "緯度": 34.247254, "経度": 134.347057, "url": "https://www.iryou.teikyouseido.mhlw.go.jp/znk-web/juminkanja/S2430/initialize?prefCd=37&kikanCd=2370100260&kikanKbn=2", "url2": null, "内容": "鎌田医院【2:診療所】【診療科目:内科_循環器内科_放射線科】香川県東かがわ市湊７０４番地" }, "geometry": { "type": "Point", "coordinates": [ 134.347057, 34.247254 ] } },
{ "type": "Feature", "properties": { "ID": 3722370100270, "正式名称": "みろく間嶋医院", "機関区分": 2, "都道府県コード": 37, "市区町村コード": 206, "所在地": "香川県さぬき市大川町富田西１２６９－１", "緯度": 34.265111, "経度": 134.227482, "url": "https://www.iryou.teikyouseido.mhlw.go.jp/znk-web/juminkanja/S2430/initialize?prefCd=37&kikanCd=2370100270&kikanKbn=2", "url2": null, "内容": "みろく間嶋医院【2:診療所】【診療科目:内科_小児科】香川県さぬき市大川町富田西１２６９－１" }, "geometry": { "type": "Point", "coordinates": [ 134.227482, 34.265111 ] } },
{ "type": "Feature", "properties": { "ID": 3722370100290, "正式名称": "みづいり診療所", "機関区分": 2, "都道府県コード": 37, "市区町村コード": 207, "所在地": "香川県東かがわ市湊１８１５－５", "緯度": 34.245171, "経度": 134.359, "url": "https://www.iryou.teikyouseido.mhlw.go.jp/znk-web/juminkanja/S2430/initialize?prefCd=37&kikanCd=2370100290&kikanKbn=2", "url2": "http://.miduiri.byoinnavi.jp", "内容": "みづいり診療所【2:診療所】【診療科目:内科_循環器内科】香川県東かがわ市湊１８１５－５" }, "geometry": { "type": "Point", "coordinates": [ 134.359, 34.245171 ] } },
{ "type": "Feature", "properties": { "ID": 3722370100300, "正式名称": "医療法人社団　田村内科医院", "機関区分": 2, "都道府県コード": 37, "市区町村コード": 207, "所在地": "香川県東かがわ市三本松３５３", "緯度": 34.25203, "経度": 134.339705, "url": "https://www.iryou.teikyouseido.mhlw.go.jp/znk-web/juminkanja/S2430/initialize?prefCd=37&kikanCd=2370100300&kikanKbn=2", "url2": "https://www.tamuranaika.com", "内容": "医療法人社団　田村内科医院【2:診療所】【診療科目:内科_循環器内科_小児科】香川県東かがわ市三本松３５３" }, "geometry": { "type": "Point", "coordinates": [ 134.339705, 34.25203 ] } },
{ "type": "Feature", "properties": { "ID": 3722370100350, "正式名称": "医療法人社団小田内科医院", "機関区分": 2, "都道府県コード": 37, "市区町村コード": 206, "所在地": "香川県さぬき市志度５４１－１", "緯度": 34.323909, "経度": 134.171179, "url": "https://www.iryou.teikyouseido.mhlw.go.jp/znk-web/juminkanja/S2430/initialize?prefCd=37&kikanCd=2370100350&kikanKbn=2", "url2": null, "内容": "医療法人社団小田内科医院【2:診療所】【診療科目:内科_消化器内科】香川県さぬき市志度５４１－１" }, "geometry": { "type": "Point", "coordinates": [ 134.171179, 34.323909 ] } },
{ "type": "Feature", "properties": { "ID": 3722370100380, "正式名称": "奥谷医院", "機関区分": 2, "都道府県コード": 37, "市区町村コード": 207, "所在地": "香川県東かがわ市三本松１７００－１", "緯度": 34.249503, "経度": 134.338529, "url": "https://www.iryou.teikyouseido.mhlw.go.jp/znk-web/juminkanja/S2430/initialize?prefCd=37&kikanCd=2370100380&kikanKbn=2", "url2": null, "内容": "奥谷医院【2:診療所】【診療科目:内科_小児科】香川県東かがわ市三本松１７００－１" }, "geometry": { "type": "Point", "coordinates": [ 134.338529, 34.249503 ] } },
{ "type": "Feature", "properties": { "ID": 3722370100440, "正式名称": "医療法人社団米澤整形外科医院", "機関区分": 2, "都道府県コード": 37, "市区町村コード": 206, "所在地": "香川県さぬき市志度１９３９－３", "緯度": 34.321521, "経度": 134.185122, "url": "https://www.iryou.teikyouseido.mhlw.go.jp/znk-web/juminkanja/S2430/initialize?prefCd=37&kikanCd=2370100440&kikanKbn=2", "url2": "yonezawa-seikeigeka.com", "内容": "医療法人社団米澤整形外科医院【2:診療所】【診療科目:整形外科_リハビリテーション科】香川県さぬき市志度１９３９－３" }, "geometry": { "type": "Point", "coordinates": [ 134.185122, 34.321521 ] } },
{ "type": "Feature", "properties": { "ID": 3722370100450, "正式名称": "医療法人社団山本内科クリニック", "機関区分": 2, "都道府県コード": 37, "市区町村コード": 207, "所在地": "香川県東かがわ市松原７９５", "緯度": 34.242421, "経度": 134.367888, "url": "https://www.iryou.teikyouseido.mhlw.go.jp/znk-web/juminkanja/S2430/initialize?prefCd=37&kikanCd=2370100450&kikanKbn=2", "url2": null, "内容": "医療法人社団山本内科クリニック【2:診療所】【診療科目:内科_循環器内科_消化器内科】香川県東かがわ市松原７９５" }, "geometry": { "type": "Point", "coordinates": [ 134.367888, 34.242421 ] } },
{ "type": "Feature", "properties": { "ID": 3722370100470, "正式名称": "大石整形外科医院", "機関区分": 2, "都道府県コード": 37, "市区町村コード": 206, "所在地": "香川県さぬき市昭和３３２２", "緯度": 34.264721, "経度": 134.16771, "url": "https://www.iryou.teikyouseido.mhlw.go.jp/znk-web/juminkanja/S2430/initialize?prefCd=37&kikanCd=2370100470&kikanKbn=2", "url2": "http://www.o-chan.gr.jp", "内容": "大石整形外科医院【2:診療所】【診療科目:整形外科】香川県さぬき市昭和３３２２" }, "geometry": { "type": "Point", "coordinates": [ 134.16771, 34.264721 ] } },
{ "type": "Feature", "properties": { "ID": 3722370100530, "正式名称": "まつおか医院", "機関区分": 2, "都道府県コード": 37, "市区町村コード": 206, "所在地": "香川県さぬき市長尾東１０３８－１", "緯度": 34.26211, "経度": 134.180042, "url": "https://www.iryou.teikyouseido.mhlw.go.jp/znk-web/juminkanja/S2430/initialize?prefCd=37&kikanCd=2370100530&kikanKbn=2", "url2": null, "内容": "まつおか医院【2:診療所】【診療科目:皮膚科_泌尿器科】香川県さぬき市長尾東１０３８－１" }, "geometry": { "type": "Point", "coordinates": [ 134.180042, 34.26211 ] } },
{ "type": "Feature", "properties": { "ID": 3722370100540, "正式名称": "医療法人社団古川医院", "機関区分": 2, "都道府県コード": 37, "市区町村コード": 207, "所在地": "香川県東かがわ市馬宿２１６－１", "緯度": 34.217314, "経度": 134.417163, "url": "https://www.iryou.teikyouseido.mhlw.go.jp/znk-web/juminkanja/S2430/initialize?prefCd=37&kikanCd=2370100540&kikanKbn=2", "url2": null, "内容": "医療法人社団古川医院【2:診療所】【診療科目:内科】香川県東かがわ市馬宿２１６－１" }, "geometry": { "type": "Point", "coordinates": [ 134.417163, 34.217314 ] } },
{ "type": "Feature", "properties": { "ID": 3722370100550, "正式名称": "医療法人社団ヘキクリニック", "機関区分": 2, "都道府県コード": 37, "市区町村コード": 206, "所在地": "香川県さぬき市志度６２０－１", "緯度": 34.321548, "経度": 134.175734, "url": "https://www.iryou.teikyouseido.mhlw.go.jp/znk-web/juminkanja/S2430/initialize?prefCd=37&kikanCd=2370100550&kikanKbn=2", "url2": null, "内容": "医療法人社団ヘキクリニック【2:診療所】【診療科目:外科_肛門外科_整形外科_皮膚科_泌尿器科_リウマチ科_リハビリテーション科】香川県さぬき市志度６２０－１" }, "geometry": { "type": "Point", "coordinates": [ 134.175734, 34.321548 ] } },
{ "type": "Feature", "properties": { "ID": 3722370100560, "正式名称": "医療法人社団　宇田整形外科医院", "機関区分": 2, "都道府県コード": 37, "市区町村コード": 207, "所在地": "香川県東かがわ市白鳥９６－１", "緯度": 34.242782, "経度": 134.357223, "url": "https://www.iryou.teikyouseido.mhlw.go.jp/znk-web/juminkanja/S2430/initialize?prefCd=37&kikanCd=2370100560&kikanKbn=2", "url2": "https://www.udaseikeigekaiin.com/", "内容": "医療法人社団　宇田整形外科医院【2:診療所】【診療科目:外科_整形外科_リウマチ科_リハビリテーション科】香川県東かがわ市白鳥９６－１" }, "geometry": { "type": "Point", "coordinates": [ 134.357223, 34.242782 ] } },
{ "type": "Feature", "properties": { "ID": 3722370100580, "正式名称": "白鳥皮膚科クリニック", "機関区分": 2, "都道府県コード": 37, "市区町村コード": 207, "所在地": "香川県東かがわ市湊８４４－２", "緯度": 34.247837, "経度": 134.344362, "url": "https://www.iryou.teikyouseido.mhlw.go.jp/znk-web/juminkanja/S2430/initialize?prefCd=37&kikanCd=2370100580&kikanKbn=2", "url2": null, "内容": "白鳥皮膚科クリニック【2:診療所】【診療科目:皮膚科】香川県東かがわ市湊８４４－２" }, "geometry": { "type": "Point", "coordinates": [ 134.344362, 34.247837 ] } },
{ "type": "Feature", "properties": { "ID": 3722370100590, "正式名称": "医療法人社団陶山医院", "機関区分": 2, "都道府県コード": 37, "市区町村コード": 206, "所在地": "香川県さぬき市大川町田面７１－１", "緯度": 34.258001, "経度": 134.250842, "url": "https://www.iryou.teikyouseido.mhlw.go.jp/znk-web/juminkanja/S2430/initialize?prefCd=37&kikanCd=2370100590&kikanKbn=2", "url2": null, "内容": "医療法人社団陶山医院【2:診療所】【診療科目:内科_リハビリテーション科】香川県さぬき市大川町田面７１－１" }, "geometry": { "type": "Point", "coordinates": [ 134.250842, 34.258001 ] } },
{ "type": "Feature", "properties": { "ID": 3722370100610, "正式名称": "医療法人社団溝渕内科循環器クリニック", "機関区分": 2, "都道府県コード": 37, "市区町村コード": 206, "所在地": "香川県さぬき市津田町津田１０４８－１", "緯度": 34.291942, "経度": 134.249035, "url": "https://www.iryou.teikyouseido.mhlw.go.jp/znk-web/juminkanja/S2430/initialize?prefCd=37&kikanCd=2370100610&kikanKbn=2", "url2": null, "内容": "医療法人社団溝渕内科循環器クリニック【2:診療所】【診療科目:内科_循環器内科_消化器内科】香川県さぬき市津田町津田１０４８－１" }, "geometry": { "type": "Point", "coordinates": [ 134.249035, 34.291942 ] } },
{ "type": "Feature", "properties": { "ID": 3722370100620, "正式名称": "中川内科医院", "機関区分": 2, "都道府県コード": 37, "市区町村コード": 206, "所在地": "香川県さぬき市志度７９７", "緯度": 34.323742, "経度": 134.176123, "url": "https://www.iryou.teikyouseido.mhlw.go.jp/znk-web/juminkanja/S2430/initialize?prefCd=37&kikanCd=2370100620&kikanKbn=2", "url2": null, "内容": "中川内科医院【2:診療所】【診療科目:内科】香川県さぬき市志度７９７" }, "geometry": { "type": "Point", "coordinates": [ 134.176123, 34.323742 ] } },
{ "type": "Feature", "properties": { "ID": 3722370100640, "正式名称": "さぬき市国民健康保険多和診療所", "機関区分": 2, "都道府県コード": 37, "市区町村コード": 206, "所在地": "香川県さぬき市多和助光東２９－４", "緯度": 34.187285, "経度": 134.170769, "url": "https://www.iryou.teikyouseido.mhlw.go.jp/znk-web/juminkanja/S2430/initialize?prefCd=37&kikanCd=2370100640&kikanKbn=2", "url2": null, "内容": "さぬき市国民健康保険多和診療所【2:診療所】【診療科目:内科】香川県さぬき市多和助光東２９－４" }, "geometry": { "type": "Point", "coordinates": [ 134.170769, 34.187285 ] } },
{ "type": "Feature", "properties": { "ID": 3722370100650, "正式名称": "医療法人社団コスモス　志度皮膚科クリニック", "機関区分": 2, "都道府県コード": 37, "市区町村コード": 206, "所在地": "香川県さぬき市志度１９００－７　牟礼ビル３階", "緯度": 34.320326, "経度": 134.183928, "url": "https://www.iryou.teikyouseido.mhlw.go.jp/znk-web/juminkanja/S2430/initialize?prefCd=37&kikanCd=2370100650&kikanKbn=2", "url2": "https://www.shidohifuka.com", "内容": "医療法人社団コスモス　志度皮膚科クリニック【2:診療所】【診療科目:皮膚科】香川県さぬき市志度１９００－７　牟礼ビル３階" }, "geometry": { "type": "Point", "coordinates": [ 134.183928, 34.320326 ] } },
{ "type": "Feature", "properties": { "ID": 3722370100660, "正式名称": "服部内科医院", "機関区分": 2, "都道府県コード": 37, "市区町村コード": 206, "所在地": "香川県さぬき市造田是弘６８８－３", "緯度": 34.283914, "経度": 134.183624, "url": "https://www.iryou.teikyouseido.mhlw.go.jp/znk-web/juminkanja/S2430/initialize?prefCd=37&kikanCd=2370100660&kikanKbn=2", "url2": null, "内容": "服部内科医院【2:診療所】【診療科目:内科_小児科_放射線科】香川県さぬき市造田是弘６８８－３" }, "geometry": { "type": "Point", "coordinates": [ 134.183624, 34.283914 ] } },
{ "type": "Feature", "properties": { "ID": 3722370100670, "正式名称": "ひもりの里診療所", "機関区分": 2, "都道府県コード": 37, "市区町村コード": 206, "所在地": "香川県さぬき市鴨庄４４８１－２", "緯度": 34.334909, "経度": 134.220924, "url": "https://www.iryou.teikyouseido.mhlw.go.jp/znk-web/juminkanja/S2430/initialize?prefCd=37&kikanCd=2370100670&kikanKbn=2", "url2": null, "内容": "ひもりの里診療所【2:診療所】【診療科目:内科_リウマチ科】香川県さぬき市鴨庄４４８１－２" }, "geometry": { "type": "Point", "coordinates": [ 134.220924, 34.334909 ] } },
{ "type": "Feature", "properties": { "ID": 3722370100680, "正式名称": "医療法人社団緑生会近藤内科クリニック", "機関区分": 2, "都道府県コード": 37, "市区町村コード": 207, "所在地": "香川県東かがわ市町田６９７－１", "緯度": 34.253363, "経度": 134.302838, "url": "https://www.iryou.teikyouseido.mhlw.go.jp/znk-web/juminkanja/S2430/initialize?prefCd=37&kikanCd=2370100680&kikanKbn=2", "url2": "http://www.myclinic.ne.jp/kondou", "内容": "医療法人社団緑生会近藤内科クリニック【2:診療所】【診療科目:内科_呼吸器内科_循環器内科_消化器内科】香川県東かがわ市町田６９７－１" }, "geometry": { "type": "Point", "coordinates": [ 134.302838, 34.253363 ] } },
{ "type": "Feature", "properties": { "ID": 3722370100700, "正式名称": "医療法人社団静楓会みさごクリニック", "機関区分": 2, "都道府県コード": 37, "市区町村コード": 207, "所在地": "香川県東かがわ市引田２０２－１", "緯度": 34.220147, "経度": 134.406386, "url": "https://www.iryou.teikyouseido.mhlw.go.jp/znk-web/juminkanja/S2430/initialize?prefCd=37&kikanCd=2370100700&kikanKbn=2", "url2": null, "内容": "医療法人社団静楓会みさごクリニック【2:診療所】【診療科目:内科_胃腸内科_外科_肛門外科_整形外科】香川県東かがわ市引田２０２－１" }, "geometry": { "type": "Point", "coordinates": [ 134.406386, 34.220147 ] } },
{ "type": "Feature", "properties": { "ID": 3722370100720, "正式名称": "ながい耳鼻咽喉科クリニック", "機関区分": 2, "都道府県コード": 37, "市区町村コード": 206, "所在地": "香川県さぬき市志度２４９３－１", "緯度": 34.318326, "経度": 134.170985, "url": "https://www.iryou.teikyouseido.mhlw.go.jp/znk-web/juminkanja/S2430/initialize?prefCd=37&kikanCd=2370100720&kikanKbn=2", "url2": "http://www.nagai-jibika.com", "内容": "ながい耳鼻咽喉科クリニック【2:診療所】【診療科目:小児耳鼻いんこう科_耳鼻いんこう科】香川県さぬき市志度２４９３－１" }, "geometry": { "type": "Point", "coordinates": [ 134.170985, 34.318326 ] } },
{ "type": "Feature", "properties": { "ID": 3722370100740, "正式名称": "医療法人社団仁愛会三好医院", "機関区分": 2, "都道府県コード": 37, "市区町村コード": 207, "所在地": "香川県東かがわ市大谷８１３－１", "緯度": 34.251975, "経度": 134.306615, "url": "https://www.iryou.teikyouseido.mhlw.go.jp/znk-web/juminkanja/S2430/initialize?prefCd=37&kikanCd=2370100740&kikanKbn=2", "url2": "http://www.miyoshi-iin.jp", "内容": "医療法人社団仁愛会三好医院【2:診療所】【診療科目:内科_神経内科_小児科】香川県東かがわ市大谷８１３－１" }, "geometry": { "type": "Point", "coordinates": [ 134.306615, 34.251975 ] } },
{ "type": "Feature", "properties": { "ID": 3722370100750, "正式名称": "医療法人社団江崎医院", "機関区分": 2, "都道府県コード": 37, "市区町村コード": 206, "所在地": "香川県さぬき市志度８７０－２", "緯度": 34.322298, "経度": 134.178262, "url": "https://www.iryou.teikyouseido.mhlw.go.jp/znk-web/juminkanja/S2430/initialize?prefCd=37&kikanCd=2370100750&kikanKbn=2", "url2": null, "内容": "医療法人社団江崎医院【2:診療所】【診療科目:内科_消化器内科】香川県さぬき市志度８７０－２" }, "geometry": { "type": "Point", "coordinates": [ 134.178262, 34.322298 ] } },
{ "type": "Feature", "properties": { "ID": 3722370100760, "正式名称": "医療法人社団緑泉会森岡メンタルクリニック", "機関区分": 2, "都道府県コード": 37, "市区町村コード": 341, "所在地": "香川県木田郡三木町氷上４０３－５", "緯度": 34.266359, "経度": 134.136518, "url": "https://www.iryou.teikyouseido.mhlw.go.jp/znk-web/juminkanja/S2430/initialize?prefCd=37&kikanCd=2370100760&kikanKbn=2", "url2": "http://www.morioka-mental-clinic.com", "内容": "医療法人社団緑泉会森岡メンタルクリニック【2:診療所】【診療科目:精神科_心療内科】香川県木田郡三木町氷上４０３－５" }, "geometry": { "type": "Point", "coordinates": [ 134.136518, 34.266359 ] } },
{ "type": "Feature", "properties": { "ID": 3722370100770, "正式名称": "図子メンタルクリニック", "機関区分": 2, "都道府県コード": 37, "市区町村コード": 206, "所在地": "香川県さぬき市志度２３８３番地１", "緯度": 34.302523, "経度": 134.18179, "url": "https://www.iryou.teikyouseido.mhlw.go.jp/znk-web/juminkanja/S2430/initialize?prefCd=37&kikanCd=2370100770&kikanKbn=2", "url2": "www.zushi-mc.jp", "内容": "図子メンタルクリニック【2:診療所】【診療科目:精神科_心療内科】香川県さぬき市志度２３８３番地１" }, "geometry": { "type": "Point", "coordinates": [ 134.18179, 34.302523 ] } },
{ "type": "Feature", "properties": { "ID": 3722370100780, "正式名称": "さぬき市国民健康保険津田診療所", "機関区分": 2, "都道府県コード": 37, "市区町村コード": 206, "所在地": "香川県さぬき市津田町津田１６７３‐１", "緯度": 34.291942, "経度": 134.246785, "url": "https://www.iryou.teikyouseido.mhlw.go.jp/znk-web/juminkanja/S2430/initialize?prefCd=37&kikanCd=2370100780&kikanKbn=2", "url2": "https://www.city.sanuki.kagawa.jp/institution/health/health_17", "内容": "さぬき市国民健康保険津田診療所【2:診療所】【診療科目:内科_糖尿病内科_循環器内科_老年内科_整形外科】香川県さぬき市津田町津田１６７３‐１" }, "geometry": { "type": "Point", "coordinates": [ 134.246785, 34.291942 ] } },
{ "type": "Feature", "properties": { "ID": 3722370100800, "正式名称": "岡田眼科", "機関区分": 2, "都道府県コード": 37, "市区町村コード": 207, "所在地": "香川県東かがわ市帰来５４３番地６", "緯度": 34.242082, "経度": 134.361824, "url": "https://www.iryou.teikyouseido.mhlw.go.jp/znk-web/juminkanja/S2430/initialize?prefCd=37&kikanCd=2370100800&kikanKbn=2", "url2": null, "内容": "岡田眼科【2:診療所】【診療科目:眼科】香川県東かがわ市帰来５４３番地６" }, "geometry": { "type": "Point", "coordinates": [ 134.361824, 34.242082 ] } },
{ "type": "Feature", "properties": { "ID": 3722370100810, "正式名称": "医療法人社団　赤澤眼科医院", "機関区分": 2, "都道府県コード": 37, "市区町村コード": 207, "所在地": "香川県東かがわ市三本松６８０－３２", "緯度": 34.251198, "経度": 134.33753, "url": "https://www.iryou.teikyouseido.mhlw.go.jp/znk-web/juminkanja/S2430/initialize?prefCd=37&kikanCd=2370100810&kikanKbn=2", "url2": null, "内容": "医療法人社団　赤澤眼科医院【2:診療所】【診療科目:眼科】香川県東かがわ市三本松６８０－３２" }, "geometry": { "type": "Point", "coordinates": [ 134.33753, 34.251198 ] } },
{ "type": "Feature", "properties": { "ID": 3722370100820, "正式名称": "医療法人社団　春煕堂医院", "機関区分": 2, "都道府県コード": 37, "市区町村コード": 206, "所在地": "香川県さぬき市昭和１００５－５", "緯度": 34.2475, "経度": 134.167183, "url": "https://www.iryou.teikyouseido.mhlw.go.jp/znk-web/juminkanja/S2430/initialize?prefCd=37&kikanCd=2370100820&kikanKbn=2", "url2": null, "内容": "医療法人社団　春煕堂医院【2:診療所】【診療科目:内科_外科_整形外科_泌尿器科_リハビリテーション科】香川県さぬき市昭和１００５－５" }, "geometry": { "type": "Point", "coordinates": [ 134.167183, 34.2475 ] } },
{ "type": "Feature", "properties": { "ID": 3722370100860, "正式名称": "医療法人社団　南医院", "機関区分": 2, "都道府県コード": 37, "市区町村コード": 206, "所在地": "香川県さぬき市昭和３３４７－１", "緯度": 34.265193, "経度": 134.167682, "url": "https://www.iryou.teikyouseido.mhlw.go.jp/znk-web/juminkanja/S2430/initialize?prefCd=37&kikanCd=2370100860&kikanKbn=2", "url2": "http://minamiclinic.org/", "内容": "医療法人社団　南医院【2:診療所】【診療科目:内科_小児科_耳鼻いんこう科_リハビリテーション科_放射線科】香川県さぬき市昭和３３４７－１" }, "geometry": { "type": "Point", "coordinates": [ 134.167682, 34.265193 ] } },
{ "type": "Feature", "properties": { "ID": 3722370100870, "正式名称": "医療法人社団彰志会志度寺診療所", "機関区分": 2, "都道府県コード": 37, "市区町村コード": 206, "所在地": "香川県さぬき市志度１１０２－１", "緯度": 34.324437, "経度": 134.180206, "url": "https://www.iryou.teikyouseido.mhlw.go.jp/znk-web/juminkanja/S2430/initialize?prefCd=37&kikanCd=2370100870&kikanKbn=2", "url2": null, "内容": "医療法人社団彰志会志度寺診療所【2:診療所】【診療科目:内科_感染症内科_糖尿病内科_呼吸器内科_循環器内科_消化器内科_小児科_精神科_アレルギー科_リウマチ科_リハビリテーション科_放射線科】香川県さぬき市志度１１０２－１" }, "geometry": { "type": "Point", "coordinates": [ 134.180206, 34.324437 ] } },
{ "type": "Feature", "properties": { "ID": 3722370100880, "正式名称": "医療法人社団小山眼科医院", "機関区分": 2, "都道府県コード": 37, "市区町村コード": 341, "所在地": "香川県木田郡三木町大字池戸２７７６－２", "緯度": 34.271553, "経度": 134.128018, "url": "https://www.iryou.teikyouseido.mhlw.go.jp/znk-web/juminkanja/S2430/initialize?prefCd=37&kikanCd=2370100880&kikanKbn=2", "url2": null, "内容": "医療法人社団小山眼科医院【2:診療所】【診療科目:眼科】香川県木田郡三木町大字池戸２７７６－２" }, "geometry": { "type": "Point", "coordinates": [ 134.128018, 34.271553 ] } },
{ "type": "Feature", "properties": { "ID": 3722370100890, "正式名称": "医療法人社団一真会大幸医療センター", "機関区分": 2, "都道府県コード": 37, "市区町村コード": 341, "所在地": "香川県木田郡三木町井戸５２６－１", "緯度": 34.252472, "経度": 134.157017, "url": "https://www.iryou.teikyouseido.mhlw.go.jp/znk-web/juminkanja/S2430/initialize?prefCd=37&kikanCd=2370100890&kikanKbn=2", "url2": "http://daikou.sunnyday.jp/001/", "内容": "医療法人社団一真会大幸医療センター【2:診療所】【診療科目:内科_外科_整形外科_小児科_眼科_アレルギー科_リハビリテーション科】香川県木田郡三木町井戸５２６－１" }, "geometry": { "type": "Point", "coordinates": [ 134.157017, 34.252472 ] } },
{ "type": "Feature", "properties": { "ID": 3722370100900, "正式名称": "直島町立診療所", "機関区分": 2, "都道府県コード": 37, "市区町村コード": 364, "所在地": "香川県香川郡直島町２３１０－１", "緯度": 34.459891, "経度": 133.974744, "url": "https://www.iryou.teikyouseido.mhlw.go.jp/znk-web/juminkanja/S2430/initialize?prefCd=37&kikanCd=2370100900&kikanKbn=2", "url2": null, "内容": "直島町立診療所【2:診療所】【診療科目:内科_外科_小児科_泌尿器科】香川県香川郡直島町２３１０－１" }, "geometry": { "type": "Point", "coordinates": [ 133.974744, 34.459891 ] } },
{ "type": "Feature", "properties": { "ID": 3722370100910, "正式名称": "華山ファミリークリニック", "機関区分": 2, "都道府県コード": 37, "市区町村コード": 206, "所在地": "香川県さぬき市寒川町神前１５２６－１", "緯度": 34.286691, "経度": 134.208289, "url": "https://www.iryou.teikyouseido.mhlw.go.jp/znk-web/juminkanja/S2430/initialize?prefCd=37&kikanCd=2370100910&kikanKbn=2", "url2": "http://www.koutouen.com/hanayama/", "内容": "華山ファミリークリニック【2:診療所】【診療科目:内科_感染症内科_消化器内科_歯科_歯科口腔外科_小児歯科】香川県さぬき市寒川町神前１５２６－１" }, "geometry": { "type": "Point", "coordinates": [ 134.208289, 34.286691 ] } },
{ "type": "Feature", "properties": { "ID": 3722370100920, "正式名称": "すくすくクリニックこにし", "機関区分": 2, "都道府県コード": 37, "市区町村コード": 341, "所在地": "香川県木田郡三木町大字氷上２０６番地１", "緯度": 34.268796, "経度": 134.131627, "url": "https://www.iryou.teikyouseido.mhlw.go.jp/znk-web/juminkanja/S2430/initialize?prefCd=37&kikanCd=2370100920&kikanKbn=2", "url2": "http://www.sukusuku-ck.jp/", "内容": "すくすくクリニックこにし【2:診療所】【診療科目:小児科】香川県木田郡三木町大字氷上２０６番地１" }, "geometry": { "type": "Point", "coordinates": [ 134.131627, 34.268796 ] } },
{ "type": "Feature", "properties": { "ID": 3722370100930, "正式名称": "医療法人社団百寿会　つるわクリニック", "機関区分": 2, "都道府県コード": 37, "市区町村コード": 206, "所在地": "香川県さぬき市津田町津田２４８番地", "緯度": 34.281748, "経度": 134.261146, "url": "https://www.iryou.teikyouseido.mhlw.go.jp/znk-web/juminkanja/S2430/initialize?prefCd=37&kikanCd=2370100930&kikanKbn=2", "url2": "https://www.tsuruwa-clinic.com/", "内容": "医療法人社団百寿会　つるわクリニック【2:診療所】【診療科目:内科_外科】香川県さぬき市津田町津田２４８番地" }, "geometry": { "type": "Point", "coordinates": [ 134.261146, 34.281748 ] } },
{ "type": "Feature", "properties": { "ID": 3722370100940, "正式名称": "医療法人つじ整形外科クリニック", "機関区分": 2, "都道府県コード": 37, "市区町村コード": 206, "所在地": "香川県さぬき市長尾西７７８－４", "緯度": 34.268804, "経度": 134.17582, "url": "https://www.iryou.teikyouseido.mhlw.go.jp/znk-web/juminkanja/S2430/initialize?prefCd=37&kikanCd=2370100940&kikanKbn=2", "url2": null, "内容": "医療法人つじ整形外科クリニック【2:診療所】【診療科目:整形外科】香川県さぬき市長尾西７７８－４" }, "geometry": { "type": "Point", "coordinates": [ 134.17582, 34.268804 ] } },
{ "type": "Feature", "properties": { "ID": 3722370100960, "正式名称": "医療法人社団　英路　小林耳鼻科醫院", "機関区分": 2, "都道府県コード": 37, "市区町村コード": 207, "所在地": "香川県東かがわ市三本松１８８７－１", "緯度": 34.24792, "経度": 134.340557, "url": "https://www.iryou.teikyouseido.mhlw.go.jp/znk-web/juminkanja/S2430/initialize?prefCd=37&kikanCd=2370100960&kikanKbn=2", "url2": "https://kobayashi1887.jp", "内容": "医療法人社団　英路　小林耳鼻科醫院【2:診療所】【診療科目:耳鼻いんこう科_アレルギー科】香川県東かがわ市三本松１８８７－１" }, "geometry": { "type": "Point", "coordinates": [ 134.340557, 34.24792 ] } },
{ "type": "Feature", "properties": { "ID": 3722370100970, "正式名称": "三木ふじた医院", "機関区分": 2, "都道府県コード": 37, "市区町村コード": 341, "所在地": "香川県木田郡三木町大字井戸２３６３－５", "緯度": 34.263336, "経度": 134.160271, "url": "https://www.iryou.teikyouseido.mhlw.go.jp/znk-web/juminkanja/S2430/initialize?prefCd=37&kikanCd=2370100970&kikanKbn=2", "url2": "https://miki.fujitaiin.or.jp/", "内容": "三木ふじた医院【2:診療所】【診療科目:漢方内科_外科_整形外科_皮膚科_リウマチ科_リハビリテーション科】香川県木田郡三木町大字井戸２３６３－５" }, "geometry": { "type": "Point", "coordinates": [ 134.160271, 34.263336 ] } },
{ "type": "Feature", "properties": { "ID": 3722370100980, "正式名称": "ササキメディカルクリニック", "機関区分": 2, "都道府県コード": 37, "市区町村コード": 201, "所在地": "香川県高松市多肥下町１５４７－８", "緯度": 34.301678, "経度": 134.061756, "url": "https://www.iryou.teikyouseido.mhlw.go.jp/znk-web/juminkanja/S2430/initialize?prefCd=37&kikanCd=2370100980&kikanKbn=2", "url2": "http://www.sasaki-medical.com/", "内容": "ササキメディカルクリニック【2:診療所】【診療科目:内科_外科_乳腺外科_リハビリテーション科】香川県高松市多肥下町１５４７－８" }, "geometry": { "type": "Point", "coordinates": [ 134.061756, 34.301678 ] } },
{ "type": "Feature", "properties": { "ID": 3722370101000, "正式名称": "はらおか医院内科・循環器内科", "機関区分": 2, "都道府県コード": 37, "市区町村コード": 206, "所在地": "香川県さぬき市志度４４５０番地３", "緯度": 34.316199, "経度": 134.183201, "url": "https://www.iryou.teikyouseido.mhlw.go.jp/znk-web/juminkanja/S2430/initialize?prefCd=37&kikanCd=2370101000&kikanKbn=2", "url2": "https://www.haraoka.iin.com", "内容": "はらおか医院内科・循環器内科【2:診療所】【診療科目:内科_循環器内科】香川県さぬき市志度４４５０番地３" }, "geometry": { "type": "Point", "coordinates": [ 134.183201, 34.316199 ] } },
{ "type": "Feature", "properties": { "ID": 3722370101020, "正式名称": "こころメンタルクリニック", "機関区分": 2, "都道府県コード": 37, "市区町村コード": 206, "所在地": "香川県さぬき市志度１９００番地７", "緯度": 34.320307, "経度": 134.184001, "url": "https://www.iryou.teikyouseido.mhlw.go.jp/znk-web/juminkanja/S2430/initialize?prefCd=37&kikanCd=2370101020&kikanKbn=2", "url2": "https://www.kokoro-mc.net", "内容": "こころメンタルクリニック【2:診療所】【診療科目:心療内科】香川県さぬき市志度１９００番地７" }, "geometry": { "type": "Point", "coordinates": [ 134.184001, 34.320307 ] } },
{ "type": "Feature", "properties": { "ID": 3722370101030, "正式名称": "医療法人社団　健愛会　志度あきやまクリニック", "機関区分": 2, "都道府県コード": 37, "市区町村コード": 206, "所在地": "香川県さぬき市志度２３５１ー１", "緯度": 34.317001, "経度": 134.173666, "url": "https://www.iryou.teikyouseido.mhlw.go.jp/znk-web/juminkanja/S2430/initialize?prefCd=37&kikanCd=2370101030&kikanKbn=2", "url2": "https://shido-akiyamaclinic.doctorsfile.jp/", "内容": "医療法人社団　健愛会　志度あきやまクリニック【2:診療所】【診療科目:内科_循環器内科_腎臓内科_人工透析内科_泌尿器科_リハビリテーション科】香川県さぬき市志度２３５１ー１" }, "geometry": { "type": "Point", "coordinates": [ 134.173666, 34.317001 ] } },
{ "type": "Feature", "properties": { "ID": 3722370101040, "正式名称": "ふじた眼科", "機関区分": 2, "都道府県コード": 37, "市区町村コード": 206, "所在地": "香川県さぬき市志度２４１３番地１", "緯度": 34.317804, "経度": 134.176772, "url": "https://www.iryou.teikyouseido.mhlw.go.jp/znk-web/juminkanja/S2430/initialize?prefCd=37&kikanCd=2370101040&kikanKbn=2", "url2": "https://fujita-ganka.net/", "内容": "ふじた眼科【2:診療所】【診療科目:眼科_皮膚科】香川県さぬき市志度２４１３番地１" }, "geometry": { "type": "Point", "coordinates": [ 134.176772, 34.317804 ] } },
{ "type": "Feature", "properties": { "ID": 3722370101050, "正式名称": "堀江整形外科スポーツ＆リハビリクリニック", "機関区分": 2, "都道府県コード": 37, "市区町村コード": 206, "所在地": "香川県さぬき市志度２５４２－１", "緯度": 34.317804, "経度": 134.176772, "url": "https://www.iryou.teikyouseido.mhlw.go.jp/znk-web/juminkanja/S2430/initialize?prefCd=37&kikanCd=2370101050&kikanKbn=2", "url2": "https://sports-horie-clinic.com", "内容": "堀江整形外科スポーツ＆リハビリクリニック【2:診療所】【診療科目:整形外科】香川県さぬき市志度２５４２－１" }, "geometry": { "type": "Point", "coordinates": [ 134.176772, 34.317804 ] } },
{ "type": "Feature", "properties": { "ID": 3722370200030, "正式名称": "医療法人社団池田内科クリニック", "機関区分": 2, "都道府県コード": 37, "市区町村コード": 324, "所在地": "香川県小豆郡小豆島町池田１－６", "緯度": 34.480282, "経度": 134.224806, "url": "https://www.iryou.teikyouseido.mhlw.go.jp/znk-web/juminkanja/S2430/initialize?prefCd=37&kikanCd=2370200030&kikanKbn=2", "url2": null, "内容": "医療法人社団池田内科クリニック【2:診療所】【診療科目:内科】香川県小豆郡小豆島町池田１－６" }, "geometry": { "type": "Point", "coordinates": [ 134.224806, 34.480282 ] } },
{ "type": "Feature", "properties": { "ID": 3722370200050, "正式名称": "医療法人社団もり内科", "機関区分": 2, "都道府県コード": 37, "市区町村コード": 324, "所在地": "香川県小豆郡小豆島町西村甲１４６８－１", "緯度": 34.471395, "経度": 134.282552, "url": "https://www.iryou.teikyouseido.mhlw.go.jp/znk-web/juminkanja/S2430/initialize?prefCd=37&kikanCd=2370200050&kikanKbn=2", "url2": null, "内容": "医療法人社団もり内科【2:診療所】【診療科目:内科_循環器内科_腎臓内科】香川県小豆郡小豆島町西村甲１４６８－１" }, "geometry": { "type": "Point", "coordinates": [ 134.282552, 34.471395 ] } },
{ "type": "Feature", "properties": { "ID": 3722370200070, "正式名称": "医療法人社団外園医院", "機関区分": 2, "都道府県コード": 37, "市区町村コード": 322, "所在地": "香川県小豆郡土庄町甲７３０－５", "緯度": 34.484781, "経度": 134.18056, "url": "https://www.iryou.teikyouseido.mhlw.go.jp/znk-web/juminkanja/S2430/initialize?prefCd=37&kikanCd=2370200070&kikanKbn=2", "url2": null, "内容": "医療法人社団外園医院【2:診療所】【診療科目:内科_糖尿病内科_循環器内科_消化器内科_小児科】香川県小豆郡土庄町甲７３０－５" }, "geometry": { "type": "Point", "coordinates": [ 134.18056, 34.484781 ] } },
{ "type": "Feature", "properties": { "ID": 3722370200080, "正式名称": "医療法人社団　大森外科医院", "機関区分": 2, "都道府県コード": 37, "市区町村コード": 322, "所在地": "香川県小豆郡土庄町渕崎甲２１３７－５", "緯度": 34.487475, "経度": 134.193003, "url": "https://www.iryou.teikyouseido.mhlw.go.jp/znk-web/juminkanja/S2430/initialize?prefCd=37&kikanCd=2370200080&kikanKbn=2", "url2": null, "内容": "医療法人社団　大森外科医院【2:診療所】【診療科目:消化器内科_外科_肛門外科_整形外科_リハビリテーション科】香川県小豆郡土庄町渕崎甲２１３７－５" }, "geometry": { "type": "Point", "coordinates": [ 134.193003, 34.487475 ] } },
{ "type": "Feature", "properties": { "ID": 3722370200100, "正式名称": "三枝医院", "機関区分": 2, "都道府県コード": 37, "市区町村コード": 322, "所在地": "香川県小豆郡土庄町甲４２０", "緯度": 34.484142, "経度": 134.185809, "url": "https://www.iryou.teikyouseido.mhlw.go.jp/znk-web/juminkanja/S2430/initialize?prefCd=37&kikanCd=2370200100&kikanKbn=2", "url2": null, "内容": "三枝医院【2:診療所】【診療科目:内科_小児科】香川県小豆郡土庄町甲４２０" }, "geometry": { "type": "Point", "coordinates": [ 134.185809, 34.484142 ] } },
{ "type": "Feature", "properties": { "ID": 3722370200130, "正式名称": "医療法人社団海星みなと診療所", "機関区分": 2, "都道府県コード": 37, "市区町村コード": 322, "所在地": "香川県小豆郡土庄町伊喜末８１－３２", "緯度": 34.513528, "経度": 134.165587, "url": "https://www.iryou.teikyouseido.mhlw.go.jp/znk-web/juminkanja/S2430/initialize?prefCd=37&kikanCd=2370200130&kikanKbn=2", "url2": null, "内容": "医療法人社団海星みなと診療所【2:診療所】【診療科目:内科_整形外科_精神科_心療内科_リハビリテーション科】香川県小豆郡土庄町伊喜末８１－３２" }, "geometry": { "type": "Point", "coordinates": [ 134.165587, 34.513528 ] } },
{ "type": "Feature", "properties": { "ID": 3722370200150, "正式名称": "平井クリニック", "機関区分": 2, "都道府県コード": 37, "市区町村コード": 322, "所在地": "香川県小豆郡土庄町甲１３６０番地１", "緯度": 34.477587, "経度": 134.18031, "url": "https://www.iryou.teikyouseido.mhlw.go.jp/znk-web/juminkanja/S2430/initialize?prefCd=37&kikanCd=2370200150&kikanKbn=2", "url2": null, "内容": "平井クリニック【2:診療所】【診療科目:内科_外科_眼科】香川県小豆郡土庄町甲１３６０番地１" }, "geometry": { "type": "Point", "coordinates": [ 134.18031, 34.477587 ] } },
{ "type": "Feature", "properties": { "ID": 3722370200160, "正式名称": "土庄診療所", "機関区分": 2, "都道府県コード": 37, "市区町村コード": 322, "所在地": "香川県小豆郡土庄町渕崎甲１４００－２", "緯度": 34.486851, "経度": 134.188389, "url": "https://www.iryou.teikyouseido.mhlw.go.jp/znk-web/juminkanja/S2430/initialize?prefCd=37&kikanCd=2370200160&kikanKbn=2", "url2": null, "内容": "土庄診療所【2:診療所】【診療科目:内科】香川県小豆郡土庄町渕崎甲１４００－２" }, "geometry": { "type": "Point", "coordinates": [ 134.188389, 34.486851 ] } },
{ "type": "Feature", "properties": { "ID": 3722370200190, "正式名称": "内海平井クリニック", "機関区分": 2, "都道府県コード": 37, "市区町村コード": 324, "所在地": "香川県小豆郡小豆島町草壁本町字下川西６０２－１２", "緯度": 34.480337, "経度": 134.302292, "url": "https://www.iryou.teikyouseido.mhlw.go.jp/znk-web/juminkanja/S2430/initialize?prefCd=37&kikanCd=2370200190&kikanKbn=2", "url2": null, "内容": "内海平井クリニック【2:診療所】【診療科目:内科_外科_眼科】香川県小豆郡小豆島町草壁本町字下川西６０２－１２" }, "geometry": { "type": "Point", "coordinates": [ 134.302292, 34.480337 ] } },
{ "type": "Feature", "properties": { "ID": 3722370200200, "正式名称": "内海診療所", "機関区分": 2, "都道府県コード": 37, "市区町村コード": 324, "所在地": "香川県小豆郡小豆島町片城甲４４－９５", "緯度": 34.479899, "経度": 134.308274, "url": "https://www.iryou.teikyouseido.mhlw.go.jp/znk-web/juminkanja/S2430/initialize?prefCd=37&kikanCd=2370200200&kikanKbn=2", "url2": null, "内容": "内海診療所【2:診療所】【診療科目:内科】香川県小豆郡小豆島町片城甲４４－９５" }, "geometry": { "type": "Point", "coordinates": [ 134.308274, 34.479899 ] } },
{ "type": "Feature", "properties": { "ID": 3722370200210, "正式名称": "小豆島山上整形外科医院", "機関区分": 2, "都道府県コード": 37, "市区町村コード": 324, "所在地": "香川県小豆郡小豆島町西村甲１８２２－１", "緯度": 34.469593, "経度": 134.276158, "url": "https://www.iryou.teikyouseido.mhlw.go.jp/znk-web/juminkanja/S2430/initialize?prefCd=37&kikanCd=2370200210&kikanKbn=2", "url2": "https://www.yamagami-seikei.jp/", "内容": "小豆島山上整形外科医院【2:診療所】【診療科目:整形外科_リハビリテーション科】香川県小豆郡小豆島町西村甲１８２２－１" }, "geometry": { "type": "Point", "coordinates": [ 134.276158, 34.469593 ] } },
{ "type": "Feature", "properties": { "ID": 3722370300010, "正式名称": "医療法人社団今村整形外科医院", "機関区分": 2, "都道府県コード": 37, "市区町村コード": 387, "所在地": "香川県綾歌郡綾川町陶２４６４－１", "緯度": 34.256718, "経度": 133.951589, "url": "https://www.iryou.teikyouseido.mhlw.go.jp/znk-web/juminkanja/S2430/initialize?prefCd=37&kikanCd=2370300010&kikanKbn=2", "url2": null, "内容": "医療法人社団今村整形外科医院【2:診療所】【診療科目:整形外科_リハビリテーション科】香川県綾歌郡綾川町陶２４６４－１" }, "geometry": { "type": "Point", "coordinates": [ 133.951589, 34.256718 ] } },
{ "type": "Feature", "properties": { "ID": 3722370300020, "正式名称": "医療法人社団うえだ眼科", "機関区分": 2, "都道府県コード": 37, "市区町村コード": 387, "所在地": "香川県綾歌郡綾川町陶２６０２－６", "緯度": 34.255829, "経度": 133.958533, "url": "https://www.iryou.teikyouseido.mhlw.go.jp/znk-web/juminkanja/S2430/initialize?prefCd=37&kikanCd=2370300020&kikanKbn=2", "url2": "https://ueda-ganka.net/", "内容": "医療法人社団うえだ眼科【2:診療所】【診療科目:眼科】香川県綾歌郡綾川町陶２６０２－６" }, "geometry": { "type": "Point", "coordinates": [ 133.958533, 34.255829 ] } },
{ "type": "Feature", "properties": { "ID": 3722370300030, "正式名称": "うきた整形外科", "機関区分": 2, "都道府県コード": 37, "市区町村コード": 387, "所在地": "香川県綾歌郡綾川町陶３７７５－６", "緯度": 34.256357, "経度": 133.96256, "url": "https://www.iryou.teikyouseido.mhlw.go.jp/znk-web/juminkanja/S2430/initialize?prefCd=37&kikanCd=2370300030&kikanKbn=2", "url2": null, "内容": "うきた整形外科【2:診療所】【診療科目:整形外科_リウマチ科_リハビリテーション科】香川県綾歌郡綾川町陶３７７５－６" }, "geometry": { "type": "Point", "coordinates": [ 133.96256, 34.256357 ] } },
{ "type": "Feature", "properties": { "ID": 3722370300050, "正式名称": "医療法人社団桑島医院", "機関区分": 2, "都道府県コード": 37, "市区町村コード": 387, "所在地": "香川県綾歌郡綾川町山田上甲１３０７－１", "緯度": 34.220222, "経度": 133.964145, "url": "https://www.iryou.teikyouseido.mhlw.go.jp/znk-web/juminkanja/S2430/initialize?prefCd=37&kikanCd=2370300050&kikanKbn=2", "url2": null, "内容": "医療法人社団桑島医院【2:診療所】【診療科目:内科_胃腸内科_小児科】香川県綾歌郡綾川町山田上甲１３０７－１" }, "geometry": { "type": "Point", "coordinates": [ 133.964145, 34.220222 ] } },
{ "type": "Feature", "properties": { "ID": 3722370300060, "正式名称": "さくらづか吉田クリニック", "機関区分": 2, "都道府県コード": 37, "市区町村コード": 387, "所在地": "香川県綾歌郡綾川町陶４１８５－１", "緯度": 34.252885, "経度": 133.945923, "url": "https://www.iryou.teikyouseido.mhlw.go.jp/znk-web/juminkanja/S2430/initialize?prefCd=37&kikanCd=2370300060&kikanKbn=2", "url2": "http://sakurazuka.jp", "内容": "さくらづか吉田クリニック【2:診療所】【診療科目:皮膚科_泌尿器科_アレルギー科】香川県綾歌郡綾川町陶４１８５－１" }, "geometry": { "type": "Point", "coordinates": [ 133.945923, 34.252885 ] } },
{ "type": "Feature", "properties": { "ID": 3722370300080, "正式名称": "西クリニック", "機関区分": 2, "都道府県コード": 37, "市区町村コード": 387, "所在地": "香川県綾歌郡綾川町畑田６３２－１５", "緯度": 34.264718, "経度": 133.982447, "url": "https://www.iryou.teikyouseido.mhlw.go.jp/znk-web/juminkanja/S2430/initialize?prefCd=37&kikanCd=2370300080&kikanKbn=2", "url2": null, "内容": "西クリニック【2:診療所】【診療科目:内科_胃腸内科】香川県綾歌郡綾川町畑田６３２－１５" }, "geometry": { "type": "Point", "coordinates": [ 133.982447, 34.264718 ] } },
{ "type": "Feature", "properties": { "ID": 3722370300090, "正式名称": "松本内科胃腸内科医院", "機関区分": 2, "都道府県コード": 37, "市区町村コード": 387, "所在地": "香川県綾歌郡綾川町畑田６７３", "緯度": 34.263301, "経度": 133.979475, "url": "https://www.iryou.teikyouseido.mhlw.go.jp/znk-web/juminkanja/S2430/initialize?prefCd=37&kikanCd=2370300090&kikanKbn=2", "url2": null, "内容": "松本内科胃腸内科医院【2:診療所】【診療科目:内科_呼吸器内科_循環器内科_消化器内科】香川県綾歌郡綾川町畑田６７３" }, "geometry": { "type": "Point", "coordinates": [ 133.979475, 34.263301 ] } },
{ "type": "Feature", "properties": { "ID": 3722370300100, "正式名称": "医療法人社団有隣会溝渕クリニック", "機関区分": 2, "都道府県コード": 37, "市区町村コード": 387, "所在地": "香川県綾歌郡綾川町滝宮５５５－１", "緯度": 34.247191, "経度": 133.923731, "url": "https://www.iryou.teikyouseido.mhlw.go.jp/znk-web/juminkanja/S2430/initialize?prefCd=37&kikanCd=2370300100&kikanKbn=2", "url2": "http://www.mizobuchi-clinic.or.jp/", "内容": "医療法人社団有隣会溝渕クリニック【2:診療所】【診療科目:内科_脳神経内科_呼吸器内科_循環器内科_消化器内科_皮膚科_精神科_神経科_心療内科_リハビリテーション科】香川県綾歌郡綾川町滝宮５５５－１" }, "geometry": { "type": "Point", "coordinates": [ 133.923731, 34.247191 ] } },
{ "type": "Feature", "properties": { "ID": 3722370300110, "正式名称": "医療法人三宅医院", "機関区分": 2, "都道府県コード": 37, "市区町村コード": 387, "所在地": "香川県綾歌郡綾川町陶５８９０番地５", "緯度": 34.253746, "経度": 133.95195, "url": "https://www.iryou.teikyouseido.mhlw.go.jp/znk-web/juminkanja/S2430/initialize?prefCd=37&kikanCd=2370300110&kikanKbn=2", "url2": null, "内容": "医療法人三宅医院【2:診療所】【診療科目:内科_小児科】香川県綾歌郡綾川町陶５８９０番地５" }, "geometry": { "type": "Point", "coordinates": [ 133.95195, 34.253746 ] } },
{ "type": "Feature", "properties": { "ID": 3722370300120, "正式名称": "医療法人社団山下整形外科医院", "機関区分": 2, "都道府県コード": 37, "市区町村コード": 387, "所在地": "香川県綾歌郡綾川町畑田１０７１番地１", "緯度": 34.26044, "経度": 133.972059, "url": "https://www.iryou.teikyouseido.mhlw.go.jp/znk-web/juminkanja/S2430/initialize?prefCd=37&kikanCd=2370300120&kikanKbn=2", "url2": null, "内容": "医療法人社団山下整形外科医院【2:診療所】【診療科目:整形外科_リウマチ科_リハビリテーション科】香川県綾歌郡綾川町畑田１０７１番地１" }, "geometry": { "type": "Point", "coordinates": [ 133.972059, 34.26044 ] } },
{ "type": "Feature", "properties": { "ID": 3722370300130, "正式名称": "医療法人社団綾羽会よしだ内科消化器科医院", "機関区分": 2, "都道府県コード": 37, "市区町村コード": 387, "所在地": "香川県綾歌郡綾川町小野甲１１４７－７", "緯度": 34.239108, "経度": 133.903094, "url": "https://www.iryou.teikyouseido.mhlw.go.jp/znk-web/juminkanja/S2430/initialize?prefCd=37&kikanCd=2370300130&kikanKbn=2", "url2": null, "内容": "医療法人社団綾羽会よしだ内科消化器科医院【2:診療所】【診療科目:内科_消化器内科_アレルギー科_リハビリテーション科】香川県綾歌郡綾川町小野甲１１４７－７" }, "geometry": { "type": "Point", "coordinates": [ 133.903094, 34.239108 ] } },
{ "type": "Feature", "properties": { "ID": 3722370300150, "正式名称": "綾川町国民健康保険綾上診療所", "機関区分": 2, "都道府県コード": 37, "市区町村コード": 387, "所在地": "香川県綾歌郡綾川町山田下３３５２番地１", "緯度": 34.225332, "経度": 133.950091, "url": "https://www.iryou.teikyouseido.mhlw.go.jp/znk-web/juminkanja/S2430/initialize?prefCd=37&kikanCd=2370300150&kikanKbn=2", "url2": null, "内容": "綾川町国民健康保険綾上診療所【2:診療所】【診療科目:内科】香川県綾歌郡綾川町山田下３３５２番地１" }, "geometry": { "type": "Point", "coordinates": [ 133.950091, 34.225332 ] } },
{ "type": "Feature", "properties": { "ID": 3722370300160, "正式名称": "綾川町国民健康保険羽床上診療所", "機関区分": 2, "都道府県コード": 37, "市区町村コード": 387, "所在地": "香川県綾歌郡綾川町羽床上６０５－８", "緯度": 34.225471, "経度": 133.928981, "url": "https://www.iryou.teikyouseido.mhlw.go.jp/znk-web/juminkanja/S2430/initialize?prefCd=37&kikanCd=2370300160&kikanKbn=2", "url2": null, "内容": "綾川町国民健康保険羽床上診療所【2:診療所】【診療科目:内科】香川県綾歌郡綾川町羽床上６０５－８" }, "geometry": { "type": "Point", "coordinates": [ 133.928981, 34.225471 ] } },
{ "type": "Feature", "properties": { "ID": 3722370300180, "正式名称": "井上胃腸科肛門科クリニック", "機関区分": 2, "都道府県コード": 37, "市区町村コード": 386, "所在地": "香川県綾歌郡宇多津町東分４９－７", "緯度": 34.294823, "経度": 133.83132, "url": "https://www.iryou.teikyouseido.mhlw.go.jp/znk-web/juminkanja/S2430/initialize?prefCd=37&kikanCd=2370300180&kikanKbn=2", "url2": null, "内容": "井上胃腸科肛門科クリニック【2:診療所】【診療科目:胃腸内科_外科_肛門外科】香川県綾歌郡宇多津町東分４９－７" }, "geometry": { "type": "Point", "coordinates": [ 133.83132, 34.294823 ] } },
{ "type": "Feature", "properties": { "ID": 3722370300210, "正式名称": "医療法人社団くわはら医院", "機関区分": 2, "都道府県コード": 37, "市区町村コード": 386, "所在地": "香川県綾歌郡宇多津町浜八番丁１１２番地２", "緯度": 34.311971, "経度": 133.822019, "url": "https://www.iryou.teikyouseido.mhlw.go.jp/znk-web/juminkanja/S2430/initialize?prefCd=37&kikanCd=2370300210&kikanKbn=2", "url2": null, "内容": "医療法人社団くわはら医院【2:診療所】【診療科目:内科_外科_小児耳鼻いんこう科_頭頸部・耳鼻いんこう科_アレルギー科】香川県綾歌郡宇多津町浜八番丁１１２番地２" }, "geometry": { "type": "Point", "coordinates": [ 133.822019, 34.311971 ] } },
{ "type": "Feature", "properties": { "ID": 3722370300230, "正式名称": "千羽眼科医院", "機関区分": 2, "都道府県コード": 37, "市区町村コード": 386, "所在地": "香川県綾歌郡宇多津町浜八番丁１３３－４", "緯度": 34.310738, "経度": 133.822847, "url": "https://www.iryou.teikyouseido.mhlw.go.jp/znk-web/juminkanja/S2430/initialize?prefCd=37&kikanCd=2370300230&kikanKbn=2", "url2": null, "内容": "千羽眼科医院【2:診療所】【診療科目:眼科】香川県綾歌郡宇多津町浜八番丁１３３－４" }, "geometry": { "type": "Point", "coordinates": [ 133.822847, 34.310738 ] } },
{ "type": "Feature", "properties": { "ID": 3722370300260, "正式名称": "松浦こどもメンタルクリニック", "機関区分": 2, "都道府県コード": 37, "市区町村コード": 386, "所在地": "香川県綾歌郡宇多津町浜六番丁７８番地１２", "緯度": 34.304618, "経度": 133.814789, "url": "https://www.iryou.teikyouseido.mhlw.go.jp/znk-web/juminkanja/S2430/initialize?prefCd=37&kikanCd=2370300260&kikanKbn=2", "url2": "www.matsuura-kodomo-mental.jp/", "内容": "松浦こどもメンタルクリニック【2:診療所】【診療科目:神経内科_精神科_心療内科】香川県綾歌郡宇多津町浜六番丁７８番地１２" }, "geometry": { "type": "Point", "coordinates": [ 133.814789, 34.304618 ] } },
{ "type": "Feature", "properties": { "ID": 3722370300270, "正式名称": "松山医院", "機関区分": 2, "都道府県コード": 37, "市区町村コード": 386, "所在地": "香川県綾歌郡宇多津町２０３４－１", "緯度": 34.308571, "経度": 133.826069, "url": "https://www.iryou.teikyouseido.mhlw.go.jp/znk-web/juminkanja/S2430/initialize?prefCd=37&kikanCd=2370300270&kikanKbn=2", "url2": null, "内容": "松山医院【2:診療所】【診療科目:内科_循環器内科_皮膚科】香川県綾歌郡宇多津町２０３４－１" }, "geometry": { "type": "Point", "coordinates": [ 133.826069, 34.308571 ] } },
{ "type": "Feature", "properties": { "ID": 3722370300290, "正式名称": "医療法人社団愛徳会池田内科医院", "機関区分": 2, "都道府県コード": 37, "市区町村コード": 403, "所在地": "香川県仲多度郡琴平町７５０", "緯度": 34.186584, "経度": 133.820298, "url": "https://www.iryou.teikyouseido.mhlw.go.jp/znk-web/juminkanja/S2430/initialize?prefCd=37&kikanCd=2370300290&kikanKbn=2", "url2": null, "内容": "医療法人社団愛徳会池田内科医院【2:診療所】【診療科目:内科_循環器内科_消化器内科_神経内科】香川県仲多度郡琴平町７５０" }, "geometry": { "type": "Point", "coordinates": [ 133.820298, 34.186584 ] } },
{ "type": "Feature", "properties": { "ID": 3722370300300, "正式名称": "医療法人十全会岩崎医院", "機関区分": 2, "都道府県コード": 37, "市区町村コード": 403, "所在地": "香川県仲多度郡琴平町２８３番地の１", "緯度": 34.18987, "経度": 133.821784, "url": "https://www.iryou.teikyouseido.mhlw.go.jp/znk-web/juminkanja/S2430/initialize?prefCd=37&kikanCd=2370300300&kikanKbn=2", "url2": null, "内容": "医療法人十全会岩崎医院【2:診療所】【診療科目:内科_呼吸器内科_循環器内科_消化器内科_脳神経外科_リウマチ科_リハビリテーション科】香川県仲多度郡琴平町２８３番地の１" }, "geometry": { "type": "Point", "coordinates": [ 133.821784, 34.18987 ] } },
{ "type": "Feature", "properties": { "ID": 3722370300310, "正式名称": "医療法人社団大浦内科消化器科医院", "機関区分": 2, "都道府県コード": 37, "市区町村コード": 403, "所在地": "香川県仲多度郡琴平町榎井８５３番地２８", "緯度": 34.191834, "経度": 133.820547, "url": "https://www.iryou.teikyouseido.mhlw.go.jp/znk-web/juminkanja/S2430/initialize?prefCd=37&kikanCd=2370300310&kikanKbn=2", "url2": null, "内容": "医療法人社団大浦内科消化器科医院【2:診療所】【診療科目:内科_消化器内科】香川県仲多度郡琴平町榎井８５３番地２８" }, "geometry": { "type": "Point", "coordinates": [ 133.820547, 34.191834 ] } },
{ "type": "Feature", "properties": { "ID": 3722370300330, "正式名称": "医療法人社団雄貴会五条眼科医院", "機関区分": 2, "都道府県コード": 37, "市区町村コード": 403, "所在地": "香川県仲多度郡琴平町五條２１０番地", "緯度": 34.183224, "経度": 133.830158, "url": "https://www.iryou.teikyouseido.mhlw.go.jp/znk-web/juminkanja/S2430/initialize?prefCd=37&kikanCd=2370300330&kikanKbn=2", "url2": "https://gojyo-eye.com", "内容": "医療法人社団雄貴会五条眼科医院【2:診療所】【診療科目:眼科】香川県仲多度郡琴平町五條２１０番地" }, "geometry": { "type": "Point", "coordinates": [ 133.830158, 34.183224 ] } },
{ "type": "Feature", "properties": { "ID": 3722370300350, "正式名称": "浜田眼科医院", "機関区分": 2, "都道府県コード": 37, "市区町村コード": 403, "所在地": "香川県仲多度郡琴平町榎井８７３－３", "緯度": 34.192278, "経度": 133.820492, "url": "https://www.iryou.teikyouseido.mhlw.go.jp/znk-web/juminkanja/S2430/initialize?prefCd=37&kikanCd=2370300350&kikanKbn=2", "url2": "hamadaganka.com", "内容": "浜田眼科医院【2:診療所】【診療科目:眼科】香川県仲多度郡琴平町榎井８７３－３" }, "geometry": { "type": "Point", "coordinates": [ 133.820492, 34.192278 ] } },
{ "type": "Feature", "properties": { "ID": 3722370300360, "正式名称": "医療法人社団林泉会　林医院", "機関区分": 2, "都道府県コード": 37, "市区町村コード": 406, "所在地": "香川県仲多度郡まんのう町岸上１６３８－３０", "緯度": 34.170753, "経度": 133.843019, "url": "https://www.iryou.teikyouseido.mhlw.go.jp/znk-web/juminkanja/S2430/initialize?prefCd=37&kikanCd=2370300360&kikanKbn=2", "url2": null, "内容": "医療法人社団林泉会　林医院【2:診療所】【診療科目:内科_循環器内科_消化器内科】香川県仲多度郡まんのう町岸上１６３８－３０" }, "geometry": { "type": "Point", "coordinates": [ 133.843019, 34.170753 ] } },
{ "type": "Feature", "properties": { "ID": 3722370300400, "正式名称": "森内科医院", "機関区分": 2, "都道府県コード": 37, "市区町村コード": 403, "所在地": "香川県仲多度郡琴平町１６７番地", "緯度": 34.191439, "経度": 133.823306, "url": "https://www.iryou.teikyouseido.mhlw.go.jp/znk-web/juminkanja/S2430/initialize?prefCd=37&kikanCd=2370300400&kikanKbn=2", "url2": "http://www.eisei-hp.or.jp", "内容": "森内科医院【2:診療所】【診療科目:内科_呼吸器内科_循環器内科_消化器内科_放射線診断科】香川県仲多度郡琴平町１６７番地" }, "geometry": { "type": "Point", "coordinates": [ 133.823306, 34.191439 ] } },
{ "type": "Feature", "properties": { "ID": 3722370300420, "正式名称": "やまもと耳鼻咽喉科", "機関区分": 2, "都道府県コード": 37, "市区町村コード": 403, "所在地": "香川県仲多度郡琴平町五條６３６－３", "緯度": 34.189778, "経度": 133.827714, "url": "https://www.iryou.teikyouseido.mhlw.go.jp/znk-web/juminkanja/S2430/initialize?prefCd=37&kikanCd=2370300420&kikanKbn=2", "url2": "yamamotojibika.com/", "内容": "やまもと耳鼻咽喉科【2:診療所】【診療科目:耳鼻いんこう科】香川県仲多度郡琴平町五條６３６－３" }, "geometry": { "type": "Point", "coordinates": [ 133.827714, 34.189778 ] } },
{ "type": "Feature", "properties": { "ID": 3722370300440, "正式名称": "淡河医院", "機関区分": 2, "都道府県コード": 37, "市区町村コード": 203, "所在地": "香川県坂出市寿町３丁目３－１５", "緯度": 34.317154, "経度": 133.848234, "url": "https://www.iryou.teikyouseido.mhlw.go.jp/znk-web/juminkanja/S2430/initialize?prefCd=37&kikanCd=2370300440&kikanKbn=2", "url2": "https://www.aga-iin.com/", "内容": "淡河医院【2:診療所】【診療科目:性感染症内科_人工透析内科_外科_整形外科_小児耳鼻いんこう科_小児泌尿器科_耳鼻いんこう科_皮膚科_泌尿器科】香川県坂出市寿町３丁目３－１５" }, "geometry": { "type": "Point", "coordinates": [ 133.848234, 34.317154 ] } },
{ "type": "Feature", "properties": { "ID": 3722370300460, "正式名称": "医療法人社団伊藤内科消化器科クリニック", "機関区分": 2, "都道府県コード": 37, "市区町村コード": 203, "所在地": "香川県坂出市川津町６６－１", "緯度": 34.282019, "経度": 133.855985, "url": "https://www.iryou.teikyouseido.mhlw.go.jp/znk-web/juminkanja/S2430/initialize?prefCd=37&kikanCd=2370300460&kikanKbn=2", "url2": null, "内容": "医療法人社団伊藤内科消化器科クリニック【2:診療所】【診療科目:内科_消化器内科】香川県坂出市川津町６６－１" }, "geometry": { "type": "Point", "coordinates": [ 133.855985, 34.282019 ] } },
{ "type": "Feature", "properties": { "ID": 3722370300490, "正式名称": "医療法人社団うちだ小児科医院", "機関区分": 2, "都道府県コード": 37, "市区町村コード": 203, "所在地": "香川県坂出市駒止町１－４－３０", "緯度": 34.313044, "経度": 133.857928, "url": "https://www.iryou.teikyouseido.mhlw.go.jp/znk-web/juminkanja/S2430/initialize?prefCd=37&kikanCd=2370300490&kikanKbn=2", "url2": null, "内容": "医療法人社団うちだ小児科医院【2:診療所】【診療科目:小児科_アレルギー科】香川県坂出市駒止町１－４－３０" }, "geometry": { "type": "Point", "coordinates": [ 133.857928, 34.313044 ] } },
{ "type": "Feature", "properties": { "ID": 3722370300500, "正式名称": "坂出市王越診療所", "機関区分": 2, "都道府県コード": 37, "市区町村コード": 203, "所在地": "香川県坂出市王越町木沢１２０９番地４", "緯度": 34.3664, "経度": 133.915032, "url": "https://www.iryou.teikyouseido.mhlw.go.jp/znk-web/juminkanja/S2430/initialize?prefCd=37&kikanCd=2370300500&kikanKbn=2", "url2": "https://www.city.sakaide.lg.jp/soshiki/kenkou/ougosisinryousyo.html", "内容": "坂出市王越診療所【2:診療所】【診療科目:内科】香川県坂出市王越町木沢１２０９番地４" }, "geometry": { "type": "Point", "coordinates": [ 133.915032, 34.3664 ] } },
{ "type": "Feature", "properties": { "ID": 3722370300520, "正式名称": "医療法人社団　ふじみ眼科・内科クリニック", "機関区分": 2, "都道府県コード": 37, "市区町村コード": 203, "所在地": "香川県坂出市富士見町１丁目１－１１", "緯度": 34.312071, "経度": 133.850373, "url": "https://www.iryou.teikyouseido.mhlw.go.jp/znk-web/juminkanja/S2430/initialize?prefCd=37&kikanCd=2370300520&kikanKbn=2", "url2": "https://fujimi-clinic.jp/", "内容": "医療法人社団　ふじみ眼科・内科クリニック【2:診療所】【診療科目:内科_感染症内科_循環器内科_総合内科_眼科】香川県坂出市富士見町１丁目１－１１" }, "geometry": { "type": "Point", "coordinates": [ 133.850373, 34.312071 ] } },
{ "type": "Feature", "properties": { "ID": 3722370300540, "正式名称": "公益財団法人香川成人医学研究所附属診療所　ウェルクリニック", "機関区分": 2, "都道府県コード": 37, "市区町村コード": 203, "所在地": "香川県坂出市横津町３丁目２－３１", "緯度": 34.318071, "経度": 133.866954, "url": "https://www.iryou.teikyouseido.mhlw.go.jp/znk-web/juminkanja/S2430/initialize?prefCd=37&kikanCd=2370300540&kikanKbn=2", "url2": "http://www.kagawa-seijin.or.jp/", "内容": "公益財団法人香川成人医学研究所附属診療所　ウェルクリニック【2:診療所】【診療科目:内科_循環器内科_消化器内科_放射線科】香川県坂出市横津町３丁目２－３１" }, "geometry": { "type": "Point", "coordinates": [ 133.866954, 34.318071 ] } },
{ "type": "Feature", "properties": { "ID": 3722370300550, "正式名称": "医療法人社団　秀和会　かじはらペインクリニック", "機関区分": 2, "都道府県コード": 37, "市区町村コード": 203, "所在地": "香川県坂出市川津町２７８５－１", "緯度": 34.287248, "経度": 133.855617, "url": "https://www.iryou.teikyouseido.mhlw.go.jp/znk-web/juminkanja/S2430/initialize?prefCd=37&kikanCd=2370300550&kikanKbn=2", "url2": "www.nagai-group.com/pain/", "内容": "医療法人社団　秀和会　かじはらペインクリニック【2:診療所】【診療科目:内科_外科_整形外科_リハビリテーション科_麻酔科】香川県坂出市川津町２７８５－１" }, "geometry": { "type": "Point", "coordinates": [ 133.855617, 34.287248 ] } },
{ "type": "Feature", "properties": { "ID": 3722370300560, "正式名称": "耳鼻咽喉科かなたき医院", "機関区分": 2, "都道府県コード": 37, "市区町村コード": 203, "所在地": "香川県坂出市本町２丁目４－１５", "緯度": 34.315876, "経度": 133.851206, "url": "https://www.iryou.teikyouseido.mhlw.go.jp/znk-web/juminkanja/S2430/initialize?prefCd=37&kikanCd=2370300560&kikanKbn=2", "url2": null, "内容": "耳鼻咽喉科かなたき医院【2:診療所】【診療科目:耳鼻いんこう科】香川県坂出市本町２丁目４－１５" }, "geometry": { "type": "Point", "coordinates": [ 133.851206, 34.315876 ] } },
{ "type": "Feature", "properties": { "ID": 3722370300610, "正式名称": "医療法人社団昭龍会　国重まこと医院", "機関区分": 2, "都道府県コード": 37, "市区町村コード": 203, "所在地": "香川県坂出市笠指町４－２８", "緯度": 34.3066, "経度": 133.856761, "url": "https://www.iryou.teikyouseido.mhlw.go.jp/znk-web/juminkanja/S2430/initialize?prefCd=37&kikanCd=2370300610&kikanKbn=2", "url2": "http://kunishigemakotoclinic.jp", "内容": "医療法人社団昭龍会　国重まこと医院【2:診療所】【診療科目:内科_脳神経内科_循環器内科_消化器内科_神経内科_小児科_放射線診断科】香川県坂出市笠指町４－２８" }, "geometry": { "type": "Point", "coordinates": [ 133.856761, 34.3066 ] } },
{ "type": "Feature", "properties": { "ID": 3722370300620, "正式名称": "医療法人社団久真会大木眼科久保歯科医院", "機関区分": 2, "都道府県コード": 37, "市区町村コード": 203, "所在地": "香川県坂出市江尻町１１４９番地２", "緯度": 34.318432, "経度": 133.87076, "url": "https://www.iryou.teikyouseido.mhlw.go.jp/znk-web/juminkanja/S2430/initialize?prefCd=37&kikanCd=2370300620&kikanKbn=2", "url2": "http://www.kubo-eye-dental.jp/", "内容": "医療法人社団久真会大木眼科久保歯科医院【2:診療所】【診療科目:眼科】香川県坂出市江尻町１１４９番地２" }, "geometry": { "type": "Point", "coordinates": [ 133.87076, 34.318432 ] } },
{ "type": "Feature", "properties": { "ID": 3722370300640, "正式名称": "医療法人社団愛生会上里医院", "機関区分": 2, "都道府県コード": 37, "市区町村コード": 203, "所在地": "香川県坂出市江尻町８３６番地５", "緯度": 34.319349, "経度": 133.88087, "url": "https://www.iryou.teikyouseido.mhlw.go.jp/znk-web/juminkanja/S2430/initialize?prefCd=37&kikanCd=2370300640&kikanKbn=2", "url2": "http://www.justmystage.com/home/ryokusei/index.html", "内容": "医療法人社団愛生会上里医院【2:診療所】【診療科目:内科_胃腸内科_外科_リハビリテーション科_麻酔科】香川県坂出市江尻町８３６番地５" }, "geometry": { "type": "Point", "coordinates": [ 133.88087, 34.319349 ] } },
{ "type": "Feature", "properties": { "ID": 3722370300650, "正式名称": "医療法人社団小林内科胃腸科医院", "機関区分": 2, "都道府県コード": 37, "市区町村コード": 203, "所在地": "香川県坂出市富士見町１丁目１０－１０", "緯度": 34.309516, "経度": 133.849901, "url": "https://www.iryou.teikyouseido.mhlw.go.jp/znk-web/juminkanja/S2430/initialize?prefCd=37&kikanCd=2370300650&kikanKbn=2", "url2": "http://kobayashi-ichoka.com/", "内容": "医療法人社団小林内科胃腸科医院【2:診療所】【診療科目:内科_糖尿病内科_循環器内科_消化器内科_肝臓内科_放射線科】香川県坂出市富士見町１丁目１０－１０" }, "geometry": { "type": "Point", "coordinates": [ 133.849901, 34.309516 ] } },
{ "type": "Feature", "properties": { "ID": 3722370300670, "正式名称": "医療法人社団佐藤医院", "機関区分": 2, "都道府県コード": 37, "市区町村コード": 203, "所在地": "香川県坂出市駒止町２－１－３８", "緯度": 34.309204, "経度": 133.855621, "url": "https://www.iryou.teikyouseido.mhlw.go.jp/znk-web/juminkanja/S2430/initialize?prefCd=37&kikanCd=2370300670&kikanKbn=2", "url2": "www.sato-c.or.jp", "内容": "医療法人社団佐藤医院【2:診療所】【診療科目:内科_放射線科】香川県坂出市駒止町２－１－３８" }, "geometry": { "type": "Point", "coordinates": [ 133.855621, 34.309204 ] } },
{ "type": "Feature", "properties": { "ID": 3722370300690, "正式名称": "医療法人社団聖モニカ会聖母眼科医院", "機関区分": 2, "都道府県コード": 37, "市区町村コード": 203, "所在地": "香川県坂出市室町２丁目１－３９", "緯度": 34.31546, "経度": 133.860233, "url": "https://www.iryou.teikyouseido.mhlw.go.jp/znk-web/juminkanja/S2430/initialize?prefCd=37&kikanCd=2370300690&kikanKbn=2", "url2": "http://www.web-santamaria.com", "内容": "医療法人社団聖モニカ会聖母眼科医院【2:診療所】【診療科目:眼科】香川県坂出市室町２丁目１－３９" }, "geometry": { "type": "Point", "coordinates": [ 133.860233, 34.31546 ] } },
{ "type": "Feature", "properties": { "ID": 3722370300720, "正式名称": "医療法人社団彰秀会　高尾医院", "機関区分": 2, "都道府県コード": 37, "市区町村コード": 203, "所在地": "香川県坂出市元町１丁目１０－５", "緯度": 34.314377, "経度": 133.855733, "url": "https://www.iryou.teikyouseido.mhlw.go.jp/znk-web/juminkanja/S2430/initialize?prefCd=37&kikanCd=2370300720&kikanKbn=2", "url2": "http://takaoclinic.com", "内容": "医療法人社団彰秀会　高尾医院【2:診療所】【診療科目:腎臓内科_外科_整形外科_皮膚科_泌尿器科_リハビリテーション科】香川県坂出市元町１丁目１０－５" }, "geometry": { "type": "Point", "coordinates": [ 133.855733, 34.314377 ] } },
{ "type": "Feature", "properties": { "ID": 3722370300740, "正式名称": "医療法人社団温裕会たかはし整形外科医院", "機関区分": 2, "都道府県コード": 37, "市区町村コード": 203, "所在地": "香川県坂出市笠指町２－４３", "緯度": 34.307627, "経度": 133.855345, "url": "https://www.iryou.teikyouseido.mhlw.go.jp/znk-web/juminkanja/S2430/initialize?prefCd=37&kikanCd=2370300740&kikanKbn=2", "url2": "http://nttbj.itp.ne.jp/0877456121/index.html", "内容": "医療法人社団温裕会たかはし整形外科医院【2:診療所】【診療科目:整形外科_リウマチ科_リハビリテーション科】香川県坂出市笠指町２－４３" }, "geometry": { "type": "Point", "coordinates": [ 133.855345, 34.307627 ] } },
{ "type": "Feature", "properties": { "ID": 3722370300770, "正式名称": "医療法人社団つちだ内科クリニック", "機関区分": 2, "都道府県コード": 37, "市区町村コード": 203, "所在地": "香川県坂出市川津町２９８０", "緯度": 34.291103, "経度": 133.855237, "url": "https://www.iryou.teikyouseido.mhlw.go.jp/znk-web/juminkanja/S2430/initialize?prefCd=37&kikanCd=2370300770&kikanKbn=2", "url2": "http://www.tsuchida-clinic.jp/", "内容": "医療法人社団つちだ内科クリニック【2:診療所】【診療科目:内科_小児科_放射線科】香川県坂出市川津町２９８０" }, "geometry": { "type": "Point", "coordinates": [ 133.855237, 34.291103 ] } },
{ "type": "Feature", "properties": { "ID": 3722370300780, "正式名称": "つばさクリニック", "機関区分": 2, "都道府県コード": 37, "市区町村コード": 203, "所在地": "香川県坂出市川津町２４９５番地１", "緯度": 34.289435, "経度": 133.861262, "url": "https://www.iryou.teikyouseido.mhlw.go.jp/znk-web/juminkanja/S2430/initialize?prefCd=37&kikanCd=2370300780&kikanKbn=2", "url2": null, "内容": "つばさクリニック【2:診療所】【診療科目:精神科_心療内科】香川県坂出市川津町２４９５番地１" }, "geometry": { "type": "Point", "coordinates": [ 133.861262, 34.289435 ] } },
{ "type": "Feature", "properties": { "ID": 3722370300790, "正式名称": "医療法人社団　永井整形外科医院", "機関区分": 2, "都道府県コード": 37, "市区町村コード": 203, "所在地": "香川県坂出市川津町２７３０番地", "緯度": 34.287324, "経度": 133.854735, "url": "https://www.iryou.teikyouseido.mhlw.go.jp/znk-web/juminkanja/S2430/initialize?prefCd=37&kikanCd=2370300790&kikanKbn=2", "url2": "www.kbn.ne.jp/home/kym007", "内容": "医療法人社団　永井整形外科医院【2:診療所】【診療科目:内科_外科_整形外科_リウマチ科_リハビリテーション科_放射線科】香川県坂出市川津町２７３０番地" }, "geometry": { "type": "Point", "coordinates": [ 133.854735, 34.287324 ] } },
{ "type": "Feature", "properties": { "ID": 3722370300800, "正式名称": "なかしま皮膚科医院", "機関区分": 2, "都道府県コード": 37, "市区町村コード": 203, "所在地": "香川県坂出市文京町１丁目１－１３", "緯度": 34.312516, "経度": 133.854483, "url": "https://www.iryou.teikyouseido.mhlw.go.jp/znk-web/juminkanja/S2430/initialize?prefCd=37&kikanCd=2370300800&kikanKbn=2", "url2": null, "内容": "なかしま皮膚科医院【2:診療所】【診療科目:皮膚科】香川県坂出市文京町１丁目１－１３" }, "geometry": { "type": "Point", "coordinates": [ 133.854483, 34.312516 ] } },
{ "type": "Feature", "properties": { "ID": 3722370300810, "正式名称": "医療法人社団響会　林内科呼吸器科医院", "機関区分": 2, "都道府県コード": 37, "市区町村コード": 203, "所在地": "香川県坂出市白金町３丁目６－１１", "緯度": 34.316487, "経度": 133.845401, "url": "https://www.iryou.teikyouseido.mhlw.go.jp/znk-web/juminkanja/S2430/initialize?prefCd=37&kikanCd=2370300810&kikanKbn=2", "url2": "https://hayashinaika.wixsite.com/hibikikai", "内容": "医療法人社団響会　林内科呼吸器科医院【2:診療所】【診療科目:内科_呼吸器内科】香川県坂出市白金町３丁目６－１１" }, "geometry": { "type": "Point", "coordinates": [ 133.845401, 34.316487 ] } },
{ "type": "Feature", "properties": { "ID": 3722370300820, "正式名称": "医療法人社団博朋会番の州ハピネスクリニック", "機関区分": 2, "都道府県コード": 37, "市区町村コード": 203, "所在地": "香川県坂出市八幡町３丁目２－２０", "緯度": 34.31621, "経度": 133.842706, "url": "https://www.iryou.teikyouseido.mhlw.go.jp/znk-web/juminkanja/S2430/initialize?prefCd=37&kikanCd=2370300820&kikanKbn=2", "url2": null, "内容": "医療法人社団博朋会番の州ハピネスクリニック【2:診療所】【診療科目:胃腸内科_外科_整形外科_リハビリテーション科】香川県坂出市八幡町３丁目２－２０" }, "geometry": { "type": "Point", "coordinates": [ 133.842706, 34.31621 ] } },
{ "type": "Feature", "properties": { "ID": 3722370300840, "正式名称": "北條クリニック", "機関区分": 2, "都道府県コード": 37, "市区町村コード": 203, "所在地": "香川県坂出市江尻町７１６", "緯度": 34.322154, "経度": 133.873954, "url": "https://www.iryou.teikyouseido.mhlw.go.jp/znk-web/juminkanja/S2430/initialize?prefCd=37&kikanCd=2370300840&kikanKbn=2", "url2": null, "内容": "北條クリニック【2:診療所】【診療科目:内科_呼吸器内科_胃腸内科_外科_整形外科】香川県坂出市江尻町７１６" }, "geometry": { "type": "Point", "coordinates": [ 133.873954, 34.322154 ] } },
{ "type": "Feature", "properties": { "ID": 3722370300850, "正式名称": "医療法人社団健翔会　堀口医院", "機関区分": 2, "都道府県コード": 37, "市区町村コード": 203, "所在地": "香川県坂出市川津町３３２９－１４", "緯度": 34.294157, "経度": 133.850568, "url": "https://www.iryou.teikyouseido.mhlw.go.jp/znk-web/juminkanja/S2430/initialize?prefCd=37&kikanCd=2370300850&kikanKbn=2", "url2": "http://www.horiguchi-hp.jp/", "内容": "医療法人社団健翔会　堀口医院【2:診療所】【診療科目:内科_リハビリテーション科】香川県坂出市川津町３３２９－１４" }, "geometry": { "type": "Point", "coordinates": [ 133.850568, 34.294157 ] } },
{ "type": "Feature", "properties": { "ID": 3722370300870, "正式名称": "医療法人社団まえだ整形外科外科医院", "機関区分": 2, "都道府県コード": 37, "市区町村コード": 203, "所在地": "香川県坂出市室町３丁目１－１３", "緯度": 34.317543, "経度": 133.860316, "url": "https://www.iryou.teikyouseido.mhlw.go.jp/znk-web/juminkanja/S2430/initialize?prefCd=37&kikanCd=2370300870&kikanKbn=2", "url2": "http://www.maedaseikei.net", "内容": "医療法人社団まえだ整形外科外科医院【2:診療所】【診療科目:外科_整形外科_美容外科_皮膚科_リウマチ科_リハビリテーション科_麻酔科】香川県坂出市室町３丁目１－１３" }, "geometry": { "type": "Point", "coordinates": [ 133.860316, 34.317543 ] } },
{ "type": "Feature", "properties": { "ID": 3722370300890, "正式名称": "まつむら内科クリニック", "機関区分": 2, "都道府県コード": 37, "市区町村コード": 203, "所在地": "香川県坂出市江尻町字南新開１５７７番地１", "緯度": 34.314905, "経度": 133.870982, "url": "https://www.iryou.teikyouseido.mhlw.go.jp/znk-web/juminkanja/S2430/initialize?prefCd=37&kikanCd=2370300890&kikanKbn=2", "url2": "http://www.matsu-clinic.net", "内容": "まつむら内科クリニック【2:診療所】【診療科目:内科_消化器内科】香川県坂出市江尻町字南新開１５７７番地１" }, "geometry": { "type": "Point", "coordinates": [ 133.870982, 34.314905 ] } },
{ "type": "Feature", "properties": { "ID": 3722370300900, "正式名称": "医療法人社団三木内科胃腸科医院", "機関区分": 2, "都道府県コード": 37, "市区町村コード": 203, "所在地": "香川県坂出市宮下町１番２６号", "緯度": 34.318015, "経度": 133.847678, "url": "https://www.iryou.teikyouseido.mhlw.go.jp/znk-web/juminkanja/S2430/initialize?prefCd=37&kikanCd=2370300900&kikanKbn=2", "url2": null, "内容": "医療法人社団三木内科胃腸科医院【2:診療所】【診療科目:内科_消化器内科_胃腸内科】香川県坂出市宮下町１番２６号" }, "geometry": { "type": "Point", "coordinates": [ 133.847678, 34.318015 ] } },
{ "type": "Feature", "properties": { "ID": 3722370300920, "正式名称": "峯小児科医院", "機関区分": 2, "都道府県コード": 37, "市区町村コード": 203, "所在地": "香川県坂出市寿町３丁目４－１０", "緯度": 34.317543, "経度": 133.848178, "url": "https://www.iryou.teikyouseido.mhlw.go.jp/znk-web/juminkanja/S2430/initialize?prefCd=37&kikanCd=2370300920&kikanKbn=2", "url2": null, "内容": "峯小児科医院【2:診療所】【診療科目:内科_小児科】香川県坂出市寿町３丁目４－１０" }, "geometry": { "type": "Point", "coordinates": [ 133.848178, 34.317543 ] } },
{ "type": "Feature", "properties": { "ID": 3722370300930, "正式名称": "医療法人　然　みのりクリニック", "機関区分": 2, "都道府県コード": 37, "市区町村コード": 203, "所在地": "香川県坂出市駒止町１丁目３－５　ライフスクエア坂出１階", "緯度": 34.311405, "経度": 133.856587, "url": "https://www.iryou.teikyouseido.mhlw.go.jp/znk-web/juminkanja/S2430/initialize?prefCd=37&kikanCd=2370300930&kikanKbn=2", "url2": "minori-clinic.Jp", "内容": "医療法人　然　みのりクリニック【2:診療所】【診療科目:内科_お電話にてお問い合わせください_脳神経外科_心療内科_リハビリテーション科】香川県坂出市駒止町１丁目３－５　ライフスクエア坂出１階" }, "geometry": { "type": "Point", "coordinates": [ 133.856587, 34.311405 ] } },
{ "type": "Feature", "properties": { "ID": 3722370300950, "正式名称": "坂出市国民健康保険与島診療所", "機関区分": 2, "都道府県コード": 37, "市区町村コード": 203, "所在地": "香川県坂出市与島町１０２番地", "緯度": 34.385119, "経度": 133.822538, "url": "https://www.iryou.teikyouseido.mhlw.go.jp/znk-web/juminkanja/S2430/initialize?prefCd=37&kikanCd=2370300950&kikanKbn=2", "url2": "https://www.city.sakaide.lg.jp/soshiki/kenkou/yosimasinryousyo.html", "内容": "坂出市国民健康保険与島診療所【2:診療所】【診療科目:内科】香川県坂出市与島町１０２番地" }, "geometry": { "type": "Point", "coordinates": [ 133.822538, 34.385119 ] } },
{ "type": "Feature", "properties": { "ID": 3722370300980, "正式名称": "医療法人社団安藤医院", "機関区分": 2, "都道府県コード": 37, "市区町村コード": 204, "所在地": "香川県善通寺市上吉田町２－４－１１", "緯度": 34.229496, "経度": 133.783771, "url": "https://www.iryou.teikyouseido.mhlw.go.jp/znk-web/juminkanja/S2430/initialize?prefCd=37&kikanCd=2370300980&kikanKbn=2", "url2": null, "内容": "医療法人社団安藤医院【2:診療所】【診療科目:内科_外科_小児科_放射線科】香川県善通寺市上吉田町２－４－１１" }, "geometry": { "type": "Point", "coordinates": [ 133.783771, 34.229496 ] } },
{ "type": "Feature", "properties": { "ID": 3722370300990, "正式名称": "医療法人社団岩野循環器内科医院", "機関区分": 2, "都道府県コード": 37, "市区町村コード": 204, "所在地": "香川県善通寺市下吉田町２２９番地１", "緯度": 34.239242, "経度": 133.776826, "url": "https://www.iryou.teikyouseido.mhlw.go.jp/znk-web/juminkanja/S2430/initialize?prefCd=37&kikanCd=2370300990&kikanKbn=2", "url2": null, "内容": "医療法人社団岩野循環器内科医院【2:診療所】【診療科目:内科_循環器内科】香川県善通寺市下吉田町２２９番地１" }, "geometry": { "type": "Point", "coordinates": [ 133.776826, 34.239242 ] } },
{ "type": "Feature", "properties": { "ID": 3722370301000, "正式名称": "医療法人社団幸正会岩本内科医院", "機関区分": 2, "都道府県コード": 37, "市区町村コード": 204, "所在地": "香川県善通寺市弘田町４９６－１", "緯度": 34.240216, "経度": 133.759578, "url": "https://www.iryou.teikyouseido.mhlw.go.jp/znk-web/juminkanja/S2430/initialize?prefCd=37&kikanCd=2370301000&kikanKbn=2", "url2": "https://www.iwamotonaika.jp/", "内容": "医療法人社団幸正会岩本内科医院【2:診療所】【診療科目:内科_糖尿病内科_循環器内科】香川県善通寺市弘田町４９６－１" }, "geometry": { "type": "Point", "coordinates": [ 133.759578, 34.240216 ] } },
{ "type": "Feature", "properties": { "ID": 3722370301010, "正式名称": "医療法人社団　大杉脳神経外科医院", "機関区分": 2, "都道府県コード": 37, "市区町村コード": 204, "所在地": "香川県善通寺市大麻町２０７９－１", "緯度": 34.215942, "経度": 133.799909, "url": "https://www.iryou.teikyouseido.mhlw.go.jp/znk-web/juminkanja/S2430/initialize?prefCd=37&kikanCd=2370301010&kikanKbn=2", "url2": "https://www.osugi-mao.jp", "内容": "医療法人社団　大杉脳神経外科医院【2:診療所】【診療科目:内科_糖尿病内科_ペインクリニック内科_脳神経外科_リハビリテーション科_麻酔科】香川県善通寺市大麻町２０７９－１" }, "geometry": { "type": "Point", "coordinates": [ 133.799909, 34.215942 ] } },
{ "type": "Feature", "properties": { "ID": 3722370301020, "正式名称": "医療法人社団功寿会アイシークリニック", "機関区分": 2, "都道府県コード": 37, "市区町村コード": 204, "所在地": "香川県善通寺市原田町１４９４番地１", "緯度": 34.253965, "経度": 133.787797, "url": "https://www.iryou.teikyouseido.mhlw.go.jp/znk-web/juminkanja/S2430/initialize?prefCd=37&kikanCd=2370301020&kikanKbn=2", "url2": "http://www.senju-group.or.jp/", "内容": "医療法人社団功寿会アイシークリニック【2:診療所】【診療科目:内科_胃腸内科_外科_整形外科_皮膚科_泌尿器科_リウマチ科_リハビリテーション科】香川県善通寺市原田町１４９４番地１" }, "geometry": { "type": "Point", "coordinates": [ 133.787797, 34.253965 ] } },
{ "type": "Feature", "properties": { "ID": 3722370301030, "正式名称": "耳鼻咽喉科小野医院", "機関区分": 2, "都道府県コード": 37, "市区町村コード": 204, "所在地": "香川県善通寺市文京町１丁目２－１１", "緯度": 34.228774, "経度": 133.78791, "url": "https://www.iryou.teikyouseido.mhlw.go.jp/znk-web/juminkanja/S2430/initialize?prefCd=37&kikanCd=2370301030&kikanKbn=2", "url2": null, "内容": "耳鼻咽喉科小野医院【2:診療所】【診療科目:小児耳鼻いんこう科_耳鼻いんこう科】香川県善通寺市文京町１丁目２－１１" }, "geometry": { "type": "Point", "coordinates": [ 133.78791, 34.228774 ] } },
{ "type": "Feature", "properties": { "ID": 3722370301050, "正式名称": "医療法人社団神野クリニック", "機関区分": 2, "都道府県コード": 37, "市区町村コード": 204, "所在地": "香川県善通寺市上吉田町２７８番", "緯度": 34.236162, "経度": 133.788076, "url": "https://www.iryou.teikyouseido.mhlw.go.jp/znk-web/juminkanja/S2430/initialize?prefCd=37&kikanCd=2370301050&kikanKbn=2", "url2": null, "内容": "医療法人社団神野クリニック【2:診療所】【診療科目:皮膚科】香川県善通寺市上吉田町２７８番" }, "geometry": { "type": "Point", "coordinates": [ 133.788076, 34.236162 ] } },
{ "type": "Feature", "properties": { "ID": 3722370301060, "正式名称": "医療法人社団行天クリニック", "機関区分": 2, "都道府県コード": 37, "市区町村コード": 204, "所在地": "香川県善通寺市生野町１８６０－３", "緯度": 34.222807, "経度": 133.786248, "url": "https://www.iryou.teikyouseido.mhlw.go.jp/znk-web/juminkanja/S2430/initialize?prefCd=37&kikanCd=2370301060&kikanKbn=2", "url2": null, "内容": "医療法人社団行天クリニック【2:診療所】【診療科目:脳神経内科_神経内科_外科_脳神経外科_リハビリテーション科】香川県善通寺市生野町１８６０－３" }, "geometry": { "type": "Point", "coordinates": [ 133.786248, 34.222807 ] } },
{ "type": "Feature", "properties": { "ID": 3722370301100, "正式名称": "香川医療生活協同組合善通寺診療所", "機関区分": 2, "都道府県コード": 37, "市区町村コード": 204, "所在地": "香川県善通寺市上吉田町６丁目８番９号", "緯度": 34.230718, "経度": 133.784687, "url": "https://www.iryou.teikyouseido.mhlw.go.jp/znk-web/juminkanja/S2430/initialize?prefCd=37&kikanCd=2370301100&kikanKbn=2", "url2": "http://www.kagawa.coop", "内容": "香川医療生活協同組合善通寺診療所【2:診療所】【診療科目:内科_循環器内科_消化器内科_小児科】香川県善通寺市上吉田町６丁目８番９号" }, "geometry": { "type": "Point", "coordinates": [ 133.784687, 34.230718 ] } },
{ "type": "Feature", "properties": { "ID": 3722370301120, "正式名称": "医療法人社団田所医院", "機関区分": 2, "都道府県コード": 37, "市区町村コード": 204, "所在地": "香川県善通寺市原田町１４０８番地の２", "緯度": 34.251716, "経度": 133.786048, "url": "https://www.iryou.teikyouseido.mhlw.go.jp/znk-web/juminkanja/S2430/initialize?prefCd=37&kikanCd=2370301120&kikanKbn=2", "url2": "http://tadokoro1408byoinnavi.jp", "内容": "医療法人社団田所医院【2:診療所】【診療科目:内科_呼吸器内科_循環器内科_小児科_放射線科】香川県善通寺市原田町１４０８番地の２" }, "geometry": { "type": "Point", "coordinates": [ 133.786048, 34.251716 ] } },
{ "type": "Feature", "properties": { "ID": 3722370301140, "正式名称": "医療法人社団光仁会中島医院", "機関区分": 2, "都道府県コード": 37, "市区町村コード": 204, "所在地": "香川県善通寺市善通寺町７丁目５－６", "緯度": 34.228273, "経度": 133.779021, "url": "https://www.iryou.teikyouseido.mhlw.go.jp/znk-web/juminkanja/S2430/initialize?prefCd=37&kikanCd=2370301140&kikanKbn=2", "url2": "http://nakashima-c.byoinnavi.jp/pc/", "内容": "医療法人社団光仁会中島医院【2:診療所】【診療科目:内科_小児科】香川県善通寺市善通寺町７丁目５－６" }, "geometry": { "type": "Point", "coordinates": [ 133.779021, 34.228273 ] } },
{ "type": "Feature", "properties": { "ID": 3722370301170, "正式名称": "医療法人社団にしかわクリニック", "機関区分": 2, "都道府県コード": 37, "市区町村コード": 204, "所在地": "香川県善通寺市木徳町１０７３番地６", "緯度": 34.243578, "経度": 133.799547, "url": "https://www.iryou.teikyouseido.mhlw.go.jp/znk-web/juminkanja/S2430/initialize?prefCd=37&kikanCd=2370301170&kikanKbn=2", "url2": "http:/www.kirakira.ne.jp/~nskwclnc", "内容": "医療法人社団にしかわクリニック【2:診療所】【診療科目:呼吸器内科_小児科_アレルギー科】香川県善通寺市木徳町１０７３番地６" }, "geometry": { "type": "Point", "coordinates": [ 133.799547, 34.243578 ] } },
{ "type": "Feature", "properties": { "ID": 3722370301190, "正式名称": "藤沢医院", "機関区分": 2, "都道府県コード": 37, "市区町村コード": 204, "所在地": "香川県善通寺市金蔵寺町１２４９－１", "緯度": 34.249882, "経度": 133.777882, "url": "https://www.iryou.teikyouseido.mhlw.go.jp/znk-web/juminkanja/S2430/initialize?prefCd=37&kikanCd=2370301190&kikanKbn=2", "url2": null, "内容": "藤沢医院【2:診療所】【診療科目:内科_呼吸器内科_胃腸内科_放射線科】香川県善通寺市金蔵寺町１２４９－１" }, "geometry": { "type": "Point", "coordinates": [ 133.777882, 34.249882 ] } },
{ "type": "Feature", "properties": { "ID": 3722370301200, "正式名称": "医療法人高樹会　ふじた医院", "機関区分": 2, "都道府県コード": 37, "市区町村コード": 204, "所在地": "香川県善通寺市上吉田町４丁目５番１号", "緯度": 34.228885, "経度": 133.780827, "url": "https://www.iryou.teikyouseido.mhlw.go.jp/znk-web/juminkanja/S2430/initialize?prefCd=37&kikanCd=2370301200&kikanKbn=2", "url2": "https://www.fujitaiin.or.jp/", "内容": "医療法人高樹会　ふじた医院【2:診療所】【診療科目:内科_循環器内科_消化器内科_胃腸内科_外科_肛門外科_ペインクリニック外科_整形外科_リハビリテーション科_麻酔科】香川県善通寺市上吉田町４丁目５番１号" }, "geometry": { "type": "Point", "coordinates": [ 133.780827, 34.228885 ] } },
{ "type": "Feature", "properties": { "ID": 3722370301220, "正式名称": "医療法人社団森医院　赤門森医院", "機関区分": 2, "都道府県コード": 37, "市区町村コード": 204, "所在地": "香川県善通寺市善通寺町１丁目６番５号", "緯度": 34.227348, "経度": 133.779906, "url": "https://www.iryou.teikyouseido.mhlw.go.jp/znk-web/juminkanja/S2430/initialize?prefCd=37&kikanCd=2370301220&kikanKbn=2", "url2": "www.mori-iin.com", "内容": "医療法人社団森医院　赤門森医院【2:診療所】【診療科目:内科_循環器内科_小児科】香川県善通寺市善通寺町１丁目６番５号" }, "geometry": { "type": "Point", "coordinates": [ 133.779906, 34.227348 ] } },
{ "type": "Feature", "properties": { "ID": 3722370301230, "正式名称": "医療法人社団あかつき会山下内科医院", "機関区分": 2, "都道府県コード": 37, "市区町村コード": 204, "所在地": "香川県善通寺市善通寺町５丁目６番２８号", "緯度": 34.227746, "経度": 133.774272, "url": "https://www.iryou.teikyouseido.mhlw.go.jp/znk-web/juminkanja/S2430/initialize?prefCd=37&kikanCd=2370301230&kikanKbn=2", "url2": null, "内容": "医療法人社団あかつき会山下内科医院【2:診療所】【診療科目:内科_神経内科】香川県善通寺市善通寺町５丁目６番２８号" }, "geometry": { "type": "Point", "coordinates": [ 133.774272, 34.227746 ] } },
{ "type": "Feature", "properties": { "ID": 3722370301270, "正式名称": "秋山医院", "機関区分": 2, "都道府県コード": 37, "市区町村コード": 404, "所在地": "香川県仲多度郡多度津町仲ノ町９－６", "緯度": 34.271046, "経度": 133.750188, "url": "https://www.iryou.teikyouseido.mhlw.go.jp/znk-web/juminkanja/S2430/initialize?prefCd=37&kikanCd=2370301270&kikanKbn=2", "url2": null, "内容": "秋山医院【2:診療所】【診療科目:内科_循環器内科_消化器内科_小児科_皮膚科】香川県仲多度郡多度津町仲ノ町９－６" }, "geometry": { "type": "Point", "coordinates": [ 133.750188, 34.271046 ] } },
{ "type": "Feature", "properties": { "ID": 3722370301280, "正式名称": "医療法人社団自生会氏家内科医院", "機関区分": 2, "都道府県コード": 37, "市区町村コード": 404, "所在地": "香川県仲多度郡多度津町京町３番１３号", "緯度": 34.268047, "経度": 133.751994, "url": "https://www.iryou.teikyouseido.mhlw.go.jp/znk-web/juminkanja/S2430/initialize?prefCd=37&kikanCd=2370301280&kikanKbn=2", "url2": "https://www.ujikenaika.net/", "内容": "医療法人社団自生会氏家内科医院【2:診療所】【診療科目:内科_循環器内科_消化器内科】香川県仲多度郡多度津町京町３番１３号" }, "geometry": { "type": "Point", "coordinates": [ 133.751994, 34.268047 ] } },
{ "type": "Feature", "properties": { "ID": 3722370301290, "正式名称": "医療法人社団昌樹会ウツミ整形外科医院", "機関区分": 2, "都道府県コード": 37, "市区町村コード": 404, "所在地": "香川県仲多度郡多度津町道福寺１３２", "緯度": 34.260075, "経度": 133.764604, "url": "https://www.iryou.teikyouseido.mhlw.go.jp/znk-web/juminkanja/S2430/initialize?prefCd=37&kikanCd=2370301290&kikanKbn=2", "url2": "http://www.utsumi-clinic.com.", "内容": "医療法人社団昌樹会ウツミ整形外科医院【2:診療所】【診療科目:整形外科_リウマチ科_リハビリテーション科_麻酔科】香川県仲多度郡多度津町道福寺１３２" }, "geometry": { "type": "Point", "coordinates": [ 133.764604, 34.260075 ] } },
{ "type": "Feature", "properties": { "ID": 3722370301300, "正式名称": "加藤整形外科クリニック", "機関区分": 2, "都道府県コード": 37, "市区町村コード": 404, "所在地": "香川県仲多度郡多度津町堀江１－５－７", "緯度": 34.276268, "経度": 133.757493, "url": "https://www.iryou.teikyouseido.mhlw.go.jp/znk-web/juminkanja/S2430/initialize?prefCd=37&kikanCd=2370301300&kikanKbn=2", "url2": null, "内容": "加藤整形外科クリニック【2:診療所】【診療科目:整形外科_リウマチ科_リハビリテーション科_放射線科】香川県仲多度郡多度津町堀江１－５－７" }, "geometry": { "type": "Point", "coordinates": [ 133.757493, 34.276268 ] } },
{ "type": "Feature", "properties": { "ID": 3722370301310, "正式名称": "医療法人社団くるみクリニック", "機関区分": 2, "都道府県コード": 37, "市区町村コード": 404, "所在地": "香川県仲多度郡多度津町北鴨２丁目５－３", "緯度": 34.275296, "経度": 133.76977, "url": "https://www.iryou.teikyouseido.mhlw.go.jp/znk-web/juminkanja/S2430/initialize?prefCd=37&kikanCd=2370301310&kikanKbn=2", "url2": null, "内容": "医療法人社団くるみクリニック【2:診療所】【診療科目:内科_小児科】香川県仲多度郡多度津町北鴨２丁目５－３" }, "geometry": { "type": "Point", "coordinates": [ 133.76977, 34.275296 ] } },
{ "type": "Feature", "properties": { "ID": 3722370301330, "正式名称": "多度津町国民健康保険佐柳診療所", "機関区分": 2, "都道府県コード": 37, "市区町村コード": 404, "所在地": "香川県仲多度郡多度津町佐柳１２９０", "緯度": 34.33862, "経度": 133.630223, "url": "https://www.iryou.teikyouseido.mhlw.go.jp/znk-web/juminkanja/S2430/initialize?prefCd=37&kikanCd=2370301330&kikanKbn=2", "url2": null, "内容": "多度津町国民健康保険佐柳診療所【2:診療所】【診療科目:内科】香川県仲多度郡多度津町佐柳１２９０" }, "geometry": { "type": "Point", "coordinates": [ 133.630223, 34.33862 ] } },
{ "type": "Feature", "properties": { "ID": 3722370301340, "正式名称": "医療法人社団嶋田耳鼻咽喉科医院", "機関区分": 2, "都道府県コード": 37, "市区町村コード": 404, "所在地": "香川県仲多度郡多度津町幸町２番２５号", "緯度": 34.273824, "経度": 133.759743, "url": "https://www.iryou.teikyouseido.mhlw.go.jp/znk-web/juminkanja/S2430/initialize?prefCd=37&kikanCd=2370301340&kikanKbn=2", "url2": "https://www.shimadajibika.com", "内容": "医療法人社団嶋田耳鼻咽喉科医院【2:診療所】【診療科目:耳鼻いんこう科_アレルギー科】香川県仲多度郡多度津町幸町２番２５号" }, "geometry": { "type": "Point", "coordinates": [ 133.759743, 34.273824 ] } },
{ "type": "Feature", "properties": { "ID": 3722370301350, "正式名称": "医療法人社団　善紀クリニック", "機関区分": 2, "都道府県コード": 37, "市区町村コード": 404, "所在地": "香川県仲多度郡多度津町西浜１１番３０号", "緯度": 34.271852, "経度": 133.744772, "url": "https://www.iryou.teikyouseido.mhlw.go.jp/znk-web/juminkanja/S2430/initialize?prefCd=37&kikanCd=2370301350&kikanKbn=2", "url2": "www4.ocn.ne.jp/~zenki/", "内容": "医療法人社団　善紀クリニック【2:診療所】【診療科目:整形外科_リハビリテーション科】香川県仲多度郡多度津町西浜１１番３０号" }, "geometry": { "type": "Point", "coordinates": [ 133.744772, 34.271852 ] } },
{ "type": "Feature", "properties": { "ID": 3722370301360, "正式名称": "多度津町国民健康保険高見診療所", "機関区分": 2, "都道府県コード": 37, "市区町村コード": 404, "所在地": "香川県仲多度郡多度津町高見１８７５番地２５", "緯度": 34.309235, "経度": 133.681109, "url": "https://www.iryou.teikyouseido.mhlw.go.jp/znk-web/juminkanja/S2430/initialize?prefCd=37&kikanCd=2370301360&kikanKbn=2", "url2": null, "内容": "多度津町国民健康保険高見診療所【2:診療所】【診療科目:内科】香川県仲多度郡多度津町高見１８７５番地２５" }, "geometry": { "type": "Point", "coordinates": [ 133.681109, 34.309235 ] } },
{ "type": "Feature", "properties": { "ID": 3722370301390, "正式名称": "中野小児科医院", "機関区分": 2, "都道府県コード": 37, "市区町村コード": 404, "所在地": "香川県仲多度郡多度津町道福寺１３番地５", "緯度": 34.26027, "経度": 133.767826, "url": "https://www.iryou.teikyouseido.mhlw.go.jp/znk-web/juminkanja/S2430/initialize?prefCd=37&kikanCd=2370301390&kikanKbn=2", "url2": "http://park14.wakwak.com/~nakano-shounika/", "内容": "中野小児科医院【2:診療所】【診療科目:小児科】香川県仲多度郡多度津町道福寺１３番地５" }, "geometry": { "type": "Point", "coordinates": [ 133.767826, 34.26027 ] } },
{ "type": "Feature", "properties": { "ID": 3722370301400, "正式名称": "三宅医院", "機関区分": 2, "都道府県コード": 37, "市区町村コード": 404, "所在地": "香川県仲多度郡多度津町大字山階１３８６", "緯度": 34.25127, "経度": 133.740412, "url": "https://www.iryou.teikyouseido.mhlw.go.jp/znk-web/juminkanja/S2430/initialize?prefCd=37&kikanCd=2370301400&kikanKbn=2", "url2": null, "内容": "三宅医院【2:診療所】【診療科目:内科】香川県仲多度郡多度津町大字山階１３８６" }, "geometry": { "type": "Point", "coordinates": [ 133.740412, 34.25127 ] } },
{ "type": "Feature", "properties": { "ID": 3722370301410, "正式名称": "医療法人社団山本医院", "機関区分": 2, "都道府県コード": 37, "市区町村コード": 404, "所在地": "香川県仲多度郡多度津町大通り５番１１号", "緯度": 34.27349, "経度": 133.751327, "url": "https://www.iryou.teikyouseido.mhlw.go.jp/znk-web/juminkanja/S2430/initialize?prefCd=37&kikanCd=2370301410&kikanKbn=2", "url2": "http://www.zinn.jp", "内容": "医療法人社団山本医院【2:診療所】【診療科目:内科_小児科】香川県仲多度郡多度津町大通り５番１１号" }, "geometry": { "type": "Point", "coordinates": [ 133.751327, 34.27349 ] } },
{ "type": "Feature", "properties": { "ID": 3722370301420, "正式名称": "医療法人社団良亜会アイ眼科医院", "機関区分": 2, "都道府県コード": 37, "市区町村コード": 202, "所在地": "香川県丸亀市中府町５丁目２番３号", "緯度": 34.284351, "経度": 133.793768, "url": "https://www.iryou.teikyouseido.mhlw.go.jp/znk-web/juminkanja/S2430/initialize?prefCd=37&kikanCd=2370301420&kikanKbn=2", "url2": "https://www.dr-navip.jp", "内容": "医療法人社団良亜会アイ眼科医院【2:診療所】【診療科目:眼科】香川県丸亀市中府町５丁目２番３号" }, "geometry": { "type": "Point", "coordinates": [ 133.793768, 34.284351 ] } },
{ "type": "Feature", "properties": { "ID": 3722370301450, "正式名称": "医療法人社団一章会整形外科小児科安藤医院", "機関区分": 2, "都道府県コード": 37, "市区町村コード": 202, "所在地": "香川県丸亀市福島町１３１番地", "緯度": 34.293767, "経度": 133.792101, "url": "https://www.iryou.teikyouseido.mhlw.go.jp/znk-web/juminkanja/S2430/initialize?prefCd=37&kikanCd=2370301450&kikanKbn=2", "url2": null, "内容": "医療法人社団一章会整形外科小児科安藤医院【2:診療所】【診療科目:整形外科_小児科_泌尿器科_リハビリテーション科】香川県丸亀市福島町１３１番地" }, "geometry": { "type": "Point", "coordinates": [ 133.792101, 34.293767 ] } },
{ "type": "Feature", "properties": { "ID": 3722370301470, "正式名称": "医療法人社団石田医院", "機関区分": 2, "都道府県コード": 37, "市区町村コード": 202, "所在地": "香川県丸亀市土居町二丁目８番８号", "緯度": 34.290073, "経度": 133.8031, "url": "https://www.iryou.teikyouseido.mhlw.go.jp/znk-web/juminkanja/S2430/initialize?prefCd=37&kikanCd=2370301470&kikanKbn=2", "url2": "https://marugame-med.or.jp/hospital/158/", "内容": "医療法人社団石田医院【2:診療所】【診療科目:内科】香川県丸亀市土居町二丁目８番８号" }, "geometry": { "type": "Point", "coordinates": [ 133.8031, 34.290073 ] } },
{ "type": "Feature", "properties": { "ID": 3722370301480, "正式名称": "医療法人社団今田医院", "機関区分": 2, "都道府県コード": 37, "市区町村コード": 202, "所在地": "香川県丸亀市垂水町１３４２番地", "緯度": 34.233246, "経度": 133.828212, "url": "https://www.iryou.teikyouseido.mhlw.go.jp/znk-web/juminkanja/S2430/initialize?prefCd=37&kikanCd=2370301480&kikanKbn=2", "url2": null, "内容": "医療法人社団今田医院【2:診療所】【診療科目:内科_小児科】香川県丸亀市垂水町１３４２番地" }, "geometry": { "type": "Point", "coordinates": [ 133.828212, 34.233246 ] } },
{ "type": "Feature", "properties": { "ID": 3722370301500, "正式名称": "医療法人社団みずたに皮フ科", "機関区分": 2, "都道府県コード": 37, "市区町村コード": 202, "所在地": "香川県丸亀市土器町東三丁目２５４－２", "緯度": 34.290684, "経度": 133.81496, "url": "https://www.iryou.teikyouseido.mhlw.go.jp/znk-web/juminkanja/S2430/initialize?prefCd=37&kikanCd=2370301500&kikanKbn=2", "url2": "mizutani-hifuka.jp", "内容": "医療法人社団みずたに皮フ科【2:診療所】【診療科目:皮膚科】香川県丸亀市土器町東三丁目２５４－２" }, "geometry": { "type": "Point", "coordinates": [ 133.81496, 34.290684 ] } },
{ "type": "Feature", "properties": { "ID": 3722370301520, "正式名称": "おおくぼ内科医院", "機関区分": 2, "都道府県コード": 37, "市区町村コード": 202, "所在地": "香川県丸亀市綾歌町富熊", "緯度": 34.249828, "経度": 133.874096, "url": "https://www.iryou.teikyouseido.mhlw.go.jp/znk-web/juminkanja/S2430/initialize?prefCd=37&kikanCd=2370301520&kikanKbn=2", "url2": null, "内容": "おおくぼ内科医院【2:診療所】【診療科目:内科】香川県丸亀市綾歌町富熊" }, "geometry": { "type": "Point", "coordinates": [ 133.874096, 34.249828 ] } },
{ "type": "Feature", "properties": { "ID": 3722370301540, "正式名称": "医療法人社団おおつか内科医院", "機関区分": 2, "都道府県コード": 37, "市区町村コード": 202, "所在地": "香川県丸亀市山北町４５１－１", "緯度": 34.277338, "経度": 133.799066, "url": "https://www.iryou.teikyouseido.mhlw.go.jp/znk-web/juminkanja/S2430/initialize?prefCd=37&kikanCd=2370301540&kikanKbn=2", "url2": null, "内容": "医療法人社団おおつか内科医院【2:診療所】【診療科目:内科_糖尿病内科】香川県丸亀市山北町４５１－１" }, "geometry": { "type": "Point", "coordinates": [ 133.799066, 34.277338 ] } },
{ "type": "Feature", "properties": { "ID": 3722370301550, "正式名称": "医療法人社団杏和会おおにし整形外科スポーツクリニック", "機関区分": 2, "都道府県コード": 37, "市区町村コード": 202, "所在地": "香川県丸亀市御供所町２－１－１", "緯度": 34.296044, "経度": 133.803433, "url": "https://www.iryou.teikyouseido.mhlw.go.jp/znk-web/juminkanja/S2430/initialize?prefCd=37&kikanCd=2370301550&kikanKbn=2", "url2": "https://oss.clinic", "内容": "医療法人社団杏和会おおにし整形外科スポーツクリニック【2:診療所】【診療科目:内科_外科_整形外科_リハビリテーション科】香川県丸亀市御供所町２－１－１" }, "geometry": { "type": "Point", "coordinates": [ 133.803433, 34.296044 ] } },
{ "type": "Feature", "properties": { "ID": 3722370301560, "正式名称": "医療法人社団大西内科循環器科医院", "機関区分": 2, "都道府県コード": 37, "市区町村コード": 202, "所在地": "香川県丸亀市飯山町川原１０８３－６", "緯度": 34.263521, "経度": 133.860957, "url": "https://www.iryou.teikyouseido.mhlw.go.jp/znk-web/juminkanja/S2430/initialize?prefCd=37&kikanCd=2370301560&kikanKbn=2", "url2": null, "内容": "医療法人社団大西内科循環器科医院【2:診療所】【診療科目:内科_循環器内科_小児科】香川県丸亀市飯山町川原１０８３－６" }, "geometry": { "type": "Point", "coordinates": [ 133.860957, 34.263521 ] } },
{ "type": "Feature", "properties": { "ID": 3722370301570, "正式名称": "医療法人社団おかだ小児クリニック", "機関区分": 2, "都道府県コード": 37, "市区町村コード": 202, "所在地": "香川県丸亀市柞原町６８２－１", "緯度": 34.272464, "経度": 133.807017, "url": "https://www.iryou.teikyouseido.mhlw.go.jp/znk-web/juminkanja/S2430/initialize?prefCd=37&kikanCd=2370301570&kikanKbn=2", "url2": "http://www5.plala.or.jp/okadako/", "内容": "医療法人社団おかだ小児クリニック【2:診療所】【診療科目:小児科_アレルギー科】香川県丸亀市柞原町６８２－１" }, "geometry": { "type": "Point", "coordinates": [ 133.807017, 34.272464 ] } },
{ "type": "Feature", "properties": { "ID": 3722370301610, "正式名称": "医療法人社団笠井外科胃腸科医院", "機関区分": 2, "都道府県コード": 37, "市区町村コード": 202, "所在地": "香川県丸亀市新田町１９番地１", "緯度": 34.268519, "経度": 133.790713, "url": "https://www.iryou.teikyouseido.mhlw.go.jp/znk-web/juminkanja/S2430/initialize?prefCd=37&kikanCd=2370301610&kikanKbn=2", "url2": null, "内容": "医療法人社団笠井外科胃腸科医院【2:診療所】【診療科目:胃腸内科_外科_整形外科_リハビリテーション科】香川県丸亀市新田町１９番地１" }, "geometry": { "type": "Point", "coordinates": [ 133.790713, 34.268519 ] } },
{ "type": "Feature", "properties": { "ID": 3722370301630, "正式名称": "医療法人社団川井整形外科クリニック", "機関区分": 2, "都道府県コード": 37, "市区町村コード": 202, "所在地": "香川県丸亀市天満町１丁目１２番１２号", "緯度": 34.283212, "経度": 133.77688, "url": "https://www.iryou.teikyouseido.mhlw.go.jp/znk-web/juminkanja/S2430/initialize?prefCd=37&kikanCd=2370301630&kikanKbn=2", "url2": null, "内容": "医療法人社団川井整形外科クリニック【2:診療所】【診療科目:整形外科_リウマチ科_リハビリテーション科】香川県丸亀市天満町１丁目１２番１２号" }, "geometry": { "type": "Point", "coordinates": [ 133.77688, 34.283212 ] } },
{ "type": "Feature", "properties": { "ID": 3722370301640, "正式名称": "医療法人社団博秀会岸川脳神経外科医院", "機関区分": 2, "都道府県コード": 37, "市区町村コード": 202, "所在地": "香川県丸亀市柞原町１９０", "緯度": 34.266603, "経度": 133.805267, "url": "https://www.iryou.teikyouseido.mhlw.go.jp/znk-web/juminkanja/S2430/initialize?prefCd=37&kikanCd=2370301640&kikanKbn=2", "url2": null, "内容": "医療法人社団博秀会岸川脳神経外科医院【2:診療所】【診療科目:脳神経外科】香川県丸亀市柞原町１９０" }, "geometry": { "type": "Point", "coordinates": [ 133.805267, 34.266603 ] } },
{ "type": "Feature", "properties": { "ID": 3722370301650, "正式名称": "医療法人社団岸本医院", "機関区分": 2, "都道府県コード": 37, "市区町村コード": 202, "所在地": "香川県丸亀市柞原町４８７", "緯度": 34.271353, "経度": 133.802684, "url": "https://www.iryou.teikyouseido.mhlw.go.jp/znk-web/juminkanja/S2430/initialize?prefCd=37&kikanCd=2370301650&kikanKbn=2", "url2": "http://kishimoto-1.byoinnavi.jp", "内容": "医療法人社団岸本医院【2:診療所】【診療科目:内科_血液内科】香川県丸亀市柞原町４８７" }, "geometry": { "type": "Point", "coordinates": [ 133.802684, 34.271353 ] } },
{ "type": "Feature", "properties": { "ID": 3722370301670, "正式名称": "楠原内科医院", "機関区分": 2, "都道府県コード": 37, "市区町村コード": 202, "所在地": "香川県丸亀市綾歌町岡田東２２６６－３", "緯度": 34.222081, "経度": 133.864903, "url": "https://www.iryou.teikyouseido.mhlw.go.jp/znk-web/juminkanja/S2430/initialize?prefCd=37&kikanCd=2370301670&kikanKbn=2", "url2": null, "内容": "楠原内科医院【2:診療所】【診療科目:内科_呼吸器内科_循環器内科_消化器内科_小児科】香川県丸亀市綾歌町岡田東２２６６－３" }, "geometry": { "type": "Point", "coordinates": [ 133.864903, 34.222081 ] } },
{ "type": "Feature", "properties": { "ID": 3722370301680, "正式名称": "くすはら整形外科・外科医院", "機関区分": 2, "都道府県コード": 37, "市区町村コード": 202, "所在地": "香川県丸亀市綾歌町岡田東２２６９の７", "緯度": 34.221567, "経度": 133.864606, "url": "https://www.iryou.teikyouseido.mhlw.go.jp/znk-web/juminkanja/S2430/initialize?prefCd=37&kikanCd=2370301680&kikanKbn=2", "url2": "https://www.kusuhara-seike.com", "内容": "くすはら整形外科・外科医院【2:診療所】【診療科目:胃腸内科_外科_整形外科_リウマチ科_リハビリテーション科】香川県丸亀市綾歌町岡田東２２６９の７" }, "geometry": { "type": "Point", "coordinates": [ 133.864606, 34.221567 ] } },
{ "type": "Feature", "properties": { "ID": 3722370301690, "正式名称": "医療法人社団ひらの産婦人科医院", "機関区分": 2, "都道府県コード": 37, "市区町村コード": 202, "所在地": "香川県丸亀市土器町東４丁目７６３番地", "緯度": 34.292017, "経度": 133.815738, "url": "https://www.iryou.teikyouseido.mhlw.go.jp/znk-web/juminkanja/S2430/initialize?prefCd=37&kikanCd=2370301690&kikanKbn=2", "url2": "http://www.hirano-sanfujinka.com/", "内容": "医療法人社団ひらの産婦人科医院【2:診療所】【診療科目:産婦人科】香川県丸亀市土器町東４丁目７６３番地" }, "geometry": { "type": "Point", "coordinates": [ 133.815738, 34.292017 ] } },
{ "type": "Feature", "properties": { "ID": 3722370301700, "正式名称": "医療法人一貴会こうの内科クリニック", "機関区分": 2, "都道府県コード": 37, "市区町村コード": 202, "所在地": "香川県丸亀市土器町西４丁目２４４番地", "緯度": 34.282657, "経度": 133.81521, "url": "https://www.iryou.teikyouseido.mhlw.go.jp/znk-web/juminkanja/S2430/initialize?prefCd=37&kikanCd=2370301700&kikanKbn=2", "url2": "https://www.dr-navip.jp/kagawa/detail?no=1468", "内容": "医療法人一貴会こうの内科クリニック【2:診療所】【診療科目:内科_消化器内科_リハビリテーション科】香川県丸亀市土器町西４丁目２４４番地" }, "geometry": { "type": "Point", "coordinates": [ 133.81521, 34.282657 ] } },
{ "type": "Feature", "properties": { "ID": 3722370301710, "正式名称": "医療法人社団秀聡会こはし耳鼻咽喉科", "機関区分": 2, "都道府県コード": 37, "市区町村コード": 202, "所在地": "香川県丸亀市郡家町２３４番地", "緯度": 34.248383, "経度": 133.822406, "url": "https://www.iryou.teikyouseido.mhlw.go.jp/znk-web/juminkanja/S2430/initialize?prefCd=37&kikanCd=2370301710&kikanKbn=2", "url2": "https://kohashi-jibika.com", "内容": "医療法人社団秀聡会こはし耳鼻咽喉科【2:診療所】【診療科目:耳鼻いんこう科】香川県丸亀市郡家町２３４番地" }, "geometry": { "type": "Point", "coordinates": [ 133.822406, 34.248383 ] } },
{ "type": "Feature", "properties": { "ID": 3722370301720, "正式名称": "医療法人　恵基会　小林医院", "機関区分": 2, "都道府県コード": 37, "市区町村コード": 202, "所在地": "香川県丸亀市綾歌町岡田下５００－１", "緯度": 34.223275, "経度": 133.861098, "url": "https://www.iryou.teikyouseido.mhlw.go.jp/znk-web/juminkanja/S2430/initialize?prefCd=37&kikanCd=2370301720&kikanKbn=2", "url2": null, "内容": "医療法人　恵基会　小林医院【2:診療所】【診療科目:内科_糖尿病内科_消化器内科_外科_消化器外科_整形外科】香川県丸亀市綾歌町岡田下５００－１" }, "geometry": { "type": "Point", "coordinates": [ 133.861098, 34.223275 ] } },
{ "type": "Feature", "properties": { "ID": 3722370301730, "正式名称": "しげのぶ医院", "機関区分": 2, "都道府県コード": 37, "市区町村コード": 202, "所在地": "香川県丸亀市綾歌町栗熊東６６－６", "緯度": 34.241218, "経度": 133.878568, "url": "https://www.iryou.teikyouseido.mhlw.go.jp/znk-web/juminkanja/S2430/initialize?prefCd=37&kikanCd=2370301730&kikanKbn=2", "url2": null, "内容": "しげのぶ医院【2:診療所】【診療科目:胃腸内科_外科】香川県丸亀市綾歌町栗熊東６６－６" }, "geometry": { "type": "Point", "coordinates": [ 133.878568, 34.241218 ] } },
{ "type": "Feature", "properties": { "ID": 3722370301740, "正式名称": "医療法人社団柴田整形外科クリニック", "機関区分": 2, "都道府県コード": 37, "市区町村コード": 202, "所在地": "香川県丸亀市川西町南４２２番地１０", "緯度": 34.253911, "経度": 133.82921, "url": "https://www.iryou.teikyouseido.mhlw.go.jp/znk-web/juminkanja/S2430/initialize?prefCd=37&kikanCd=2370301740&kikanKbn=2", "url2": null, "内容": "医療法人社団柴田整形外科クリニック【2:診療所】【診療科目:整形外科_リウマチ科_リハビリテーション科】香川県丸亀市川西町南４２２番地１０" }, "geometry": { "type": "Point", "coordinates": [ 133.82921, 34.253911 ] } },
{ "type": "Feature", "properties": { "ID": 3722370301770, "正式名称": "しょうじ眼科医院", "機関区分": 2, "都道府県コード": 37, "市区町村コード": 202, "所在地": "香川県丸亀市土器町東３丁目２５４番地１", "緯度": 34.29049, "経度": 133.814766, "url": "https://www.iryou.teikyouseido.mhlw.go.jp/znk-web/juminkanja/S2430/initialize?prefCd=37&kikanCd=2370301770&kikanKbn=2", "url2": "http://www.shoji-eyeclinic.com", "内容": "しょうじ眼科医院【2:診療所】【診療科目:眼科】香川県丸亀市土器町東３丁目２５４番地１" }, "geometry": { "type": "Point", "coordinates": [ 133.814766, 34.29049 ] } },
{ "type": "Feature", "properties": { "ID": 3722370301780, "正式名称": "医療法人社団白川眼科医院", "機関区分": 2, "都道府県コード": 37, "市区町村コード": 202, "所在地": "香川県丸亀市今津町２４４番地", "緯度": 34.275768, "経度": 133.781797, "url": "https://www.iryou.teikyouseido.mhlw.go.jp/znk-web/juminkanja/S2430/initialize?prefCd=37&kikanCd=2370301780&kikanKbn=2", "url2": null, "内容": "医療法人社団白川眼科医院【2:診療所】【診療科目:眼科】香川県丸亀市今津町２４４番地" }, "geometry": { "type": "Point", "coordinates": [ 133.781797, 34.275768 ] } },
{ "type": "Feature", "properties": { "ID": 3722370301800, "正式名称": "須崎内科医院", "機関区分": 2, "都道府県コード": 37, "市区町村コード": 202, "所在地": "香川県丸亀市城西町１－４－３", "緯度": 34.281657, "経度": 133.797517, "url": "https://www.iryou.teikyouseido.mhlw.go.jp/znk-web/juminkanja/S2430/initialize?prefCd=37&kikanCd=2370301800&kikanKbn=2", "url2": null, "内容": "須崎内科医院【2:診療所】【診療科目:内科_循環器内科_胃腸内科_放射線科】香川県丸亀市城西町１－４－３" }, "geometry": { "type": "Point", "coordinates": [ 133.797517, 34.281657 ] } },
{ "type": "Feature", "properties": { "ID": 3722370301810, "正式名称": "医療法人社団里仁会瀬戸内クリニック", "機関区分": 2, "都道府県コード": 37, "市区町村コード": 202, "所在地": "香川県丸亀市川西町北１８８－１", "緯度": 34.259299, "経度": 133.826099, "url": "https://www.iryou.teikyouseido.mhlw.go.jp/znk-web/juminkanja/S2430/initialize?prefCd=37&kikanCd=2370301810&kikanKbn=2", "url2": "https://setouchi-cl-care.com/", "内容": "医療法人社団里仁会瀬戸内クリニック【2:診療所】【診療科目:内科_循環器内科_胃腸内科_神経内科_小児科_リハビリテーション科】香川県丸亀市川西町北１８８－１" }, "geometry": { "type": "Point", "coordinates": [ 133.826099, 34.259299 ] } },
{ "type": "Feature", "properties": { "ID": 3722370301820, "正式名称": "医療法人社団十河皮膚科医院", "機関区分": 2, "都道府県コード": 37, "市区町村コード": 202, "所在地": "香川県丸亀市今津町５３５番地１", "緯度": 34.278296, "経度": 133.780241, "url": "https://www.iryou.teikyouseido.mhlw.go.jp/znk-web/juminkanja/S2430/initialize?prefCd=37&kikanCd=2370301820&kikanKbn=2", "url2": null, "内容": "医療法人社団十河皮膚科医院【2:診療所】【診療科目:皮膚泌尿器科】香川県丸亀市今津町５３５番地１" }, "geometry": { "type": "Point", "coordinates": [ 133.780241, 34.278296 ] } },
{ "type": "Feature", "properties": { "ID": 3722370301830, "正式名称": "曽根クリニック", "機関区分": 2, "都道府県コード": 37, "市区町村コード": 202, "所在地": "香川県丸亀市土器町西７丁目２２２－５", "緯度": 34.283463, "経度": 133.807655, "url": "https://www.iryou.teikyouseido.mhlw.go.jp/znk-web/juminkanja/S2430/initialize?prefCd=37&kikanCd=2370301830&kikanKbn=2", "url2": "http://www.myclinic.ne.jp/soneclinic/", "内容": "曽根クリニック【2:診療所】【診療科目:内科_循環器内科】香川県丸亀市土器町西７丁目２２２－５" }, "geometry": { "type": "Point", "coordinates": [ 133.807655, 34.283463 ] } },
{ "type": "Feature", "properties": { "ID": 3722370301840, "正式名称": "皮ふ泌尿器科空本クリニック", "機関区分": 2, "都道府県コード": 37, "市区町村コード": 202, "所在地": "香川県丸亀市飯山町川原８３２－１", "緯度": 34.263827, "経度": 133.855236, "url": "https://www.iryou.teikyouseido.mhlw.go.jp/znk-web/juminkanja/S2430/initialize?prefCd=37&kikanCd=2370301840&kikanKbn=2", "url2": null, "内容": "皮ふ泌尿器科空本クリニック【2:診療所】【診療科目:皮膚科_泌尿器科】香川県丸亀市飯山町川原８３２－１" }, "geometry": { "type": "Point", "coordinates": [ 133.855236, 34.263827 ] } },
{ "type": "Feature", "properties": { "ID": 3722370301850, "正式名称": "医療法人社団竹内耳鼻咽喉科医院", "機関区分": 2, "都道府県コード": 37, "市区町村コード": 202, "所在地": "香川県丸亀市川西町南４２２番地１２", "緯度": 34.253577, "経度": 133.829322, "url": "https://www.iryou.teikyouseido.mhlw.go.jp/znk-web/juminkanja/S2430/initialize?prefCd=37&kikanCd=2370301850&kikanKbn=2", "url2": null, "内容": "医療法人社団竹内耳鼻咽喉科医院【2:診療所】【診療科目:小児耳鼻いんこう科_耳鼻いんこう科】香川県丸亀市川西町南４２２番地１２" }, "geometry": { "type": "Point", "coordinates": [ 133.829322, 34.253577 ] } },
{ "type": "Feature", "properties": { "ID": 3722370301860, "正式名称": "医療法人社団仁優会武岡皮膚科クリニック", "機関区分": 2, "都道府県コード": 37, "市区町村コード": 202, "所在地": "香川県丸亀市原田町１６３８", "緯度": 34.255743, "経度": 133.787297, "url": "https://www.iryou.teikyouseido.mhlw.go.jp/znk-web/juminkanja/S2430/initialize?prefCd=37&kikanCd=2370301860&kikanKbn=2", "url2": "https://takeoka-clinic.com/", "内容": "医療法人社団仁優会武岡皮膚科クリニック【2:診療所】【診療科目:形成外科_美容外科_小児皮膚科_皮膚科_美容皮膚科】香川県丸亀市原田町１６３８" }, "geometry": { "type": "Point", "coordinates": [ 133.787297, 34.255743 ] } },
{ "type": "Feature", "properties": { "ID": 3722370301870, "正式名称": "医療法人社団竹川整形外科クリニック", "機関区分": 2, "都道府県コード": 37, "市区町村コード": 202, "所在地": "香川県丸亀市飯山町川原８０３－１", "緯度": 34.263854, "経度": 133.855958, "url": "https://www.iryou.teikyouseido.mhlw.go.jp/znk-web/juminkanja/S2430/initialize?prefCd=37&kikanCd=2370301870&kikanKbn=2", "url2": "takeseikei.jimdosite.com", "内容": "医療法人社団竹川整形外科クリニック【2:診療所】【診療科目:整形外科_リウマチ科_リハビリテーション科】香川県丸亀市飯山町川原８０３－１" }, "geometry": { "type": "Point", "coordinates": [ 133.855958, 34.263854 ] } },
{ "type": "Feature", "properties": { "ID": 3722370301890, "正式名称": "医療法人社団田村クリニック", "機関区分": 2, "都道府県コード": 37, "市区町村コード": 202, "所在地": "香川県丸亀市幸町１－５－５", "緯度": 34.287878, "経度": 133.789407, "url": "https://www.iryou.teikyouseido.mhlw.go.jp/znk-web/juminkanja/S2430/initialize?prefCd=37&kikanCd=2370301890&kikanKbn=2", "url2": "http://www.tamura-clin.com/", "内容": "医療法人社団田村クリニック【2:診療所】【診療科目:内科_胃腸内科_外科_肛門外科_整形外科_リハビリテーション科】香川県丸亀市幸町１－５－５" }, "geometry": { "type": "Point", "coordinates": [ 133.789407, 34.287878 ] } },
{ "type": "Feature", "properties": { "ID": 3722370301920, "正式名称": "辻松外科内科医院", "機関区分": 2, "都道府県コード": 37, "市区町村コード": 202, "所在地": "香川県丸亀市前塩屋町１－１２－２４", "緯度": 34.287239, "経度": 133.784629, "url": "https://www.iryou.teikyouseido.mhlw.go.jp/znk-web/juminkanja/S2430/initialize?prefCd=37&kikanCd=2370301920&kikanKbn=2", "url2": null, "内容": "辻松外科内科医院【2:診療所】【診療科目:内科_胃腸内科_神経内科_外科_肛門外科_整形外科_皮膚泌尿器科】香川県丸亀市前塩屋町１－１２－２４" }, "geometry": { "type": "Point", "coordinates": [ 133.784629, 34.287239 ] } },
{ "type": "Feature", "properties": { "ID": 3722370301940, "正式名称": "医療法人社団誠和会ロータスクリニック", "機関区分": 2, "都道府県コード": 37, "市区町村コード": 202, "所在地": "香川県丸亀市土器町東３丁目６１７番地", "緯度": 34.293545, "経度": 133.81321, "url": "https://www.iryou.teikyouseido.mhlw.go.jp/znk-web/juminkanja/S2430/initialize?prefCd=37&kikanCd=2370301940&kikanKbn=2", "url2": "http//www.nakano-iin.com", "内容": "医療法人社団誠和会ロータスクリニック【2:診療所】【診療科目:内科_腫瘍内科_緩和ケア内科】香川県丸亀市土器町東３丁目６１７番地" }, "geometry": { "type": "Point", "coordinates": [ 133.81321, 34.293545 ] } },
{ "type": "Feature", "properties": { "ID": 3722370301950, "正式名称": "中山クリニック", "機関区分": 2, "都道府県コード": 37, "市区町村コード": 202, "所在地": "香川県丸亀市城西町２－３－１７", "緯度": 34.284768, "経度": 133.795351, "url": "https://www.iryou.teikyouseido.mhlw.go.jp/znk-web/juminkanja/S2430/initialize?prefCd=37&kikanCd=2370301950&kikanKbn=2", "url2": "http://www.cl-nakayama.byoinnavi.jp/", "内容": "中山クリニック【2:診療所】【診療科目:内科_循環器内科_小児科】香川県丸亀市城西町２－３－１７" }, "geometry": { "type": "Point", "coordinates": [ 133.795351, 34.284768 ] } },
{ "type": "Feature", "properties": { "ID": 3722370301960, "正式名称": "にししょう小児科・内科医院", "機関区分": 2, "都道府県コード": 37, "市区町村コード": 202, "所在地": "香川県丸亀市津森町２３９－３６", "緯度": 34.275047, "経度": 133.793851, "url": "https://www.iryou.teikyouseido.mhlw.go.jp/znk-web/juminkanja/S2430/initialize?prefCd=37&kikanCd=2370301960&kikanKbn=2", "url2": null, "内容": "にししょう小児科・内科医院【2:診療所】【診療科目:内科_小児科】香川県丸亀市津森町２３９－３６" }, "geometry": { "type": "Point", "coordinates": [ 133.793851, 34.275047 ] } },
{ "type": "Feature", "properties": { "ID": 3722370301980, "正式名称": "医療法人社団仁慶会　はやしクリニック", "機関区分": 2, "都道府県コード": 37, "市区町村コード": 202, "所在地": "香川県丸亀市柞原町６３３－１", "緯度": 34.273084, "経度": 133.805804, "url": "https://www.iryou.teikyouseido.mhlw.go.jp/znk-web/juminkanja/S2430/initialize?prefCd=37&kikanCd=2370301980&kikanKbn=2", "url2": "https://www.hayashi.clinic/", "内容": "医療法人社団仁慶会　はやしクリニック【2:診療所】【診療科目:内科_糖尿病内科_内分泌内科】香川県丸亀市柞原町６３３－１" }, "geometry": { "type": "Point", "coordinates": [ 133.805804, 34.273084 ] } },
{ "type": "Feature", "properties": { "ID": 3722370301990, "正式名称": "医療法人社団リンクエージ　はら皮フ科", "機関区分": 2, "都道府県コード": 37, "市区町村コード": 202, "所在地": "香川県丸亀市川西町南１５４１", "緯度": 34.24019, "経度": 133.83435, "url": "https://www.iryou.teikyouseido.mhlw.go.jp/znk-web/juminkanja/S2430/initialize?prefCd=37&kikanCd=2370301990&kikanKbn=2", "url2": null, "内容": "医療法人社団リンクエージ　はら皮フ科【2:診療所】【診療科目:皮膚科】香川県丸亀市川西町南１５４１" }, "geometry": { "type": "Point", "coordinates": [ 133.83435, 34.24019 ] } },
{ "type": "Feature", "properties": { "ID": 3722370302010, "正式名称": "医療法人社団悠心会　平川クリニック", "機関区分": 2, "都道府県コード": 37, "市区町村コード": 202, "所在地": "香川県丸亀市飯山町西坂元７０５－１", "緯度": 34.263382, "経度": 133.838182, "url": "https://www.iryou.teikyouseido.mhlw.go.jp/znk-web/juminkanja/S2430/initialize?prefCd=37&kikanCd=2370302010&kikanKbn=2", "url2": "http://wwwb.pikara.ne.jp/hirakawa-clinic", "内容": "医療法人社団悠心会　平川クリニック【2:診療所】【診療科目:内科_胃腸内科_外科_肛門外科】香川県丸亀市飯山町西坂元７０５－１" }, "geometry": { "type": "Point", "coordinates": [ 133.838182, 34.263382 ] } },
{ "type": "Feature", "properties": { "ID": 3722370302020, "正式名称": "丸亀市国民健康保険広島診療所", "機関区分": 2, "都道府県コード": 37, "市区町村コード": 202, "所在地": "香川県丸亀市広島町青木４８２", "緯度": 34.368951, "経度": 133.690245, "url": "https://www.iryou.teikyouseido.mhlw.go.jp/znk-web/juminkanja/S2430/initialize?prefCd=37&kikanCd=2370302020&kikanKbn=2", "url2": null, "内容": "丸亀市国民健康保険広島診療所【2:診療所】【診療科目:内科】香川県丸亀市広島町青木４８２" }, "geometry": { "type": "Point", "coordinates": [ 133.690245, 34.368951 ] } },
{ "type": "Feature", "properties": { "ID": 3722370302040, "正式名称": "医療法人社団藤田耳鼻咽喉科医院", "機関区分": 2, "都道府県コード": 37, "市区町村コード": 202, "所在地": "香川県丸亀市幸町２丁目１１－３３", "緯度": 34.287601, "経度": 133.788879, "url": "https://www.iryou.teikyouseido.mhlw.go.jp/znk-web/juminkanja/S2430/initialize?prefCd=37&kikanCd=2370302040&kikanKbn=2", "url2": "https://fujita-clinic-jibika-hifuka.jp", "内容": "医療法人社団藤田耳鼻咽喉科医院【2:診療所】【診療科目:耳鼻いんこう科】香川県丸亀市幸町２丁目１１－３３" }, "geometry": { "type": "Point", "coordinates": [ 133.788879, 34.287601 ] } },
{ "type": "Feature", "properties": { "ID": 3722370302050, "正式名称": "医療法人社団藤本耳鼻咽喉科医院", "機関区分": 2, "都道府県コード": 37, "市区町村コード": 202, "所在地": "香川県丸亀市柞原町１８０－１", "緯度": 34.265437, "経度": 133.806156, "url": "https://www.iryou.teikyouseido.mhlw.go.jp/znk-web/juminkanja/S2430/initialize?prefCd=37&kikanCd=2370302050&kikanKbn=2", "url2": null, "内容": "医療法人社団藤本耳鼻咽喉科医院【2:診療所】【診療科目:耳鼻いんこう科】香川県丸亀市柞原町１８０－１" }, "geometry": { "type": "Point", "coordinates": [ 133.806156, 34.265437 ] } },
{ "type": "Feature", "properties": { "ID": 3722370302060, "正式名称": "医療法人社団丸亀博愛会ふたご山クリニック", "機関区分": 2, "都道府県コード": 37, "市区町村コード": 202, "所在地": "香川県丸亀市川西町北１３６０番地１", "緯度": 34.267714, "経度": 133.821183, "url": "https://www.iryou.teikyouseido.mhlw.go.jp/znk-web/juminkanja/S2430/initialize?prefCd=37&kikanCd=2370302060&kikanKbn=2", "url2": null, "内容": "医療法人社団丸亀博愛会ふたご山クリニック【2:診療所】【診療科目:内科_循環器内科_リハビリテーション科】香川県丸亀市川西町北１３６０番地１" }, "geometry": { "type": "Point", "coordinates": [ 133.821183, 34.267714 ] } },
{ "type": "Feature", "properties": { "ID": 3722370302090, "正式名称": "丸亀市国民健康保険本島診療所", "機関区分": 2, "都道府県コード": 37, "市区町村コード": 202, "所在地": "香川県丸亀市本島町泊４１０－１", "緯度": 34.382396, "経度": 133.781097, "url": "https://www.iryou.teikyouseido.mhlw.go.jp/znk-web/juminkanja/S2430/initialize?prefCd=37&kikanCd=2370302090&kikanKbn=2", "url2": null, "内容": "丸亀市国民健康保険本島診療所【2:診療所】【診療科目:内科_外科_小児科】香川県丸亀市本島町泊４１０－１" }, "geometry": { "type": "Point", "coordinates": [ 133.781097, 34.382396 ] } },
{ "type": "Feature", "properties": { "ID": 3722370302110, "正式名称": "医療法人社団　まつねクリニック", "機関区分": 2, "都道府県コード": 37, "市区町村コード": 202, "所在地": "香川県丸亀市三条町１２５６－１", "緯度": 34.249299, "経度": 133.807185, "url": "https://www.iryou.teikyouseido.mhlw.go.jp/znk-web/juminkanja/S2430/initialize?prefCd=37&kikanCd=2370302110&kikanKbn=2", "url2": "http://matsuneclinic.amebaownd.com", "内容": "医療法人社団　まつねクリニック【2:診療所】【診療科目:胃腸内科_外科_肛門外科_整形外科_リハビリテーション科】香川県丸亀市三条町１２５６－１" }, "geometry": { "type": "Point", "coordinates": [ 133.807185, 34.249299 ] } },
{ "type": "Feature", "properties": { "ID": 3722370302130, "正式名称": "医療法人社団丸亀おのクリニック", "機関区分": 2, "都道府県コード": 37, "市区町村コード": 202, "所在地": "香川県丸亀市新町２番地の１３", "緯度": 34.292184, "経度": 133.792156, "url": "https://www.iryou.teikyouseido.mhlw.go.jp/znk-web/juminkanja/S2430/initialize?prefCd=37&kikanCd=2370302130&kikanKbn=2", "url2": "http://www.ono-clinic.or.jp", "内容": "医療法人社団丸亀おのクリニック【2:診療所】【診療科目:内科_循環器内科_神経内科_小児科_リハビリテーション科】香川県丸亀市新町２番地の１３" }, "geometry": { "type": "Point", "coordinates": [ 133.792156, 34.292184 ] } },
{ "type": "Feature", "properties": { "ID": 3722370302150, "正式名称": "さとこ整形外科三浦内科みちこ小児科クリニック", "機関区分": 2, "都道府県コード": 37, "市区町村コード": 202, "所在地": "香川県丸亀市土器町東７丁目８８６", "緯度": 34.297017, "経度": 133.810043, "url": "https://www.iryou.teikyouseido.mhlw.go.jp/znk-web/juminkanja/S2430/initialize?prefCd=37&kikanCd=2370302150&kikanKbn=2", "url2": "https://miuraclinic-marugame.jp", "内容": "さとこ整形外科三浦内科みちこ小児科クリニック【2:診療所】【診療科目:内科_循環器内科_消化器内科_整形外科_小児科_アレルギー科_リハビリテーション科】香川県丸亀市土器町東７丁目８８６" }, "geometry": { "type": "Point", "coordinates": [ 133.810043, 34.297017 ] } },
{ "type": "Feature", "properties": { "ID": 3722370302160, "正式名称": "医療法人社団三崎耳鼻科クリニック", "機関区分": 2, "都道府県コード": 37, "市区町村コード": 202, "所在地": "香川県丸亀市飯山町川原１８４７－４", "緯度": 34.263743, "経度": 133.858041, "url": "https://www.iryou.teikyouseido.mhlw.go.jp/znk-web/juminkanja/S2430/initialize?prefCd=37&kikanCd=2370302160&kikanKbn=2", "url2": "http://user.shikoku.ne.jp/keizo/hos/index.html", "内容": "医療法人社団三崎耳鼻科クリニック【2:診療所】【診療科目:耳鼻いんこう科】香川県丸亀市飯山町川原１８４７－４" }, "geometry": { "type": "Point", "coordinates": [ 133.858041, 34.263743 ] } },
{ "type": "Feature", "properties": { "ID": 3722370302170, "正式名称": "医療法人社団讃昌会みさき眼科クリニック", "機関区分": 2, "都道府県コード": 37, "市区町村コード": 202, "所在地": "香川県丸亀市飯山町下法軍寺", "緯度": 34.259994, "経度": 133.85893, "url": "https://www.iryou.teikyouseido.mhlw.go.jp/znk-web/juminkanja/S2430/initialize?prefCd=37&kikanCd=2370302170&kikanKbn=2", "url2": null, "内容": "医療法人社団讃昌会みさき眼科クリニック【2:診療所】【診療科目:眼科】香川県丸亀市飯山町下法軍寺" }, "geometry": { "type": "Point", "coordinates": [ 133.85893, 34.259994 ] } },
{ "type": "Feature", "properties": { "ID": 3722370302180, "正式名称": "医療法人社団三谷医院", "機関区分": 2, "都道府県コード": 37, "市区町村コード": 202, "所在地": "香川県丸亀市飯野町東二字下代甲１３９６番地１", "緯度": 34.278241, "経度": 133.830431, "url": "https://www.iryou.teikyouseido.mhlw.go.jp/znk-web/juminkanja/S2430/initialize?prefCd=37&kikanCd=2370302180&kikanKbn=2", "url2": "https://marugame-med.or.jp/hospital/254/", "内容": "医療法人社団三谷医院【2:診療所】【診療科目:内科_循環器内科_リハビリテーション科】香川県丸亀市飯野町東二字下代甲１３９６番地１" }, "geometry": { "type": "Point", "coordinates": [ 133.830431, 34.278241 ] } },
{ "type": "Feature", "properties": { "ID": 3722370302200, "正式名称": "医療法人社団宮井内科医院", "機関区分": 2, "都道府県コード": 37, "市区町村コード": 202, "所在地": "香川県丸亀市飯山町川原２２７－１", "緯度": 34.262688, "経度": 133.853014, "url": "https://www.iryou.teikyouseido.mhlw.go.jp/znk-web/juminkanja/S2430/initialize?prefCd=37&kikanCd=2370302200&kikanKbn=2", "url2": "http://www.miyai-naika.com", "内容": "医療法人社団宮井内科医院【2:診療所】【診療科目:内科_感染症内科_糖尿病内科_循環器内科】香川県丸亀市飯山町川原２２７－１" }, "geometry": { "type": "Point", "coordinates": [ 133.853014, 34.262688 ] } },
{ "type": "Feature", "properties": { "ID": 3722370302220, "正式名称": "医療法人社団杢保小児科医院", "機関区分": 2, "都道府県コード": 37, "市区町村コード": 202, "所在地": "香川県丸亀市飯山町川原９７２－１", "緯度": 34.26616, "経度": 133.855985, "url": "https://www.iryou.teikyouseido.mhlw.go.jp/znk-web/juminkanja/S2430/initialize?prefCd=37&kikanCd=2370302220&kikanKbn=2", "url2": "http//www.mokubo.jp/", "内容": "医療法人社団杢保小児科医院【2:診療所】【診療科目:小児科_アレルギー科】香川県丸亀市飯山町川原９７２－１" }, "geometry": { "type": "Point", "coordinates": [ 133.855985, 34.26616 ] } },
{ "type": "Feature", "properties": { "ID": 3722370302230, "正式名称": "医療法人社団美春月会もりもとこどもクリニック", "機関区分": 2, "都道府県コード": 37, "市区町村コード": 202, "所在地": "香川県丸亀市土器町東４丁目７１３番地５号", "緯度": 34.291545, "経度": 133.815793, "url": "https://www.iryou.teikyouseido.mhlw.go.jp/znk-web/juminkanja/S2430/initialize?prefCd=37&kikanCd=2370302230&kikanKbn=2", "url2": "http://morimoto-kodomo-clinic.com/", "内容": "医療法人社団美春月会もりもとこどもクリニック【2:診療所】【診療科目:小児科】香川県丸亀市土器町東４丁目７１３番地５号" }, "geometry": { "type": "Point", "coordinates": [ 133.815793, 34.291545 ] } },
{ "type": "Feature", "properties": { "ID": 3722370302240, "正式名称": "医療法人社団健粋会吉馴医院", "機関区分": 2, "都道府県コード": 37, "市区町村コード": 202, "所在地": "香川県丸亀市飯山町下法軍寺８５８", "緯度": 34.253135, "経度": 133.855493, "url": "https://www.iryou.teikyouseido.mhlw.go.jp/znk-web/juminkanja/S2430/initialize?prefCd=37&kikanCd=2370302240&kikanKbn=2", "url2": null, "内容": "医療法人社団健粋会吉馴医院【2:診療所】【診療科目:内科_胃腸内科_外科】香川県丸亀市飯山町下法軍寺８５８" }, "geometry": { "type": "Point", "coordinates": [ 133.855493, 34.253135 ] } },
{ "type": "Feature", "properties": { "ID": 3722370302260, "正式名称": "和田内科医院", "機関区分": 2, "都道府県コード": 37, "市区町村コード": 202, "所在地": "香川県丸亀市綾歌町栗熊東５０６番地１", "緯度": 34.235191, "経度": 133.882346, "url": "https://www.iryou.teikyouseido.mhlw.go.jp/znk-web/juminkanja/S2430/initialize?prefCd=37&kikanCd=2370302260&kikanKbn=2", "url2": null, "内容": "和田内科医院【2:診療所】【診療科目:内科_呼吸器内科_消化器内科】香川県丸亀市綾歌町栗熊東５０６番地１" }, "geometry": { "type": "Point", "coordinates": [ 133.882346, 34.235191 ] } },
{ "type": "Feature", "properties": { "ID": 3722370302270, "正式名称": "医療法人社団たかお整形外科医院", "機関区分": 2, "都道府県コード": 37, "市区町村コード": 406, "所在地": "香川県仲多度郡まんのう町四條６７８番地", "緯度": 34.193084, "経度": 133.83874, "url": "https://www.iryou.teikyouseido.mhlw.go.jp/znk-web/juminkanja/S2430/initialize?prefCd=37&kikanCd=2370302270&kikanKbn=2", "url2": null, "内容": "医療法人社団たかお整形外科医院【2:診療所】【診療科目:整形外科_リハビリテーション科_放射線科】香川県仲多度郡まんのう町四條６７８番地" }, "geometry": { "type": "Point", "coordinates": [ 133.83874, 34.193084 ] } },
{ "type": "Feature", "properties": { "ID": 3722370302280, "正式名称": "医療法人社団篤心会いわさき循環器科内科クリニック", "機関区分": 2, "都道府県コード": 37, "市区町村コード": 406, "所在地": "香川県仲多度郡まんのう町東高篠１３７８－１", "緯度": 34.207888, "経度": 133.82824, "url": "https://www.iryou.teikyouseido.mhlw.go.jp/znk-web/juminkanja/S2430/initialize?prefCd=37&kikanCd=2370302280&kikanKbn=2", "url2": "http://www.iwasakiclinic.info/", "内容": "医療法人社団篤心会いわさき循環器科内科クリニック【2:診療所】【診療科目:内科_循環器内科_リハビリテーション科】香川県仲多度郡まんのう町東高篠１３７８－１" }, "geometry": { "type": "Point", "coordinates": [ 133.82824, 34.207888 ] } },
{ "type": "Feature", "properties": { "ID": 3722370302290, "正式名称": "大山内科医院", "機関区分": 2, "都道府県コード": 37, "市区町村コード": 406, "所在地": "香川県仲多度郡まんのう町吉野１５７２－１", "緯度": 34.177864, "経度": 133.861378, "url": "https://www.iryou.teikyouseido.mhlw.go.jp/znk-web/juminkanja/S2430/initialize?prefCd=37&kikanCd=2370302290&kikanKbn=2", "url2": null, "内容": "大山内科医院【2:診療所】【診療科目:内科】香川県仲多度郡まんのう町吉野１５７２－１" }, "geometry": { "type": "Point", "coordinates": [ 133.861378, 34.177864 ] } },
{ "type": "Feature", "properties": { "ID": 3722370302300, "正式名称": "医療法人社団小国医院", "機関区分": 2, "都道府県コード": 37, "市区町村コード": 406, "所在地": "香川県仲多度郡まんのう町四條７７７", "緯度": 34.195084, "経度": 133.836907, "url": "https://www.iryou.teikyouseido.mhlw.go.jp/znk-web/juminkanja/S2430/initialize?prefCd=37&kikanCd=2370302300&kikanKbn=2", "url2": "http://www.oguni.or.jp/", "内容": "医療法人社団小国医院【2:診療所】【診療科目:内科_呼吸器内科_胃腸内科_小児科_リハビリテーション科】香川県仲多度郡まんのう町四條７７７" }, "geometry": { "type": "Point", "coordinates": [ 133.836907, 34.195084 ] } },
{ "type": "Feature", "properties": { "ID": 3722370302310, "正式名称": "医療法人社団相愛会川口医院", "機関区分": 2, "都道府県コード": 37, "市区町村コード": 406, "所在地": "香川県仲多度郡まんのう町炭所西１５２８番地１", "緯度": 34.180197, "経度": 133.880598, "url": "https://www.iryou.teikyouseido.mhlw.go.jp/znk-web/juminkanja/S2430/initialize?prefCd=37&kikanCd=2370302310&kikanKbn=2", "url2": null, "内容": "医療法人社団相愛会川口医院【2:診療所】【診療科目:内科_呼吸器内科_消化器内科_外科_リハビリテーション科】香川県仲多度郡まんのう町炭所西１５２８番地１" }, "geometry": { "type": "Point", "coordinates": [ 133.880598, 34.180197 ] } },
{ "type": "Feature", "properties": { "ID": 3722370302320, "正式名称": "まんのう町国民健康保険造田診療所", "機関区分": 2, "都道府県コード": 37, "市区町村コード": 406, "所在地": "香川県仲多度郡まんのう町造田１９７４番地１", "緯度": 34.164658, "経度": 133.924732, "url": "https://www.iryou.teikyouseido.mhlw.go.jp/znk-web/juminkanja/S2430/initialize?prefCd=37&kikanCd=2370302320&kikanKbn=2", "url2": "https://www.town.manno.lg.jp", "内容": "まんのう町国民健康保険造田診療所【2:診療所】【診療科目:内科】香川県仲多度郡まんのう町造田１９７４番地１" }, "geometry": { "type": "Point", "coordinates": [ 133.924732, 34.164658 ] } },
{ "type": "Feature", "properties": { "ID": 3722370302340, "正式名称": "医療法人　中川医院", "機関区分": 2, "都道府県コード": 37, "市区町村コード": 406, "所在地": "香川県仲多度郡まんのう町帆山１２１", "緯度": 34.155144, "経度": 133.850908, "url": "https://www.iryou.teikyouseido.mhlw.go.jp/znk-web/juminkanja/S2430/initialize?prefCd=37&kikanCd=2370302340&kikanKbn=2", "url2": null, "内容": "医療法人　中川医院【2:診療所】【診療科目:内科_整形外科】香川県仲多度郡まんのう町帆山１２１" }, "geometry": { "type": "Point", "coordinates": [ 133.850908, 34.155144 ] } },
{ "type": "Feature", "properties": { "ID": 3722370302350, "正式名称": "医療法人社団共生会ふかだクリニック", "機関区分": 2, "都道府県コード": 37, "市区町村コード": 406, "所在地": "香川県仲多度郡まんのう町四條１７９番地", "緯度": 34.199, "経度": 133.834268, "url": "https://www.iryou.teikyouseido.mhlw.go.jp/znk-web/juminkanja/S2430/initialize?prefCd=37&kikanCd=2370302350&kikanKbn=2", "url2": "http://fukada9999.byoinnavi.jp", "内容": "医療法人社団共生会ふかだクリニック【2:診療所】【診療科目:内科_呼吸器内科_循環器内科_消化器内科】香川県仲多度郡まんのう町四條１７９番地" }, "geometry": { "type": "Point", "coordinates": [ 133.834268, 34.199 ] } },
{ "type": "Feature", "properties": { "ID": 3722370302370, "正式名称": "まんのう町国民健康保険美合診療所", "機関区分": 2, "都道府県コード": 37, "市区町村コード": 406, "所在地": "香川県仲多度郡まんのう町川東１４９６番地１", "緯度": 34.111206, "経度": 133.977455, "url": "https://www.iryou.teikyouseido.mhlw.go.jp/znk-web/juminkanja/S2430/initialize?prefCd=37&kikanCd=2370302370&kikanKbn=2", "url2": "https://www.town.manno.lg.jp", "内容": "まんのう町国民健康保険美合診療所【2:診療所】【診療科目:内科】香川県仲多度郡まんのう町川東１４９６番地１" }, "geometry": { "type": "Point", "coordinates": [ 133.977455, 34.111206 ] } },
{ "type": "Feature", "properties": { "ID": 3722370302390, "正式名称": "医療法人社団山本ヒフ泌尿器科医院", "機関区分": 2, "都道府県コード": 37, "市区町村コード": 406, "所在地": "香川県仲多度郡まんのう町四條下村下所１１０５－１", "緯度": 34.202055, "経度": 133.832963, "url": "https://www.iryou.teikyouseido.mhlw.go.jp/znk-web/juminkanja/S2430/initialize?prefCd=37&kikanCd=2370302390&kikanKbn=2", "url2": "http://yama-doc.or.jp/", "内容": "医療法人社団山本ヒフ泌尿器科医院【2:診療所】【診療科目:皮膚科_泌尿器科】香川県仲多度郡まんのう町四條下村下所１１０５－１" }, "geometry": { "type": "Point", "coordinates": [ 133.832963, 34.202055 ] } },
{ "type": "Feature", "properties": { "ID": 3722370302400, "正式名称": "三宅整形・リハビリクリニック", "機関区分": 2, "都道府県コード": 37, "市区町村コード": 204, "所在地": "香川県善通寺市生野町１８５１番地１", "緯度": 34.21883, "経度": 133.790771, "url": "https://www.iryou.teikyouseido.mhlw.go.jp/znk-web/juminkanja/S2430/initialize?prefCd=37&kikanCd=2370302400&kikanKbn=2", "url2": null, "内容": "三宅整形・リハビリクリニック【2:診療所】【診療科目:整形外科_リハビリテーション科】香川県善通寺市生野町１８５１番地１" }, "geometry": { "type": "Point", "coordinates": [ 133.790771, 34.21883 ] } },
{ "type": "Feature", "properties": { "ID": 3722370302410, "正式名称": "石原消化器内科クリニック", "機関区分": 2, "都道府県コード": 37, "市区町村コード": 204, "所在地": "香川県善通寺市生野町１８５２番地１", "緯度": 34.221802, "経度": 133.786493, "url": "https://www.iryou.teikyouseido.mhlw.go.jp/znk-web/juminkanja/S2430/initialize?prefCd=37&kikanCd=2370302410&kikanKbn=2", "url2": "http://www.ishihara-naika.jp/pc/index.html", "内容": "石原消化器内科クリニック【2:診療所】【診療科目:内科_消化器内科_腎臓内科】香川県善通寺市生野町１８５２番地１" }, "geometry": { "type": "Point", "coordinates": [ 133.786493, 34.221802 ] } },
{ "type": "Feature", "properties": { "ID": 3722370302420, "正式名称": "おおやま耳鼻咽喉科", "機関区分": 2, "都道府県コード": 37, "市区町村コード": 202, "所在地": "香川県丸亀市土器町東九丁目１５６番地", "緯度": 34.300377, "経度": 133.812265, "url": "https://www.iryou.teikyouseido.mhlw.go.jp/znk-web/juminkanja/S2430/initialize?prefCd=37&kikanCd=2370302420&kikanKbn=2", "url2": "https://www.ohyama-jibika.com/", "内容": "おおやま耳鼻咽喉科【2:診療所】【診療科目:耳鼻いんこう科】香川県丸亀市土器町東九丁目１５６番地" }, "geometry": { "type": "Point", "coordinates": [ 133.812265, 34.300377 ] } },
{ "type": "Feature", "properties": { "ID": 3722370302430, "正式名称": "あやがわ眼科", "機関区分": 2, "都道府県コード": 37, "市区町村コード": 387, "所在地": "香川県綾歌郡綾川町萱原８２２－１イオン綾川ショッピングセンター２階", "緯度": 34.251995, "経度": 133.930452, "url": "https://www.iryou.teikyouseido.mhlw.go.jp/znk-web/juminkanja/S2430/initialize?prefCd=37&kikanCd=2370302430&kikanKbn=2", "url2": null, "内容": "あやがわ眼科【2:診療所】【診療科目:眼科】香川県綾歌郡綾川町萱原８２２－１イオン綾川ショッピングセンター２階" }, "geometry": { "type": "Point", "coordinates": [ 133.930452, 34.251995 ] } },
{ "type": "Feature", "properties": { "ID": 3722370302450, "正式名称": "医療法人社団葆光会広瀬整形外科医院", "機関区分": 2, "都道府県コード": 37, "市区町村コード": 202, "所在地": "香川県丸亀市中府町１－５－４０", "緯度": 34.279103, "経度": 133.797617, "url": "https://www.iryou.teikyouseido.mhlw.go.jp/znk-web/juminkanja/S2430/initialize?prefCd=37&kikanCd=2370302450&kikanKbn=2", "url2": "http://www.hirose-orth.com", "内容": "医療法人社団葆光会広瀬整形外科医院【2:診療所】【診療科目:内科_整形外科_リウマチ科_リハビリテーション科】香川県丸亀市中府町１－５－４０" }, "geometry": { "type": "Point", "coordinates": [ 133.797617, 34.279103 ] } },
{ "type": "Feature", "properties": { "ID": 3722370302480, "正式名称": "医療法人社団常和会　もりした耳鼻咽喉科", "機関区分": 2, "都道府県コード": 37, "市区町村コード": 202, "所在地": "香川県丸亀市津森町１１０７－１", "緯度": 34.277268, "経度": 133.790018, "url": "https://www.iryou.teikyouseido.mhlw.go.jp/znk-web/juminkanja/S2430/initialize?prefCd=37&kikanCd=2370302480&kikanKbn=2", "url2": "http://www.morishita-jibika.com/", "内容": "医療法人社団常和会　もりした耳鼻咽喉科【2:診療所】【診療科目:耳鼻いんこう科】香川県丸亀市津森町１１０７－１" }, "geometry": { "type": "Point", "coordinates": [ 133.790018, 34.277268 ] } },
{ "type": "Feature", "properties": { "ID": 3722370302490, "正式名称": "医療法人社団樹希会はやし整形外科リハビリクリニック", "機関区分": 2, "都道府県コード": 37, "市区町村コード": 202, "所在地": "香川県丸亀市土器町西一丁目１４４１－１", "緯度": 34.279408, "経度": 133.817183, "url": "https://www.iryou.teikyouseido.mhlw.go.jp/znk-web/juminkanja/S2430/initialize?prefCd=37&kikanCd=2370302490&kikanKbn=2", "url2": "http://www.hayashi-seikeiriha.com/", "内容": "医療法人社団樹希会はやし整形外科リハビリクリニック【2:診療所】【診療科目:整形外科_リハビリテーション科】香川県丸亀市土器町西一丁目１４４１－１" }, "geometry": { "type": "Point", "coordinates": [ 133.817183, 34.279408 ] } },
{ "type": "Feature", "properties": { "ID": 3722370302510, "正式名称": "城南皮膚科医院", "機関区分": 2, "都道府県コード": 37, "市区町村コード": 202, "所在地": "香川県丸亀市柞原町７７６－５", "緯度": 34.276108, "経度": 133.804761, "url": "https://www.iryou.teikyouseido.mhlw.go.jp/znk-web/juminkanja/S2430/initialize?prefCd=37&kikanCd=2370302510&kikanKbn=2", "url2": null, "内容": "城南皮膚科医院【2:診療所】【診療科目:皮膚科_アレルギー科】香川県丸亀市柞原町７７６－５" }, "geometry": { "type": "Point", "coordinates": [ 133.804761, 34.276108 ] } },
{ "type": "Feature", "properties": { "ID": 3722370302520, "正式名称": "やましろクリニック", "機関区分": 2, "都道府県コード": 37, "市区町村コード": 386, "所在地": "香川県綾歌郡宇多津町浜九番丁１４２番地６", "緯度": 34.312599, "経度": 133.823819, "url": "https://www.iryou.teikyouseido.mhlw.go.jp/znk-web/juminkanja/S2430/initialize?prefCd=37&kikanCd=2370302520&kikanKbn=2", "url2": "http://www.yamashiroclinic.jp", "内容": "やましろクリニック【2:診療所】【診療科目:精神科_心療内科_老年精神科_老年心療内科】香川県綾歌郡宇多津町浜九番丁１４２番地６" }, "geometry": { "type": "Point", "coordinates": [ 133.823819, 34.312599 ] } },
{ "type": "Feature", "properties": { "ID": 3722370302540, "正式名称": "津森クリニック", "機関区分": 2, "都道府県コード": 37, "市区町村コード": 202, "所在地": "香川県丸亀市津森町１１０９－１", "緯度": 34.277546, "経度": 133.790407, "url": "https://www.iryou.teikyouseido.mhlw.go.jp/znk-web/juminkanja/S2430/initialize?prefCd=37&kikanCd=2370302540&kikanKbn=2", "url2": null, "内容": "津森クリニック【2:診療所】【診療科目:内科_泌尿器科】香川県丸亀市津森町１１０９－１" }, "geometry": { "type": "Point", "coordinates": [ 133.790407, 34.277546 ] } },
{ "type": "Feature", "properties": { "ID": 3722370302550, "正式名称": "医療法人社団　吉田内科医院", "機関区分": 2, "都道府県コード": 37, "市区町村コード": 203, "所在地": "香川県坂出市元町一丁目３－１８", "緯度": 34.313516, "経度": 133.8539, "url": "https://www.iryou.teikyouseido.mhlw.go.jp/znk-web/juminkanja/S2430/initialize?prefCd=37&kikanCd=2370302550&kikanKbn=2", "url2": "http://yoshida-naika-clinc.jimdo.com/", "内容": "医療法人社団　吉田内科医院【2:診療所】【診療科目:内科_糖尿病内科_内分泌内科_糖尿病・内分泌内科_糖尿病・代謝内科_循環器内科_整形外科_リハビリテーション科】香川県坂出市元町一丁目３－１８" }, "geometry": { "type": "Point", "coordinates": [ 133.8539, 34.313516 ] } },
{ "type": "Feature", "properties": { "ID": 3722370302560, "正式名称": "医療法人社団良亜会　アイファミリークリニック", "機関区分": 2, "都道府県コード": 37, "市区町村コード": 202, "所在地": "香川県丸亀市川西町南８２６", "緯度": 34.245634, "経度": 133.832877, "url": "https://www.iryou.teikyouseido.mhlw.go.jp/znk-web/juminkanja/S2430/initialize?prefCd=37&kikanCd=2370302560&kikanKbn=2", "url2": "http://aifamily-clinic.com/", "内容": "医療法人社団良亜会　アイファミリークリニック【2:診療所】【診療科目:内科_循環器内科_リハビリテーション科】香川県丸亀市川西町南８２６" }, "geometry": { "type": "Point", "coordinates": [ 133.832877, 34.245634 ] } },
{ "type": "Feature", "properties": { "ID": 3722370302570, "正式名称": "綾川クリニック", "機関区分": 2, "都道府県コード": 37, "市区町村コード": 387, "所在地": "香川県綾歌郡綾川町陶字中尾４５１１－１", "緯度": 34.247842, "経度": 133.940787, "url": "https://www.iryou.teikyouseido.mhlw.go.jp/znk-web/juminkanja/S2430/initialize?prefCd=37&kikanCd=2370302570&kikanKbn=2", "url2": null, "内容": "綾川クリニック【2:診療所】【診療科目:内科_腎臓内科_人工透析内科】香川県綾歌郡綾川町陶字中尾４５１１－１" }, "geometry": { "type": "Point", "coordinates": [ 133.940787, 34.247842 ] } },
{ "type": "Feature", "properties": { "ID": 3722370302600, "正式名称": "医療法人正心会　永井循環器内科医院", "機関区分": 2, "都道府県コード": 37, "市区町村コード": 203, "所在地": "香川県坂出市川津町２８００番地１", "緯度": 34.287241, "経度": 133.854735, "url": "https://www.iryou.teikyouseido.mhlw.go.jp/znk-web/juminkanja/S2430/initialize?prefCd=37&kikanCd=2370302600&kikanKbn=2", "url2": "https://nagai-junkanki.com/", "内容": "医療法人正心会　永井循環器内科医院【2:診療所】【診療科目:内科_循環器内科_精神科】香川県坂出市川津町２８００番地１" }, "geometry": { "type": "Point", "coordinates": [ 133.854735, 34.287241 ] } },
{ "type": "Feature", "properties": { "ID": 3722370302610, "正式名称": "このはなクリニック", "機関区分": 2, "都道府県コード": 37, "市区町村コード": 387, "所在地": "香川県綾歌郡綾川町小野甲５６６", "緯度": 34.25044, "経度": 133.908343, "url": "https://www.iryou.teikyouseido.mhlw.go.jp/znk-web/juminkanja/S2430/initialize?prefCd=37&kikanCd=2370302610&kikanKbn=2", "url2": "http://www.konohanaclinic.jp/", "内容": "このはなクリニック【2:診療所】【診療科目:耳鼻いんこう科_アレルギー科】香川県綾歌郡綾川町小野甲５６６" }, "geometry": { "type": "Point", "coordinates": [ 133.908343, 34.25044 ] } },
{ "type": "Feature", "properties": { "ID": 3722370302640, "正式名称": "一般社団法人瀬戸健康管理研究所　サンテ・ペアーレクリニック", "機関区分": 2, "都道府県コード": 37, "市区町村コード": 202, "所在地": "香川県丸亀市大手町三丁目３番２１号", "緯度": 34.288208, "経度": 133.796638, "url": "https://www.iryou.teikyouseido.mhlw.go.jp/znk-web/juminkanja/S2430/initialize?prefCd=37&kikanCd=2370302640&kikanKbn=2", "url2": "https://seto-hl.or.jp/sante-peare", "内容": "一般社団法人瀬戸健康管理研究所　サンテ・ペアーレクリニック【2:診療所】【診療科目:内科_放射線科】香川県丸亀市大手町三丁目３番２１号" }, "geometry": { "type": "Point", "coordinates": [ 133.796638, 34.288208 ] } },
{ "type": "Feature", "properties": { "ID": 3722370302670, "正式名称": "丸亀メンタルクリニックソフィア", "機関区分": 2, "都道府県コード": 37, "市区町村コード": 202, "所在地": "香川県丸亀市本町１０５－１　丸亀フロントビル４階", "緯度": 34.290934, "経度": 133.792878, "url": "https://www.iryou.teikyouseido.mhlw.go.jp/znk-web/juminkanja/S2430/initialize?prefCd=37&kikanCd=2370302670&kikanKbn=2", "url2": "https://www.marugamemental.com/", "内容": "丸亀メンタルクリニックソフィア【2:診療所】【診療科目:精神科_心療内科】香川県丸亀市本町１０５－１　丸亀フロントビル４階" }, "geometry": { "type": "Point", "coordinates": [ 133.792878, 34.290934 ] } },
{ "type": "Feature", "properties": { "ID": 3722370302680, "正式名称": "なかの循環器内科クリニック", "機関区分": 2, "都道府県コード": 37, "市区町村コード": 203, "所在地": "香川県坂出市林田町８７５－５", "緯度": 34.323829, "経度": 133.893045, "url": "https://www.iryou.teikyouseido.mhlw.go.jp/znk-web/juminkanja/S2430/initialize?prefCd=37&kikanCd=2370302680&kikanKbn=2", "url2": "http://nakano-cc.com", "内容": "なかの循環器内科クリニック【2:診療所】【診療科目:内科_循環器内科】香川県坂出市林田町８７５－５" }, "geometry": { "type": "Point", "coordinates": [ 133.893045, 34.323829 ] } },
{ "type": "Feature", "properties": { "ID": 3722370302690, "正式名称": "こはし内科・腎クリニック", "機関区分": 2, "都道府県コード": 37, "市区町村コード": 202, "所在地": "香川県丸亀市郡家町２４４－１", "緯度": 34.24813, "経度": 133.821789, "url": "https://www.iryou.teikyouseido.mhlw.go.jp/znk-web/juminkanja/S2430/initialize?prefCd=37&kikanCd=2370302690&kikanKbn=2", "url2": "https://kohashinaika.com/", "内容": "こはし内科・腎クリニック【2:診療所】【診療科目:内科_腎臓内科】香川県丸亀市郡家町２４４－１" }, "geometry": { "type": "Point", "coordinates": [ 133.821789, 34.24813 ] } },
{ "type": "Feature", "properties": { "ID": 3722370302700, "正式名称": "はしもとレディースクリニック", "機関区分": 2, "都道府県コード": 37, "市区町村コード": 386, "所在地": "香川県綾歌郡宇多津町浜九番丁１４１番地１", "緯度": 34.312141, "経度": 133.824808, "url": "https://www.iryou.teikyouseido.mhlw.go.jp/znk-web/juminkanja/S2430/initialize?prefCd=37&kikanCd=2370302700&kikanKbn=2", "url2": "https://hashimoto-lc.com/", "内容": "はしもとレディースクリニック【2:診療所】【診療科目:内科_外科_乳腺外科_肛門外科】香川県綾歌郡宇多津町浜九番丁１４１番地１" }, "geometry": { "type": "Point", "coordinates": [ 133.824808, 34.312141 ] } },
{ "type": "Feature", "properties": { "ID": 3722370302720, "正式名称": "Ｂａｓｅ６５　ｃｌｉｎｉｃ", "機関区分": 2, "都道府県コード": 37, "市区町村コード": 404, "所在地": "香川県仲多度郡多度津町庄修理免８７４－１", "緯度": 34.258552, "経度": 133.756152, "url": "https://www.iryou.teikyouseido.mhlw.go.jp/znk-web/juminkanja/S2430/initialize?prefCd=37&kikanCd=2370302720&kikanKbn=2", "url2": null, "内容": "Ｂａｓｅ６５　ｃｌｉｎｉｃ【2:診療所】【診療科目:内科_循環器内科】香川県仲多度郡多度津町庄修理免８７４－１" }, "geometry": { "type": "Point", "coordinates": [ 133.756152, 34.258552 ] } },
{ "type": "Feature", "properties": { "ID": 3722370302740, "正式名称": "医療法人社団善仁会井上整形リハビリクリニック", "機関区分": 2, "都道府県コード": 37, "市区町村コード": 204, "所在地": "香川県善通寺市原田町１０８５番地１", "緯度": 34.249078, "経度": 133.790842, "url": "https://www.iryou.teikyouseido.mhlw.go.jp/znk-web/juminkanja/S2430/initialize?prefCd=37&kikanCd=2370302740&kikanKbn=2", "url2": "https://inoue-seikei.jp", "内容": "医療法人社団善仁会井上整形リハビリクリニック【2:診療所】【診療科目:整形外科_リハビリテーション科】香川県善通寺市原田町１０８５番地１" }, "geometry": { "type": "Point", "coordinates": [ 133.790842, 34.249078 ] } },
{ "type": "Feature", "properties": { "ID": 3722370302750, "正式名称": "医療法人社団誠和会　丸亀整形外科とだにクリニック", "機関区分": 2, "都道府県コード": 37, "市区町村コード": 202, "所在地": "香川県丸亀市土器町東３丁目６１２－１", "緯度": 34.265299, "経度": 133.778885, "url": "https://www.iryou.teikyouseido.mhlw.go.jp/znk-web/juminkanja/S2430/initialize?prefCd=37&kikanCd=2370302750&kikanKbn=2", "url2": "https://www.marugameseikei.com", "内容": "医療法人社団誠和会　丸亀整形外科とだにクリニック【2:診療所】【診療科目:整形外科_リハビリテーション科】香川県丸亀市土器町東３丁目６１２－１" }, "geometry": { "type": "Point", "coordinates": [ 133.778885, 34.265299 ] } },
{ "type": "Feature", "properties": { "ID": 3722370302760, "正式名称": "ながいこどもクリニック", "機関区分": 2, "都道府県コード": 37, "市区町村コード": 202, "所在地": "香川県丸亀市金倉町１４４０－８", "緯度": 34.272798, "経度": 133.782351, "url": "https://www.iryou.teikyouseido.mhlw.go.jp/znk-web/juminkanja/S2430/initialize?prefCd=37&kikanCd=2370302760&kikanKbn=2", "url2": "https://www.nagai-kodomo.com/", "内容": "ながいこどもクリニック【2:診療所】【診療科目:小児科】香川県丸亀市金倉町１４４０－８" }, "geometry": { "type": "Point", "coordinates": [ 133.782351, 34.272798 ] } },
{ "type": "Feature", "properties": { "ID": 3722370302780, "正式名称": "横関皮膚科クリニック", "機関区分": 2, "都道府県コード": 37, "市区町村コード": 202, "所在地": "香川県丸亀市西平山町１１１－２", "緯度": 34.293545, "経度": 133.795348, "url": "https://www.iryou.teikyouseido.mhlw.go.jp/znk-web/juminkanja/S2430/initialize?prefCd=37&kikanCd=2370302780&kikanKbn=2", "url2": "https://yokozeki-hifuka.com", "内容": "横関皮膚科クリニック【2:診療所】【診療科目:皮膚科_アレルギー科】香川県丸亀市西平山町１１１－２" }, "geometry": { "type": "Point", "coordinates": [ 133.795348, 34.293545 ] } },
{ "type": "Feature", "properties": { "ID": 3722370302810, "正式名称": "水藤乳腺甲状腺クリニック", "機関区分": 2, "都道府県コード": 37, "市区町村コード": 204, "所在地": "香川県善通寺市弘田町３９０－１", "緯度": 34.239702, "経度": 133.759978, "url": "https://www.iryou.teikyouseido.mhlw.go.jp/znk-web/juminkanja/S2430/initialize?prefCd=37&kikanCd=2370302810&kikanKbn=2", "url2": "https://mizutou-clinic.jp", "内容": "水藤乳腺甲状腺クリニック【2:診療所】【診療科目:外科_乳腺外科_甲状腺外科】香川県善通寺市弘田町３９０－１" }, "geometry": { "type": "Point", "coordinates": [ 133.759978, 34.239702 ] } },
{ "type": "Feature", "properties": { "ID": 3722370302820, "正式名称": "坂出眼科", "機関区分": 2, "都道府県コード": 37, "市区町村コード": 203, "所在地": "香川県坂出市花町６番３５号", "緯度": 34.302837, "経度": 133.850992, "url": "https://www.iryou.teikyouseido.mhlw.go.jp/znk-web/juminkanja/S2430/initialize?prefCd=37&kikanCd=2370302820&kikanKbn=2", "url2": "https://www.sakaidegannka.com/access.html", "内容": "坂出眼科【2:診療所】【診療科目:眼科】香川県坂出市花町６番３５号" }, "geometry": { "type": "Point", "coordinates": [ 133.850992, 34.302837 ] } },
{ "type": "Feature", "properties": { "ID": 3722370302830, "正式名称": "一般社団法人英志会　丸亀子どものお城・リハビリクリニック", "機関区分": 2, "都道府県コード": 37, "市区町村コード": 202, "所在地": "香川県丸亀市土器町東７丁目１６３番地２", "緯度": 34.291965, "経度": 133.811638, "url": "https://www.iryou.teikyouseido.mhlw.go.jp/znk-web/juminkanja/S2430/initialize?prefCd=37&kikanCd=2370302830&kikanKbn=2", "url2": "https://marugame-child-clinic.com", "内容": "一般社団法人英志会　丸亀子どものお城・リハビリクリニック【2:診療所】【診療科目:内科_脳外科_小児科_神経小児科_精神科_リハビリテーション科】香川県丸亀市土器町東７丁目１６３番地２" }, "geometry": { "type": "Point", "coordinates": [ 133.811638, 34.291965 ] } },
{ "type": "Feature", "properties": { "ID": 3722370302840, "正式名称": "ひらの眼科", "機関区分": 2, "都道府県コード": 37, "市区町村コード": 202, "所在地": "香川県丸亀市郡家町２５０７－１", "緯度": 34.256987, "経度": 133.811795, "url": "https://www.iryou.teikyouseido.mhlw.go.jp/znk-web/juminkanja/S2430/initialize?prefCd=37&kikanCd=2370302840&kikanKbn=2", "url2": "https://www.hirano-eye-clinic.com", "内容": "ひらの眼科【2:診療所】【診療科目:眼科】香川県丸亀市郡家町２５０７－１" }, "geometry": { "type": "Point", "coordinates": [ 133.811795, 34.256987 ] } },
{ "type": "Feature", "properties": { "ID": 3722370302850, "正式名称": "ぜんつうじの森クリニック", "機関区分": 2, "都道府県コード": 37, "市区町村コード": 204, "所在地": "香川県善通寺市金蔵寺町１９３－４", "緯度": 34.243894, "経度": 133.782878, "url": "https://www.iryou.teikyouseido.mhlw.go.jp/znk-web/juminkanja/S2430/initialize?prefCd=37&kikanCd=2370302850&kikanKbn=2", "url2": "https://zenmori.jp", "内容": "ぜんつうじの森クリニック【2:診療所】【診療科目:ペインクリニック内科_気管食道外科_頭頸部外科_形成外科_甲状腺外科_耳鼻いんこう科_気管食道・耳鼻いんこう科_頭頸部・耳鼻いんこう科_アレルギー科_麻酔科】香川県善通寺市金蔵寺町１９３－４" }, "geometry": { "type": "Point", "coordinates": [ 133.782878, 34.243894 ] } },
{ "type": "Feature", "properties": { "ID": 3722370302860, "正式名称": "やすはらクリニック", "機関区分": 2, "都道府県コード": 37, "市区町村コード": 202, "所在地": "香川県丸亀市柞原町９７９　やすはらクリニック", "緯度": 34.270249, "経度": 133.805519, "url": "https://www.iryou.teikyouseido.mhlw.go.jp/znk-web/juminkanja/S2430/initialize?prefCd=37&kikanCd=2370302860&kikanKbn=2", "url2": "https://www.yasuharaclinic.com/", "内容": "やすはらクリニック【2:診療所】【診療科目:内科_脳神経外科_リハビリテーション科】香川県丸亀市柞原町９７９　やすはらクリニック" }, "geometry": { "type": "Point", "coordinates": [ 133.805519, 34.270249 ] } },
{ "type": "Feature", "properties": { "ID": 3722370302870, "正式名称": "丸亀しぶや内科クリニック", "機関区分": 2, "都道府県コード": 37, "市区町村コード": 202, "所在地": "香川県丸亀市風袋町２１１番地１", "緯度": 34.291465, "経度": 133.800644, "url": "https://www.iryou.teikyouseido.mhlw.go.jp/znk-web/juminkanja/S2430/initialize?prefCd=37&kikanCd=2370302870&kikanKbn=2", "url2": null, "内容": "丸亀しぶや内科クリニック【2:診療所】【診療科目:内科_脳神経内科】香川県丸亀市風袋町２１１番地１" }, "geometry": { "type": "Point", "coordinates": [ 133.800644, 34.291465 ] } },
{ "type": "Feature", "properties": { "ID": 3722370302890, "正式名称": "医療法人社団慶昭会おおにし医院", "機関区分": 2, "都道府県コード": 37, "市区町村コード": 403, "所在地": "香川県仲多度郡琴平町３５０番地１０", "緯度": 34.192813, "経度": 133.819242, "url": "https://www.iryou.teikyouseido.mhlw.go.jp/znk-web/juminkanja/S2430/initialize?prefCd=37&kikanCd=2370302890&kikanKbn=2", "url2": "https://keisyokai.com/", "内容": "医療法人社団慶昭会おおにし医院【2:診療所】【診療科目:内科_呼吸器内科_循環器内科_整形外科_形成外科_婦人科_皮膚科_リウマチ科_リハビリテーション科_放射線科】香川県仲多度郡琴平町３５０番地１０" }, "geometry": { "type": "Point", "coordinates": [ 133.819242, 34.192813 ] } },
{ "type": "Feature", "properties": { "ID": 3722370302900, "正式名称": "うたづ小児クリニック", "機関区分": 2, "都道府県コード": 37, "市区町村コード": 386, "所在地": "香川県綾歌郡宇多津町浜六番丁９２－７", "緯度": 34.308437, "経度": 133.81627, "url": "https://www.iryou.teikyouseido.mhlw.go.jp/znk-web/juminkanja/S2430/initialize?prefCd=37&kikanCd=2370302900&kikanKbn=2", "url2": "utazu-kids-clinic.ja-md.com", "内容": "うたづ小児クリニック【2:診療所】【診療科目:小児科_小児皮膚科_小児泌尿器科_その他一般小児科】香川県綾歌郡宇多津町浜六番丁９２－７" }, "geometry": { "type": "Point", "coordinates": [ 133.81627, 34.308437 ] } },
{ "type": "Feature", "properties": { "ID": 3722370400020, "正式名称": "観音寺市国民健康保険伊吹診療所", "機関区分": 2, "都道府県コード": 37, "市区町村コード": 205, "所在地": "香川県観音寺市伊吹町９８６", "緯度": 34.128891, "経度": 133.534824, "url": "https://www.iryou.teikyouseido.mhlw.go.jp/znk-web/juminkanja/S2430/initialize?prefCd=37&kikanCd=2370400020&kikanKbn=2", "url2": null, "内容": "観音寺市国民健康保険伊吹診療所【2:診療所】【診療科目:内科_整形外科】香川県観音寺市伊吹町９８６" }, "geometry": { "type": "Point", "coordinates": [ 133.534824, 34.128891 ] } },
{ "type": "Feature", "properties": { "ID": 3722370400050, "正式名称": "医療法人社団メディカルクラブ大興和　クリニック池田", "機関区分": 2, "都道府県コード": 37, "市区町村コード": 205, "所在地": "香川県観音寺市植田町１００７番地１", "緯度": 34.118756, "経度": 133.679951, "url": "https://www.iryou.teikyouseido.mhlw.go.jp/znk-web/juminkanja/S2430/initialize?prefCd=37&kikanCd=2370400050&kikanKbn=2", "url2": "http://www.cl-ikeda.com/", "内容": "医療法人社団メディカルクラブ大興和　クリニック池田【2:診療所】【診療科目:内科_消化器内科_外科_整形外科_婦人科_泌尿器科_リハビリテーション科_放射線科】香川県観音寺市植田町１００７番地１" }, "geometry": { "type": "Point", "coordinates": [ 133.679951, 34.118756 ] } },
{ "type": "Feature", "properties": { "ID": 3722370400060, "正式名称": "医療法人社団三野小児科医院", "機関区分": 2, "都道府県コード": 37, "市区町村コード": 205, "所在地": "香川県観音寺市吉岡町１０－１", "緯度": 34.133282, "経度": 133.693061, "url": "https://www.iryou.teikyouseido.mhlw.go.jp/znk-web/juminkanja/S2430/initialize?prefCd=37&kikanCd=2370400060&kikanKbn=2", "url2": null, "内容": "医療法人社団三野小児科医院【2:診療所】【診療科目:小児科】香川県観音寺市吉岡町１０－１" }, "geometry": { "type": "Point", "coordinates": [ 133.693061, 34.133282 ] } },
{ "type": "Feature", "properties": { "ID": 3722370400080, "正式名称": "医療法人社団国土外科医院", "機関区分": 2, "都道府県コード": 37, "市区町村コード": 205, "所在地": "香川県観音寺市古川町２７２", "緯度": 34.130643, "経度": 133.692283, "url": "https://www.iryou.teikyouseido.mhlw.go.jp/znk-web/juminkanja/S2430/initialize?prefCd=37&kikanCd=2370400080&kikanKbn=2", "url2": null, "内容": "医療法人社団国土外科医院【2:診療所】【診療科目:胃腸内科_外科_整形外科_皮膚科_泌尿器科_放射線科】香川県観音寺市古川町２７２" }, "geometry": { "type": "Point", "coordinates": [ 133.692283, 34.130643 ] } },
{ "type": "Feature", "properties": { "ID": 3722370400090, "正式名称": "医療法人社団博正会辻整形外科医院", "機関区分": 2, "都道府県コード": 37, "市区町村コード": 205, "所在地": "香川県観音寺市池之尻町１３７番地", "緯度": 34.121117, "経度": 133.688395, "url": "https://www.iryou.teikyouseido.mhlw.go.jp/znk-web/juminkanja/S2430/initialize?prefCd=37&kikanCd=2370400090&kikanKbn=2", "url2": "https://www.tsuji-seikeigeka.jp/", "内容": "医療法人社団博正会辻整形外科医院【2:診療所】【診療科目:整形外科_リウマチ科_リハビリテーション科】香川県観音寺市池之尻町１３７番地" }, "geometry": { "type": "Point", "coordinates": [ 133.688395, 34.121117 ] } },
{ "type": "Feature", "properties": { "ID": 3722370400100, "正式名称": "医療法人社団力正会小林整形外科医院", "機関区分": 2, "都道府県コード": 37, "市区町村コード": 205, "所在地": "香川県観音寺市柞田町甲６０６－４", "緯度": 34.112367, "経度": 133.670591, "url": "https://www.iryou.teikyouseido.mhlw.go.jp/znk-web/juminkanja/S2430/initialize?prefCd=37&kikanCd=2370400100&kikanKbn=2", "url2": null, "内容": "医療法人社団力正会小林整形外科医院【2:診療所】【診療科目:整形外科_リハビリテーション科】香川県観音寺市柞田町甲６０６－４" }, "geometry": { "type": "Point", "coordinates": [ 133.670591, 34.112367 ] } },
{ "type": "Feature", "properties": { "ID": 3722370400110, "正式名称": "医療法人社団みとし会クニタクリニック", "機関区分": 2, "都道府県コード": 37, "市区町村コード": 205, "所在地": "香川県観音寺市柞田町甲１８８８－１", "緯度": 34.118061, "経度": 133.661008, "url": "https://www.iryou.teikyouseido.mhlw.go.jp/znk-web/juminkanja/S2430/initialize?prefCd=37&kikanCd=2370400110&kikanKbn=2", "url2": "https://www.kanonji-mitoyo-med.or.jp/", "内容": "医療法人社団みとし会クニタクリニック【2:診療所】【診療科目:消化器内科_外科_心臓血管外科_肛門外科_皮膚科_リハビリテーション科】香川県観音寺市柞田町甲１８８８－１" }, "geometry": { "type": "Point", "coordinates": [ 133.661008, 34.118061 ] } },
{ "type": "Feature", "properties": { "ID": 3722370400120, "正式名称": "医療法人社団逍遥会おざきこどもクリニック", "機関区分": 2, "都道府県コード": 37, "市区町村コード": 205, "所在地": "香川県観音寺市柞田町甲８８０－２", "緯度": 34.1132, "経度": 133.667314, "url": "https://www.iryou.teikyouseido.mhlw.go.jp/znk-web/juminkanja/S2430/initialize?prefCd=37&kikanCd=2370400120&kikanKbn=2", "url2": "http://paa.jp/t/122101/", "内容": "医療法人社団逍遥会おざきこどもクリニック【2:診療所】【診療科目:小児科】香川県観音寺市柞田町甲８８０－２" }, "geometry": { "type": "Point", "coordinates": [ 133.667314, 34.1132 ] } },
{ "type": "Feature", "properties": { "ID": 3722370400140, "正式名称": "医療法人社団素耕会冨士クリニック", "機関区分": 2, "都道府県コード": 37, "市区町村コード": 205, "所在地": "香川県観音寺市観音寺町甲３００２", "緯度": 34.127726, "経度": 133.650537, "url": "https://www.iryou.teikyouseido.mhlw.go.jp/znk-web/juminkanja/S2430/initialize?prefCd=37&kikanCd=2370400140&kikanKbn=2", "url2": "https://www.fujiclinic-kanonji.jp", "内容": "医療法人社団素耕会冨士クリニック【2:診療所】【診療科目:内科_消化器内科_小児科_泌尿器科_男性泌尿器科_腎臓・泌尿器科】香川県観音寺市観音寺町甲３００２" }, "geometry": { "type": "Point", "coordinates": [ 133.650537, 34.127726 ] } },
{ "type": "Feature", "properties": { "ID": 3722370400150, "正式名称": "医療法人社団田中眼科医院", "機関区分": 2, "都道府県コード": 37, "市区町村コード": 205, "所在地": "香川県観音寺市観音寺町甲１０８７－７６", "緯度": 34.127949, "経度": 133.653398, "url": "https://www.iryou.teikyouseido.mhlw.go.jp/znk-web/juminkanja/S2430/initialize?prefCd=37&kikanCd=2370400150&kikanKbn=2", "url2": null, "内容": "医療法人社団田中眼科医院【2:診療所】【診療科目:眼科】香川県観音寺市観音寺町甲１０８７－７６" }, "geometry": { "type": "Point", "coordinates": [ 133.653398, 34.127949 ] } },
{ "type": "Feature", "properties": { "ID": 3722370400160, "正式名称": "医療法人社団浩明会たしろ医院", "機関区分": 2, "都道府県コード": 37, "市区町村コード": 205, "所在地": "香川県観音寺市南町５丁目４－６３", "緯度": 34.122588, "経度": 133.64601, "url": "https://www.iryou.teikyouseido.mhlw.go.jp/znk-web/juminkanja/S2430/initialize?prefCd=37&kikanCd=2370400160&kikanKbn=2", "url2": null, "内容": "医療法人社団浩明会たしろ医院【2:診療所】【診療科目:内科_循環器内科_リハビリテーション科】香川県観音寺市南町５丁目４－６３" }, "geometry": { "type": "Point", "coordinates": [ 133.64601, 34.122588 ] } },
{ "type": "Feature", "properties": { "ID": 3722370400170, "正式名称": "医療法人社団　島田皮膚科医院", "機関区分": 2, "都道府県コード": 37, "市区町村コード": 205, "所在地": "香川県観音寺市昭和町一丁目１１－１５", "緯度": 34.120533, "経度": 133.655231, "url": "https://www.iryou.teikyouseido.mhlw.go.jp/znk-web/juminkanja/S2430/initialize?prefCd=37&kikanCd=2370400170&kikanKbn=2", "url2": null, "内容": "医療法人社団　島田皮膚科医院【2:診療所】【診療科目:皮膚科】香川県観音寺市昭和町一丁目１１－１５" }, "geometry": { "type": "Point", "coordinates": [ 133.655231, 34.120533 ] } },
{ "type": "Feature", "properties": { "ID": 3722370400180, "正式名称": "医療法人社団業天医院", "機関区分": 2, "都道府県コード": 37, "市区町村コード": 205, "所在地": "香川県観音寺市豊浜町姫浜２８０－１２", "緯度": 34.079759, "経度": 133.63854, "url": "https://www.iryou.teikyouseido.mhlw.go.jp/znk-web/juminkanja/S2430/initialize?prefCd=37&kikanCd=2370400180&kikanKbn=2", "url2": null, "内容": "医療法人社団業天医院【2:診療所】【診療科目:内科_放射線診断科】香川県観音寺市豊浜町姫浜２８０－１２" }, "geometry": { "type": "Point", "coordinates": [ 133.63854, 34.079759 ] } },
{ "type": "Feature", "properties": { "ID": 3722370400190, "正式名称": "医療法人社団石川医院", "機関区分": 2, "都道府県コード": 37, "市区町村コード": 205, "所在地": "香川県観音寺市大野原町大野原２１１１－１", "緯度": 34.089481, "経度": 133.664454, "url": "https://www.iryou.teikyouseido.mhlw.go.jp/znk-web/juminkanja/S2430/initialize?prefCd=37&kikanCd=2370400190&kikanKbn=2", "url2": null, "内容": "医療法人社団石川医院【2:診療所】【診療科目:内科_外科】香川県観音寺市大野原町大野原２１１１－１" }, "geometry": { "type": "Point", "coordinates": [ 133.664454, 34.089481 ] } },
{ "type": "Feature", "properties": { "ID": 3722370400200, "正式名称": "西岡耳鼻咽喉科クリニック", "機関区分": 2, "都道府県コード": 37, "市区町村コード": 205, "所在地": "香川県観音寺市植田町３５９", "緯度": 34.126505, "経度": 133.677507, "url": "https://www.iryou.teikyouseido.mhlw.go.jp/znk-web/juminkanja/S2430/initialize?prefCd=37&kikanCd=2370400200&kikanKbn=2", "url2": null, "内容": "西岡耳鼻咽喉科クリニック【2:診療所】【診療科目:耳鼻いんこう科】香川県観音寺市植田町３５９" }, "geometry": { "type": "Point", "coordinates": [ 133.677507, 34.126505 ] } },
{ "type": "Feature", "properties": { "ID": 3722370400220, "正式名称": "医療法人社団啓真会　渡辺ハートクリニック内科", "機関区分": 2, "都道府県コード": 37, "市区町村コード": 205, "所在地": "香川県観音寺市植田町１０１０番地", "緯度": 34.118922, "経度": 133.679729, "url": "https://www.iryou.teikyouseido.mhlw.go.jp/znk-web/juminkanja/S2430/initialize?prefCd=37&kikanCd=2370400220&kikanKbn=2", "url2": null, "内容": "医療法人社団啓真会　渡辺ハートクリニック内科【2:診療所】【診療科目:内科_循環器内科】香川県観音寺市植田町１０１０番地" }, "geometry": { "type": "Point", "coordinates": [ 133.679729, 34.118922 ] } },
{ "type": "Feature", "properties": { "ID": 3722370400250, "正式名称": "小山医院", "機関区分": 2, "都道府県コード": 37, "市区町村コード": 205, "所在地": "香川県観音寺市村黒町１７３", "緯度": 34.129643, "経度": 133.675368, "url": "https://www.iryou.teikyouseido.mhlw.go.jp/znk-web/juminkanja/S2430/initialize?prefCd=37&kikanCd=2370400250&kikanKbn=2", "url2": "http://www.kanonji-mitoyo-med.or.jp/", "内容": "小山医院【2:診療所】【診療科目:内科_小児科】香川県観音寺市村黒町１７３" }, "geometry": { "type": "Point", "coordinates": [ 133.675368, 34.129643 ] } },
{ "type": "Feature", "properties": { "ID": 3722370400270, "正式名称": "松房医院", "機関区分": 2, "都道府県コード": 37, "市区町村コード": 205, "所在地": "香川県観音寺市本大町８１９－２", "緯度": 34.127533, "経度": 133.709171, "url": "https://www.iryou.teikyouseido.mhlw.go.jp/znk-web/juminkanja/S2430/initialize?prefCd=37&kikanCd=2370400270&kikanKbn=2", "url2": null, "内容": "松房医院【2:診療所】【診療科目:内科_皮膚科】香川県観音寺市本大町８１９－２" }, "geometry": { "type": "Point", "coordinates": [ 133.709171, 34.127533 ] } },
{ "type": "Feature", "properties": { "ID": 3722370400290, "正式名称": "日野外科医院", "機関区分": 2, "都道府県コード": 37, "市区町村コード": 205, "所在地": "香川県観音寺市柞田町丙１６０２－１", "緯度": 34.107257, "経度": 133.662314, "url": "https://www.iryou.teikyouseido.mhlw.go.jp/znk-web/juminkanja/S2430/initialize?prefCd=37&kikanCd=2370400290&kikanKbn=2", "url2": null, "内容": "日野外科医院【2:診療所】【診療科目:内科_外科_整形外科_皮膚科_リハビリテーション科】香川県観音寺市柞田町丙１６０２－１" }, "geometry": { "type": "Point", "coordinates": [ 133.662314, 34.107257 ] } },
{ "type": "Feature", "properties": { "ID": 3722370400300, "正式名称": "近藤眼科医院", "機関区分": 2, "都道府県コード": 37, "市区町村コード": 205, "所在地": "香川県観音寺市柞田町甲６０２", "緯度": 34.114478, "経度": 133.672591, "url": "https://www.iryou.teikyouseido.mhlw.go.jp/znk-web/juminkanja/S2430/initialize?prefCd=37&kikanCd=2370400300&kikanKbn=2", "url2": null, "内容": "近藤眼科医院【2:診療所】【診療科目:眼科】香川県観音寺市柞田町甲６０２" }, "geometry": { "type": "Point", "coordinates": [ 133.672591, 34.114478 ] } },
{ "type": "Feature", "properties": { "ID": 3722370400310, "正式名称": "富田内科医院", "機関区分": 2, "都道府県コード": 37, "市区町村コード": 205, "所在地": "香川県観音寺市柞田町甲９１５", "緯度": 34.114145, "経度": 133.667091, "url": "https://www.iryou.teikyouseido.mhlw.go.jp/znk-web/juminkanja/S2430/initialize?prefCd=37&kikanCd=2370400310&kikanKbn=2", "url2": null, "内容": "富田内科医院【2:診療所】【診療科目:内科】香川県観音寺市柞田町甲９１５" }, "geometry": { "type": "Point", "coordinates": [ 133.667091, 34.114145 ] } },
{ "type": "Feature", "properties": { "ID": 3722370400320, "正式名称": "せと耳鼻咽喉科医院", "機関区分": 2, "都道府県コード": 37, "市区町村コード": 205, "所在地": "香川県観音寺市観音寺町甲３３７５－３", "緯度": 34.130282, "経度": 133.65187, "url": "https://www.iryou.teikyouseido.mhlw.go.jp/znk-web/juminkanja/S2430/initialize?prefCd=37&kikanCd=2370400320&kikanKbn=2", "url2": null, "内容": "せと耳鼻咽喉科医院【2:診療所】【診療科目:耳鼻いんこう科】香川県観音寺市観音寺町甲３３７５－３" }, "geometry": { "type": "Point", "coordinates": [ 133.65187, 34.130282 ] } },
{ "type": "Feature", "properties": { "ID": 3722370400330, "正式名称": "今滝医院", "機関区分": 2, "都道府県コード": 37, "市区町村コード": 205, "所在地": "香川県観音寺市粟井町２２９２番地１", "緯度": 34.097897, "経度": 133.699534, "url": "https://www.iryou.teikyouseido.mhlw.go.jp/znk-web/juminkanja/S2430/initialize?prefCd=37&kikanCd=2370400330&kikanKbn=2", "url2": null, "内容": "今滝医院【2:診療所】【診療科目:内科_循環器内科_消化器内科_リハビリテーション科】香川県観音寺市粟井町２２９２番地１" }, "geometry": { "type": "Point", "coordinates": [ 133.699534, 34.097897 ] } },
{ "type": "Feature", "properties": { "ID": 3722370400340, "正式名称": "久保田医院", "機関区分": 2, "都道府県コード": 37, "市区町村コード": 205, "所在地": "香川県観音寺市粟井町１２９５－１", "緯度": 34.095647, "経度": 133.696118, "url": "https://www.iryou.teikyouseido.mhlw.go.jp/znk-web/juminkanja/S2430/initialize?prefCd=37&kikanCd=2370400340&kikanKbn=2", "url2": null, "内容": "久保田医院【2:診療所】【診療科目:内科】香川県観音寺市粟井町１２９５－１" }, "geometry": { "type": "Point", "coordinates": [ 133.696118, 34.095647 ] } },
{ "type": "Feature", "properties": { "ID": 3722370400350, "正式名称": "加藤耳鼻咽喉科医院", "機関区分": 2, "都道府県コード": 37, "市区町村コード": 205, "所在地": "香川県観音寺市観音寺町甲１２２１－１", "緯度": 34.126032, "経度": 133.65437, "url": "https://www.iryou.teikyouseido.mhlw.go.jp/znk-web/juminkanja/S2430/initialize?prefCd=37&kikanCd=2370400350&kikanKbn=2", "url2": null, "内容": "加藤耳鼻咽喉科医院【2:診療所】【診療科目:耳鼻いんこう科】香川県観音寺市観音寺町甲１２２１－１" }, "geometry": { "type": "Point", "coordinates": [ 133.65437, 34.126032 ] } },
{ "type": "Feature", "properties": { "ID": 3722370400360, "正式名称": "宮崎内科医院", "機関区分": 2, "都道府県コード": 37, "市区町村コード": 205, "所在地": "香川県観音寺市観音寺町甲３３９３", "緯度": 34.130143, "経度": 133.650314, "url": "https://www.iryou.teikyouseido.mhlw.go.jp/znk-web/juminkanja/S2430/initialize?prefCd=37&kikanCd=2370400360&kikanKbn=2", "url2": null, "内容": "宮崎内科医院【2:診療所】【診療科目:内科_消化器内科_小児科】香川県観音寺市観音寺町甲３３９３" }, "geometry": { "type": "Point", "coordinates": [ 133.650314, 34.130143 ] } },
{ "type": "Feature", "properties": { "ID": 3722370400370, "正式名称": "医療法人社団琴佳会中央クリニック", "機関区分": 2, "都道府県コード": 37, "市区町村コード": 205, "所在地": "香川県観音寺市観音寺町甲３１３０番地１", "緯度": 34.129976, "経度": 133.653425, "url": "https://www.iryou.teikyouseido.mhlw.go.jp/znk-web/juminkanja/S2430/initialize?prefCd=37&kikanCd=2370400370&kikanKbn=2", "url2": null, "内容": "医療法人社団琴佳会中央クリニック【2:診療所】【診療科目:内科_呼吸器内科_外科】香川県観音寺市観音寺町甲３１３０番地１" }, "geometry": { "type": "Point", "coordinates": [ 133.653425, 34.129976 ] } },
{ "type": "Feature", "properties": { "ID": 3722370400380, "正式名称": "森内科・循環器・こどもクリニック", "機関区分": 2, "都道府県コード": 37, "市区町村コード": 205, "所在地": "香川県観音寺市八幡町１－５－３３", "緯度": 34.132698, "経度": 133.64962, "url": "https://www.iryou.teikyouseido.mhlw.go.jp/znk-web/juminkanja/S2430/initialize?prefCd=37&kikanCd=2370400380&kikanKbn=2", "url2": "http://moricl.com", "内容": "森内科・循環器・こどもクリニック【2:診療所】【診療科目:内科_循環器内科_小児科】香川県観音寺市八幡町１－５－３３" }, "geometry": { "type": "Point", "coordinates": [ 133.64962, 34.132698 ] } },
{ "type": "Feature", "properties": { "ID": 3722370400390, "正式名称": "医療法人社団　尚仁会かもだ内科クリニック", "機関区分": 2, "都道府県コード": 37, "市区町村コード": 205, "所在地": "香川県観音寺市坂本町七丁目１０番１０号", "緯度": 34.127115, "経度": 133.65637, "url": "https://www.iryou.teikyouseido.mhlw.go.jp/znk-web/juminkanja/S2430/initialize?prefCd=37&kikanCd=2370400390&kikanKbn=2", "url2": "http://www.kamodanaika.com", "内容": "医療法人社団　尚仁会かもだ内科クリニック【2:診療所】【診療科目:内科_消化器内科_神経内科_小児科】香川県観音寺市坂本町七丁目１０番１０号" }, "geometry": { "type": "Point", "coordinates": [ 133.65637, 34.127115 ] } },
{ "type": "Feature", "properties": { "ID": 3722370400410, "正式名称": "合田循環器内科医院", "機関区分": 2, "都道府県コード": 37, "市区町村コード": 205, "所在地": "香川県観音寺市豊浜町姫浜４９３－１", "緯度": 34.079009, "経度": 133.64229, "url": "https://www.iryou.teikyouseido.mhlw.go.jp/znk-web/juminkanja/S2430/initialize?prefCd=37&kikanCd=2370400410&kikanKbn=2", "url2": null, "内容": "合田循環器内科医院【2:診療所】【診療科目:内科_循環器内科】香川県観音寺市豊浜町姫浜４９３－１" }, "geometry": { "type": "Point", "coordinates": [ 133.64229, 34.079009 ] } },
{ "type": "Feature", "properties": { "ID": 3722370400430, "正式名称": "門脇医院", "機関区分": 2, "都道府県コード": 37, "市区町村コード": 205, "所在地": "香川県観音寺市大野原町萩原１２８６", "緯度": 34.072149, "経度": 133.676009, "url": "https://www.iryou.teikyouseido.mhlw.go.jp/znk-web/juminkanja/S2430/initialize?prefCd=37&kikanCd=2370400430&kikanKbn=2", "url2": "https://www.dr-navip.jp/kagawa/detail?no=3774", "内容": "門脇医院【2:診療所】【診療科目:内科_脳神経内科】香川県観音寺市大野原町萩原１２８６" }, "geometry": { "type": "Point", "coordinates": [ 133.676009, 34.072149 ] } },
{ "type": "Feature", "properties": { "ID": 3722370400490, "正式名称": "三豊市国民健康保険志々島診療所", "機関区分": 2, "都道府県コード": 37, "市区町村コード": 208, "所在地": "香川県三豊市詫間町志々島３８１", "緯度": 34.270227, "経度": 133.681654, "url": "https://www.iryou.teikyouseido.mhlw.go.jp/znk-web/juminkanja/S2430/initialize?prefCd=37&kikanCd=2370400490&kikanKbn=2", "url2": "https://www.city.mitoyo.lg.jp/kakuka/kenkofukushi/kenko/8/1/966.html", "内容": "三豊市国民健康保険志々島診療所【2:診療所】【診療科目:内科】香川県三豊市詫間町志々島３８１" }, "geometry": { "type": "Point", "coordinates": [ 133.681654, 34.270227 ] } },
{ "type": "Feature", "properties": { "ID": 3722370400500, "正式名称": "三豊市国民健康保険財田診療所", "機関区分": 2, "都道府県コード": 37, "市区町村コード": 208, "所在地": "香川県三豊市財田町財田上２１４１", "緯度": 34.119146, "経度": 133.777943, "url": "https://www.iryou.teikyouseido.mhlw.go.jp/znk-web/juminkanja/S2430/initialize?prefCd=37&kikanCd=2370400500&kikanKbn=2", "url2": null, "内容": "三豊市国民健康保険財田診療所【2:診療所】【診療科目:内科_外科_小児科】香川県三豊市財田町財田上２１４１" }, "geometry": { "type": "Point", "coordinates": [ 133.777943, 34.119146 ] } },
{ "type": "Feature", "properties": { "ID": 3722370400510, "正式名称": "医療法人社団昭慈会藤田脳神経外科医院", "機関区分": 2, "都道府県コード": 37, "市区町村コード": 208, "所在地": "香川県三豊市高瀬町新名９７１番地１", "緯度": 34.183194, "経度": 133.718445, "url": "https://www.iryou.teikyouseido.mhlw.go.jp/znk-web/juminkanja/S2430/initialize?prefCd=37&kikanCd=2370400510&kikanKbn=2", "url2": null, "内容": "医療法人社団昭慈会藤田脳神経外科医院【2:診療所】【診療科目:内科_循環器内科_外科_脳神経外科_整形外科】香川県三豊市高瀬町新名９７１番地１" }, "geometry": { "type": "Point", "coordinates": [ 133.718445, 34.183194 ] } },
{ "type": "Feature", "properties": { "ID": 3722370400520, "正式名称": "医療法人社団高橋皮膚科医院", "機関区分": 2, "都道府県コード": 37, "市区町村コード": 208, "所在地": "香川県三豊市高瀬町新名９４３－２", "緯度": 34.185721, "経度": 133.716056, "url": "https://www.iryou.teikyouseido.mhlw.go.jp/znk-web/juminkanja/S2430/initialize?prefCd=37&kikanCd=2370400520&kikanKbn=2", "url2": "http://takahashi-dermatology-clinic.com/", "内容": "医療法人社団高橋皮膚科医院【2:診療所】【診療科目:皮膚科】香川県三豊市高瀬町新名９４３－２" }, "geometry": { "type": "Point", "coordinates": [ 133.716056, 34.185721 ] } },
{ "type": "Feature", "properties": { "ID": 3722370400530, "正式名称": "医療法人社団蕗弘会安藤内科医院", "機関区分": 2, "都道府県コード": 37, "市区町村コード": 208, "所在地": "香川県三豊市高瀬町上勝間１６５４－１", "緯度": 34.176417, "経度": 133.728778, "url": "https://www.iryou.teikyouseido.mhlw.go.jp/znk-web/juminkanja/S2430/initialize?prefCd=37&kikanCd=2370400530&kikanKbn=2", "url2": null, "内容": "医療法人社団蕗弘会安藤内科医院【2:診療所】【診療科目:内科】香川県三豊市高瀬町上勝間１６５４－１" }, "geometry": { "type": "Point", "coordinates": [ 133.728778, 34.176417 ] } },
{ "type": "Feature", "properties": { "ID": 3722370400540, "正式名称": "医療法人社団藤川医院", "機関区分": 2, "都道府県コード": 37, "市区町村コード": 208, "所在地": "香川県三豊市高瀬町羽方６７２－１", "緯度": 34.14081, "経度": 133.728474, "url": "https://www.iryou.teikyouseido.mhlw.go.jp/znk-web/juminkanja/S2430/initialize?prefCd=37&kikanCd=2370400540&kikanKbn=2", "url2": "http://www.fujikawaiin.jp/", "内容": "医療法人社団藤川医院【2:診療所】【診療科目:内科_泌尿器科】香川県三豊市高瀬町羽方６７２－１" }, "geometry": { "type": "Point", "coordinates": [ 133.728474, 34.14081 ] } },
{ "type": "Feature", "properties": { "ID": 3722370400560, "正式名称": "医療法人社団山地外科医院", "機関区分": 2, "都道府県コード": 37, "市区町村コード": 208, "所在地": "香川県三豊市三野町下高瀬９２０－１", "緯度": 34.203525, "経度": 133.697974, "url": "https://www.iryou.teikyouseido.mhlw.go.jp/znk-web/juminkanja/S2430/initialize?prefCd=37&kikanCd=2370400560&kikanKbn=2", "url2": "https:www.yamajigekah.jp/", "内容": "医療法人社団山地外科医院【2:診療所】【診療科目:内科_糖尿病・代謝内科_外科_消化器外科_肛門外科】香川県三豊市三野町下高瀬９２０－１" }, "geometry": { "type": "Point", "coordinates": [ 133.697974, 34.203525 ] } },
{ "type": "Feature", "properties": { "ID": 3722370400570, "正式名称": "医療法人社団佐武会嶋田内科医院", "機関区分": 2, "都道府県コード": 37, "市区町村コード": 208, "所在地": "香川県三豊市三野町下高瀬２７７０", "緯度": 34.20197, "経度": 133.721083, "url": "https://www.iryou.teikyouseido.mhlw.go.jp/znk-web/juminkanja/S2430/initialize?prefCd=37&kikanCd=2370400570&kikanKbn=2", "url2": null, "内容": "医療法人社団佐武会嶋田内科医院【2:診療所】【診療科目:内科】香川県三豊市三野町下高瀬２７７０" }, "geometry": { "type": "Point", "coordinates": [ 133.721083, 34.20197 ] } },
{ "type": "Feature", "properties": { "ID": 3722370400580, "正式名称": "医療法人社団しのはら医院", "機関区分": 2, "都道府県コード": 37, "市区町村コード": 208, "所在地": "香川県三豊市山本町財田西３４８－１", "緯度": 34.119867, "経度": 133.72392, "url": "https://www.iryou.teikyouseido.mhlw.go.jp/znk-web/juminkanja/S2430/initialize?prefCd=37&kikanCd=2370400580&kikanKbn=2", "url2": "https://www.shinoharamedicalgroup.com/", "内容": "医療法人社団しのはら医院【2:診療所】【診療科目:内科_消化器内科_外科_肛門外科_リハビリテーション科】香川県三豊市山本町財田西３４８－１" }, "geometry": { "type": "Point", "coordinates": [ 133.72392, 34.119867 ] } },
{ "type": "Feature", "properties": { "ID": 3722370400590, "正式名称": "医療法人社団十仁会多田医院", "機関区分": 2, "都道府県コード": 37, "市区町村コード": 208, "所在地": "香川県三豊市詫間町詫間１３３８－２３", "緯度": 34.221356, "経度": 133.673031, "url": "https://www.iryou.teikyouseido.mhlw.go.jp/znk-web/juminkanja/S2430/initialize?prefCd=37&kikanCd=2370400590&kikanKbn=2", "url2": null, "内容": "医療法人社団十仁会多田医院【2:診療所】【診療科目:内科_整形外科_リウマチ科_リハビリテーション科_麻酔科】香川県三豊市詫間町詫間１３３８－２３" }, "geometry": { "type": "Point", "coordinates": [ 133.673031, 34.221356 ] } },
{ "type": "Feature", "properties": { "ID": 3722370400610, "正式名称": "医療法人社団小野医院", "機関区分": 2, "都道府県コード": 37, "市区町村コード": 208, "所在地": "香川県三豊市詫間町詫間６８１５－５", "緯度": 34.227049, "経度": 133.665336, "url": "https://www.iryou.teikyouseido.mhlw.go.jp/znk-web/juminkanja/S2430/initialize?prefCd=37&kikanCd=2370400610&kikanKbn=2", "url2": null, "内容": "医療法人社団小野医院【2:診療所】【診療科目:内科_消化器内科】香川県三豊市詫間町詫間６８１５－５" }, "geometry": { "type": "Point", "coordinates": [ 133.665336, 34.227049 ] } },
{ "type": "Feature", "properties": { "ID": 3722370400620, "正式名称": "医療法人社団みずた内科", "機関区分": 2, "都道府県コード": 37, "市区町村コード": 208, "所在地": "香川県三豊市詫間町松崎３０１", "緯度": 34.217718, "経度": 133.695473, "url": "https://www.iryou.teikyouseido.mhlw.go.jp/znk-web/juminkanja/S2430/initialize?prefCd=37&kikanCd=2370400620&kikanKbn=2", "url2": "https://mizuta-naika.jp/", "内容": "医療法人社団みずた内科【2:診療所】【診療科目:内科_糖尿病内科_呼吸器内科_循環器内科_消化器内科_小児科】香川県三豊市詫間町松崎３０１" }, "geometry": { "type": "Point", "coordinates": [ 133.695473, 34.217718 ] } },
{ "type": "Feature", "properties": { "ID": 3722370400630, "正式名称": "水田医院", "機関区分": 2, "都道府県コード": 37, "市区町村コード": 208, "所在地": "香川県三豊市詫間町大浜甲１８８０", "緯度": 34.234603, "経度": 133.610507, "url": "https://www.iryou.teikyouseido.mhlw.go.jp/znk-web/juminkanja/S2430/initialize?prefCd=37&kikanCd=2370400630&kikanKbn=2", "url2": null, "内容": "水田医院【2:診療所】【診療科目:内科_乳腺・内分泌外科_整形外科】香川県三豊市詫間町大浜甲１８８０" }, "geometry": { "type": "Point", "coordinates": [ 133.610507, 34.234603 ] } },
{ "type": "Feature", "properties": { "ID": 3722370400650, "正式名称": "医療法人社団　ぬまはら皮ふ科", "機関区分": 2, "都道府県コード": 37, "市区町村コード": 208, "所在地": "香川県三豊市豊中町比地大２６２１番地", "緯度": 34.165612, "経度": 133.688948, "url": "https://www.iryou.teikyouseido.mhlw.go.jp/znk-web/juminkanja/S2430/initialize?prefCd=37&kikanCd=2370400650&kikanKbn=2", "url2": "numahara-hifuka.jp", "内容": "医療法人社団　ぬまはら皮ふ科【2:診療所】【診療科目:皮膚科】香川県三豊市豊中町比地大２６２１番地" }, "geometry": { "type": "Point", "coordinates": [ 133.688948, 34.165612 ] } },
{ "type": "Feature", "properties": { "ID": 3722370400660, "正式名称": "医療法人社団池田外科医院", "機関区分": 2, "都道府県コード": 37, "市区町村コード": 208, "所在地": "香川県三豊市豊中町笠田笠岡２１３６", "緯度": 34.15678, "経度": 133.705197, "url": "https://www.iryou.teikyouseido.mhlw.go.jp/znk-web/juminkanja/S2430/initialize?prefCd=37&kikanCd=2370400660&kikanKbn=2", "url2": null, "内容": "医療法人社団池田外科医院【2:診療所】【診療科目:消化器内科_外科_整形外科】香川県三豊市豊中町笠田笠岡２１３６" }, "geometry": { "type": "Point", "coordinates": [ 133.705197, 34.15678 ] } },
{ "type": "Feature", "properties": { "ID": 3722370400670, "正式名称": "医療法人社団今川内科医院", "機関区分": 2, "都道府県コード": 37, "市区町村コード": 208, "所在地": "香川県三豊市豊中町笠田竹田２８５－３", "緯度": 34.151891, "経度": 133.700837, "url": "https://www.iryou.teikyouseido.mhlw.go.jp/znk-web/juminkanja/S2430/initialize?prefCd=37&kikanCd=2370400670&kikanKbn=2", "url2": "http://www.imagawanaika.jp/", "内容": "医療法人社団今川内科医院【2:診療所】【診療科目:内科_消化器内科_内視鏡内科】香川県三豊市豊中町笠田竹田２８５－３" }, "geometry": { "type": "Point", "coordinates": [ 133.700837, 34.151891 ] } },
{ "type": "Feature", "properties": { "ID": 3722370400690, "正式名称": "石井医院", "機関区分": 2, "都道府県コード": 37, "市区町村コード": 208, "所在地": "香川県三豊市高瀬町比地１３１５－１", "緯度": 34.180194, "経度": 133.689475, "url": "https://www.iryou.teikyouseido.mhlw.go.jp/znk-web/juminkanja/S2430/initialize?prefCd=37&kikanCd=2370400690&kikanKbn=2", "url2": null, "内容": "石井医院【2:診療所】【診療科目:内科_循環器内科】香川県三豊市高瀬町比地１３１５－１" }, "geometry": { "type": "Point", "coordinates": [ 133.689475, 34.180194 ] } },
{ "type": "Feature", "properties": { "ID": 3722370400700, "正式名称": "永野内科医院", "機関区分": 2, "都道府県コード": 37, "市区町村コード": 208, "所在地": "香川県三豊市高瀬町下麻１３８３－１", "緯度": 34.177918, "経度": 133.766747, "url": "https://www.iryou.teikyouseido.mhlw.go.jp/znk-web/juminkanja/S2430/initialize?prefCd=37&kikanCd=2370400700&kikanKbn=2", "url2": null, "内容": "永野内科医院【2:診療所】【診療科目:内科_循環器内科_消化器内科】香川県三豊市高瀬町下麻１３８３－１" }, "geometry": { "type": "Point", "coordinates": [ 133.766747, 34.177918 ] } },
{ "type": "Feature", "properties": { "ID": 3722370400710, "正式名称": "高井医院", "機関区分": 2, "都道府県コード": 37, "市区町村コード": 208, "所在地": "香川県三豊市山本町財田西３７７－４", "緯度": 34.117923, "経度": 133.726753, "url": "https://www.iryou.teikyouseido.mhlw.go.jp/znk-web/juminkanja/S2430/initialize?prefCd=37&kikanCd=2370400710&kikanKbn=2", "url2": null, "内容": "高井医院【2:診療所】【診療科目:整形外科_リハビリテーション科】香川県三豊市山本町財田西３７７－４" }, "geometry": { "type": "Point", "coordinates": [ 133.726753, 34.117923 ] } },
{ "type": "Feature", "properties": { "ID": 3722370400730, "正式名称": "大西医院", "機関区分": 2, "都道府県コード": 37, "市区町村コード": 208, "所在地": "香川県三豊市山本町大野２８５４－５", "緯度": 34.12295, "経度": 133.71842, "url": "https://www.iryou.teikyouseido.mhlw.go.jp/znk-web/juminkanja/S2430/initialize?prefCd=37&kikanCd=2370400730&kikanKbn=2", "url2": null, "内容": "大西医院【2:診療所】【診療科目:内科_リハビリテーション科_麻酔科】香川県三豊市山本町大野２８５４－５" }, "geometry": { "type": "Point", "coordinates": [ 133.71842, 34.12295 ] } },
{ "type": "Feature", "properties": { "ID": 3722370400740, "正式名称": "村上医院", "機関区分": 2, "都道府県コード": 37, "市区町村コード": 208, "所在地": "香川県三豊市詫間町詫間５４８８番地", "緯度": 34.23341, "経度": 133.653615, "url": "https://www.iryou.teikyouseido.mhlw.go.jp/znk-web/juminkanja/S2430/initialize?prefCd=37&kikanCd=2370400740&kikanKbn=2", "url2": null, "内容": "村上医院【2:診療所】【診療科目:内科_麻酔科】香川県三豊市詫間町詫間５４８８番地" }, "geometry": { "type": "Point", "coordinates": [ 133.653615, 34.23341 ] } },
{ "type": "Feature", "properties": { "ID": 3722370400750, "正式名称": "三豊市国民健康保険粟島診療所", "機関区分": 2, "都道府県コード": 37, "市区町村コード": 208, "所在地": "香川県三豊市詫間町粟島９１３－２", "緯度": 34.271738, "経度": 133.631365, "url": "https://www.iryou.teikyouseido.mhlw.go.jp/znk-web/juminkanja/S2430/initialize?prefCd=37&kikanCd=2370400750&kikanKbn=2", "url2": "https://www.city.mitoyo.lg.jp/kakuka/kenkofukushi/kenko/8/1/9331.html", "内容": "三豊市国民健康保険粟島診療所【2:診療所】【診療科目:内科】香川県三豊市詫間町粟島９１３－２" }, "geometry": { "type": "Point", "coordinates": [ 133.631365, 34.271738 ] } },
{ "type": "Feature", "properties": { "ID": 3722370400760, "正式名称": "医療法人社団おおくら医院", "機関区分": 2, "都道府県コード": 37, "市区町村コード": 208, "所在地": "香川県三豊市仁尾町仁尾辛３９－１３", "緯度": 34.194247, "経度": 133.647673, "url": "https://www.iryou.teikyouseido.mhlw.go.jp/znk-web/juminkanja/S2430/initialize?prefCd=37&kikanCd=2370400760&kikanKbn=2", "url2": null, "内容": "医療法人社団おおくら医院【2:診療所】【診療科目:内科_消化器内科_リハビリテーション科】香川県三豊市仁尾町仁尾辛３９－１３" }, "geometry": { "type": "Point", "coordinates": [ 133.647673, 34.194247 ] } },
{ "type": "Feature", "properties": { "ID": 3722370400770, "正式名称": "石光耳鼻咽喉科クリニック", "機関区分": 2, "都道府県コード": 37, "市区町村コード": 208, "所在地": "香川県三豊市豊中町比地大６６７－１", "緯度": 34.17325, "経度": 133.687309, "url": "https://www.iryou.teikyouseido.mhlw.go.jp/znk-web/juminkanja/S2430/initialize?prefCd=37&kikanCd=2370400770&kikanKbn=2", "url2": null, "内容": "石光耳鼻咽喉科クリニック【2:診療所】【診療科目:耳鼻いんこう科】香川県三豊市豊中町比地大６６７－１" }, "geometry": { "type": "Point", "coordinates": [ 133.687309, 34.17325 ] } },
{ "type": "Feature", "properties": { "ID": 3722370400800, "正式名称": "特別養護老人ホームみの　医務・看護師室", "機関区分": 2, "都道府県コード": 37, "市区町村コード": 208, "所在地": "香川県三豊市三野町大見乙９１－１２", "緯度": 34.22655, "経度": 133.72061, "url": "https://www.iryou.teikyouseido.mhlw.go.jp/znk-web/juminkanja/S2430/initialize?prefCd=37&kikanCd=2370400800&kikanKbn=2", "url2": null, "内容": "特別養護老人ホームみの　医務・看護師室【2:診療所】【診療科目:内科】香川県三豊市三野町大見乙９１－１２" }, "geometry": { "type": "Point", "coordinates": [ 133.72061, 34.22655 ] } },
{ "type": "Feature", "properties": { "ID": 3722370400870, "正式名称": "高瀬第一医院", "機関区分": 2, "都道府県コード": 37, "市区町村コード": 208, "所在地": "香川県三豊市高瀬町上高瀬１２６０", "緯度": 34.193748, "経度": 133.720167, "url": "https://www.iryou.teikyouseido.mhlw.go.jp/znk-web/juminkanja/S2430/initialize?prefCd=37&kikanCd=2370400870&kikanKbn=2", "url2": null, "内容": "高瀬第一医院【2:診療所】【診療科目:内科_婦人科】香川県三豊市高瀬町上高瀬１２６０" }, "geometry": { "type": "Point", "coordinates": [ 133.720167, 34.193748 ] } },
{ "type": "Feature", "properties": { "ID": 3722370400890, "正式名称": "医療法人社団平林医院", "機関区分": 2, "都道府県コード": 37, "市区町村コード": 208, "所在地": "香川県三豊市詫間町詫間４１３－１", "緯度": 34.216801, "経度": 133.682947, "url": "https://www.iryou.teikyouseido.mhlw.go.jp/znk-web/juminkanja/S2430/initialize?prefCd=37&kikanCd=2370400890&kikanKbn=2", "url2": null, "内容": "医療法人社団平林医院【2:診療所】【診療科目:内科_循環器内科_小児科】香川県三豊市詫間町詫間４１３－１" }, "geometry": { "type": "Point", "coordinates": [ 133.682947, 34.216801 ] } },
{ "type": "Feature", "properties": { "ID": 3722370400910, "正式名称": "みとよ内科にれクリニック", "機関区分": 2, "都道府県コード": 37, "市区町村コード": 205, "所在地": "香川県観音寺市本大町１７３３番地１　合田不動産本大ビル１階", "緯度": 34.13531, "経度": 133.690783, "url": "https://www.iryou.teikyouseido.mhlw.go.jp/znk-web/juminkanja/S2430/initialize?prefCd=37&kikanCd=2370400910&kikanKbn=2", "url2": null, "内容": "みとよ内科にれクリニック【2:診療所】【診療科目:内科_糖尿病内科_腎臓内科】香川県観音寺市本大町１７３３番地１　合田不動産本大ビル１階" }, "geometry": { "type": "Point", "coordinates": [ 133.690783, 34.13531 ] } },
{ "type": "Feature", "properties": { "ID": 3722370400930, "正式名称": "まるお眼科", "機関区分": 2, "都道府県コード": 37, "市区町村コード": 208, "所在地": "香川県三豊市豊中町上高野３９２３－３", "緯度": 34.145967, "経度": 133.700716, "url": "https://www.iryou.teikyouseido.mhlw.go.jp/znk-web/juminkanja/S2430/initialize?prefCd=37&kikanCd=2370400930&kikanKbn=2", "url2": "http://maruoeye.web.fc2.com/", "内容": "まるお眼科【2:診療所】【診療科目:眼科】香川県三豊市豊中町上高野３９２３－３" }, "geometry": { "type": "Point", "coordinates": [ 133.700716, 34.145967 ] } },
{ "type": "Feature", "properties": { "ID": 3722370400950, "正式名称": "医療法人社団大仁会もりの木おおにしクリニック", "機関区分": 2, "都道府県コード": 37, "市区町村コード": 205, "所在地": "香川県観音寺市茂西町一丁目６－３", "緯度": 34.13273, "経度": 133.656615, "url": "https://www.iryou.teikyouseido.mhlw.go.jp/znk-web/juminkanja/S2430/initialize?prefCd=37&kikanCd=2370400950&kikanKbn=2", "url2": null, "内容": "医療法人社団大仁会もりの木おおにしクリニック【2:診療所】【診療科目:内科_循環器内科_消化器内科_外科_整形外科_産婦人科_リウマチ科】香川県観音寺市茂西町一丁目６－３" }, "geometry": { "type": "Point", "coordinates": [ 133.656615, 34.13273 ] } },
{ "type": "Feature", "properties": { "ID": 3722370400960, "正式名称": "上枝循環器内科クリニック", "機関区分": 2, "都道府県コード": 37, "市区町村コード": 208, "所在地": "香川県三豊市豊中町上高野１９０６－３", "緯度": 34.143503, "経度": 133.701171, "url": "https://www.iryou.teikyouseido.mhlw.go.jp/znk-web/juminkanja/S2430/initialize?prefCd=37&kikanCd=2370400960&kikanKbn=2", "url2": "www.ueedaclinic.com", "内容": "上枝循環器内科クリニック【2:診療所】【診療科目:内科_循環器内科】香川県三豊市豊中町上高野１９０６－３" }, "geometry": { "type": "Point", "coordinates": [ 133.701171, 34.143503 ] } },
{ "type": "Feature", "properties": { "ID": 3722370400980, "正式名称": "やまじ呼吸器内科クリニック", "機関区分": 2, "都道府県コード": 37, "市区町村コード": 205, "所在地": "香川県観音寺市大野原町大野原４１１２－１", "緯度": 34.090119, "経度": 133.653094, "url": "https://www.iryou.teikyouseido.mhlw.go.jp/znk-web/juminkanja/S2430/initialize?prefCd=37&kikanCd=2370400980&kikanKbn=2", "url2": "http://www.yamaji-kokyuukinaika.com/", "内容": "やまじ呼吸器内科クリニック【2:診療所】【診療科目:内科_呼吸器内科_アレルギー科_リハビリテーション科】香川県観音寺市大野原町大野原４１１２－１" }, "geometry": { "type": "Point", "coordinates": [ 133.653094, 34.090119 ] } },
{ "type": "Feature", "properties": { "ID": 3722370400990, "正式名称": "よねいクリニック", "機関区分": 2, "都道府県コード": 37, "市区町村コード": 205, "所在地": "香川県観音寺市豊浜町姫浜７０３", "緯度": 34.081287, "経度": 133.642484, "url": "https://www.iryou.teikyouseido.mhlw.go.jp/znk-web/juminkanja/S2430/initialize?prefCd=37&kikanCd=2370400990&kikanKbn=2", "url2": "http://www.yonei-cl.com/", "内容": "よねいクリニック【2:診療所】【診療科目:内科_糖尿病内科】香川県観音寺市豊浜町姫浜７０３" }, "geometry": { "type": "Point", "coordinates": [ 133.642484, 34.081287 ] } },
{ "type": "Feature", "properties": { "ID": 3722370401000, "正式名称": "医療法人かしづかクリニック", "機関区分": 2, "都道府県コード": 37, "市区町村コード": 208, "所在地": "香川県三豊市高瀬町下勝間２３２４", "緯度": 34.180987, "経度": 133.711955, "url": "https://www.iryou.teikyouseido.mhlw.go.jp/znk-web/juminkanja/S2430/initialize?prefCd=37&kikanCd=2370401000&kikanKbn=2", "url2": "http://www.kashizuka.com", "内容": "医療法人かしづかクリニック【2:診療所】【診療科目:外科_乳腺外科_整形外科_リハビリテーション科】香川県三豊市高瀬町下勝間２３２４" }, "geometry": { "type": "Point", "coordinates": [ 133.711955, 34.180987 ] } },
{ "type": "Feature", "properties": { "ID": 3722370401010, "正式名称": "医療法人社団健成会河田医院", "機関区分": 2, "都道府県コード": 37, "市区町村コード": 205, "所在地": "香川県観音寺市茂木町五丁目５番３２号", "緯度": 34.133817, "経度": 133.661443, "url": "https://www.iryou.teikyouseido.mhlw.go.jp/znk-web/juminkanja/S2430/initialize?prefCd=37&kikanCd=2370401010&kikanKbn=2", "url2": "https://kawata.clinic/", "内容": "医療法人社団健成会河田医院【2:診療所】【診療科目:内科_ペインクリニック外科_リハビリテーション科_麻酔科】香川県観音寺市茂木町五丁目５番３２号" }, "geometry": { "type": "Point", "coordinates": [ 133.661443, 34.133817 ] } },
{ "type": "Feature", "properties": { "ID": 3722370401020, "正式名称": "たかた内科医院", "機関区分": 2, "都道府県コード": 37, "市区町村コード": 205, "所在地": "香川県観音寺市坂本町四丁目１番５号", "緯度": 34.125031, "経度": 133.665242, "url": "https://www.iryou.teikyouseido.mhlw.go.jp/znk-web/juminkanja/S2430/initialize?prefCd=37&kikanCd=2370401020&kikanKbn=2", "url2": "https://takatatclinic.wixsite.com/timc", "内容": "たかた内科医院【2:診療所】【診療科目:内科_脳神経内科】香川県観音寺市坂本町四丁目１番５号" }, "geometry": { "type": "Point", "coordinates": [ 133.665242, 34.125031 ] } },
{ "type": "Feature", "properties": { "ID": 3722370401030, "正式名称": "たにもと内科・循環器クリニック", "機関区分": 2, "都道府県コード": 37, "市区町村コード": 208, "所在地": "香川県三豊市高瀬町下勝間１６８１番地７", "緯度": 34.174183, "経度": 133.715598, "url": "https://www.iryou.teikyouseido.mhlw.go.jp/znk-web/juminkanja/S2430/initialize?prefCd=37&kikanCd=2370401030&kikanKbn=2", "url2": null, "内容": "たにもと内科・循環器クリニック【2:診療所】【診療科目:内科_循環器内科】香川県三豊市高瀬町下勝間１６８１番地７" }, "geometry": { "type": "Point", "coordinates": [ 133.715598, 34.174183 ] } },
{ "type": "Feature", "properties": { "ID": 3722370500020, "正式名称": "安西内科医院", "機関区分": 2, "都道府県コード": 37, "市区町村コード": 201, "所在地": "香川県高松市元山町１２３１－１３", "緯度": 34.314353, "経度": 134.082909, "url": "https://www.iryou.teikyouseido.mhlw.go.jp/znk-web/juminkanja/S2430/initialize?prefCd=37&kikanCd=2370500020&kikanKbn=2", "url2": null, "内容": "安西内科医院【2:診療所】【診療科目:内科_循環器内科_消化器内科】香川県高松市元山町１２３１－１３" }, "geometry": { "type": "Point", "coordinates": [ 134.082909, 34.314353 ] } },
{ "type": "Feature", "properties": { "ID": 3722370500040, "正式名称": "医療法人社団なつめ会　美術館診療所", "機関区分": 2, "都道府県コード": 37, "市区町村コード": 201, "所在地": "香川県高松市香西東町４３３－１", "緯度": 34.344598, "経度": 134.008303, "url": "https://www.iryou.teikyouseido.mhlw.go.jp/znk-web/juminkanja/S2430/initialize?prefCd=37&kikanCd=2370500040&kikanKbn=2", "url2": "https://machikuri.or.jp/", "内容": "医療法人社団なつめ会　美術館診療所【2:診療所】【診療科目:内科_呼吸器内科_脳神経外科_ペインクリニック外科_整形外科_産婦人科_産科_婦人科_耳鼻いんこう科_リハビリテーション科_放射線科_麻酔科】香川県高松市香西東町４３３－１" }, "geometry": { "type": "Point", "coordinates": [ 134.008303, 34.344598 ] } },
{ "type": "Feature", "properties": { "ID": 3722370500060, "正式名称": "医療法人社団荒木内科医院", "機関区分": 2, "都道府県コード": 37, "市区町村コード": 201, "所在地": "香川県高松市伏石町１３１６－３", "緯度": 34.31713, "経度": 134.053328, "url": "https://www.iryou.teikyouseido.mhlw.go.jp/znk-web/juminkanja/S2430/initialize?prefCd=37&kikanCd=2370500060&kikanKbn=2", "url2": null, "内容": "医療法人社団荒木内科医院【2:診療所】【診療科目:内科】香川県高松市伏石町１３１６－３" }, "geometry": { "type": "Point", "coordinates": [ 134.053328, 34.31713 ] } },
{ "type": "Feature", "properties": { "ID": 3722370500070, "正式名称": "浅野皮膚科医院", "機関区分": 2, "都道府県コード": 37, "市区町村コード": 201, "所在地": "香川県高松市屋島西町２４９０－１９", "緯度": 34.347433, "経度": 134.087796, "url": "https://www.iryou.teikyouseido.mhlw.go.jp/znk-web/juminkanja/S2430/initialize?prefCd=37&kikanCd=2370500070&kikanKbn=2", "url2": null, "内容": "浅野皮膚科医院【2:診療所】【診療科目:皮膚科】香川県高松市屋島西町２４９０－１９" }, "geometry": { "type": "Point", "coordinates": [ 134.087796, 34.347433 ] } },
{ "type": "Feature", "properties": { "ID": 3722370500090, "正式名称": "医療法人社団修美会綾田内科消化器科クリニック", "機関区分": 2, "都道府県コード": 37, "市区町村コード": 201, "所在地": "香川県高松市太田下町１８７２－２", "緯度": 34.306159, "経度": 134.043218, "url": "https://www.iryou.teikyouseido.mhlw.go.jp/znk-web/juminkanja/S2430/initialize?prefCd=37&kikanCd=2370500090&kikanKbn=2", "url2": null, "内容": "医療法人社団修美会綾田内科消化器科クリニック【2:診療所】【診療科目:内科_循環器内科_消化器内科_アレルギー科】香川県高松市太田下町１８７２－２" }, "geometry": { "type": "Point", "coordinates": [ 134.043218, 34.306159 ] } },
{ "type": "Feature", "properties": { "ID": 3722370500100, "正式名称": "医療法人社団阿部内科クリニック", "機関区分": 2, "都道府県コード": 37, "市区町村コード": 201, "所在地": "香川県高松市藤塚町１－４－１１", "緯度": 34.334378, "経度": 134.048133, "url": "https://www.iryou.teikyouseido.mhlw.go.jp/znk-web/juminkanja/S2430/initialize?prefCd=37&kikanCd=2370500100&kikanKbn=2", "url2": "https://abenaika-clinic.com/", "内容": "医療法人社団阿部内科クリニック【2:診療所】【診療科目:内科_老年・呼吸器内科_精神科_心療内科_老年精神科_老年心療内科】香川県高松市藤塚町１－４－１１" }, "geometry": { "type": "Point", "coordinates": [ 134.048133, 34.334378 ] } },
{ "type": "Feature", "properties": { "ID": 3722370500110, "正式名称": "医療法人安藤レディースクリニック", "機関区分": 2, "都道府県コード": 37, "市区町村コード": 201, "所在地": "香川県高松市多肥下町１５２４－１４", "緯度": 34.305326, "経度": 134.060244, "url": "https://www.iryou.teikyouseido.mhlw.go.jp/znk-web/juminkanja/S2430/initialize?prefCd=37&kikanCd=2370500110&kikanKbn=2", "url2": "http://andolc.sakura.ne.jp/", "内容": "医療法人安藤レディースクリニック【2:診療所】【診療科目:産婦人科】香川県高松市多肥下町１５２４－１４" }, "geometry": { "type": "Point", "coordinates": [ 134.060244, 34.305326 ] } },
{ "type": "Feature", "properties": { "ID": 3722370500120, "正式名称": "医療法人社団雲井会綾こどもクリニック", "機関区分": 2, "都道府県コード": 37, "市区町村コード": 201, "所在地": "香川県高松市国分寺町福家甲３１７４－４", "緯度": 34.286021, "経度": 133.962226, "url": "https://www.iryou.teikyouseido.mhlw.go.jp/znk-web/juminkanja/S2430/initialize?prefCd=37&kikanCd=2370500120&kikanKbn=2", "url2": "https://www.aya-child-clinic.com", "内容": "医療法人社団雲井会綾こどもクリニック【2:診療所】【診療科目:小児科_アレルギー科】香川県高松市国分寺町福家甲３１７４－４" }, "geometry": { "type": "Point", "coordinates": [ 133.962226, 34.286021 ] } },
{ "type": "Feature", "properties": { "ID": 3722370500130, "正式名称": "医療法人社団健愛会あきやまクリニック", "機関区分": 2, "都道府県コード": 37, "市区町村コード": 201, "所在地": "香川県高松市香川町大野４５９－５", "緯度": 34.256053, "経度": 134.028194, "url": "https://www.iryou.teikyouseido.mhlw.go.jp/znk-web/juminkanja/S2430/initialize?prefCd=37&kikanCd=2370500130&kikanKbn=2", "url2": "http://www.akiyama-clinic.com/", "内容": "医療法人社団健愛会あきやまクリニック【2:診療所】【診療科目:内科_糖尿病内科_呼吸器内科_腎臓内科_人工透析内科_泌尿器科】香川県高松市香川町大野４５９－５" }, "geometry": { "type": "Point", "coordinates": [ 134.028194, 34.256053 ] } },
{ "type": "Feature", "properties": { "ID": 3722370500140, "正式名称": "医療法人社団庵治整形外科・内科医院", "機関区分": 2, "都道府県コード": 37, "市区町村コード": 201, "所在地": "香川県高松市庵治町６１９", "緯度": 34.38093, "経度": 134.127874, "url": "https://www.iryou.teikyouseido.mhlw.go.jp/znk-web/juminkanja/S2430/initialize?prefCd=37&kikanCd=2370500140&kikanKbn=2", "url2": null, "内容": "医療法人社団庵治整形外科・内科医院【2:診療所】【診療科目:内科_整形外科_リウマチ科_リハビリテーション科】香川県高松市庵治町６１９" }, "geometry": { "type": "Point", "coordinates": [ 134.127874, 34.38093 ] } },
{ "type": "Feature", "properties": { "ID": 3722370500150, "正式名称": "阿部内科眼科医院", "機関区分": 2, "都道府県コード": 37, "市区町村コード": 201, "所在地": "香川県高松市牟礼町牟礼１００６－３", "緯度": 34.341851, "経度": 134.133098, "url": "https://www.iryou.teikyouseido.mhlw.go.jp/znk-web/juminkanja/S2430/initialize?prefCd=37&kikanCd=2370500150&kikanKbn=2", "url2": null, "内容": "阿部内科眼科医院【2:診療所】【診療科目:内科_糖尿病内科_眼科】香川県高松市牟礼町牟礼１００６－３" }, "geometry": { "type": "Point", "coordinates": [ 134.133098, 34.341851 ] } },
{ "type": "Feature", "properties": { "ID": 3722370500180, "正式名称": "医療法人社団　雄翔会　綾田医院", "機関区分": 2, "都道府県コード": 37, "市区町村コード": 201, "所在地": "香川県高松市香南町由佐２１０番地１", "緯度": 34.238693, "経度": 134.020917, "url": "https://www.iryou.teikyouseido.mhlw.go.jp/znk-web/juminkanja/S2430/initialize?prefCd=37&kikanCd=2370500180&kikanKbn=2", "url2": "https://ayada-clinic-yuusyoukai.com/", "内容": "医療法人社団　雄翔会　綾田医院【2:診療所】【診療科目:内科_循環器内科_消化器内科】香川県高松市香南町由佐２１０番地１" }, "geometry": { "type": "Point", "coordinates": [ 134.020917, 34.238693 ] } },
{ "type": "Feature", "properties": { "ID": 3722370500190, "正式名称": "医療法人社団阿河耳鼻咽喉科医院", "機関区分": 2, "都道府県コード": 37, "市区町村コード": 201, "所在地": "香川県高松市香川町大野２４５２", "緯度": 34.272051, "経度": 134.026193, "url": "https://www.iryou.teikyouseido.mhlw.go.jp/znk-web/juminkanja/S2430/initialize?prefCd=37&kikanCd=2370500190&kikanKbn=2", "url2": "https://agawajibika.com/", "内容": "医療法人社団阿河耳鼻咽喉科医院【2:診療所】【診療科目:小児耳鼻いんこう科_耳鼻いんこう科_頭頸部・耳鼻いんこう科】香川県高松市香川町大野２４５２" }, "geometry": { "type": "Point", "coordinates": [ 134.026193, 34.272051 ] } },
{ "type": "Feature", "properties": { "ID": 3722370500210, "正式名称": "医療法人社団裕心会あきた小児科クリニック", "機関区分": 2, "都道府県コード": 37, "市区町村コード": 201, "所在地": "香川県高松市六条町６０５－５", "緯度": 34.292355, "経度": 134.079605, "url": "https://www.iryou.teikyouseido.mhlw.go.jp/znk-web/juminkanja/S2430/initialize?prefCd=37&kikanCd=2370500210&kikanKbn=2", "url2": "http//:www.akita-clinic.jp", "内容": "医療法人社団裕心会あきた小児科クリニック【2:診療所】【診療科目:小児科_アレルギー科_小児循環器内科】香川県高松市六条町６０５－５" }, "geometry": { "type": "Point", "coordinates": [ 134.079605, 34.292355 ] } },
{ "type": "Feature", "properties": { "ID": 3722370500230, "正式名称": "あおば内科クリニック", "機関区分": 2, "都道府県コード": 37, "市区町村コード": 201, "所在地": "香川県高松市太田上町４２０－１", "緯度": 34.29741, "経度": 134.040274, "url": "https://www.iryou.teikyouseido.mhlw.go.jp/znk-web/juminkanja/S2430/initialize?prefCd=37&kikanCd=2370500230&kikanKbn=2", "url2": "http://aoba-naika.jp", "内容": "あおば内科クリニック【2:診療所】【診療科目:内科_消化器内科】香川県高松市太田上町４２０－１" }, "geometry": { "type": "Point", "coordinates": [ 134.040274, 34.29741 ] } },
{ "type": "Feature", "properties": { "ID": 3722370500250, "正式名称": "あさひクリニック", "機関区分": 2, "都道府県コード": 37, "市区町村コード": 201, "所在地": "香川県高松市観光町５３８－２", "緯度": 34.340072, "経度": 134.067215, "url": "https://www.iryou.teikyouseido.mhlw.go.jp/znk-web/juminkanja/S2430/initialize?prefCd=37&kikanCd=2370500250&kikanKbn=2", "url2": "http://www.asahi-cl.jp", "内容": "あさひクリニック【2:診療所】【診療科目:内科_小児科_産婦人科_泌尿器科】香川県高松市観光町５３８－２" }, "geometry": { "type": "Point", "coordinates": [ 134.067215, 34.340072 ] } },
{ "type": "Feature", "properties": { "ID": 3722370500290, "正式名称": "石井耳鼻咽喉科医院", "機関区分": 2, "都道府県コード": 37, "市区町村コード": 201, "所在地": "香川県高松市木太町４０２３－５", "緯度": 34.318852, "経度": 134.080909, "url": "https://www.iryou.teikyouseido.mhlw.go.jp/znk-web/juminkanja/S2430/initialize?prefCd=37&kikanCd=2370500290&kikanKbn=2", "url2": "http://www.ishii-jibika.jp", "内容": "石井耳鼻咽喉科医院【2:診療所】【診療科目:耳鼻いんこう科】香川県高松市木太町４０２３－５" }, "geometry": { "type": "Point", "coordinates": [ 134.080909, 34.318852 ] } },
{ "type": "Feature", "properties": { "ID": 3722370500310, "正式名称": "稲井皮膚科クリニック", "機関区分": 2, "都道府県コード": 37, "市区町村コード": 201, "所在地": "香川県高松市円座町１２９－７", "緯度": 34.284994, "経度": 134.003278, "url": "https://www.iryou.teikyouseido.mhlw.go.jp/znk-web/juminkanja/S2430/initialize?prefCd=37&kikanCd=2370500310&kikanKbn=2", "url2": null, "内容": "稲井皮膚科クリニック【2:診療所】【診療科目:皮膚科】香川県高松市円座町１２９－７" }, "geometry": { "type": "Point", "coordinates": [ 134.003278, 34.284994 ] } },
{ "type": "Feature", "properties": { "ID": 3722370500330, "正式名称": "医療法人社団いとうクリニック", "機関区分": 2, "都道府県コード": 37, "市区町村コード": 201, "所在地": "香川県高松市木太町３２３８－７", "緯度": 34.33324, "経度": 134.075409, "url": "https://www.iryou.teikyouseido.mhlw.go.jp/znk-web/juminkanja/S2430/initialize?prefCd=37&kikanCd=2370500330&kikanKbn=2", "url2": "http://www2.plala.or.jp/ito_clinic/", "内容": "医療法人社団いとうクリニック【2:診療所】【診療科目:内科_脳神経外科_リハビリテーション科_麻酔科】香川県高松市木太町３２３８－７" }, "geometry": { "type": "Point", "coordinates": [ 134.075409, 34.33324 ] } },
{ "type": "Feature", "properties": { "ID": 3722370500340, "正式名称": "医療法人社団いずみ内科医院", "機関区分": 2, "都道府県コード": 37, "市区町村コード": 201, "所在地": "香川県高松市高松町１６８９－４", "緯度": 34.334518, "経度": 134.111794, "url": "https://www.iryou.teikyouseido.mhlw.go.jp/znk-web/juminkanja/S2430/initialize?prefCd=37&kikanCd=2370500340&kikanKbn=2", "url2": "https://www.izuminaika-takamatsu.com/", "内容": "医療法人社団いずみ内科医院【2:診療所】【診療科目:内科_糖尿病内科_循環器内科_消化器内科】香川県高松市高松町１６８９－４" }, "geometry": { "type": "Point", "coordinates": [ 134.111794, 34.334518 ] } },
{ "type": "Feature", "properties": { "ID": 3722370500360, "正式名称": "医療法人社団イズミ医院", "機関区分": 2, "都道府県コード": 37, "市区町村コード": 201, "所在地": "香川県高松市三谷町９０－１", "緯度": 34.278773, "経度": 134.078216, "url": "https://www.iryou.teikyouseido.mhlw.go.jp/znk-web/juminkanja/S2430/initialize?prefCd=37&kikanCd=2370500360&kikanKbn=2", "url2": "https://www.izumi-iin.net", "内容": "医療法人社団イズミ医院【2:診療所】【診療科目:内科_脳神経内科_循環器内科_リハビリテーション科】香川県高松市三谷町９０－１" }, "geometry": { "type": "Point", "coordinates": [ 134.078216, 34.278773 ] } },
{ "type": "Feature", "properties": { "ID": 3722370500370, "正式名称": "医療法人社団観照会かがみハーモニークリニック", "機関区分": 2, "都道府県コード": 37, "市区町村コード": 201, "所在地": "香川県高松市屋島西町２４９０－１", "緯度": 34.348599, "経度": 134.088796, "url": "https://www.iryou.teikyouseido.mhlw.go.jp/znk-web/juminkanja/S2430/initialize?prefCd=37&kikanCd=2370500370&kikanKbn=2", "url2": "https://kagami-hc.com/", "内容": "医療法人社団観照会かがみハーモニークリニック【2:診療所】【診療科目:内科_循環器内科_リハビリテーション科】香川県高松市屋島西町２４９０－１" }, "geometry": { "type": "Point", "coordinates": [ 134.088796, 34.348599 ] } },
{ "type": "Feature", "properties": { "ID": 3722370500390, "正式名称": "磯島クリニック", "機関区分": 2, "都道府県コード": 37, "市区町村コード": 201, "所在地": "香川県高松市常磐町二丁目３－６", "緯度": 34.338017, "経度": 134.051022, "url": "https://www.iryou.teikyouseido.mhlw.go.jp/znk-web/juminkanja/S2430/initialize?prefCd=37&kikanCd=2370500390&kikanKbn=2", "url2": null, "内容": "磯島クリニック【2:診療所】【診療科目:内科_精神科_心療内科_リハビリテーション科】香川県高松市常磐町二丁目３－６" }, "geometry": { "type": "Point", "coordinates": [ 134.051022, 34.338017 ] } },
{ "type": "Feature", "properties": { "ID": 3722370500400, "正式名称": "いしばし内科医院", "機関区分": 2, "都道府県コード": 37, "市区町村コード": 201, "所在地": "香川県高松市塩上町９－１５", "緯度": 34.335878, "経度": 134.051022, "url": "https://www.iryou.teikyouseido.mhlw.go.jp/znk-web/juminkanja/S2430/initialize?prefCd=37&kikanCd=2370500400&kikanKbn=2", "url2": null, "内容": "いしばし内科医院【2:診療所】【診療科目:内科_循環器内科_消化器内科】香川県高松市塩上町９－１５" }, "geometry": { "type": "Point", "coordinates": [ 134.051022, 34.335878 ] } },
{ "type": "Feature", "properties": { "ID": 3722370500410, "正式名称": "岩藤内科医院", "機関区分": 2, "都道府県コード": 37, "市区町村コード": 201, "所在地": "香川県高松市牟礼町牟礼２１２８－１０", "緯度": 34.343285, "経度": 134.124564, "url": "https://www.iryou.teikyouseido.mhlw.go.jp/znk-web/juminkanja/S2430/initialize?prefCd=37&kikanCd=2370500410&kikanKbn=2", "url2": "http://iwadounaika.g2.xrea.com/index.html", "内容": "岩藤内科医院【2:診療所】【診療科目:内科_呼吸器内科_循環器内科_消化器内科】香川県高松市牟礼町牟礼２１２８－１０" }, "geometry": { "type": "Point", "coordinates": [ 134.124564, 34.343285 ] } },
{ "type": "Feature", "properties": { "ID": 3722370500420, "正式名称": "医療法人社団少将井　いがわ医院", "機関区分": 2, "都道府県コード": 37, "市区町村コード": 201, "所在地": "香川県高松市藤塚町一丁目１１－１", "緯度": 34.333489, "経度": 134.046717, "url": "https://www.iryou.teikyouseido.mhlw.go.jp/znk-web/juminkanja/S2430/initialize?prefCd=37&kikanCd=2370500420&kikanKbn=2", "url2": "http://www.igawa-takamatsu.com/", "内容": "医療法人社団少将井　いがわ医院【2:診療所】【診療科目:内科_整形外科_形成外科_眼科_耳鼻いんこう科_歯科_リハビリテーション科】香川県高松市藤塚町一丁目１１－１" }, "geometry": { "type": "Point", "coordinates": [ 134.046717, 34.333489 ] } },
{ "type": "Feature", "properties": { "ID": 3722370500430, "正式名称": "医療法人社団　石川内科胃腸科医院", "機関区分": 2, "都道府県コード": 37, "市区町村コード": 201, "所在地": "香川県高松市松縄町４８－２", "緯度": 34.322726, "経度": 134.061305, "url": "https://www.iryou.teikyouseido.mhlw.go.jp/znk-web/juminkanja/S2430/initialize?prefCd=37&kikanCd=2370500430&kikanKbn=2", "url2": "www.ishikawa-naikaiin.com", "内容": "医療法人社団　石川内科胃腸科医院【2:診療所】【診療科目:内科_消化器内科】香川県高松市松縄町４８－２" }, "geometry": { "type": "Point", "coordinates": [ 134.061305, 34.322726 ] } },
{ "type": "Feature", "properties": { "ID": 3722370500440, "正式名称": "医療法人社団　いとうわんぱくクリニック", "機関区分": 2, "都道府県コード": 37, "市区町村コード": 201, "所在地": "香川県高松市楠上町２－３－１５　アルファメディカルモール内", "緯度": 34.329601, "経度": 134.056577, "url": "https://www.iryou.teikyouseido.mhlw.go.jp/znk-web/juminkanja/S2430/initialize?prefCd=37&kikanCd=2370500440&kikanKbn=2", "url2": "https://wanpack.sakura.ne.jp/main", "内容": "医療法人社団　いとうわんぱくクリニック【2:診療所】【診療科目:小児科_アレルギー科】香川県高松市楠上町２－３－１５　アルファメディカルモール内" }, "geometry": { "type": "Point", "coordinates": [ 134.056577, 34.329601 ] } },
{ "type": "Feature", "properties": { "ID": 3722370500460, "正式名称": "医療法人社団内田眼科クリニック", "機関区分": 2, "都道府県コード": 37, "市区町村コード": 201, "所在地": "香川県高松市扇町二丁目１－７", "緯度": 34.344988, "経度": 134.038994, "url": "https://www.iryou.teikyouseido.mhlw.go.jp/znk-web/juminkanja/S2430/initialize?prefCd=37&kikanCd=2370500460&kikanKbn=2", "url2": null, "内容": "医療法人社団内田眼科クリニック【2:診療所】【診療科目:眼科】香川県高松市扇町二丁目１－７" }, "geometry": { "type": "Point", "coordinates": [ 134.038994, 34.344988 ] } },
{ "type": "Feature", "properties": { "ID": 3722370500490, "正式名称": "心のケアクリニック", "機関区分": 2, "都道府県コード": 37, "市区町村コード": 201, "所在地": "香川県高松市昭和町２丁目１６－７", "緯度": 34.339461, "経度": 134.047938, "url": "https://www.iryou.teikyouseido.mhlw.go.jp/znk-web/juminkanja/S2430/initialize?prefCd=37&kikanCd=2370500490&kikanKbn=2", "url2": "http://www.sigma-assist.com/enomoto_clinic/", "内容": "心のケアクリニック【2:診療所】【診療科目:精神科_心療内科】香川県高松市昭和町２丁目１６－７" }, "geometry": { "type": "Point", "coordinates": [ 134.047938, 34.339461 ] } },
{ "type": "Feature", "properties": { "ID": 3722370500510, "正式名称": "医療法人社団　如水会　オリーブ高松メディカルクリニック", "機関区分": 2, "都道府県コード": 37, "市区町村コード": 201, "所在地": "香川県高松市観光町６４９－８", "緯度": 34.333989, "経度": 134.063437, "url": "https://www.iryou.teikyouseido.mhlw.go.jp/znk-web/juminkanja/S2430/initialize?prefCd=37&kikanCd=2370500510&kikanKbn=2", "url2": "https://www.olive.clinic", "内容": "医療法人社団　如水会　オリーブ高松メディカルクリニック【2:診療所】【診療科目:内科_乳腺外科_婦人科】香川県高松市観光町６４９－８" }, "geometry": { "type": "Point", "coordinates": [ 134.063437, 34.333989 ] } },
{ "type": "Feature", "properties": { "ID": 3722370500520, "正式名称": "江藤内科クリニック", "機関区分": 2, "都道府県コード": 37, "市区町村コード": 201, "所在地": "香川県高松市六条町１９８－１", "緯度": 34.30116, "経度": 134.085076, "url": "https://www.iryou.teikyouseido.mhlw.go.jp/znk-web/juminkanja/S2430/initialize?prefCd=37&kikanCd=2370500520&kikanKbn=2", "url2": null, "内容": "江藤内科クリニック【2:診療所】【診療科目:内科】香川県高松市六条町１９８－１" }, "geometry": { "type": "Point", "coordinates": [ 134.085076, 34.30116 ] } },
{ "type": "Feature", "properties": { "ID": 3722370500530, "正式名称": "大内クリニック内科・脳神経内科・眼科", "機関区分": 2, "都道府県コード": 37, "市区町村コード": 201, "所在地": "香川県高松市高松町２５０７－４", "緯度": 34.337823, "経度": 134.107961, "url": "https://www.iryou.teikyouseido.mhlw.go.jp/znk-web/juminkanja/S2430/initialize?prefCd=37&kikanCd=2370500530&kikanKbn=2", "url2": "https://ohuchi-tanabe-clinic.com/", "内容": "大内クリニック内科・脳神経内科・眼科【2:診療所】【診療科目:内科_脳神経内科_消化器内科_眼科】香川県高松市高松町２５０７－４" }, "geometry": { "type": "Point", "coordinates": [ 134.107961, 34.337823 ] } },
{ "type": "Feature", "properties": { "ID": 3722370500570, "正式名称": "医療法人社団大塚整形外科医院", "機関区分": 2, "都道府県コード": 37, "市区町村コード": 201, "所在地": "香川県高松市中央町１－２８及び１－２４", "緯度": 34.337072, "経度": 134.046661, "url": "https://www.iryou.teikyouseido.mhlw.go.jp/znk-web/juminkanja/S2430/initialize?prefCd=37&kikanCd=2370500570&kikanKbn=2", "url2": null, "内容": "医療法人社団大塚整形外科医院【2:診療所】【診療科目:整形外科_リウマチ科_リハビリテーション科】香川県高松市中央町１－２８及び１－２４" }, "geometry": { "type": "Point", "coordinates": [ 134.046661, 34.337072 ] } },
{ "type": "Feature", "properties": { "ID": 3722370500580, "正式名称": "医療法人社団おだ整形外科医院", "機関区分": 2, "都道府県コード": 37, "市区町村コード": 201, "所在地": "香川県高松市花ノ宮町二丁目１２－１", "緯度": 34.323601, "経度": 134.047578, "url": "https://www.iryou.teikyouseido.mhlw.go.jp/znk-web/juminkanja/S2430/initialize?prefCd=37&kikanCd=2370500580&kikanKbn=2", "url2": "odaseikeigeka.com", "内容": "医療法人社団おだ整形外科医院【2:診療所】【診療科目:整形外科_リウマチ科_リハビリテーション科】香川県高松市花ノ宮町二丁目１２－１" }, "geometry": { "type": "Point", "coordinates": [ 134.047578, 34.323601 ] } },
{ "type": "Feature", "properties": { "ID": 3722370500600, "正式名称": "医療法人社団大西整形外科クリニック", "機関区分": 2, "都道府県コード": 37, "市区町村コード": 201, "所在地": "香川県高松市松島町一丁目８－１８", "緯度": 34.34035, "経度": 134.061576, "url": "https://www.iryou.teikyouseido.mhlw.go.jp/znk-web/juminkanja/S2430/initialize?prefCd=37&kikanCd=2370500600&kikanKbn=2", "url2": null, "内容": "医療法人社団大西整形外科クリニック【2:診療所】【診療科目:整形外科】香川県高松市松島町一丁目８－１８" }, "geometry": { "type": "Point", "coordinates": [ 134.061576, 34.34035 ] } },
{ "type": "Feature", "properties": { "ID": 3722370500650, "正式名称": "医療法人社団　らく楽会　太田クリニック", "機関区分": 2, "都道府県コード": 37, "市区町村コード": 201, "所在地": "香川県高松市福岡町二丁目２４－２６", "緯度": 34.344016, "経度": 134.064465, "url": "https://www.iryou.teikyouseido.mhlw.go.jp/znk-web/juminkanja/S2430/initialize?prefCd=37&kikanCd=2370500650&kikanKbn=2", "url2": null, "内容": "医療法人社団　らく楽会　太田クリニック【2:診療所】【診療科目:内科_外科_泌尿器科_リハビリテーション科】香川県高松市福岡町二丁目２４－２６" }, "geometry": { "type": "Point", "coordinates": [ 134.064465, 34.344016 ] } },
{ "type": "Feature", "properties": { "ID": 3722370500670, "正式名称": "大野ペインクリニック", "機関区分": 2, "都道府県コード": 37, "市区町村コード": 201, "所在地": "香川県高松市天神前５－６－４Ｆ", "緯度": 34.34035, "経度": 134.044994, "url": "https://www.iryou.teikyouseido.mhlw.go.jp/znk-web/juminkanja/S2430/initialize?prefCd=37&kikanCd=2370500670&kikanKbn=2", "url2": "https://ohnopain.clinic/", "内容": "大野ペインクリニック【2:診療所】【診療科目:麻酔科】香川県高松市天神前５－６－４Ｆ" }, "geometry": { "type": "Point", "coordinates": [ 134.044994, 34.34035 ] } },
{ "type": "Feature", "properties": { "ID": 3722370500680, "正式名称": "医療法人社団空会　大西内科クリニック", "機関区分": 2, "都道府県コード": 37, "市区町村コード": 201, "所在地": "香川県高松市屋島西町２４９０－１８", "緯度": 34.347433, "経度": 134.088129, "url": "https://www.iryou.teikyouseido.mhlw.go.jp/znk-web/juminkanja/S2430/initialize?prefCd=37&kikanCd=2370500680&kikanKbn=2", "url2": null, "内容": "医療法人社団空会　大西内科クリニック【2:診療所】【診療科目:内科_呼吸器内科_アレルギー科】香川県高松市屋島西町２４９０－１８" }, "geometry": { "type": "Point", "coordinates": [ 134.088129, 34.347433 ] } },
{ "type": "Feature", "properties": { "ID": 3722370500690, "正式名称": "医療法人社団　大嶋整形外科医院", "機関区分": 2, "都道府県コード": 37, "市区町村コード": 201, "所在地": "香川県高松市香川町大野１０９２－１", "緯度": 34.269635, "経度": 134.025388, "url": "https://www.iryou.teikyouseido.mhlw.go.jp/znk-web/juminkanja/S2430/initialize?prefCd=37&kikanCd=2370500690&kikanKbn=2", "url2": null, "内容": "医療法人社団　大嶋整形外科医院【2:診療所】【診療科目:整形外科_リウマチ科_リハビリテーション科】香川県高松市香川町大野１０９２－１" }, "geometry": { "type": "Point", "coordinates": [ 134.025388, 34.269635 ] } },
{ "type": "Feature", "properties": { "ID": 3722370500700, "正式名称": "国立療養所大島青松園所属所診療部", "機関区分": 2, "都道府県コード": 37, "市区町村コード": 201, "所在地": "香川県高松市庵治町６０３４－１", "緯度": 34.404844, "経度": 134.105458, "url": "https://www.iryou.teikyouseido.mhlw.go.jp/znk-web/juminkanja/S2430/initialize?prefCd=37&kikanCd=2370500700&kikanKbn=2", "url2": "http://www.nhds.go.jp/~osima/", "内容": "国立療養所大島青松園所属所診療部【2:診療所】【診療科目:内科_外科_整形外科_形成外科_眼科_耳鼻いんこう科_皮膚科_歯科】香川県高松市庵治町６０３４－１" }, "geometry": { "type": "Point", "coordinates": [ 134.105458, 34.404844 ] } },
{ "type": "Feature", "properties": { "ID": 3722370500710, "正式名称": "おか整形・リハビリクリニック", "機関区分": 2, "都道府県コード": 37, "市区町村コード": 201, "所在地": "香川県高松市西ハゼ町８－１", "緯度": 34.321657, "経度": 134.037523, "url": "https://www.iryou.teikyouseido.mhlw.go.jp/znk-web/juminkanja/S2430/initialize?prefCd=37&kikanCd=2370500710&kikanKbn=2", "url2": "www.oka-seikei.com", "内容": "おか整形・リハビリクリニック【2:診療所】【診療科目:整形外科_リハビリテーション科】香川県高松市西ハゼ町８－１" }, "geometry": { "type": "Point", "coordinates": [ 134.037523, 34.321657 ] } },
{ "type": "Feature", "properties": { "ID": 3722370500720, "正式名称": "医療法人社団大橋内科胃腸科", "機関区分": 2, "都道府県コード": 37, "市区町村コード": 201, "所在地": "香川県高松市三条町１０９－１", "緯度": 34.310964, "経度": 134.043996, "url": "https://www.iryou.teikyouseido.mhlw.go.jp/znk-web/juminkanja/S2430/initialize?prefCd=37&kikanCd=2370500720&kikanKbn=2", "url2": null, "内容": "医療法人社団大橋内科胃腸科【2:診療所】【診療科目:内科_消化器内科】香川県高松市三条町１０９－１" }, "geometry": { "type": "Point", "coordinates": [ 134.043996, 34.310964 ] } },
{ "type": "Feature", "properties": { "ID": 3722370500730, "正式名称": "おか内科クリニック", "機関区分": 2, "都道府県コード": 37, "市区町村コード": 201, "所在地": "香川県高松市香川町川東上１８６４－３", "緯度": 34.240971, "経度": 134.036555, "url": "https://www.iryou.teikyouseido.mhlw.go.jp/znk-web/juminkanja/S2430/initialize?prefCd=37&kikanCd=2370500730&kikanKbn=2", "url2": null, "内容": "おか内科クリニック【2:診療所】【診療科目:内科_糖尿病内科_呼吸器内科_消化器内科】香川県高松市香川町川東上１８６４－３" }, "geometry": { "type": "Point", "coordinates": [ 134.036555, 34.240971 ] } },
{ "type": "Feature", "properties": { "ID": 3722370500740, "正式名称": "医療法人社団おはら整形外科クリニック", "機関区分": 2, "都道府県コード": 37, "市区町村コード": 201, "所在地": "香川県高松市多肥下町１５４３－１", "緯度": 34.301909, "経度": 134.059828, "url": "https://www.iryou.teikyouseido.mhlw.go.jp/znk-web/juminkanja/S2430/initialize?prefCd=37&kikanCd=2370500740&kikanKbn=2", "url2": null, "内容": "医療法人社団おはら整形外科クリニック【2:診療所】【診療科目:整形外科_リウマチ科_リハビリテーション科】香川県高松市多肥下町１５４３－１" }, "geometry": { "type": "Point", "coordinates": [ 134.059828, 34.301909 ] } },
{ "type": "Feature", "properties": { "ID": 3722370500750, "正式名称": "大饗内科消化器科医院", "機関区分": 2, "都道府県コード": 37, "市区町村コード": 201, "所在地": "香川県高松市成合町７２８－７", "緯度": 34.304547, "経度": 134.015387, "url": "https://www.iryou.teikyouseido.mhlw.go.jp/znk-web/juminkanja/S2430/initialize?prefCd=37&kikanCd=2370500750&kikanKbn=2", "url2": "http://www.ooae.jp", "内容": "大饗内科消化器科医院【2:診療所】【診療科目:内科_消化器内科_心療内科】香川県高松市成合町７２８－７" }, "geometry": { "type": "Point", "coordinates": [ 134.015387, 34.304547 ] } },
{ "type": "Feature", "properties": { "ID": 3722370500810, "正式名称": "川原耳鼻咽喉科医院", "機関区分": 2, "都道府県コード": 37, "市区町村コード": 201, "所在地": "香川県高松市瓦町２丁目７－２０", "緯度": 34.339683, "経度": 134.051077, "url": "https://www.iryou.teikyouseido.mhlw.go.jp/znk-web/juminkanja/S2430/initialize?prefCd=37&kikanCd=2370500810&kikanKbn=2", "url2": null, "内容": "川原耳鼻咽喉科医院【2:診療所】【診療科目:耳鼻いんこう科_気管食道・耳鼻いんこう科_頭頸部・耳鼻いんこう科】香川県高松市瓦町２丁目７－２０" }, "geometry": { "type": "Point", "coordinates": [ 134.051077, 34.339683 ] } },
{ "type": "Feature", "properties": { "ID": 3722370500820, "正式名称": "医療法人社団海部医院", "機関区分": 2, "都道府県コード": 37, "市区町村コード": 201, "所在地": "香川県高松市高松町２３６５", "緯度": 34.340295, "経度": 134.114988, "url": "https://www.iryou.teikyouseido.mhlw.go.jp/znk-web/juminkanja/S2430/initialize?prefCd=37&kikanCd=2370500820&kikanKbn=2", "url2": "https://www.kaifuiin.com/", "内容": "医療法人社団海部医院【2:診療所】【診療科目:内科_循環器内科_腎臓内科_皮膚科_泌尿器科】香川県高松市高松町２３６５" }, "geometry": { "type": "Point", "coordinates": [ 134.114988, 34.340295 ] } },
{ "type": "Feature", "properties": { "ID": 3722370500840, "正式名称": "スカイメディカルクリニック", "機関区分": 2, "都道府県コード": 37, "市区町村コード": 201, "所在地": "香川県高松市春日町１６５０－１", "緯度": 34.33674, "経度": 134.090379, "url": "https://www.iryou.teikyouseido.mhlw.go.jp/znk-web/juminkanja/S2430/initialize?prefCd=37&kikanCd=2370500840&kikanKbn=2", "url2": "https://sky-medical.net/", "内容": "スカイメディカルクリニック【2:診療所】【診療科目:内科_消化器内科_内視鏡内科】香川県高松市春日町１６５０－１" }, "geometry": { "type": "Point", "coordinates": [ 134.090379, 34.33674 ] } },
{ "type": "Feature", "properties": { "ID": 3722370500850, "正式名称": "公益財団法人香川県総合健診協会", "機関区分": 2, "都道府県コード": 37, "市区町村コード": 201, "所在地": "香川県高松市郷東町５８７－１", "緯度": 34.351542, "経度": 134.020468, "url": "https://www.iryou.teikyouseido.mhlw.go.jp/znk-web/juminkanja/S2430/initialize?prefCd=37&kikanCd=2370500850&kikanKbn=2", "url2": "http://www.kenshinkyoukai-kagawa.or.jp", "内容": "公益財団法人香川県総合健診協会【2:診療所】【診療科目:内科_婦人科_放射線科】香川県高松市郷東町５８７－１" }, "geometry": { "type": "Point", "coordinates": [ 134.020468, 34.351542 ] } },
{ "type": "Feature", "properties": { "ID": 3722370500860, "正式名称": "医療法人社団　正眼会　加藤眼科医院", "機関区分": 2, "都道府県コード": 37, "市区町村コード": 201, "所在地": "香川県高松市天神前１０－２８", "緯度": 34.337989, "経度": 134.046661, "url": "https://www.iryou.teikyouseido.mhlw.go.jp/znk-web/juminkanja/S2430/initialize?prefCd=37&kikanCd=2370500860&kikanKbn=2", "url2": null, "内容": "医療法人社団　正眼会　加藤眼科医院【2:診療所】【診療科目:眼科】香川県高松市天神前１０－２８" }, "geometry": { "type": "Point", "coordinates": [ 134.046661, 34.337989 ] } },
{ "type": "Feature", "properties": { "ID": 3722370500870, "正式名称": "河西医院", "機関区分": 2, "都道府県コード": 37, "市区町村コード": 201, "所在地": "香川県高松市番町一丁目７－１１", "緯度": 34.342516, "経度": 134.047383, "url": "https://www.iryou.teikyouseido.mhlw.go.jp/znk-web/juminkanja/S2430/initialize?prefCd=37&kikanCd=2370500870&kikanKbn=2", "url2": "https://www.kawanishiiin-takamatsu.net", "内容": "河西医院【2:診療所】【診療科目:整形外科_リウマチ科_リハビリテーション科】香川県高松市番町一丁目７－１１" }, "geometry": { "type": "Point", "coordinates": [ 134.047383, 34.342516 ] } },
{ "type": "Feature", "properties": { "ID": 3722370500880, "正式名称": "香川県赤十字血液センター丸亀町出張所", "機関区分": 2, "都道府県コード": 37, "市区町村コード": 201, "所在地": "香川県高松市丸亀町１３番地３　丸亀町参番街東館３階", "緯度": 34.344516, "経度": 134.050382, "url": "https://www.iryou.teikyouseido.mhlw.go.jp/znk-web/juminkanja/S2430/initialize?prefCd=37&kikanCd=2370500880&kikanKbn=2", "url2": "https://www.bs.jrc.or.jp/csk/kagawa/place/m1_01_01_00_index.html", "内容": "香川県赤十字血液センター丸亀町出張所【2:診療所】【診療科目:内科】香川県高松市丸亀町１３番地３　丸亀町参番街東館３階" }, "geometry": { "type": "Point", "coordinates": [ 134.050382, 34.344516 ] } },
{ "type": "Feature", "properties": { "ID": 3722370500890, "正式名称": "地方職員共済組合香川県庁診療所", "機関区分": 2, "都道府県コード": 37, "市区町村コード": 201, "所在地": "香川県高松市番町四丁目１－１０", "緯度": 34.340016, "経度": 134.043939, "url": "https://www.iryou.teikyouseido.mhlw.go.jp/znk-web/juminkanja/S2430/initialize?prefCd=37&kikanCd=2370500890&kikanKbn=2", "url2": null, "内容": "地方職員共済組合香川県庁診療所【2:診療所】【診療科目:内科】香川県高松市番町四丁目１－１０" }, "geometry": { "type": "Point", "coordinates": [ 134.043939, 34.340016 ] } },
{ "type": "Feature", "properties": { "ID": 3722370500900, "正式名称": "かわにし眼科医院", "機関区分": 2, "都道府県コード": 37, "市区町村コード": 201, "所在地": "香川県高松市上之町１丁目３－１１", "緯度": 34.322046, "経度": 134.046384, "url": "https://www.iryou.teikyouseido.mhlw.go.jp/znk-web/juminkanja/S2430/initialize?prefCd=37&kikanCd=2370500900&kikanKbn=2", "url2": null, "内容": "かわにし眼科医院【2:診療所】【診療科目:眼科】香川県高松市上之町１丁目３－１１" }, "geometry": { "type": "Point", "coordinates": [ 134.046384, 34.322046 ] } },
{ "type": "Feature", "properties": { "ID": 3722370500910, "正式名称": "加藤眼科クリニック", "機関区分": 2, "都道府県コード": 37, "市区町村コード": 201, "所在地": "香川県高松市多肥下町１５４８－２０", "緯度": 34.301132, "経度": 134.059439, "url": "https://www.iryou.teikyouseido.mhlw.go.jp/znk-web/juminkanja/S2430/initialize?prefCd=37&kikanCd=2370500910&kikanKbn=2", "url2": null, "内容": "加藤眼科クリニック【2:診療所】【診療科目:眼科】香川県高松市多肥下町１５４８－２０" }, "geometry": { "type": "Point", "coordinates": [ 134.059439, 34.301132 ] } },
{ "type": "Feature", "properties": { "ID": 3722370500920, "正式名称": "医療法人社団かねたけ耳鼻咽喉科医院", "機関区分": 2, "都道府県コード": 37, "市区町村コード": 201, "所在地": "香川県高松市屋島西町１９６８－７", "緯度": 34.337045, "経度": 134.100323, "url": "https://www.iryou.teikyouseido.mhlw.go.jp/znk-web/juminkanja/S2430/initialize?prefCd=37&kikanCd=2370500920&kikanKbn=2", "url2": null, "内容": "医療法人社団かねたけ耳鼻咽喉科医院【2:診療所】【診療科目:耳鼻いんこう科_アレルギー科】香川県高松市屋島西町１９６８－７" }, "geometry": { "type": "Point", "coordinates": [ 134.100323, 34.337045 ] } },
{ "type": "Feature", "properties": { "ID": 3722370500940, "正式名称": "形見医院", "機関区分": 2, "都道府県コード": 37, "市区町村コード": 201, "所在地": "香川県高松市番町四丁目８－２５", "緯度": 34.34196, "経度": 134.038578, "url": "https://www.iryou.teikyouseido.mhlw.go.jp/znk-web/juminkanja/S2430/initialize?prefCd=37&kikanCd=2370500940&kikanKbn=2", "url2": "https://byoinnavi.jp/clinic/95631", "内容": "形見医院【2:診療所】【診療科目:内科_循環器内科_小児科】香川県高松市番町四丁目８－２５" }, "geometry": { "type": "Point", "coordinates": [ 134.038578, 34.34196 ] } },
{ "type": "Feature", "properties": { "ID": 3722370500950, "正式名称": "医療法人社団菅循環器科内科クリニック", "機関区分": 2, "都道府県コード": 37, "市区町村コード": 201, "所在地": "香川県高松市中間町４０－１", "緯度": 34.287049, "経度": 134.001361, "url": "https://www.iryou.teikyouseido.mhlw.go.jp/znk-web/juminkanja/S2430/initialize?prefCd=37&kikanCd=2370500950&kikanKbn=2", "url2": "https://www.kan-junkanki-cl.com", "内容": "医療法人社団菅循環器科内科クリニック【2:診療所】【診療科目:内科_循環器内科_消化器内科】香川県高松市中間町４０－１" }, "geometry": { "type": "Point", "coordinates": [ 134.001361, 34.287049 ] } },
{ "type": "Feature", "properties": { "ID": 3722370500960, "正式名称": "医療法人社団弘雅会亀井内科呼吸器科医院", "機関区分": 2, "都道府県コード": 37, "市区町村コード": 201, "所在地": "香川県高松市太田下町３００７－４", "緯度": 34.305215, "経度": 134.052134, "url": "https://www.iryou.teikyouseido.mhlw.go.jp/znk-web/juminkanja/S2430/initialize?prefCd=37&kikanCd=2370500960&kikanKbn=2", "url2": null, "内容": "医療法人社団弘雅会亀井内科呼吸器科医院【2:診療所】【診療科目:内科_呼吸器内科_アレルギー疾患内科_アレルギー科】香川県高松市太田下町３００７－４" }, "geometry": { "type": "Point", "coordinates": [ 134.052134, 34.305215 ] } },
{ "type": "Feature", "properties": { "ID": 3722370500970, "正式名称": "医療法人社団加地医院", "機関区分": 2, "都道府県コード": 37, "市区町村コード": 201, "所在地": "香川県高松市牟礼町牟礼２２－１", "緯度": 34.338546, "経度": 134.139459, "url": "https://www.iryou.teikyouseido.mhlw.go.jp/znk-web/juminkanja/S2430/initialize?prefCd=37&kikanCd=2370500970&kikanKbn=2", "url2": "http://kajiclinic.web.fc2.com/", "内容": "医療法人社団加地医院【2:診療所】【診療科目:内科_消化器内科】香川県高松市牟礼町牟礼２２－１" }, "geometry": { "type": "Point", "coordinates": [ 134.139459, 34.338546 ] } },
{ "type": "Feature", "properties": { "ID": 3722370500990, "正式名称": "医療法人社団かとう皮フ科クリニック", "機関区分": 2, "都道府県コード": 37, "市区町村コード": 201, "所在地": "香川県高松市香川町大野２４５３－１", "緯度": 34.271829, "経度": 134.02586, "url": "https://www.iryou.teikyouseido.mhlw.go.jp/znk-web/juminkanja/S2430/initialize?prefCd=37&kikanCd=2370500990&kikanKbn=2", "url2": null, "内容": "医療法人社団かとう皮フ科クリニック【2:診療所】【診療科目:皮膚科】香川県高松市香川町大野２４５３－１" }, "geometry": { "type": "Point", "coordinates": [ 134.02586, 34.271829 ] } },
{ "type": "Feature", "properties": { "ID": 3722370501000, "正式名称": "医療法人社団川地クリニック", "機関区分": 2, "都道府県コード": 37, "市区町村コード": 201, "所在地": "香川県高松市松縄町１１１７－１６", "緯度": 34.316825, "経度": 134.059633, "url": "https://www.iryou.teikyouseido.mhlw.go.jp/znk-web/juminkanja/S2430/initialize?prefCd=37&kikanCd=2370501000&kikanKbn=2", "url2": "http://www.myclinic.ne.jp/kawajicl/pc/", "内容": "医療法人社団川地クリニック【2:診療所】【診療科目:内科_呼吸器内科_アレルギー疾患内科_アレルギー科】香川県高松市松縄町１１１７－１６" }, "geometry": { "type": "Point", "coordinates": [ 134.059633, 34.316825 ] } },
{ "type": "Feature", "properties": { "ID": 3722370501010, "正式名称": "医療法人かしむら内科医院", "機関区分": 2, "都道府県コード": 37, "市区町村コード": 201, "所在地": "香川県高松市多肥上町７１８－１", "緯度": 34.289744, "経度": 134.051774, "url": "https://www.iryou.teikyouseido.mhlw.go.jp/znk-web/juminkanja/S2430/initialize?prefCd=37&kikanCd=2370501010&kikanKbn=2", "url2": "http://wwwb.pikara.ne.jp/kashimura-iin/", "内容": "医療法人かしむら内科医院【2:診療所】【診療科目:内科_消化器内科_リハビリテーション科】香川県高松市多肥上町７１８－１" }, "geometry": { "type": "Point", "coordinates": [ 134.051774, 34.289744 ] } },
{ "type": "Feature", "properties": { "ID": 3722370501020, "正式名称": "医療法人　かど小児科クリニック", "機関区分": 2, "都道府県コード": 37, "市区町村コード": 201, "所在地": "香川県高松市多肥下町１５５６－１５", "緯度": 34.301854, "経度": 134.056273, "url": "https://www.iryou.teikyouseido.mhlw.go.jp/znk-web/juminkanja/S2430/initialize?prefCd=37&kikanCd=2370501020&kikanKbn=2", "url2": "https://kado-kids-clinic.com/", "内容": "医療法人　かど小児科クリニック【2:診療所】【診療科目:小児科】香川県高松市多肥下町１５５６－１５" }, "geometry": { "type": "Point", "coordinates": [ 134.056273, 34.301854 ] } },
{ "type": "Feature", "properties": { "ID": 3722370501030, "正式名称": "医療法人社団川ばた整形・リハビリクリニック", "機関区分": 2, "都道府県コード": 37, "市区町村コード": 201, "所在地": "香川県高松市出作町４３１－５", "緯度": 34.286605, "経度": 134.047913, "url": "https://www.iryou.teikyouseido.mhlw.go.jp/znk-web/juminkanja/S2430/initialize?prefCd=37&kikanCd=2370501030&kikanKbn=2", "url2": "https://hospital.dr-navip.jp/kagawa/facility/1443/", "内容": "医療法人社団川ばた整形・リハビリクリニック【2:診療所】【診療科目:整形外科_リハビリテーション科】香川県高松市出作町４３１－５" }, "geometry": { "type": "Point", "coordinates": [ 134.047913, 34.286605 ] } },
{ "type": "Feature", "properties": { "ID": 3722370501040, "正式名称": "医療法人社団勝賀かつが整形外科クリニック", "機関区分": 2, "都道府県コード": 37, "市区町村コード": 201, "所在地": "香川県高松市香西本町１１４－１０", "緯度": 34.34907, "経度": 134.001358, "url": "https://www.iryou.teikyouseido.mhlw.go.jp/znk-web/juminkanja/S2430/initialize?prefCd=37&kikanCd=2370501040&kikanKbn=2", "url2": "http://www.katsuga.com/", "内容": "医療法人社団勝賀かつが整形外科クリニック【2:診療所】【診療科目:整形外科_リウマチ科_リハビリテーション科_麻酔科】香川県高松市香西本町１１４－１０" }, "geometry": { "type": "Point", "coordinates": [ 134.001358, 34.34907 ] } },
{ "type": "Feature", "properties": { "ID": 3722370501050, "正式名称": "加藤医院", "機関区分": 2, "都道府県コード": 37, "市区町村コード": 201, "所在地": "香川県高松市天神前１－２２", "緯度": 34.340192, "経度": 134.046261, "url": "https://www.iryou.teikyouseido.mhlw.go.jp/znk-web/juminkanja/S2430/initialize?prefCd=37&kikanCd=2370501050&kikanKbn=2", "url2": "https://www.katoiin-jibika.com/", "内容": "加藤医院【2:診療所】【診療科目:気管食道・耳鼻いんこう科】香川県高松市天神前１－２２" }, "geometry": { "type": "Point", "coordinates": [ 134.046261, 34.340192 ] } },
{ "type": "Feature", "properties": { "ID": 3722370501060, "正式名称": "医療法人社団東高松クリニック", "機関区分": 2, "都道府県コード": 37, "市区町村コード": 201, "所在地": "香川県高松市高松町２３１０－２", "緯度": 34.340073, "経度": 134.118183, "url": "https://www.iryou.teikyouseido.mhlw.go.jp/znk-web/juminkanja/S2430/initialize?prefCd=37&kikanCd=2370501060&kikanKbn=2", "url2": "http://www.nishitakamatsu.jp/", "内容": "医療法人社団東高松クリニック【2:診療所】【診療科目:内科_呼吸器内科_消化器内科_脳神経外科_リハビリテーション科】香川県高松市高松町２３１０－２" }, "geometry": { "type": "Point", "coordinates": [ 134.118183, 34.340073 ] } },
{ "type": "Feature", "properties": { "ID": 3722370501070, "正式名称": "医療法人社団慈風会木村医院", "機関区分": 2, "都道府県コード": 37, "市区町村コード": 201, "所在地": "香川県高松市前田東町８００－１", "緯度": 34.295106, "経度": 134.113657, "url": "https://www.iryou.teikyouseido.mhlw.go.jp/znk-web/juminkanja/S2430/initialize?prefCd=37&kikanCd=2370501070&kikanKbn=2", "url2": "https://www.kimuraiin-takamatsu.com/clinic-information", "内容": "医療法人社団慈風会木村医院【2:診療所】【診療科目:内科_循環器内科_小児科_総合診療科、家庭医療科】香川県高松市前田東町８００－１" }, "geometry": { "type": "Point", "coordinates": [ 134.113657, 34.295106 ] } },
{ "type": "Feature", "properties": { "ID": 3722370501090, "正式名称": "協和医院", "機関区分": 2, "都道府県コード": 37, "市区町村コード": 201, "所在地": "香川県高松市東山崎町１６５－８", "緯度": 34.306854, "経度": 134.090825, "url": "https://www.iryou.teikyouseido.mhlw.go.jp/znk-web/juminkanja/S2430/initialize?prefCd=37&kikanCd=2370501090&kikanKbn=2", "url2": "https://www.kyowaiin.com", "内容": "協和医院【2:診療所】【診療科目:内科_外科】香川県高松市東山崎町１６５－８" }, "geometry": { "type": "Point", "coordinates": [ 134.090825, 34.306854 ] } },
{ "type": "Feature", "properties": { "ID": 3722370501120, "正式名称": "医療法人社団重陽会高松中央インタークリニック", "機関区分": 2, "都道府県コード": 37, "市区町村コード": 201, "所在地": "香川県高松市木太町大字東原５５１－１", "緯度": 34.312242, "経度": 134.073188, "url": "https://www.iryou.teikyouseido.mhlw.go.jp/znk-web/juminkanja/S2430/initialize?prefCd=37&kikanCd=2370501120&kikanKbn=2", "url2": "https://takamatsu-chuo.com", "内容": "医療法人社団重陽会高松中央インタークリニック【2:診療所】【診療科目:内科_消化器内科_内視鏡内科】香川県高松市木太町大字東原５５１－１" }, "geometry": { "type": "Point", "coordinates": [ 134.073188, 34.312242 ] } },
{ "type": "Feature", "properties": { "ID": 3722370501130, "正式名称": "キッズメディカルまなべ", "機関区分": 2, "都道府県コード": 37, "市区町村コード": 201, "所在地": "香川県高松市太田上町４２０－１", "緯度": 34.29741, "経度": 134.040274, "url": "https://www.iryou.teikyouseido.mhlw.go.jp/znk-web/juminkanja/S2430/initialize?prefCd=37&kikanCd=2370501130&kikanKbn=2", "url2": "http://www.kids-m-manabe.com/", "内容": "キッズメディカルまなべ【2:診療所】【診療科目:小児科】香川県高松市太田上町４２０－１" }, "geometry": { "type": "Point", "coordinates": [ 134.040274, 34.29741 ] } },
{ "type": "Feature", "properties": { "ID": 3722370501150, "正式名称": "北島眼科", "機関区分": 2, "都道府県コード": 37, "市区町村コード": 201, "所在地": "香川県高松市兵庫町８－２　アルファステイツ兵庫町１０２", "緯度": 34.346377, "経度": 134.047549, "url": "https://www.iryou.teikyouseido.mhlw.go.jp/znk-web/juminkanja/S2430/initialize?prefCd=37&kikanCd=2370501150&kikanKbn=2", "url2": null, "内容": "北島眼科【2:診療所】【診療科目:眼科】香川県高松市兵庫町８－２　アルファステイツ兵庫町１０２" }, "geometry": { "type": "Point", "coordinates": [ 134.047549, 34.346377 ] } },
{ "type": "Feature", "properties": { "ID": 3722370501170, "正式名称": "医療法人美人会共立美容外科高松", "機関区分": 2, "都道府県コード": 37, "市区町村コード": 201, "所在地": "香川県高松市サンポート２－１　高松シンボルタワー９Ｆ", "緯度": 34.35282, "経度": 134.047104, "url": "https://www.iryou.teikyouseido.mhlw.go.jp/znk-web/juminkanja/S2430/initialize?prefCd=37&kikanCd=2370501170&kikanKbn=2", "url2": null, "内容": "医療法人美人会共立美容外科高松【2:診療所】【診療科目:美容外科】香川県高松市サンポート２－１　高松シンボルタワー９Ｆ" }, "geometry": { "type": "Point", "coordinates": [ 134.047104, 34.35282 ] } },
{ "type": "Feature", "properties": { "ID": 3722370501180, "正式名称": "医療法人社団三心会くにしげ内科小児科医院", "機関区分": 2, "都道府県コード": 37, "市区町村コード": 201, "所在地": "香川県高松市香川町浅野１３７－１", "緯度": 34.269912, "経度": 134.035165, "url": "https://www.iryou.teikyouseido.mhlw.go.jp/znk-web/juminkanja/S2430/initialize?prefCd=37&kikanCd=2370501180&kikanKbn=2", "url2": null, "内容": "医療法人社団三心会くにしげ内科小児科医院【2:診療所】【診療科目:内科_呼吸器内科_消化器内科_小児科】香川県高松市香川町浅野１３７－１" }, "geometry": { "type": "Point", "coordinates": [ 134.035165, 34.269912 ] } },
{ "type": "Feature", "properties": { "ID": 3722370501190, "正式名称": "医療法人社団くろべクリニック", "機関区分": 2, "都道府県コード": 37, "市区町村コード": 201, "所在地": "香川県高松市木太町１３３５－４", "緯度": 34.319713, "経度": 134.073243, "url": "https://www.iryou.teikyouseido.mhlw.go.jp/znk-web/juminkanja/S2430/initialize?prefCd=37&kikanCd=2370501190&kikanKbn=2", "url2": null, "内容": "医療法人社団くろべクリニック【2:診療所】【診療科目:産婦人科】香川県高松市木太町１３３５－４" }, "geometry": { "type": "Point", "coordinates": [ 134.073243, 34.319713 ] } },
{ "type": "Feature", "properties": { "ID": 3722370501250, "正式名称": "医療法人社団　博永会　香西内科医院", "機関区分": 2, "都道府県コード": 37, "市区町村コード": 201, "所在地": "香川県高松市檀紙町１５３１－１", "緯度": 34.305797, "経度": 133.999888, "url": "https://www.iryou.teikyouseido.mhlw.go.jp/znk-web/juminkanja/S2430/initialize?prefCd=37&kikanCd=2370501250&kikanKbn=2", "url2": null, "内容": "医療法人社団　博永会　香西内科医院【2:診療所】【診療科目:内科_呼吸器内科】香川県高松市檀紙町１５３１－１" }, "geometry": { "type": "Point", "coordinates": [ 133.999888, 34.305797 ] } },
{ "type": "Feature", "properties": { "ID": 3722370501260, "正式名称": "こんスキンケアクリニック", "機関区分": 2, "都道府県コード": 37, "市区町村コード": 201, "所在地": "香川県高松市今里町４－６", "緯度": 34.323352, "経度": 134.058549, "url": "https://www.iryou.teikyouseido.mhlw.go.jp/znk-web/juminkanja/S2430/initialize?prefCd=37&kikanCd=2370501260&kikanKbn=2", "url2": null, "内容": "こんスキンケアクリニック【2:診療所】【診療科目:形成外科_皮膚科】香川県高松市今里町４－６" }, "geometry": { "type": "Point", "coordinates": [ 134.058549, 34.323352 ] } },
{ "type": "Feature", "properties": { "ID": 3722370501300, "正式名称": "しんまるクリニック", "機関区分": 2, "都道府県コード": 37, "市区町村コード": 201, "所在地": "香川県高松市上福岡町９２２－１", "緯度": 34.326601, "経度": 134.065076, "url": "https://www.iryou.teikyouseido.mhlw.go.jp/znk-web/juminkanja/S2430/initialize?prefCd=37&kikanCd=2370501300&kikanKbn=2", "url2": null, "内容": "しんまるクリニック【2:診療所】【診療科目:内科】香川県高松市上福岡町９２２－１" }, "geometry": { "type": "Point", "coordinates": [ 134.065076, 34.326601 ] } },
{ "type": "Feature", "properties": { "ID": 3722370501330, "正式名称": "医療法人社団小林内科小児科医院", "機関区分": 2, "都道府県コード": 37, "市区町村コード": 201, "所在地": "香川県高松市屋島西町２４８５－６", "緯度": 34.351405, "経度": 134.089657, "url": "https://www.iryou.teikyouseido.mhlw.go.jp/znk-web/juminkanja/S2430/initialize?prefCd=37&kikanCd=2370501330&kikanKbn=2", "url2": "https://koba-yashima-clinic.com", "内容": "医療法人社団小林内科小児科医院【2:診療所】【診療科目:内科_消化器内科_小児科_アレルギー科】香川県高松市屋島西町２４８５－６" }, "geometry": { "type": "Point", "coordinates": [ 134.089657, 34.351405 ] } },
{ "type": "Feature", "properties": { "ID": 3722370501340, "正式名称": "小谷医院", "機関区分": 2, "都道府県コード": 37, "市区町村コード": 201, "所在地": "香川県高松市香川町安原下第３号１６２", "緯度": 34.213807, "経度": 134.032029, "url": "https://www.iryou.teikyouseido.mhlw.go.jp/znk-web/juminkanja/S2430/initialize?prefCd=37&kikanCd=2370501340&kikanKbn=2", "url2": null, "内容": "小谷医院【2:診療所】【診療科目:内科_消化器内科】香川県高松市香川町安原下第３号１６２" }, "geometry": { "type": "Point", "coordinates": [ 134.032029, 34.213807 ] } },
{ "type": "Feature", "properties": { "ID": 3722370501350, "正式名称": "医療法人社団五色会　五色台クリニック", "機関区分": 2, "都道府県コード": 37, "市区町村コード": 201, "所在地": "香川県高松市寿町１丁目４－３　高松中央通りビル８階", "緯度": 34.34886, "経度": 134.049113, "url": "https://www.iryou.teikyouseido.mhlw.go.jp/znk-web/juminkanja/S2430/initialize?prefCd=37&kikanCd=2370501350&kikanKbn=2", "url2": "https://goshikidai.or.jp", "内容": "医療法人社団五色会　五色台クリニック【2:診療所】【診療科目:児童精神科_精神科_心療内科】香川県高松市寿町１丁目４－３　高松中央通りビル８階" }, "geometry": { "type": "Point", "coordinates": [ 134.049113, 34.34886 ] } },
{ "type": "Feature", "properties": { "ID": 3722370501360, "正式名称": "医療法人社団　裕和会　こじまクリニック", "機関区分": 2, "都道府県コード": 37, "市区町村コード": 201, "所在地": "香川県高松市楠上町２－３－１５　メディカルモール内", "緯度": 34.329619, "経度": 134.056589, "url": "https://www.iryou.teikyouseido.mhlw.go.jp/znk-web/juminkanja/S2430/initialize?prefCd=37&kikanCd=2370501360&kikanKbn=2", "url2": "http://www.kojima-clinic-hp.jp/index.html", "内容": "医療法人社団　裕和会　こじまクリニック【2:診療所】【診療科目:内科_糖尿病内科_循環器内科_心臓内科】香川県高松市楠上町２－３－１５　メディカルモール内" }, "geometry": { "type": "Point", "coordinates": [ 134.056589, 34.329619 ] } },
{ "type": "Feature", "properties": { "ID": 3722370501400, "正式名称": "医療法人社団耕彩会三条山下内科医院", "機関区分": 2, "都道府県コード": 37, "市区町村コード": 201, "所在地": "香川県高松市三条町５０４－１", "緯度": 34.318102, "経度": 134.046051, "url": "https://www.iryou.teikyouseido.mhlw.go.jp/znk-web/juminkanja/S2430/initialize?prefCd=37&kikanCd=2370501400&kikanKbn=2", "url2": "http://www.sy-naika.com/", "内容": "医療法人社団耕彩会三条山下内科医院【2:診療所】【診療科目:内科】香川県高松市三条町５０４－１" }, "geometry": { "type": "Point", "coordinates": [ 134.046051, 34.318102 ] } },
{ "type": "Feature", "properties": { "ID": 3722370501420, "正式名称": "榊原クリニック", "機関区分": 2, "都道府県コード": 37, "市区町村コード": 201, "所在地": "香川県高松市亀井町１０－１０", "緯度": 34.337322, "経度": 134.0483, "url": "https://www.iryou.teikyouseido.mhlw.go.jp/znk-web/juminkanja/S2430/initialize?prefCd=37&kikanCd=2370501420&kikanKbn=2", "url2": null, "内容": "榊原クリニック【2:診療所】【診療科目:内科_皮膚科_麻酔科】香川県高松市亀井町１０－１０" }, "geometry": { "type": "Point", "coordinates": [ 134.0483, 34.337322 ] } },
{ "type": "Feature", "properties": { "ID": 3722370501430, "正式名称": "佐々木内科クリニック", "機関区分": 2, "都道府県コード": 37, "市区町村コード": 201, "所在地": "香川県高松市福岡町四丁目２－１", "緯度": 34.342989, "経度": 134.068798, "url": "https://www.iryou.teikyouseido.mhlw.go.jp/znk-web/juminkanja/S2430/initialize?prefCd=37&kikanCd=2370501430&kikanKbn=2", "url2": "http://wwwc.pikara.ne.jp/medsasak/", "内容": "佐々木内科クリニック【2:診療所】【診療科目:内科_呼吸器内科_循環器内科】香川県高松市福岡町四丁目２－１" }, "geometry": { "type": "Point", "coordinates": [ 134.068798, 34.342989 ] } },
{ "type": "Feature", "properties": { "ID": 3722370501470, "正式名称": "医療法人弘仁会　三条整形外科スポーツクリニック", "機関区分": 2, "都道府県コード": 37, "市区町村コード": 201, "所在地": "香川県高松市三条町４８２－１", "緯度": 34.317824, "経度": 134.046439, "url": "https://www.iryou.teikyouseido.mhlw.go.jp/znk-web/juminkanja/S2430/initialize?prefCd=37&kikanCd=2370501470&kikanKbn=2", "url2": null, "内容": "医療法人弘仁会　三条整形外科スポーツクリニック【2:診療所】【診療科目:整形外科_リウマチ科_リハビリテーション科】香川県高松市三条町４８２－１" }, "geometry": { "type": "Point", "coordinates": [ 134.046439, 34.317824 ] } },
{ "type": "Feature", "properties": { "ID": 3722370501480, "正式名称": "さわ医院", "機関区分": 2, "都道府県コード": 37, "市区町村コード": 201, "所在地": "香川県高松市六条町４８１－１", "緯度": 34.293827, "経度": 134.081549, "url": "https://www.iryou.teikyouseido.mhlw.go.jp/znk-web/juminkanja/S2430/initialize?prefCd=37&kikanCd=2370501480&kikanKbn=2", "url2": "http://www.myclinic.ne.jp/sawa_iin/pc/", "内容": "さわ医院【2:診療所】【診療科目:消化器内科_外科_肛門外科_整形外科】香川県高松市六条町４８１－１" }, "geometry": { "type": "Point", "coordinates": [ 134.081549, 34.293827 ] } },
{ "type": "Feature", "properties": { "ID": 3722370501490, "正式名称": "医療法人社団泰平会佐藤クリニック", "機関区分": 2, "都道府県コード": 37, "市区町村コード": 201, "所在地": "香川県高松市成合町７２６－１", "緯度": 34.304242, "経度": 134.015248, "url": "https://www.iryou.teikyouseido.mhlw.go.jp/znk-web/juminkanja/S2430/initialize?prefCd=37&kikanCd=2370501490&kikanKbn=2", "url2": "https://www.dr-navip.jp/kagawa/detail?no=1515", "内容": "医療法人社団泰平会佐藤クリニック【2:診療所】【診療科目:内科_外科_心臓血管外科_肛門外科_整形外科_リハビリテーション科_放射線科】香川県高松市成合町７２６－１" }, "geometry": { "type": "Point", "coordinates": [ 134.015248, 34.304242 ] } },
{ "type": "Feature", "properties": { "ID": 3722370501500, "正式名称": "医療法人社団慈和会高松ささき内科ハートクリニック", "機関区分": 2, "都道府県コード": 37, "市区町村コード": 201, "所在地": "香川県高松市扇町一丁目２４－５", "緯度": 34.346099, "経度": 134.039217, "url": "https://www.iryou.teikyouseido.mhlw.go.jp/znk-web/juminkanja/S2430/initialize?prefCd=37&kikanCd=2370501500&kikanKbn=2", "url2": "https://sasaki.or.jp", "内容": "医療法人社団慈和会高松ささき内科ハートクリニック【2:診療所】【診療科目:内科_糖尿病内科_循環器内科_リハビリテーション科】香川県高松市扇町一丁目２４－５" }, "geometry": { "type": "Point", "coordinates": [ 134.039217, 34.346099 ] } },
{ "type": "Feature", "properties": { "ID": 3722370501520, "正式名称": "佐藤皮膚科泌尿器科性病科医院", "機関区分": 2, "都道府県コード": 37, "市区町村コード": 201, "所在地": "香川県高松市栗林町一丁目１３－８", "緯度": 34.328406, "経度": 134.046522, "url": "https://www.iryou.teikyouseido.mhlw.go.jp/znk-web/juminkanja/S2430/initialize?prefCd=37&kikanCd=2370501520&kikanKbn=2", "url2": "http://www.sato-ud-clinic.com", "内容": "佐藤皮膚科泌尿器科性病科医院【2:診療所】【診療科目:性感染症内科_皮膚科_皮膚泌尿器科_泌尿器科_男性泌尿器科_勃起不全】香川県高松市栗林町一丁目１３－８" }, "geometry": { "type": "Point", "coordinates": [ 134.046522, 34.328406 ] } },
{ "type": "Feature", "properties": { "ID": 3722370501550, "正式名称": "坂口眼科医院", "機関区分": 2, "都道府県コード": 37, "市区町村コード": 201, "所在地": "香川県高松市太田上町４２０－１", "緯度": 34.29741, "経度": 134.040274, "url": "https://www.iryou.teikyouseido.mhlw.go.jp/znk-web/juminkanja/S2430/initialize?prefCd=37&kikanCd=2370501550&kikanKbn=2", "url2": null, "内容": "坂口眼科医院【2:診療所】【診療科目:眼科】香川県高松市太田上町４２０－１" }, "geometry": { "type": "Point", "coordinates": [ 134.040274, 34.29741 ] } },
{ "type": "Feature", "properties": { "ID": 3722370501570, "正式名称": "在宅診療　敬二郎クリニック", "機関区分": 2, "都道府県コード": 37, "市区町村コード": 201, "所在地": "香川県高松市多肥上町１２９７－１", "緯度": 34.296328, "経度": 134.057802, "url": "https://www.iryou.teikyouseido.mhlw.go.jp/znk-web/juminkanja/S2430/initialize?prefCd=37&kikanCd=2370501570&kikanKbn=2", "url2": "https://kjr-clinic.com/", "内容": "在宅診療　敬二郎クリニック【2:診療所】【診療科目:内科_外科_形成外科】香川県高松市多肥上町１２９７－１" }, "geometry": { "type": "Point", "coordinates": [ 134.057802, 34.296328 ] } },
{ "type": "Feature", "properties": { "ID": 3722370501580, "正式名称": "さんあいクリニック", "機関区分": 2, "都道府県コード": 37, "市区町村コード": 201, "所在地": "香川県高松市松縄町１００５－３", "緯度": 34.320796, "経度": 134.060105, "url": "https://www.iryou.teikyouseido.mhlw.go.jp/znk-web/juminkanja/S2430/initialize?prefCd=37&kikanCd=2370501580&kikanKbn=2", "url2": "http://www.3ai.jp", "内容": "さんあいクリニック【2:診療所】【診療科目:耳鼻いんこう科_精神科_心療内科】香川県高松市松縄町１００５－３" }, "geometry": { "type": "Point", "coordinates": [ 134.060105, 34.320796 ] } },
{ "type": "Feature", "properties": { "ID": 3722370501590, "正式名称": "医療法人社団陽洸会内科・消化器内科　佐々木クリニック", "機関区分": 2, "都道府県コード": 37, "市区町村コード": 201, "所在地": "香川県高松市香川町浅野１０３０－１", "緯度": 34.255775, "経度": 134.034365, "url": "https://www.iryou.teikyouseido.mhlw.go.jp/znk-web/juminkanja/S2430/initialize?prefCd=37&kikanCd=2370501590&kikanKbn=2", "url2": null, "内容": "医療法人社団陽洸会内科・消化器内科　佐々木クリニック【2:診療所】【診療科目:内科_消化器内科】香川県高松市香川町浅野１０３０－１" }, "geometry": { "type": "Point", "coordinates": [ 134.034365, 34.255775 ] } },
{ "type": "Feature", "properties": { "ID": 3722370501600, "正式名称": "塩見内科医院", "機関区分": 2, "都道府県コード": 37, "市区町村コード": 201, "所在地": "香川県高松市楠上町一丁目９－３６", "緯度": 34.330795, "経度": 134.054938, "url": "https://www.iryou.teikyouseido.mhlw.go.jp/znk-web/juminkanja/S2430/initialize?prefCd=37&kikanCd=2370501600&kikanKbn=2", "url2": "http://www.shiomi-naika.com/", "内容": "塩見内科医院【2:診療所】【診療科目:内科】香川県高松市楠上町一丁目９－３６" }, "geometry": { "type": "Point", "coordinates": [ 134.054938, 34.330795 ] } },
{ "type": "Feature", "properties": { "ID": 3722370501630, "正式名称": "四宮医院", "機関区分": 2, "都道府県コード": 37, "市区町村コード": 201, "所在地": "香川県高松市西植田町１５４０", "緯度": 34.243972, "経度": 134.086495, "url": "https://www.iryou.teikyouseido.mhlw.go.jp/znk-web/juminkanja/S2430/initialize?prefCd=37&kikanCd=2370501630&kikanKbn=2", "url2": "http://kenshin-db.niph.go.jp/kenshin/", "内容": "四宮医院【2:診療所】【診療科目:内科_脳神経外科_小児科_放射線科】香川県高松市西植田町１５４０" }, "geometry": { "type": "Point", "coordinates": [ 134.086495, 34.243972 ] } },
{ "type": "Feature", "properties": { "ID": 3722370501640, "正式名称": "医療法人社団しらかわ小児科医院", "機関区分": 2, "都道府県コード": 37, "市区町村コード": 201, "所在地": "香川県高松市一宮町９７－７", "緯度": 34.283981, "経度": 134.034479, "url": "https://www.iryou.teikyouseido.mhlw.go.jp/znk-web/juminkanja/S2430/initialize?prefCd=37&kikanCd=2370501640&kikanKbn=2", "url2": "http://shirakawacc.starfree.jp/", "内容": "医療法人社団しらかわ小児科医院【2:診療所】【診療科目:小児科】香川県高松市一宮町９７－７" }, "geometry": { "type": "Point", "coordinates": [ 134.034479, 34.283981 ] } },
{ "type": "Feature", "properties": { "ID": 3722370501680, "正式名称": "白井内科医院", "機関区分": 2, "都道府県コード": 37, "市区町村コード": 201, "所在地": "香川県高松市国分寺町新名４４０－２３", "緯度": 34.295881, "経度": 133.960587, "url": "https://www.iryou.teikyouseido.mhlw.go.jp/znk-web/juminkanja/S2430/initialize?prefCd=37&kikanCd=2370501680&kikanKbn=2", "url2": "shirainaikaiin.blogspot.com", "内容": "白井内科医院【2:診療所】【診療科目:内科_循環器内科_消化器内科_小児科】香川県高松市国分寺町新名４４０－２３" }, "geometry": { "type": "Point", "coordinates": [ 133.960587, 34.295881 ] } },
{ "type": "Feature", "properties": { "ID": 3722370501690, "正式名称": "医療法人社団渋谷整形外科医院", "機関区分": 2, "都道府県コード": 37, "市区町村コード": 201, "所在地": "香川県高松市牟礼町牟礼９８６－１", "緯度": 34.34249, "経度": 134.130876, "url": "https://www.iryou.teikyouseido.mhlw.go.jp/znk-web/juminkanja/S2430/initialize?prefCd=37&kikanCd=2370501690&kikanKbn=2", "url2": "http://shibuya-seikei.com", "内容": "医療法人社団渋谷整形外科医院【2:診療所】【診療科目:外科_整形外科_リウマチ科_リハビリテーション科】香川県高松市牟礼町牟礼９８６－１" }, "geometry": { "type": "Point", "coordinates": [ 134.130876, 34.34249 ] } },
{ "type": "Feature", "properties": { "ID": 3722370501700, "正式名称": "医療法人社団しぶやこどもクリニック", "機関区分": 2, "都道府県コード": 37, "市区町村コード": 201, "所在地": "香川県高松市牟礼町牟礼２０９４－１", "緯度": 34.343649, "経度": 134.126869, "url": "https://www.iryou.teikyouseido.mhlw.go.jp/znk-web/juminkanja/S2430/initialize?prefCd=37&kikanCd=2370501700&kikanKbn=2", "url2": "https://www.shibuyaclinic.jp/", "内容": "医療法人社団しぶやこどもクリニック【2:診療所】【診療科目:小児科】香川県高松市牟礼町牟礼２０９４－１" }, "geometry": { "type": "Point", "coordinates": [ 134.126869, 34.343649 ] } },
{ "type": "Feature", "properties": { "ID": 3722370501710, "正式名称": "医療法人社団しげなり内科医院", "機関区分": 2, "都道府県コード": 37, "市区町村コード": 201, "所在地": "香川県高松市香南町池内５１７－１５", "緯度": 34.244053, "経度": 134.000502, "url": "https://www.iryou.teikyouseido.mhlw.go.jp/znk-web/juminkanja/S2430/initialize?prefCd=37&kikanCd=2370501710&kikanKbn=2", "url2": null, "内容": "医療法人社団しげなり内科医院【2:診療所】【診療科目:内科_消化器内科_神経内科_精神科_心療内科】香川県高松市香南町池内５１７－１５" }, "geometry": { "type": "Point", "coordinates": [ 134.000502, 34.244053 ] } },
{ "type": "Feature", "properties": { "ID": 3722370501730, "正式名称": "医療法人社団静正会白石心臓血管クリニック", "機関区分": 2, "都道府県コード": 37, "市区町村コード": 201, "所在地": "香川県高松市六条町１６６", "緯度": 34.299605, "経度": 134.089159, "url": "https://www.iryou.teikyouseido.mhlw.go.jp/znk-web/juminkanja/S2430/initialize?prefCd=37&kikanCd=2370501730&kikanKbn=2", "url2": "https://www.shiraishi-clinic.com/", "内容": "医療法人社団静正会白石心臓血管クリニック【2:診療所】【診療科目:循環器内科_血管外科】香川県高松市六条町１６６" }, "geometry": { "type": "Point", "coordinates": [ 134.089159, 34.299605 ] } },
{ "type": "Feature", "properties": { "ID": 3722370501750, "正式名称": "医療法人社団　白神眼科医院", "機関区分": 2, "都道府県コード": 37, "市区町村コード": 201, "所在地": "香川県高松市松縄町３７－７", "緯度": 34.321546, "経度": 134.065354, "url": "https://www.iryou.teikyouseido.mhlw.go.jp/znk-web/juminkanja/S2430/initialize?prefCd=37&kikanCd=2370501750&kikanKbn=2", "url2": "http://shiragami-eyeclinic.jp", "内容": "医療法人社団　白神眼科医院【2:診療所】【診療科目:眼科】香川県高松市松縄町３７－７" }, "geometry": { "type": "Point", "coordinates": [ 134.065354, 34.321546 ] } },
{ "type": "Feature", "properties": { "ID": 3722370501780, "正式名称": "医療法人社団菅原眼科医院", "機関区分": 2, "都道府県コード": 37, "市区町村コード": 201, "所在地": "香川県高松市観光通一丁目６－１", "緯度": 34.336466, "経度": 134.052981, "url": "https://www.iryou.teikyouseido.mhlw.go.jp/znk-web/juminkanja/S2430/initialize?prefCd=37&kikanCd=2370501780&kikanKbn=2", "url2": null, "内容": "医療法人社団菅原眼科医院【2:診療所】【診療科目:眼科】香川県高松市観光通一丁目６－１" }, "geometry": { "type": "Point", "coordinates": [ 134.052981, 34.336466 ] } },
{ "type": "Feature", "properties": { "ID": 3722370501800, "正式名称": "医療法人社団鈴木レディースクリニック", "機関区分": 2, "都道府県コード": 37, "市区町村コード": 201, "所在地": "香川県高松市福岡町三丁目１１－２７", "緯度": 34.345488, "経度": 134.068881, "url": "https://www.iryou.teikyouseido.mhlw.go.jp/znk-web/juminkanja/S2430/initialize?prefCd=37&kikanCd=2370501800&kikanKbn=2", "url2": "https://www.suzuki-lc.com", "内容": "医療法人社団鈴木レディースクリニック【2:診療所】【診療科目:産婦人科】香川県高松市福岡町三丁目１１－２７" }, "geometry": { "type": "Point", "coordinates": [ 134.068881, 34.345488 ] } },
{ "type": "Feature", "properties": { "ID": 3722370501820, "正式名称": "杉上産婦人科医院", "機関区分": 2, "都道府県コード": 37, "市区町村コード": 201, "所在地": "香川県高松市香川町浅野１０２６－５", "緯度": 34.255692, "経度": 134.03536, "url": "https://www.iryou.teikyouseido.mhlw.go.jp/znk-web/juminkanja/S2430/initialize?prefCd=37&kikanCd=2370501820&kikanKbn=2", "url2": "https://sugiue-obgyn.jp/", "内容": "杉上産婦人科医院【2:診療所】【診療科目:産婦人科_産科_婦人科】香川県高松市香川町浅野１０２６－５" }, "geometry": { "type": "Point", "coordinates": [ 134.03536, 34.255692 ] } },
{ "type": "Feature", "properties": { "ID": 3722370501840, "正式名称": "一般財団法人三宅医学研究所附属セントラルパーククリニック", "機関区分": 2, "都道府県コード": 37, "市区町村コード": 201, "所在地": "香川県高松市番町一丁目１０－１６", "緯度": 34.340988, "経度": 134.045244, "url": "https://www.iryou.teikyouseido.mhlw.go.jp/znk-web/juminkanja/S2430/initialize?prefCd=37&kikanCd=2370501840&kikanKbn=2", "url2": "https://www.miyake.or.jp/home/cpc/", "内容": "一般財団法人三宅医学研究所附属セントラルパーククリニック【2:診療所】【診療科目:内科_整形外科_婦人科】香川県高松市番町一丁目１０－１６" }, "geometry": { "type": "Point", "coordinates": [ 134.045244, 34.340988 ] } },
{ "type": "Feature", "properties": { "ID": 3722370501850, "正式名称": "医療法人社団せとうちクリニック", "機関区分": 2, "都道府県コード": 37, "市区町村コード": 201, "所在地": "香川県高松市松福町二丁目１０－５", "緯度": 34.34185, "経度": 134.066853, "url": "https://www.iryou.teikyouseido.mhlw.go.jp/znk-web/juminkanja/S2430/initialize?prefCd=37&kikanCd=2370501850&kikanKbn=2", "url2": null, "内容": "医療法人社団せとうちクリニック【2:診療所】【診療科目:呼吸器内科_消化器内科_外科_リハビリテーション科】香川県高松市松福町二丁目１０－５" }, "geometry": { "type": "Point", "coordinates": [ 134.066853, 34.34185 ] } },
{ "type": "Feature", "properties": { "ID": 3722370501860, "正式名称": "医療法人社団瀬上皮フ科医院", "機関区分": 2, "都道府県コード": 37, "市区町村コード": 201, "所在地": "香川県高松市扇町二丁目２－１２", "緯度": 34.344682, "経度": 134.038633, "url": "https://www.iryou.teikyouseido.mhlw.go.jp/znk-web/juminkanja/S2430/initialize?prefCd=37&kikanCd=2370501860&kikanKbn=2", "url2": null, "内容": "医療法人社団瀬上皮フ科医院【2:診療所】【診療科目:皮膚科】香川県高松市扇町二丁目２－１２" }, "geometry": { "type": "Point", "coordinates": [ 134.038633, 34.344682 ] } },
{ "type": "Feature", "properties": { "ID": 3722370501890, "正式名称": "全人クリニック", "機関区分": 2, "都道府県コード": 37, "市区町村コード": 201, "所在地": "香川県高松市勅使町６２－４", "緯度": 34.306686, "経度": 134.009721, "url": "https://www.iryou.teikyouseido.mhlw.go.jp/znk-web/juminkanja/S2430/initialize?prefCd=37&kikanCd=2370501890&kikanKbn=2", "url2": "http://www.zenjin.jp", "内容": "全人クリニック【2:診療所】【診療科目:内科_精神科_心療内科】香川県高松市勅使町６２－４" }, "geometry": { "type": "Point", "coordinates": [ 134.009721, 34.306686 ] } },
{ "type": "Feature", "properties": { "ID": 3722370501920, "正式名称": "医療法人社団そごうクリニック", "機関区分": 2, "都道府県コード": 37, "市区町村コード": 201, "所在地": "香川県高松市川島本町２９８", "緯度": 34.279635, "経度": 134.086549, "url": "https://www.iryou.teikyouseido.mhlw.go.jp/znk-web/juminkanja/S2430/initialize?prefCd=37&kikanCd=2370501920&kikanKbn=2", "url2": null, "内容": "医療法人社団そごうクリニック【2:診療所】【診療科目:消化器内科_外科_整形外科_皮膚科_リハビリテーション科】香川県高松市川島本町２９８" }, "geometry": { "type": "Point", "coordinates": [ 134.086549, 34.279635 ] } },
{ "type": "Feature", "properties": { "ID": 3722370501930, "正式名称": "医療法人社団恵生会いきなり内科ハートクリニック", "機関区分": 2, "都道府県コード": 37, "市区町村コード": 201, "所在地": "香川県高松市十川西町３６８－１", "緯度": 34.275913, "経度": 134.103298, "url": "https://www.iryou.teikyouseido.mhlw.go.jp/znk-web/juminkanja/S2430/initialize?prefCd=37&kikanCd=2370501930&kikanKbn=2", "url2": null, "内容": "医療法人社団恵生会いきなり内科ハートクリニック【2:診療所】【診療科目:内科_循環器内科_消化器内科】香川県高松市十川西町３６８－１" }, "geometry": { "type": "Point", "coordinates": [ 134.103298, 34.275913 ] } },
{ "type": "Feature", "properties": { "ID": 3722370501940, "正式名称": "高松市国民健康保険女木診療所", "機関区分": 2, "都道府県コード": 37, "市区町村コード": 201, "所在地": "香川県高松市女木町１１２", "緯度": 34.391261, "経度": 134.051908, "url": "https://www.iryou.teikyouseido.mhlw.go.jp/znk-web/juminkanja/S2430/initialize?prefCd=37&kikanCd=2370501940&kikanKbn=2", "url2": null, "内容": "高松市国民健康保険女木診療所【2:診療所】【診療科目:内科_外科】香川県高松市女木町１１２" }, "geometry": { "type": "Point", "coordinates": [ 134.051908, 34.391261 ] } },
{ "type": "Feature", "properties": { "ID": 3722370501950, "正式名称": "高松市国民健康保険男木診療所", "機関区分": 2, "都道府県コード": 37, "市区町村コード": 201, "所在地": "香川県高松市男木町１９８８", "緯度": 34.422547, "経度": 134.054216, "url": "https://www.iryou.teikyouseido.mhlw.go.jp/znk-web/juminkanja/S2430/initialize?prefCd=37&kikanCd=2370501950&kikanKbn=2", "url2": null, "内容": "高松市国民健康保険男木診療所【2:診療所】【診療科目:内科_外科】香川県高松市男木町１９８８" }, "geometry": { "type": "Point", "coordinates": [ 134.054216, 34.422547 ] } },
{ "type": "Feature", "properties": { "ID": 3722370502010, "正式名称": "田渕医院", "機関区分": 2, "都道府県コード": 37, "市区町村コード": 201, "所在地": "香川県高松市扇町一丁目２５－２５", "緯度": 34.345793, "経度": 134.035717, "url": "https://www.iryou.teikyouseido.mhlw.go.jp/znk-web/juminkanja/S2430/initialize?prefCd=37&kikanCd=2370502010&kikanKbn=2", "url2": null, "内容": "田渕医院【2:診療所】【診療科目:内科_外科_婦人科】香川県高松市扇町一丁目２５－２５" }, "geometry": { "type": "Point", "coordinates": [ 134.035717, 34.345793 ] } },
{ "type": "Feature", "properties": { "ID": 3722370502020, "正式名称": "医療法人社団育林会谷本医院", "機関区分": 2, "都道府県コード": 37, "市区町村コード": 201, "所在地": "香川県高松市林町１２８１", "緯度": 34.300688, "経度": 134.076188, "url": "https://www.iryou.teikyouseido.mhlw.go.jp/znk-web/juminkanja/S2430/initialize?prefCd=37&kikanCd=2370502020&kikanKbn=2", "url2": "http://kenshin-db.niph.go.jp/kenshin/kikan_checkups/view/10089", "内容": "医療法人社団育林会谷本医院【2:診療所】【診療科目:内科_小児科】香川県高松市林町１２８１" }, "geometry": { "type": "Point", "coordinates": [ 134.076188, 34.300688 ] } },
{ "type": "Feature", "properties": { "ID": 3722370502030, "正式名称": "医療法人福生会　多田羅内科クリニック", "機関区分": 2, "都道府県コード": 37, "市区町村コード": 201, "所在地": "香川県高松市番町三丁目３－１", "緯度": 34.342849, "経度": 134.042272, "url": "https://www.iryou.teikyouseido.mhlw.go.jp/znk-web/juminkanja/S2430/initialize?prefCd=37&kikanCd=2370502030&kikanKbn=2", "url2": "http://tatara-clinic.main.jp/", "内容": "医療法人福生会　多田羅内科クリニック【2:診療所】【診療科目:内科_呼吸器内科_消化器内科_肝臓内科】香川県高松市番町三丁目３－１" }, "geometry": { "type": "Point", "coordinates": [ 134.042272, 34.342849 ] } },
{ "type": "Feature", "properties": { "ID": 3722370502040, "正式名称": "医療法人社団　田原内科医院", "機関区分": 2, "都道府県コード": 37, "市区町村コード": 201, "所在地": "香川県高松市松縄町４１－５", "緯度": 34.32213, "経度": 134.063799, "url": "https://www.iryou.teikyouseido.mhlw.go.jp/znk-web/juminkanja/S2430/initialize?prefCd=37&kikanCd=2370502040&kikanKbn=2", "url2": "http://www.taharanaika.jp/clinic.html", "内容": "医療法人社団　田原内科医院【2:診療所】【診療科目:内科_糖尿病内科_代謝内科_内分泌内科_脂質代謝内科_糖尿病・内分泌内科_呼吸器内科_循環器内科_消化器内科_リハビリテーション科】香川県高松市松縄町４１－５" }, "geometry": { "type": "Point", "coordinates": [ 134.063799, 34.32213 ] } },
{ "type": "Feature", "properties": { "ID": 3722370502050, "正式名称": "医療法人社団　武田耳鼻咽喉科医院", "機関区分": 2, "都道府県コード": 37, "市区町村コード": 201, "所在地": "香川県高松市太田下町２３５５－５", "緯度": 34.310519, "経度": 134.046884, "url": "https://www.iryou.teikyouseido.mhlw.go.jp/znk-web/juminkanja/S2430/initialize?prefCd=37&kikanCd=2370502050&kikanKbn=2", "url2": "https://takedaent.com/", "内容": "医療法人社団　武田耳鼻咽喉科医院【2:診療所】【診療科目:気管食道外科_耳鼻いんこう科】香川県高松市太田下町２３５５－５" }, "geometry": { "type": "Point", "coordinates": [ 134.046884, 34.310519 ] } },
{ "type": "Feature", "properties": { "ID": 3722370502060, "正式名称": "医療法人社団博翔会高田整形外科医院", "機関区分": 2, "都道府県コード": 37, "市区町村コード": 201, "所在地": "香川県高松市御厩町４７６", "緯度": 34.306547, "経度": 133.990195, "url": "https://www.iryou.teikyouseido.mhlw.go.jp/znk-web/juminkanja/S2430/initialize?prefCd=37&kikanCd=2370502060&kikanKbn=2", "url2": "https://takada-seikei.jp/", "内容": "医療法人社団博翔会高田整形外科医院【2:診療所】【診療科目:整形外科_リウマチ科_リハビリテーション科】香川県高松市御厩町４７６" }, "geometry": { "type": "Point", "coordinates": [ 133.990195, 34.306547 ] } },
{ "type": "Feature", "properties": { "ID": 3722370502070, "正式名称": "高松市夜間急病診療所", "機関区分": 2, "都道府県コード": 37, "市区町村コード": 201, "所在地": "香川県高松市松島町一丁目１６番２０号　高松市医師会館１階", "緯度": 34.339288, "経度": 134.059658, "url": "https://www.iryou.teikyouseido.mhlw.go.jp/znk-web/juminkanja/S2430/initialize?prefCd=37&kikanCd=2370502070&kikanKbn=2", "url2": "https://www.city.takamatsu.kagawa.jp/kurashi/kurashi/kyukyu/yakan/shinryojo.html", "内容": "高松市夜間急病診療所【2:診療所】【診療科目:内科_小児科】香川県高松市松島町一丁目１６番２０号　高松市医師会館１階" }, "geometry": { "type": "Point", "coordinates": [ 134.059658, 34.339288 ] } },
{ "type": "Feature", "properties": { "ID": 3722370502080, "正式名称": "医療法人社団　高松脳神経外科・外科医院", "機関区分": 2, "都道府県コード": 37, "市区町村コード": 201, "所在地": "香川県高松市檀紙町１５９３－１", "緯度": 34.305269, "経度": 133.997944, "url": "https://www.iryou.teikyouseido.mhlw.go.jp/znk-web/juminkanja/S2430/initialize?prefCd=37&kikanCd=2370502080&kikanKbn=2", "url2": "www.takamatsunouge.jp", "内容": "医療法人社団　高松脳神経外科・外科医院【2:診療所】【診療科目:外科_脳神経外科_整形外科_リハビリテーション科_放射線科】香川県高松市檀紙町１５９３－１" }, "geometry": { "type": "Point", "coordinates": [ 133.997944, 34.305269 ] } },
{ "type": "Feature", "properties": { "ID": 3722370502090, "正式名称": "医療法人社団瀧川整形外科医院", "機関区分": 2, "都道府県コード": 37, "市区町村コード": 201, "所在地": "香川県高松市林町１５８３－１", "緯度": 34.303465, "経度": 134.071855, "url": "https://www.iryou.teikyouseido.mhlw.go.jp/znk-web/juminkanja/S2430/initialize?prefCd=37&kikanCd=2370502090&kikanKbn=2", "url2": "http://www.takigawa-seikeigeka-iin.com", "内容": "医療法人社団瀧川整形外科医院【2:診療所】【診療科目:整形外科_リウマチ科_リハビリテーション科】香川県高松市林町１５８３－１" }, "geometry": { "type": "Point", "coordinates": [ 134.071855, 34.303465 ] } },
{ "type": "Feature", "properties": { "ID": 3722370502110, "正式名称": "医療法人社団　高畠医院", "機関区分": 2, "都道府県コード": 37, "市区町村コード": 201, "所在地": "香川県高松市木太町１９８６番地", "緯度": 34.32899, "経度": 134.069493, "url": "https://www.iryou.teikyouseido.mhlw.go.jp/znk-web/juminkanja/S2430/initialize?prefCd=37&kikanCd=2370502110&kikanKbn=2", "url2": "http://wwwIa.biglobe.ne.jp/takabata/", "内容": "医療法人社団　高畠医院【2:診療所】【診療科目:内科_整形外科_皮膚科_泌尿器科_リハビリテーション科】香川県高松市木太町１９８６番地" }, "geometry": { "type": "Point", "coordinates": [ 134.069493, 34.32899 ] } },
{ "type": "Feature", "properties": { "ID": 3722370502120, "正式名称": "田坂耳鼻咽喉科医院", "機関区分": 2, "都道府県コード": 37, "市区町村コード": 201, "所在地": "香川県高松市松島町一丁目１４－２３", "緯度": 34.339517, "経度": 134.061576, "url": "https://www.iryou.teikyouseido.mhlw.go.jp/znk-web/juminkanja/S2430/initialize?prefCd=37&kikanCd=2370502120&kikanKbn=2", "url2": null, "内容": "田坂耳鼻咽喉科医院【2:診療所】【診療科目:耳鼻いんこう科_アレルギー科】香川県高松市松島町一丁目１４－２３" }, "geometry": { "type": "Point", "coordinates": [ 134.061576, 34.339517 ] } },
{ "type": "Feature", "properties": { "ID": 3722370502130, "正式名称": "医療法人社団　一歩一景会　たけべ乳腺外科クリニック", "機関区分": 2, "都道府県コード": 37, "市区町村コード": 201, "所在地": "香川県高松市多肥下町３６５－９", "緯度": 34.297049, "経度": 134.055245, "url": "https://www.iryou.teikyouseido.mhlw.go.jp/znk-web/juminkanja/S2430/initialize?prefCd=37&kikanCd=2370502130&kikanKbn=2", "url2": "http://www.takebe.gr.jp/index.html", "内容": "医療法人社団　一歩一景会　たけべ乳腺外科クリニック【2:診療所】【診療科目:乳腺外科】香川県高松市多肥下町３６５－９" }, "geometry": { "type": "Point", "coordinates": [ 134.055245, 34.297049 ] } },
{ "type": "Feature", "properties": { "ID": 3722370502150, "正式名称": "医療法人社団竹広小児科医院", "機関区分": 2, "都道府県コード": 37, "市区町村コード": 201, "所在地": "香川県高松市太田下町２４６２－３", "緯度": 34.310075, "経度": 134.049273, "url": "https://www.iryou.teikyouseido.mhlw.go.jp/znk-web/juminkanja/S2430/initialize?prefCd=37&kikanCd=2370502150&kikanKbn=2", "url2": "http://www.takehiro-clinic.jp", "内容": "医療法人社団竹広小児科医院【2:診療所】【診療科目:小児科_アレルギー科】香川県高松市太田下町２４６２－３" }, "geometry": { "type": "Point", "coordinates": [ 134.049273, 34.310075 ] } },
{ "type": "Feature", "properties": { "ID": 3722370502160, "正式名称": "医療法人社団谷崎眼科医院", "機関区分": 2, "都道府県コード": 37, "市区町村コード": 201, "所在地": "香川県高松市円座町１２９－４", "緯度": 34.285188, "経度": 134.0035, "url": "https://www.iryou.teikyouseido.mhlw.go.jp/znk-web/juminkanja/S2430/initialize?prefCd=37&kikanCd=2370502160&kikanKbn=2", "url2": null, "内容": "医療法人社団谷崎眼科医院【2:診療所】【診療科目:眼科】香川県高松市円座町１２９－４" }, "geometry": { "type": "Point", "coordinates": [ 134.0035, 34.285188 ] } },
{ "type": "Feature", "properties": { "ID": 3722370502190, "正式名称": "法務省共済組合検察庁高松支部診療所", "機関区分": 2, "都道府県コード": 37, "市区町村コード": 201, "所在地": "香川県高松市丸の内１－１", "緯度": 34.348182, "経度": 134.049382, "url": "https://www.iryou.teikyouseido.mhlw.go.jp/znk-web/juminkanja/S2430/initialize?prefCd=37&kikanCd=2370502190&kikanKbn=2", "url2": null, "内容": "法務省共済組合検察庁高松支部診療所【2:診療所】【診療科目:内科】香川県高松市丸の内１－１" }, "geometry": { "type": "Point", "coordinates": [ 134.049382, 34.348182 ] } },
{ "type": "Feature", "properties": { "ID": 3722370502210, "正式名称": "医療法人社団高畠小児科・アレルギー科医院", "機関区分": 2, "都道府県コード": 37, "市区町村コード": 201, "所在地": "香川県高松市木太町１８１３－１", "緯度": 34.326712, "経度": 134.067687, "url": "https://www.iryou.teikyouseido.mhlw.go.jp/znk-web/juminkanja/S2430/initialize?prefCd=37&kikanCd=2370502210&kikanKbn=2", "url2": "www.takabatake-ped.com", "内容": "医療法人社団高畠小児科・アレルギー科医院【2:診療所】【診療科目:小児科_アレルギー科】香川県高松市木太町１８１３－１" }, "geometry": { "type": "Point", "coordinates": [ 134.067687, 34.326712 ] } },
{ "type": "Feature", "properties": { "ID": 3722370502270, "正式名称": "医療法人社団千和会　たつや耳鼻咽喉科", "機関区分": 2, "都道府県コード": 37, "市区町村コード": 201, "所在地": "香川県高松市高松町３００６－２１", "緯度": 34.340128, "経度": 134.111072, "url": "https://www.iryou.teikyouseido.mhlw.go.jp/znk-web/juminkanja/S2430/initialize?prefCd=37&kikanCd=2370502270&kikanKbn=2", "url2": "https://www.tatsuya-jibika.com", "内容": "医療法人社団千和会　たつや耳鼻咽喉科【2:診療所】【診療科目:頭頸部・耳鼻いんこう科】香川県高松市高松町３００６－２１" }, "geometry": { "type": "Point", "coordinates": [ 134.111072, 34.340128 ] } },
{ "type": "Feature", "properties": { "ID": 3722370502320, "正式名称": "タカオ整形外科医院", "機関区分": 2, "都道府県コード": 37, "市区町村コード": 201, "所在地": "香川県高松市国分寺町新居１３１０－１", "緯度": 34.29713, "経度": 133.958198, "url": "https://www.iryou.teikyouseido.mhlw.go.jp/znk-web/juminkanja/S2430/initialize?prefCd=37&kikanCd=2370502320&kikanKbn=2", "url2": null, "内容": "タカオ整形外科医院【2:診療所】【診療科目:整形外科_リハビリテーション科_麻酔科】香川県高松市国分寺町新居１３１０－１" }, "geometry": { "type": "Point", "coordinates": [ 133.958198, 34.29713 ] } },
{ "type": "Feature", "properties": { "ID": 3722370502340, "正式名称": "医療法人社団谷本内科医院", "機関区分": 2, "都道府県コード": 37, "市区町村コード": 201, "所在地": "香川県高松市香川町大野９９７－３", "緯度": 34.265746, "経度": 134.028499, "url": "https://www.iryou.teikyouseido.mhlw.go.jp/znk-web/juminkanja/S2430/initialize?prefCd=37&kikanCd=2370502340&kikanKbn=2", "url2": "http://www.tanimoto-c.or.jp", "内容": "医療法人社団谷本内科医院【2:診療所】【診療科目:内科_糖尿病内科_循環器内科_人工透析内科_泌尿器科_リハビリテーション科】香川県高松市香川町大野９９７－３" }, "geometry": { "type": "Point", "coordinates": [ 134.028499, 34.265746 ] } },
{ "type": "Feature", "properties": { "ID": 3722370502350, "正式名称": "医療法人社団高本内科医院", "機関区分": 2, "都道府県コード": 37, "市区町村コード": 201, "所在地": "香川県高松市牟礼町原４３０", "緯度": 34.328075, "経度": 134.159319, "url": "https://www.iryou.teikyouseido.mhlw.go.jp/znk-web/juminkanja/S2430/initialize?prefCd=37&kikanCd=2370502350&kikanKbn=2", "url2": null, "内容": "医療法人社団高本内科医院【2:診療所】【診療科目:内科_循環器内科_消化器内科】香川県高松市牟礼町原４３０" }, "geometry": { "type": "Point", "coordinates": [ 134.159319, 34.328075 ] } },
{ "type": "Feature", "properties": { "ID": 3722370502360, "正式名称": "田村内科クリニック", "機関区分": 2, "都道府県コード": 37, "市区町村コード": 201, "所在地": "香川県高松市庵治町６３８５－１０４", "緯度": 34.384346, "経度": 134.12818, "url": "https://www.iryou.teikyouseido.mhlw.go.jp/znk-web/juminkanja/S2430/initialize?prefCd=37&kikanCd=2370502360&kikanKbn=2", "url2": null, "内容": "田村内科クリニック【2:診療所】【診療科目:内科_糖尿病内科_呼吸器内科_循環器内科_消化器内科】香川県高松市庵治町６３８５－１０４" }, "geometry": { "type": "Point", "coordinates": [ 134.12818, 34.384346 ] } },
{ "type": "Feature", "properties": { "ID": 3722370502370, "正式名称": "医療法人社団内科高橋クリニック", "機関区分": 2, "都道府県コード": 37, "市区町村コード": 201, "所在地": "香川県高松市藤塚町一丁目８－１７", "緯度": 34.333823, "経度": 134.049216, "url": "https://www.iryou.teikyouseido.mhlw.go.jp/znk-web/juminkanja/S2430/initialize?prefCd=37&kikanCd=2370502370&kikanKbn=2", "url2": "http://www.naikatakahashi.clinic/", "内容": "医療法人社団内科高橋クリニック【2:診療所】【診療科目:内科_循環器内科_消化器内科】香川県高松市藤塚町一丁目８－１７" }, "geometry": { "type": "Point", "coordinates": [ 134.049216, 34.333823 ] } },
{ "type": "Feature", "properties": { "ID": 3722370502380, "正式名称": "医療法人社団　ポラリス　たむら内科", "機関区分": 2, "都道府県コード": 37, "市区町村コード": 201, "所在地": "香川県高松市多肥上町１４６１", "緯度": 34.292938, "経度": 134.057551, "url": "https://www.iryou.teikyouseido.mhlw.go.jp/znk-web/juminkanja/S2430/initialize?prefCd=37&kikanCd=2370502380&kikanKbn=2", "url2": "http://tamuranaika-polaris.com", "内容": "医療法人社団　ポラリス　たむら内科【2:診療所】【診療科目:内科_糖尿病内科_循環器内科_腎臓内科】香川県高松市多肥上町１４６１" }, "geometry": { "type": "Point", "coordinates": [ 134.057551, 34.292938 ] } },
{ "type": "Feature", "properties": { "ID": 3722370502420, "正式名称": "医療法人社団　佳友会　タウンクリニック高松東", "機関区分": 2, "都道府県コード": 37, "市区町村コード": 201, "所在地": "香川県高松市春日町４３８－１", "緯度": 34.322411, "経度": 134.090869, "url": "https://www.iryou.teikyouseido.mhlw.go.jp/znk-web/juminkanja/S2430/initialize?prefCd=37&kikanCd=2370502420&kikanKbn=2", "url2": null, "内容": "医療法人社団　佳友会　タウンクリニック高松東【2:診療所】【診療科目:内科_循環器内科_消化器内科】香川県高松市春日町４３８－１" }, "geometry": { "type": "Point", "coordinates": [ 134.090869, 34.322411 ] } },
{ "type": "Feature", "properties": { "ID": 3722370502440, "正式名称": "ツゲ医院", "機関区分": 2, "都道府県コード": 37, "市区町村コード": 201, "所在地": "香川県高松市川部町１４４３－１", "緯度": 34.265635, "経度": 134.009862, "url": "https://www.iryou.teikyouseido.mhlw.go.jp/znk-web/juminkanja/S2430/initialize?prefCd=37&kikanCd=2370502440&kikanKbn=2", "url2": "http://tsuge.iin.com", "内容": "ツゲ医院【2:診療所】【診療科目:内科_外科】香川県高松市川部町１４４３－１" }, "geometry": { "type": "Point", "coordinates": [ 134.009862, 34.265635 ] } },
{ "type": "Feature", "properties": { "ID": 3722370502450, "正式名称": "筒井皮ふ科医院", "機関区分": 2, "都道府県コード": 37, "市区町村コード": 201, "所在地": "香川県高松市鍛冶屋町１－６", "緯度": 34.343599, "経度": 134.049271, "url": "https://www.iryou.teikyouseido.mhlw.go.jp/znk-web/juminkanja/S2430/initialize?prefCd=37&kikanCd=2370502450&kikanKbn=2", "url2": "http://www.tsutsui.clinic", "内容": "筒井皮ふ科医院【2:診療所】【診療科目:皮膚科_アレルギー科】香川県高松市鍛冶屋町１－６" }, "geometry": { "type": "Point", "coordinates": [ 134.049271, 34.343599 ] } },
{ "type": "Feature", "properties": { "ID": 3722370502460, "正式名称": "医療法人社団翼医院", "機関区分": 2, "都道府県コード": 37, "市区町村コード": 201, "所在地": "香川県高松市茜町１６－１２", "緯度": 34.349682, "経度": 134.026051, "url": "https://www.iryou.teikyouseido.mhlw.go.jp/znk-web/juminkanja/S2430/initialize?prefCd=37&kikanCd=2370502460&kikanKbn=2", "url2": null, "内容": "医療法人社団翼医院【2:診療所】【診療科目:内科_循環器内科_消化器内科_肝臓内科】香川県高松市茜町１６－１２" }, "geometry": { "type": "Point", "coordinates": [ 134.026051, 34.349682 ] } },
{ "type": "Feature", "properties": { "ID": 3722370502480, "正式名称": "医療法人社団仁和会　辻クリニック", "機関区分": 2, "都道府県コード": 37, "市区町村コード": 201, "所在地": "香川県高松市林町１５０１－１", "緯度": 34.302243, "経度": 134.073049, "url": "https://www.iryou.teikyouseido.mhlw.go.jp/znk-web/juminkanja/S2430/initialize?prefCd=37&kikanCd=2370502480&kikanKbn=2", "url2": "http://www.cvs-tsuji.jp/", "内容": "医療法人社団仁和会　辻クリニック【2:診療所】【診療科目:内科_循環器内科_血管外科】香川県高松市林町１５０１－１" }, "geometry": { "type": "Point", "coordinates": [ 134.073049, 34.302243 ] } },
{ "type": "Feature", "properties": { "ID": 3722370502490, "正式名称": "寺井山内医院", "機関区分": 2, "都道府県コード": 37, "市区町村コード": 201, "所在地": "香川県高松市寺井町１０５３－１８", "緯度": 34.278217, "経度": 134.027082, "url": "https://www.iryou.teikyouseido.mhlw.go.jp/znk-web/juminkanja/S2430/initialize?prefCd=37&kikanCd=2370502490&kikanKbn=2", "url2": null, "内容": "寺井山内医院【2:診療所】【診療科目:内科_糖尿病内科_循環器内科_消化器内科_肝臓内科_アレルギー疾患内科_アレルギー科】香川県高松市寺井町１０５３－１８" }, "geometry": { "type": "Point", "coordinates": [ 134.027082, 34.278217 ] } },
{ "type": "Feature", "properties": { "ID": 3722370502510, "正式名称": "トビウメ小児科医院", "機関区分": 2, "都道府県コード": 37, "市区町村コード": 201, "所在地": "香川県高松市伏石町１３５２番地２", "緯度": 34.317812, "経度": 134.051063, "url": "https://www.iryou.teikyouseido.mhlw.go.jp/znk-web/juminkanja/S2430/initialize?prefCd=37&kikanCd=2370502510&kikanKbn=2", "url2": "http://www.tobiume-shounika.jp", "内容": "トビウメ小児科医院【2:診療所】【診療科目:小児科_アレルギー科】香川県高松市伏石町１３５２番地２" }, "geometry": { "type": "Point", "coordinates": [ 134.051063, 34.317812 ] } },
{ "type": "Feature", "properties": { "ID": 3722370502520, "正式名称": "医療法人社団緑会ザイタックスクリニック", "機関区分": 2, "都道府県コード": 37, "市区町村コード": 201, "所在地": "香川県高松市上天神町５１２番地１", "緯度": 34.311659, "経度": 134.040036, "url": "https://www.iryou.teikyouseido.mhlw.go.jp/znk-web/juminkanja/S2430/initialize?prefCd=37&kikanCd=2370502520&kikanKbn=2", "url2": "http://www.midori-kai.jp", "内容": "医療法人社団緑会ザイタックスクリニック【2:診療所】【診療科目:内科_糖尿病内科_循環器内科】香川県高松市上天神町５１２番地１" }, "geometry": { "type": "Point", "coordinates": [ 134.040036, 34.311659 ] } },
{ "type": "Feature", "properties": { "ID": 3722370502530, "正式名称": "医療法人社団眞貴会徳野医院", "機関区分": 2, "都道府県コード": 37, "市区町村コード": 201, "所在地": "香川県高松市木太町２８０８－１", "緯度": 34.334073, "経度": 134.083491, "url": "https://www.iryou.teikyouseido.mhlw.go.jp/znk-web/juminkanja/S2430/initialize?prefCd=37&kikanCd=2370502530&kikanKbn=2", "url2": null, "内容": "医療法人社団眞貴会徳野医院【2:診療所】【診療科目:整形外科_リハビリテーション科_麻酔科】香川県高松市木太町２８０８－１" }, "geometry": { "type": "Point", "coordinates": [ 134.083491, 34.334073 ] } },
{ "type": "Feature", "properties": { "ID": 3722370502540, "正式名称": "医療法人社団水明会とびうめ内科医院", "機関区分": 2, "都道府県コード": 37, "市区町村コード": 201, "所在地": "香川県高松市伏石町２１３１－２", "緯度": 34.308825, "経度": 134.057522, "url": "https://www.iryou.teikyouseido.mhlw.go.jp/znk-web/juminkanja/S2430/initialize?prefCd=37&kikanCd=2370502540&kikanKbn=2", "url2": null, "内容": "医療法人社団水明会とびうめ内科医院【2:診療所】【診療科目:内科_呼吸器内科_胃腸内科】香川県高松市伏石町２１３１－２" }, "geometry": { "type": "Point", "coordinates": [ 134.057522, 34.308825 ] } },
{ "type": "Feature", "properties": { "ID": 3722370502550, "正式名称": "医療法人社団とみおか内科クリニック", "機関区分": 2, "都道府県コード": 37, "市区町村コード": 201, "所在地": "香川県高松市番町二丁目６－１３", "緯度": 34.343905, "経度": 134.043216, "url": "https://www.iryou.teikyouseido.mhlw.go.jp/znk-web/juminkanja/S2430/initialize?prefCd=37&kikanCd=2370502550&kikanKbn=2", "url2": "https://tomiokanaika.sakura.ne.jp/wp/", "内容": "医療法人社団とみおか内科クリニック【2:診療所】【診療科目:内科】香川県高松市番町二丁目６－１３" }, "geometry": { "type": "Point", "coordinates": [ 134.043216, 34.343905 ] } },
{ "type": "Feature", "properties": { "ID": 3722370502580, "正式名称": "東京ノーストクリニック", "機関区分": 2, "都道府県コード": 37, "市区町村コード": 201, "所在地": "香川県高松市丸亀町４－１　パイロットビル４Ｆ", "緯度": 34.344244, "経度": 134.049941, "url": "https://www.iryou.teikyouseido.mhlw.go.jp/znk-web/juminkanja/S2430/initialize?prefCd=37&kikanCd=2370502580&kikanKbn=2", "url2": null, "内容": "東京ノーストクリニック【2:診療所】【診療科目:形成外科_泌尿器科】香川県高松市丸亀町４－１　パイロットビル４Ｆ" }, "geometry": { "type": "Point", "coordinates": [ 134.049941, 34.344244 ] } },
{ "type": "Feature", "properties": { "ID": 3722370502630, "正式名称": "那須医院", "機関区分": 2, "都道府県コード": 37, "市区町村コード": 201, "所在地": "香川県高松市円座町１５９３", "緯度": 34.284633, "経度": 134.006667, "url": "https://www.iryou.teikyouseido.mhlw.go.jp/znk-web/juminkanja/S2430/initialize?prefCd=37&kikanCd=2370502630&kikanKbn=2", "url2": null, "内容": "那須医院【2:診療所】【診療科目:内科_小児科】香川県高松市円座町１５９３" }, "geometry": { "type": "Point", "coordinates": [ 134.006667, 34.284633 ] } },
{ "type": "Feature", "properties": { "ID": 3722370502650, "正式名称": "医療法人社団中空医院", "機関区分": 2, "都道府県コード": 37, "市区町村コード": 201, "所在地": "香川県高松市香西本町２５６－１", "緯度": 34.343598, "経度": 134.003831, "url": "https://www.iryou.teikyouseido.mhlw.go.jp/znk-web/juminkanja/S2430/initialize?prefCd=37&kikanCd=2370502650&kikanKbn=2", "url2": "https://nakazora.kagawa.jp/", "内容": "医療法人社団中空医院【2:診療所】【診療科目:内科_糖尿病・内分泌内科_循環器内科_人工透析内科】香川県高松市香西本町２５６－１" }, "geometry": { "type": "Point", "coordinates": [ 134.003831, 34.343598 ] } },
{ "type": "Feature", "properties": { "ID": 3722370502670, "正式名称": "中川皮膚科医院", "機関区分": 2, "都道府県コード": 37, "市区町村コード": 201, "所在地": "香川県高松市国分寺町新居１２８８－６", "緯度": 34.297325, "経度": 133.961059, "url": "https://www.iryou.teikyouseido.mhlw.go.jp/znk-web/juminkanja/S2430/initialize?prefCd=37&kikanCd=2370502670&kikanKbn=2", "url2": "http://www.nakagawa-hifuka-iin.com/", "内容": "中川皮膚科医院【2:診療所】【診療科目:皮膚科】香川県高松市国分寺町新居１２８８－６" }, "geometry": { "type": "Point", "coordinates": [ 133.961059, 34.297325 ] } },
{ "type": "Feature", "properties": { "ID": 3722370502680, "正式名称": "医療法人建心会　長尾医院", "機関区分": 2, "都道府県コード": 37, "市区町村コード": 201, "所在地": "香川県高松市飯田町３４３－１", "緯度": 34.320629, "経度": 133.998027, "url": "https://www.iryou.teikyouseido.mhlw.go.jp/znk-web/juminkanja/S2430/initialize?prefCd=37&kikanCd=2370502680&kikanKbn=2", "url2": null, "内容": "医療法人建心会　長尾医院【2:診療所】【診療科目:内科】香川県高松市飯田町３４３－１" }, "geometry": { "type": "Point", "coordinates": [ 133.998027, 34.320629 ] } },
{ "type": "Feature", "properties": { "ID": 3722370502690, "正式名称": "なりあい医院", "機関区分": 2, "都道府県コード": 37, "市区町村コード": 201, "所在地": "香川県高松市成合町１３５７", "緯度": 34.301242, "経度": 134.018581, "url": "https://www.iryou.teikyouseido.mhlw.go.jp/znk-web/juminkanja/S2430/initialize?prefCd=37&kikanCd=2370502690&kikanKbn=2", "url2": null, "内容": "なりあい医院【2:診療所】【診療科目:胃腸内科_外科_リハビリテーション科】香川県高松市成合町１３５７" }, "geometry": { "type": "Point", "coordinates": [ 134.018581, 34.301242 ] } },
{ "type": "Feature", "properties": { "ID": 3722370502730, "正式名称": "西風循環器科医院", "機関区分": 2, "都道府県コード": 37, "市区町村コード": 201, "所在地": "香川県高松市紺屋町３－１２", "緯度": 34.344877, "経度": 134.047688, "url": "https://www.iryou.teikyouseido.mhlw.go.jp/znk-web/juminkanja/S2430/initialize?prefCd=37&kikanCd=2370502730&kikanKbn=2", "url2": null, "内容": "西風循環器科医院【2:診療所】【診療科目:内科_循環器内科】香川県高松市紺屋町３－１２" }, "geometry": { "type": "Point", "coordinates": [ 134.047688, 34.344877 ] } },
{ "type": "Feature", "properties": { "ID": 3722370502750, "正式名称": "医療法人社団良済会西春日小児科医院", "機関区分": 2, "都道府県コード": 37, "市区町村コード": 201, "所在地": "香川県高松市松並町５５９－３", "緯度": 34.316296, "経度": 134.027191, "url": "https://www.iryou.teikyouseido.mhlw.go.jp/znk-web/juminkanja/S2430/initialize?prefCd=37&kikanCd=2370502750&kikanKbn=2", "url2": "nishikasuga.com", "内容": "医療法人社団良済会西春日小児科医院【2:診療所】【診療科目:小児科_児童精神科】香川県高松市松並町５５９－３" }, "geometry": { "type": "Point", "coordinates": [ 134.027191, 34.316296 ] } },
{ "type": "Feature", "properties": { "ID": 3722370502770, "正式名称": "医療法人社団仁泉会西岡医院", "機関区分": 2, "都道府県コード": 37, "市区町村コード": 201, "所在地": "香川県高松市寺井町１３８５－１０", "緯度": 34.28205, "経度": 134.023415, "url": "https://www.iryou.teikyouseido.mhlw.go.jp/znk-web/juminkanja/S2430/initialize?prefCd=37&kikanCd=2370502770&kikanKbn=2", "url2": "https://www.jinsenkai.jp/nishioka/", "内容": "医療法人社団仁泉会西岡医院【2:診療所】【診療科目:内科_整形外科_小児科_リウマチ科_リハビリテーション科】香川県高松市寺井町１３８５－１０" }, "geometry": { "type": "Point", "coordinates": [ 134.023415, 34.28205 ] } },
{ "type": "Feature", "properties": { "ID": 3722370502780, "正式名称": "新田リウマチ整形外科医院", "機関区分": 2, "都道府県コード": 37, "市区町村コード": 201, "所在地": "香川県高松市木太町２５４３－１３", "緯度": 34.334851, "経度": 134.078436, "url": "https://www.iryou.teikyouseido.mhlw.go.jp/znk-web/juminkanja/S2430/initialize?prefCd=37&kikanCd=2370502780&kikanKbn=2", "url2": null, "内容": "新田リウマチ整形外科医院【2:診療所】【診療科目:整形外科_リウマチ科_リハビリテーション科】香川県高松市木太町２５４３－１３" }, "geometry": { "type": "Point", "coordinates": [ 134.078436, 34.334851 ] } },
{ "type": "Feature", "properties": { "ID": 3722370502810, "正式名称": "西川クリニック", "機関区分": 2, "都道府県コード": 37, "市区町村コード": 201, "所在地": "香川県高松市瓦町１－４－５", "緯度": 34.341738, "経度": 134.052799, "url": "https://www.iryou.teikyouseido.mhlw.go.jp/znk-web/juminkanja/S2430/initialize?prefCd=37&kikanCd=2370502810&kikanKbn=2", "url2": "https://nishic.com/", "内容": "西川クリニック【2:診療所】【診療科目:整形外科_リハビリテーション科】香川県高松市瓦町１－４－５" }, "geometry": { "type": "Point", "coordinates": [ 134.052799, 34.341738 ] } },
{ "type": "Feature", "properties": { "ID": 3722370502820, "正式名称": "医療法人社団　西原眼科医院", "機関区分": 2, "都道府県コード": 37, "市区町村コード": 201, "所在地": "香川県高松市香川町大野１３２５－１", "緯度": 34.266829, "経度": 134.025499, "url": "https://www.iryou.teikyouseido.mhlw.go.jp/znk-web/juminkanja/S2430/initialize?prefCd=37&kikanCd=2370502820&kikanKbn=2", "url2": "www.nishihara-gankaiin.com", "内容": "医療法人社団　西原眼科医院【2:診療所】【診療科目:眼科】香川県高松市香川町大野１３２５－１" }, "geometry": { "type": "Point", "coordinates": [ 134.025499, 34.266829 ] } },
{ "type": "Feature", "properties": { "ID": 3722370502830, "正式名称": "医療法人社団西高松脳外科内科クリニック", "機関区分": 2, "都道府県コード": 37, "市区町村コード": 201, "所在地": "香川県高松市郷東町１３４－１　西高松メディカルビルイーア２階", "緯度": 34.344737, "経度": 134.017024, "url": "https://www.iryou.teikyouseido.mhlw.go.jp/znk-web/juminkanja/S2430/initialize?prefCd=37&kikanCd=2370502830&kikanKbn=2", "url2": "http://www.nishitakamatsu.jp", "内容": "医療法人社団西高松脳外科内科クリニック【2:診療所】【診療科目:内科_呼吸器内科_循環器内科_消化器内科_脳神経外科_リハビリテーション科_放射線科】香川県高松市郷東町１３４－１　西高松メディカルビルイーア２階" }, "geometry": { "type": "Point", "coordinates": [ 134.017024, 34.344737 ] } },
{ "type": "Feature", "properties": { "ID": 3722370502850, "正式名称": "沼本産婦人科医院", "機関区分": 2, "都道府県コード": 37, "市区町村コード": 201, "所在地": "香川県高松市東田町４－８", "緯度": 34.335545, "経度": 134.050938, "url": "https://www.iryou.teikyouseido.mhlw.go.jp/znk-web/juminkanja/S2430/initialize?prefCd=37&kikanCd=2370502850&kikanKbn=2", "url2": null, "内容": "沼本産婦人科医院【2:診療所】【診療科目:産婦人科】香川県高松市東田町４－８" }, "geometry": { "type": "Point", "coordinates": [ 134.050938, 34.335545 ] } },
{ "type": "Feature", "properties": { "ID": 3722370502860, "正式名称": "野口内科医院", "機関区分": 2, "都道府県コード": 37, "市区町村コード": 201, "所在地": "香川県高松市前田東町１２１３－２", "緯度": 34.288551, "経度": 134.110547, "url": "https://www.iryou.teikyouseido.mhlw.go.jp/znk-web/juminkanja/S2430/initialize?prefCd=37&kikanCd=2370502860&kikanKbn=2", "url2": null, "内容": "野口内科医院【2:診療所】【診療科目:内科_消化器内科】香川県高松市前田東町１２１３－２" }, "geometry": { "type": "Point", "coordinates": [ 134.110547, 34.288551 ] } },
{ "type": "Feature", "properties": { "ID": 3722370502870, "正式名称": "医療法人社団野田医院", "機関区分": 2, "都道府県コード": 37, "市区町村コード": 201, "所在地": "香川県高松市多賀町二丁目９－２０", "緯度": 34.336666, "経度": 134.058982, "url": "https://www.iryou.teikyouseido.mhlw.go.jp/znk-web/juminkanja/S2430/initialize?prefCd=37&kikanCd=2370502870&kikanKbn=2", "url2": "www.noda-iin.jp/", "内容": "医療法人社団野田医院【2:診療所】【診療科目:内科_循環器内科_小児科_皮膚科】香川県高松市多賀町二丁目９－２０" }, "geometry": { "type": "Point", "coordinates": [ 134.058982, 34.336666 ] } },
{ "type": "Feature", "properties": { "ID": 3722370502890, "正式名称": "のざき内科循環器科クリニック", "機関区分": 2, "都道府県コード": 37, "市区町村コード": 201, "所在地": "香川県高松市木太町２６３１番１", "緯度": 34.337378, "経度": 134.08138, "url": "https://www.iryou.teikyouseido.mhlw.go.jp/znk-web/juminkanja/S2430/initialize?prefCd=37&kikanCd=2370502890&kikanKbn=2", "url2": "https://dr-nozaki.com/clinic/", "内容": "のざき内科循環器科クリニック【2:診療所】【診療科目:内科_循環器内科】香川県高松市木太町２６３１番１" }, "geometry": { "type": "Point", "coordinates": [ 134.08138, 34.337378 ] } },
{ "type": "Feature", "properties": { "ID": 3722370502900, "正式名称": "医療法人社団のむら内科循環器消化器クリニック", "機関区分": 2, "都道府県コード": 37, "市区町村コード": 201, "所在地": "香川県高松市香川町川東上字漆原１８０２－７", "緯度": 34.239388, "経度": 134.032222, "url": "https://www.iryou.teikyouseido.mhlw.go.jp/znk-web/juminkanja/S2430/initialize?prefCd=37&kikanCd=2370502900&kikanKbn=2", "url2": "http://8423nomura.byoinnavi.jp/pc/", "内容": "医療法人社団のむら内科循環器消化器クリニック【2:診療所】【診療科目:内科_循環器内科_消化器内科】香川県高松市香川町川東上字漆原１８０２－７" }, "geometry": { "type": "Point", "coordinates": [ 134.032222, 34.239388 ] } },
{ "type": "Feature", "properties": { "ID": 3722370502910, "正式名称": "原胃腸科医院", "機関区分": 2, "都道府県コード": 37, "市区町村コード": 201, "所在地": "香川県高松市常磐町一丁目４－８　丸新ビル６Ｆ", "緯度": 34.338794, "経度": 134.051605, "url": "https://www.iryou.teikyouseido.mhlw.go.jp/znk-web/juminkanja/S2430/initialize?prefCd=37&kikanCd=2370502910&kikanKbn=2", "url2": null, "内容": "原胃腸科医院【2:診療所】【診療科目:内科_消化器内科】香川県高松市常磐町一丁目４－８　丸新ビル６Ｆ" }, "geometry": { "type": "Point", "coordinates": [ 134.051605, 34.338794 ] } },
{ "type": "Feature", "properties": { "ID": 3722370502920, "正式名称": "八幡前三好医院", "機関区分": 2, "都道府県コード": 37, "市区町村コード": 201, "所在地": "香川県高松市宮脇町一丁目３１－５", "緯度": 34.336933, "経度": 134.036023, "url": "https://www.iryou.teikyouseido.mhlw.go.jp/znk-web/juminkanja/S2430/initialize?prefCd=37&kikanCd=2370502920&kikanKbn=2", "url2": "https://www.hachimanmae-miyoshi.jp/", "内容": "八幡前三好医院【2:診療所】【診療科目:内科_消化器内科】香川県高松市宮脇町一丁目３１－５" }, "geometry": { "type": "Point", "coordinates": [ 134.036023, 34.336933 ] } },
{ "type": "Feature", "properties": { "ID": 3722370502930, "正式名称": "医療法人社団幡内科・消化器内科クリニック", "機関区分": 2, "都道府県コード": 37, "市区町村コード": 201, "所在地": "香川県高松市天神前６－２１", "緯度": 34.338203, "経度": 134.044158, "url": "https://www.iryou.teikyouseido.mhlw.go.jp/znk-web/juminkanja/S2430/initialize?prefCd=37&kikanCd=2370502930&kikanKbn=2", "url2": "http://www.hatanaikaiin.com/", "内容": "医療法人社団幡内科・消化器内科クリニック【2:診療所】【診療科目:内科_消化器内科】香川県高松市天神前６－２１" }, "geometry": { "type": "Point", "coordinates": [ 134.044158, 34.338203 ] } },
{ "type": "Feature", "properties": { "ID": 3722370502940, "正式名称": "医療法人社団伸萌会花房外科医院", "機関区分": 2, "都道府県コード": 37, "市区町村コード": 201, "所在地": "香川県高松市鶴市町２０２６－１", "緯度": 34.339405, "経度": 134.01058, "url": "https://www.iryou.teikyouseido.mhlw.go.jp/znk-web/juminkanja/S2430/initialize?prefCd=37&kikanCd=2370502940&kikanKbn=2", "url2": "http://www.shinboukai.net/home/index.html", "内容": "医療法人社団伸萌会花房外科医院【2:診療所】【診療科目:外科_消化器外科_肛門外科_リハビリテーション科】香川県高松市鶴市町２０２６－１" }, "geometry": { "type": "Point", "coordinates": [ 134.01058, 34.339405 ] } },
{ "type": "Feature", "properties": { "ID": 3722370502960, "正式名称": "医療法人社団はた医院", "機関区分": 2, "都道府県コード": 37, "市区町村コード": 201, "所在地": "香川県高松市香西本町８９", "緯度": 34.349098, "経度": 134.002331, "url": "https://www.iryou.teikyouseido.mhlw.go.jp/znk-web/juminkanja/S2430/initialize?prefCd=37&kikanCd=2370502960&kikanKbn=2", "url2": null, "内容": "医療法人社団はた医院【2:診療所】【診療科目:内科_消化器内科_小児科_リハビリテーション科】香川県高松市香西本町８９" }, "geometry": { "type": "Point", "coordinates": [ 134.002331, 34.349098 ] } },
{ "type": "Feature", "properties": { "ID": 3722370502980, "正式名称": "医療法人社団宅光会リウマチ・腎臓内科はちまんクリニック", "機関区分": 2, "都道府県コード": 37, "市区町村コード": 201, "所在地": "香川県高松市宮脇町１丁目１８－１１", "緯度": 34.337655, "経度": 134.038825, "url": "https://www.iryou.teikyouseido.mhlw.go.jp/znk-web/juminkanja/S2430/initialize?prefCd=37&kikanCd=2370502980&kikanKbn=2", "url2": "http://8man-clinic.com", "内容": "医療法人社団宅光会リウマチ・腎臓内科はちまんクリニック【2:診療所】【診療科目:内科_腎臓内科_人工透析内科_リウマチ科】香川県高松市宮脇町１丁目１８－１１" }, "geometry": { "type": "Point", "coordinates": [ 134.038825, 34.337655 ] } },
{ "type": "Feature", "properties": { "ID": 3722370502990, "正式名称": "医療法人社団ふるきた皮フ科", "機関区分": 2, "都道府県コード": 37, "市区町村コード": 201, "所在地": "香川県高松市多肥上町１１１１－１多肥メディカルビルイーア１Ｆ", "緯度": 34.295104, "経度": 134.052543, "url": "https://www.iryou.teikyouseido.mhlw.go.jp/znk-web/juminkanja/S2430/initialize?prefCd=37&kikanCd=2370502990&kikanKbn=2", "url2": "furukita-hifuka.com", "内容": "医療法人社団ふるきた皮フ科【2:診療所】【診療科目:皮膚科】香川県高松市多肥上町１１１１－１多肥メディカルビルイーア１Ｆ" }, "geometry": { "type": "Point", "coordinates": [ 134.052543, 34.295104 ] } },
{ "type": "Feature", "properties": { "ID": 3722370503000, "正式名称": "医療法人社団はらだ産婦人科医院", "機関区分": 2, "都道府県コード": 37, "市区町村コード": 201, "所在地": "香川県高松市花ノ宮町一丁目５－３０", "緯度": 34.326573, "経度": 134.049689, "url": "https://www.iryou.teikyouseido.mhlw.go.jp/znk-web/juminkanja/S2430/initialize?prefCd=37&kikanCd=2370503000&kikanKbn=2", "url2": null, "内容": "医療法人社団はらだ産婦人科医院【2:診療所】【診療科目:産婦人科】香川県高松市花ノ宮町一丁目５－３０" }, "geometry": { "type": "Point", "coordinates": [ 134.049689, 34.326573 ] } },
{ "type": "Feature", "properties": { "ID": 3722370503020, "正式名称": "医療法人社団ひまわり会はまもと医院", "機関区分": 2, "都道府県コード": 37, "市区町村コード": 201, "所在地": "香川県高松市六条町７９５－６", "緯度": 34.297632, "経度": 134.078521, "url": "https://www.iryou.teikyouseido.mhlw.go.jp/znk-web/juminkanja/S2430/initialize?prefCd=37&kikanCd=2370503020&kikanKbn=2", "url2": null, "内容": "医療法人社団ひまわり会はまもと医院【2:診療所】【診療科目:内科_糖尿病内科_呼吸器内科_循環器内科_消化器内科_腎臓内科_アレルギー科_リハビリテーション科】香川県高松市六条町７９５－６" }, "geometry": { "type": "Point", "coordinates": [ 134.078521, 34.297632 ] } },
{ "type": "Feature", "properties": { "ID": 3722370503040, "正式名称": "医療法人社団はせ川内科循環器科医院", "機関区分": 2, "都道府県コード": 37, "市区町村コード": 201, "所在地": "香川県高松市屋島西町１７３６", "緯度": 34.346186, "経度": 134.106645, "url": "https://www.iryou.teikyouseido.mhlw.go.jp/znk-web/juminkanja/S2430/initialize?prefCd=37&kikanCd=2370503040&kikanKbn=2", "url2": "hasegawa-heart.com/", "内容": "医療法人社団はせ川内科循環器科医院【2:診療所】【診療科目:内科_循環器内科】香川県高松市屋島西町１７３６" }, "geometry": { "type": "Point", "coordinates": [ 134.106645, 34.346186 ] } },
{ "type": "Feature", "properties": { "ID": 3722370503060, "正式名称": "端岡厚生クリニック", "機関区分": 2, "都道府県コード": 37, "市区町村コード": 201, "所在地": "香川県高松市国分寺町新居４６９－６", "緯度": 34.30563, "経度": 133.967697, "url": "https://www.iryou.teikyouseido.mhlw.go.jp/znk-web/juminkanja/S2430/initialize?prefCd=37&kikanCd=2370503060&kikanKbn=2", "url2": "http://w01.tp1.jp/~a151823631/", "内容": "端岡厚生クリニック【2:診療所】【診療科目:精神科_心療内科】香川県高松市国分寺町新居４６９－６" }, "geometry": { "type": "Point", "coordinates": [ 133.967697, 34.30563 ] } },
{ "type": "Feature", "properties": { "ID": 3722370503070, "正式名称": "医療法人社団ハピネスこどもクリニック", "機関区分": 2, "都道府県コード": 37, "市区町村コード": 201, "所在地": "香川県高松市十川東町５５－１", "緯度": 34.271802, "経度": 134.108686, "url": "https://www.iryou.teikyouseido.mhlw.go.jp/znk-web/juminkanja/S2430/initialize?prefCd=37&kikanCd=2370503070&kikanKbn=2", "url2": "http://www.happiness-kids-c.com/", "内容": "医療法人社団ハピネスこどもクリニック【2:診療所】【診療科目:小児科】香川県高松市十川東町５５－１" }, "geometry": { "type": "Point", "coordinates": [ 134.108686, 34.271802 ] } },
{ "type": "Feature", "properties": { "ID": 3722370503080, "正式名称": "医療法人社団讃志会花ノ宮クリニック", "機関区分": 2, "都道府県コード": 37, "市区町村コード": 201, "所在地": "香川県高松市花ノ宮町１－５－３６", "緯度": 34.326795, "経度": 134.049744, "url": "https://www.iryou.teikyouseido.mhlw.go.jp/znk-web/juminkanja/S2430/initialize?prefCd=37&kikanCd=2370503080&kikanKbn=2", "url2": null, "内容": "医療法人社団讃志会花ノ宮クリニック【2:診療所】【診療科目:内科_循環器内科_腎臓内科_人工透析内科_リウマチ科】香川県高松市花ノ宮町１－５－３６" }, "geometry": { "type": "Point", "coordinates": [ 134.049744, 34.326795 ] } },
{ "type": "Feature", "properties": { "ID": 3722370503100, "正式名称": "医療法人社団平井眼科医院", "機関区分": 2, "都道府県コード": 37, "市区町村コード": 201, "所在地": "香川県高松市木太町２５５９－２", "緯度": 34.33374, "経度": 134.079353, "url": "https://www.iryou.teikyouseido.mhlw.go.jp/znk-web/juminkanja/S2430/initialize?prefCd=37&kikanCd=2370503100&kikanKbn=2", "url2": null, "内容": "医療法人社団平井眼科医院【2:診療所】【診療科目:眼科】香川県高松市木太町２５５９－２" }, "geometry": { "type": "Point", "coordinates": [ 134.079353, 34.33374 ] } },
{ "type": "Feature", "properties": { "ID": 3722370503110, "正式名称": "ひがさクリニック", "機関区分": 2, "都道府県コード": 37, "市区町村コード": 201, "所在地": "香川県高松市三谷町１６９７－１４", "緯度": 34.279301, "経度": 134.060468, "url": "https://www.iryou.teikyouseido.mhlw.go.jp/znk-web/juminkanja/S2430/initialize?prefCd=37&kikanCd=2370503110&kikanKbn=2", "url2": null, "内容": "ひがさクリニック【2:診療所】【診療科目:整形外科_小児科_リウマチ科_リハビリテーション科】香川県高松市三谷町１６９７－１４" }, "geometry": { "type": "Point", "coordinates": [ 134.060468, 34.279301 ] } },
{ "type": "Feature", "properties": { "ID": 3722370503130, "正式名称": "ピュア形成外科医院", "機関区分": 2, "都道府県コード": 37, "市区町村コード": 201, "所在地": "香川県高松市天神前５－６－６Ｆ", "緯度": 34.34035, "経度": 134.044994, "url": "https://www.iryou.teikyouseido.mhlw.go.jp/znk-web/juminkanja/S2430/initialize?prefCd=37&kikanCd=2370503130&kikanKbn=2", "url2": "www.I-clinic.org", "内容": "ピュア形成外科医院【2:診療所】【診療科目:形成外科_美容外科_皮膚科_美容皮膚科】香川県高松市天神前５－６－６Ｆ" }, "geometry": { "type": "Point", "coordinates": [ 134.044994, 34.34035 ] } },
{ "type": "Feature", "properties": { "ID": 3722370503210, "正式名称": "医療法人社団福田眼科医院", "機関区分": 2, "都道府県コード": 37, "市区町村コード": 201, "所在地": "香川県高松市仏生山町甲３４４－３", "緯度": 34.282911, "経度": 134.044469, "url": "https://www.iryou.teikyouseido.mhlw.go.jp/znk-web/juminkanja/S2430/initialize?prefCd=37&kikanCd=2370503210&kikanKbn=2", "url2": "https://fukuda-gankaiin.com/", "内容": "医療法人社団福田眼科医院【2:診療所】【診療科目:眼科】香川県高松市仏生山町甲３４４－３" }, "geometry": { "type": "Point", "coordinates": [ 134.044469, 34.282911 ] } },
{ "type": "Feature", "properties": { "ID": 3722370503250, "正式名称": "医療法人社団仏生山みぞぶち内科医院", "機関区分": 2, "都道府県コード": 37, "市区町村コード": 201, "所在地": "香川県高松市仏生山町甲６９１－１", "緯度": 34.280634, "経度": 134.045219, "url": "https://www.iryou.teikyouseido.mhlw.go.jp/znk-web/juminkanja/S2430/initialize?prefCd=37&kikanCd=2370503250&kikanKbn=2", "url2": null, "内容": "医療法人社団仏生山みぞぶち内科医院【2:診療所】【診療科目:内科_消化器内科】香川県高松市仏生山町甲６９１－１" }, "geometry": { "type": "Point", "coordinates": [ 134.045219, 34.280634 ] } },
{ "type": "Feature", "properties": { "ID": 3722370503260, "正式名称": "ぶんご内科医院", "機関区分": 2, "都道府県コード": 37, "市区町村コード": 201, "所在地": "香川県高松市太田下町２４６３－６", "緯度": 34.310242, "経度": 134.048856, "url": "https://www.iryou.teikyouseido.mhlw.go.jp/znk-web/juminkanja/S2430/initialize?prefCd=37&kikanCd=2370503260&kikanKbn=2", "url2": "http://www.bungoiin.com/", "内容": "ぶんご内科医院【2:診療所】【診療科目:内科_呼吸器内科_消化器内科】香川県高松市太田下町２４６３－６" }, "geometry": { "type": "Point", "coordinates": [ 134.048856, 34.310242 ] } },
{ "type": "Feature", "properties": { "ID": 3722370503270, "正式名称": "医療法人社団藤井外科胃腸科・整形外科", "機関区分": 2, "都道府県コード": 37, "市区町村コード": 201, "所在地": "香川県高松市田村町１２７７", "緯度": 34.305603, "経度": 134.037024, "url": "https://www.iryou.teikyouseido.mhlw.go.jp/znk-web/juminkanja/S2430/initialize?prefCd=37&kikanCd=2370503270&kikanKbn=2", "url2": "https://www.tanino-tegeka-seikei.com", "内容": "医療法人社団藤井外科胃腸科・整形外科【2:診療所】【診療科目:内科_外科_整形外科_リウマチ科_リハビリテーション科】香川県高松市田村町１２７７" }, "geometry": { "type": "Point", "coordinates": [ 134.037024, 34.305603 ] } },
{ "type": "Feature", "properties": { "ID": 3722370503280, "正式名称": "医療法人社団藤沢こどもクリニック", "機関区分": 2, "都道府県コード": 37, "市区町村コード": 201, "所在地": "香川県高松市中間町４９－１０", "緯度": 34.287993, "経度": 134.002056, "url": "https://www.iryou.teikyouseido.mhlw.go.jp/znk-web/juminkanja/S2430/initialize?prefCd=37&kikanCd=2370503280&kikanKbn=2", "url2": "http://fujisawa.kids.coocan.jp", "内容": "医療法人社団藤沢こどもクリニック【2:診療所】【診療科目:小児科】香川県高松市中間町４９－１０" }, "geometry": { "type": "Point", "coordinates": [ 134.002056, 34.287993 ] } },
{ "type": "Feature", "properties": { "ID": 3722370503300, "正式名称": "医療法人社団ふくま内科クリニック", "機関区分": 2, "都道府県コード": 37, "市区町村コード": 201, "所在地": "香川県高松市牟礼町牟礼２５６０－１１", "緯度": 34.347267, "経度": 134.121682, "url": "https://www.iryou.teikyouseido.mhlw.go.jp/znk-web/juminkanja/S2430/initialize?prefCd=37&kikanCd=2370503300&kikanKbn=2", "url2": null, "内容": "医療法人社団ふくま内科クリニック【2:診療所】【診療科目:内科_消化器内科】香川県高松市牟礼町牟礼２５６０－１１" }, "geometry": { "type": "Point", "coordinates": [ 134.121682, 34.347267 ] } },
{ "type": "Feature", "properties": { "ID": 3722370503330, "正式名称": "本多内科医院", "機関区分": 2, "都道府県コード": 37, "市区町村コード": 201, "所在地": "香川県高松市今新町８－５", "緯度": 34.344099, "経度": 134.050938, "url": "https://www.iryou.teikyouseido.mhlw.go.jp/znk-web/juminkanja/S2430/initialize?prefCd=37&kikanCd=2370503330&kikanKbn=2", "url2": "https://www.hondanaika.com", "内容": "本多内科医院【2:診療所】【診療科目:内科_血液内科】香川県高松市今新町８－５" }, "geometry": { "type": "Point", "coordinates": [ 134.050938, 34.344099 ] } },
{ "type": "Feature", "properties": { "ID": 3722370503350, "正式名称": "堀耳鼻咽喉科医院", "機関区分": 2, "都道府県コード": 37, "市区町村コード": 201, "所在地": "香川県高松市錦町二丁目１３－１１", "緯度": 34.345793, "経度": 134.039633, "url": "https://www.iryou.teikyouseido.mhlw.go.jp/znk-web/juminkanja/S2430/initialize?prefCd=37&kikanCd=2370503350&kikanKbn=2", "url2": null, "内容": "堀耳鼻咽喉科医院【2:診療所】【診療科目:耳鼻いんこう科】香川県高松市錦町二丁目１３－１１" }, "geometry": { "type": "Point", "coordinates": [ 134.039633, 34.345793 ] } },
{ "type": "Feature", "properties": { "ID": 3722370503370, "正式名称": "ほそかわクリニック", "機関区分": 2, "都道府県コード": 37, "市区町村コード": 201, "所在地": "香川県高松市番町一丁目２－１９", "緯度": 34.344627, "経度": 134.046688, "url": "https://www.iryou.teikyouseido.mhlw.go.jp/znk-web/juminkanja/S2430/initialize?prefCd=37&kikanCd=2370503370&kikanKbn=2", "url2": "http://www.h-clinic.com/", "内容": "ほそかわクリニック【2:診療所】【診療科目:精神科_心療内科】香川県高松市番町一丁目２－１９" }, "geometry": { "type": "Point", "coordinates": [ 134.046688, 34.344627 ] } },
{ "type": "Feature", "properties": { "ID": 3722370503410, "正式名称": "医療法人社団マツオカ医院", "機関区分": 2, "都道府県コード": 37, "市区町村コード": 201, "所在地": "香川県高松市一宮町１４３－５", "緯度": 34.285966, "経度": 134.033053, "url": "https://www.iryou.teikyouseido.mhlw.go.jp/znk-web/juminkanja/S2430/initialize?prefCd=37&kikanCd=2370503410&kikanKbn=2", "url2": null, "内容": "医療法人社団マツオカ医院【2:診療所】【診療科目:内科_糖尿病内科_皮膚科】香川県高松市一宮町１４３－５" }, "geometry": { "type": "Point", "coordinates": [ 134.033053, 34.285966 ] } },
{ "type": "Feature", "properties": { "ID": 3722370503420, "正式名称": "医療法人社団松田内科医院", "機関区分": 2, "都道府県コード": 37, "市区町村コード": 201, "所在地": "香川県高松市藤塚町一丁目３－２１", "緯度": 34.334517, "経度": 134.047244, "url": "https://www.iryou.teikyouseido.mhlw.go.jp/znk-web/juminkanja/S2430/initialize?prefCd=37&kikanCd=2370503420&kikanKbn=2", "url2": null, "内容": "医療法人社団松田内科医院【2:診療所】【診療科目:内科_循環器内科_胃腸内科_漢方内科_内視鏡内科】香川県高松市藤塚町一丁目３－２１" }, "geometry": { "type": "Point", "coordinates": [ 134.047244, 34.334517 ] } },
{ "type": "Feature", "properties": { "ID": 3722370503430, "正式名称": "医療法人社団真鍋医院", "機関区分": 2, "都道府県コード": 37, "市区町村コード": 201, "所在地": "香川県高松市番町二丁目４－１５", "緯度": 34.343044, "経度": 134.044133, "url": "https://www.iryou.teikyouseido.mhlw.go.jp/znk-web/juminkanja/S2430/initialize?prefCd=37&kikanCd=2370503430&kikanKbn=2", "url2": null, "内容": "医療法人社団真鍋医院【2:診療所】【診療科目:耳鼻いんこう科】香川県高松市番町二丁目４－１５" }, "geometry": { "type": "Point", "coordinates": [ 134.044133, 34.343044 ] } },
{ "type": "Feature", "properties": { "ID": 3722370503440, "正式名称": "医療法人社団松本整形外科医院", "機関区分": 2, "都道府県コード": 37, "市区町村コード": 201, "所在地": "香川県高松市塩上町二丁目８－１", "緯度": 34.338822, "経度": 134.05541, "url": "https://www.iryou.teikyouseido.mhlw.go.jp/znk-web/juminkanja/S2430/initialize?prefCd=37&kikanCd=2370503440&kikanKbn=2", "url2": null, "内容": "医療法人社団松本整形外科医院【2:診療所】【診療科目:整形外科_リハビリテーション科】香川県高松市塩上町二丁目８－１" }, "geometry": { "type": "Point", "coordinates": [ 134.05541, 34.338822 ] } },
{ "type": "Feature", "properties": { "ID": 3722370503450, "正式名称": "医療法人社団哲樹会真弓内科呼吸器科医院", "機関区分": 2, "都道府県コード": 37, "市区町村コード": 201, "所在地": "香川県高松市塩上町二丁目２－６", "緯度": 34.340572, "経度": 134.05616, "url": "https://www.iryou.teikyouseido.mhlw.go.jp/znk-web/juminkanja/S2430/initialize?prefCd=37&kikanCd=2370503450&kikanKbn=2", "url2": "http://satokikai.jp", "内容": "医療法人社団哲樹会真弓内科呼吸器科医院【2:診療所】【診療科目:内科_糖尿病・代謝内科_呼吸器内科_循環器内科_アレルギー科】香川県高松市塩上町二丁目２－６" }, "geometry": { "type": "Point", "coordinates": [ 134.05616, 34.340572 ] } },
{ "type": "Feature", "properties": { "ID": 3722370503460, "正式名称": "医療法人社団松山内科クリニック", "機関区分": 2, "都道府県コード": 37, "市区町村コード": 201, "所在地": "香川県高松市多肥下町１５０１－１", "緯度": 34.306631, "経度": 134.057078, "url": "https://www.iryou.teikyouseido.mhlw.go.jp/znk-web/juminkanja/S2430/initialize?prefCd=37&kikanCd=2370503460&kikanKbn=2", "url2": "http://www.matsuyama-clinic.com", "内容": "医療法人社団松山内科クリニック【2:診療所】【診療科目:内科_糖尿病内科_循環器内科】香川県高松市多肥下町１５０１－１" }, "geometry": { "type": "Point", "coordinates": [ 134.057078, 34.306631 ] } },
{ "type": "Feature", "properties": { "ID": 3722370503470, "正式名称": "松原耳鼻咽喉科医院", "機関区分": 2, "都道府県コード": 37, "市区町村コード": 201, "所在地": "香川県高松市川島東町５１８－１", "緯度": 34.27633, "経度": 134.09952, "url": "https://www.iryou.teikyouseido.mhlw.go.jp/znk-web/juminkanja/S2430/initialize?prefCd=37&kikanCd=2370503470&kikanKbn=2", "url2": null, "内容": "松原耳鼻咽喉科医院【2:診療所】【診療科目:耳鼻いんこう科】香川県高松市川島東町５１８－１" }, "geometry": { "type": "Point", "coordinates": [ 134.09952, 34.27633 ] } },
{ "type": "Feature", "properties": { "ID": 3722370503500, "正式名称": "医療法人社団研友会真弓皮膚泌尿器科医院", "機関区分": 2, "都道府県コード": 37, "市区町村コード": 201, "所在地": "香川県高松市福田町１３－３", "緯度": 34.340933, "経度": 134.053827, "url": "https://www.iryou.teikyouseido.mhlw.go.jp/znk-web/juminkanja/S2430/initialize?prefCd=37&kikanCd=2370503500&kikanKbn=2", "url2": "https://www.mayumi-clinic.jp", "内容": "医療法人社団研友会真弓皮膚泌尿器科医院【2:診療所】【診療科目:皮膚科_泌尿器科】香川県高松市福田町１３－３" }, "geometry": { "type": "Point", "coordinates": [ 134.053827, 34.340933 ] } },
{ "type": "Feature", "properties": { "ID": 3722370503510, "正式名称": "医療法人社団つなぎ　まさだ皮フ科", "機関区分": 2, "都道府県コード": 37, "市区町村コード": 201, "所在地": "香川県高松市郷東町東新開１３４－１　西高松メディカルビルイーア３階", "緯度": 34.344793, "経度": 134.01658, "url": "https://www.iryou.teikyouseido.mhlw.go.jp/znk-web/juminkanja/S2430/initialize?prefCd=37&kikanCd=2370503510&kikanKbn=2", "url2": "http://www.masada-hifuka.com.", "内容": "医療法人社団つなぎ　まさだ皮フ科【2:診療所】【診療科目:皮膚科_美容皮膚科】香川県高松市郷東町東新開１３４－１　西高松メディカルビルイーア３階" }, "geometry": { "type": "Point", "coordinates": [ 134.01658, 34.344793 ] } },
{ "type": "Feature", "properties": { "ID": 3722370503520, "正式名称": "医療法人社団あずみ会まつもと眼科", "機関区分": 2, "都道府県コード": 37, "市区町村コード": 201, "所在地": "香川県高松市郷東町東新開１３４－１　西高松メディカルビルイーア３階", "緯度": 34.344754, "経度": 134.016864, "url": "https://www.iryou.teikyouseido.mhlw.go.jp/znk-web/juminkanja/S2430/initialize?prefCd=37&kikanCd=2370503520&kikanKbn=2", "url2": "https://www.nishitakamatsu.jp", "内容": "医療法人社団あずみ会まつもと眼科【2:診療所】【診療科目:眼科】香川県高松市郷東町東新開１３４－１　西高松メディカルビルイーア３階" }, "geometry": { "type": "Point", "coordinates": [ 134.016864, 34.344754 ] } },
{ "type": "Feature", "properties": { "ID": 3722370503530, "正式名称": "医療法人社団松下眼科", "機関区分": 2, "都道府県コード": 37, "市区町村コード": 201, "所在地": "香川県高松市瓦町二丁目７－１　冠野ビル４Ｆ", "緯度": 34.339933, "経度": 134.051799, "url": "https://www.iryou.teikyouseido.mhlw.go.jp/znk-web/juminkanja/S2430/initialize?prefCd=37&kikanCd=2370503530&kikanKbn=2", "url2": null, "内容": "医療法人社団松下眼科【2:診療所】【診療科目:眼科】香川県高松市瓦町二丁目７－１　冠野ビル４Ｆ" }, "geometry": { "type": "Point", "coordinates": [ 134.051799, 34.339933 ] } },
{ "type": "Feature", "properties": { "ID": 3722370503540, "正式名称": "医療法人社団看源会松木泌尿器科医院", "機関区分": 2, "都道府県コード": 37, "市区町村コード": 201, "所在地": "香川県高松市前田西町１０８０－７", "緯度": 34.296161, "経度": 134.099381, "url": "https://www.iryou.teikyouseido.mhlw.go.jp/znk-web/juminkanja/S2430/initialize?prefCd=37&kikanCd=2370503540&kikanKbn=2", "url2": "http://www.mat-iin.com/", "内容": "医療法人社団看源会松木泌尿器科医院【2:診療所】【診療科目:泌尿器科】香川県高松市前田西町１０８０－７" }, "geometry": { "type": "Point", "coordinates": [ 134.099381, 34.296161 ] } },
{ "type": "Feature", "properties": { "ID": 3722370503550, "正式名称": "医療法人信眼会まなべ眼科クリニック", "機関区分": 2, "都道府県コード": 37, "市区町村コード": 201, "所在地": "香川県高松市番町三丁目２０－２", "緯度": 34.34221, "経度": 134.039078, "url": "https://www.iryou.teikyouseido.mhlw.go.jp/znk-web/juminkanja/S2430/initialize?prefCd=37&kikanCd=2370503550&kikanKbn=2", "url2": "https://www.manabeganka.jp", "内容": "医療法人信眼会まなべ眼科クリニック【2:診療所】【診療科目:眼科】香川県高松市番町三丁目２０－２" }, "geometry": { "type": "Point", "coordinates": [ 134.039078, 34.34221 ] } },
{ "type": "Feature", "properties": { "ID": 3722370503560, "正式名称": "内科前田医院", "機関区分": 2, "都道府県コード": 37, "市区町村コード": 201, "所在地": "香川県高松市松島町二丁目十七番十五号", "緯度": 34.337822, "経度": 134.065548, "url": "https://www.iryou.teikyouseido.mhlw.go.jp/znk-web/juminkanja/S2430/initialize?prefCd=37&kikanCd=2370503560&kikanKbn=2", "url2": "http://www.maeda-cl.com", "内容": "内科前田医院【2:診療所】【診療科目:内科_アレルギー科_リハビリテーション科】香川県高松市松島町二丁目十七番十五号" }, "geometry": { "type": "Point", "coordinates": [ 134.065548, 34.337822 ] } },
{ "type": "Feature", "properties": { "ID": 3722370503590, "正式名称": "医療法人社団　三好内科医院", "機関区分": 2, "都道府県コード": 37, "市区町村コード": 201, "所在地": "香川県高松市川島本町４３１－５", "緯度": 34.276357, "経度": 134.082383, "url": "https://www.iryou.teikyouseido.mhlw.go.jp/znk-web/juminkanja/S2430/initialize?prefCd=37&kikanCd=2370503590&kikanKbn=2", "url2": null, "内容": "医療法人社団　三好内科医院【2:診療所】【診療科目:内科_循環器内科_消化器内科_泌尿器科_リハビリテーション科】香川県高松市川島本町４３１－５" }, "geometry": { "type": "Point", "coordinates": [ 134.082383, 34.276357 ] } },
{ "type": "Feature", "properties": { "ID": 3722370503600, "正式名称": "医療法人社団　溝口クリニック", "機関区分": 2, "都道府県コード": 37, "市区町村コード": 201, "所在地": "香川県高松市円座町１５７５－３", "緯度": 34.286577, "経度": 134.005555, "url": "https://www.iryou.teikyouseido.mhlw.go.jp/znk-web/juminkanja/S2430/initialize?prefCd=37&kikanCd=2370503600&kikanKbn=2", "url2": null, "内容": "医療法人社団　溝口クリニック【2:診療所】【診療科目:内科】香川県高松市円座町１５７５－３" }, "geometry": { "type": "Point", "coordinates": [ 134.005555, 34.286577 ] } },
{ "type": "Feature", "properties": { "ID": 3722370503630, "正式名称": "医療法人社団光樹会　水谷内科クリニック", "機関区分": 2, "都道府県コード": 37, "市区町村コード": 201, "所在地": "香川県高松市木太町３６０２－１", "緯度": 34.324019, "経度": 134.079631, "url": "https://www.iryou.teikyouseido.mhlw.go.jp/znk-web/juminkanja/S2430/initialize?prefCd=37&kikanCd=2370503630&kikanKbn=2", "url2": "m-koujyukai.or.jp", "内容": "医療法人社団光樹会　水谷内科クリニック【2:診療所】【診療科目:内科_消化器内科】香川県高松市木太町３６０２－１" }, "geometry": { "type": "Point", "coordinates": [ 134.079631, 34.324019 ] } },
{ "type": "Feature", "properties": { "ID": 3722370503690, "正式名称": "医療法人社団宮本耳鼻咽喉科医院", "機関区分": 2, "都道府県コード": 37, "市区町村コード": 201, "所在地": "香川県高松市花ノ宮町一丁目１２－３６", "緯度": 34.326601, "経度": 134.046245, "url": "https://www.iryou.teikyouseido.mhlw.go.jp/znk-web/juminkanja/S2430/initialize?prefCd=37&kikanCd=2370503690&kikanKbn=2", "url2": "www.terra.dti.ne.jp/miyamoto-jibika/", "内容": "医療法人社団宮本耳鼻咽喉科医院【2:診療所】【診療科目:耳鼻いんこう科】香川県高松市花ノ宮町一丁目１２－３６" }, "geometry": { "type": "Point", "coordinates": [ 134.046245, 34.326601 ] } },
{ "type": "Feature", "properties": { "ID": 3722370503720, "正式名称": "メディカルカウンセリングルームたなかクリニック", "機関区分": 2, "都道府県コード": 37, "市区町村コード": 201, "所在地": "香川県高松市番町３−３−１７　４階", "緯度": 34.342982, "経度": 134.041818, "url": "https://www.iryou.teikyouseido.mhlw.go.jp/znk-web/juminkanja/S2430/initialize?prefCd=37&kikanCd=2370503720&kikanKbn=2", "url2": null, "内容": "メディカルカウンセリングルームたなかクリニック【2:診療所】【診療科目:精神科_心療内科】香川県高松市番町３−３−１７　４階" }, "geometry": { "type": "Point", "coordinates": [ 134.041818, 34.342982 ] } },
{ "type": "Feature", "properties": { "ID": 3722370503730, "正式名称": "森下内科医院", "機関区分": 2, "都道府県コード": 37, "市区町村コード": 201, "所在地": "香川県高松市瓦町二丁目６－１", "緯度": 34.339961, "経度": 134.05216, "url": "https://www.iryou.teikyouseido.mhlw.go.jp/znk-web/juminkanja/S2430/initialize?prefCd=37&kikanCd=2370503730&kikanKbn=2", "url2": null, "内容": "森下内科医院【2:診療所】【診療科目:内科_循環器内科】香川県高松市瓦町二丁目６－１" }, "geometry": { "type": "Point", "coordinates": [ 134.05216, 34.339961 ] } },
{ "type": "Feature", "properties": { "ID": 3722370503740, "正式名称": "森産婦人科医院", "機関区分": 2, "都道府県コード": 37, "市区町村コード": 201, "所在地": "香川県高松市瓦町二丁目３－５", "緯度": 34.340127, "経度": 134.052271, "url": "https://www.iryou.teikyouseido.mhlw.go.jp/znk-web/juminkanja/S2430/initialize?prefCd=37&kikanCd=2370503740&kikanKbn=2", "url2": "http://morisanfujinka.jp/", "内容": "森産婦人科医院【2:診療所】【診療科目:産科_婦人科】香川県高松市瓦町二丁目３－５" }, "geometry": { "type": "Point", "coordinates": [ 134.052271, 34.340127 ] } },
{ "type": "Feature", "properties": { "ID": 3722370503770, "正式名称": "医療法人社団森岡皮膚科医院", "機関区分": 2, "都道府県コード": 37, "市区町村コード": 201, "所在地": "香川県高松市天神前８－１４", "緯度": 34.338461, "経度": 134.045355, "url": "https://www.iryou.teikyouseido.mhlw.go.jp/znk-web/juminkanja/S2430/initialize?prefCd=37&kikanCd=2370503770&kikanKbn=2", "url2": "https://www.hifumorioka.com", "内容": "医療法人社団森岡皮膚科医院【2:診療所】【診療科目:皮膚科】香川県高松市天神前８－１４" }, "geometry": { "type": "Point", "coordinates": [ 134.045355, 34.338461 ] } },
{ "type": "Feature", "properties": { "ID": 3722370503790, "正式名称": "矢野皮膚科クリニック", "機関区分": 2, "都道府県コード": 37, "市区町村コード": 201, "所在地": "香川県高松市飯田町１７－５", "緯度": 34.314185, "経度": 133.999888, "url": "https://www.iryou.teikyouseido.mhlw.go.jp/znk-web/juminkanja/S2430/initialize?prefCd=37&kikanCd=2370503790&kikanKbn=2", "url2": "http://www.yanohifuka.com", "内容": "矢野皮膚科クリニック【2:診療所】【診療科目:美容外科_皮膚科_美容皮膚科_泌尿器科_アレルギー科】香川県高松市飯田町１７－５" }, "geometry": { "type": "Point", "coordinates": [ 133.999888, 34.314185 ] } },
{ "type": "Feature", "properties": { "ID": 3722370503800, "正式名称": "医療法人社団清瞳会山内クリニック", "機関区分": 2, "都道府県コード": 37, "市区町村コード": 201, "所在地": "香川県高松市一宮町４０３－１", "緯度": 34.283439, "経度": 134.026054, "url": "https://www.iryou.teikyouseido.mhlw.go.jp/znk-web/juminkanja/S2430/initialize?prefCd=37&kikanCd=2370503800&kikanKbn=2", "url2": null, "内容": "医療法人社団清瞳会山内クリニック【2:診療所】【診療科目:内科_呼吸器内科_循環器内科_消化器内科】香川県高松市一宮町４０３－１" }, "geometry": { "type": "Point", "coordinates": [ 134.026054, 34.283439 ] } },
{ "type": "Feature", "properties": { "ID": 3722370503820, "正式名称": "医療法人社団　安原クリニック", "機関区分": 2, "都道府県コード": 37, "市区町村コード": 201, "所在地": "香川県高松市三条町３２１－２", "緯度": 34.315991, "経度": 134.047078, "url": "https://www.iryou.teikyouseido.mhlw.go.jp/znk-web/juminkanja/S2430/initialize?prefCd=37&kikanCd=2370503820&kikanKbn=2", "url2": "http://yasuharamaternity.com", "内容": "医療法人社団　安原クリニック【2:診療所】【診療科目:美容外科_産科_婦人科】香川県高松市三条町３２１－２" }, "geometry": { "type": "Point", "coordinates": [ 134.047078, 34.315991 ] } },
{ "type": "Feature", "properties": { "ID": 3722370503830, "正式名称": "医療法人社団　安元クリニック", "機関区分": 2, "都道府県コード": 37, "市区町村コード": 201, "所在地": "香川県高松市東山崎町９０－６", "緯度": 34.30416, "経度": 134.090575, "url": "https://www.iryou.teikyouseido.mhlw.go.jp/znk-web/juminkanja/S2430/initialize?prefCd=37&kikanCd=2370503830&kikanKbn=2", "url2": "http://www.yasumoto-c.com", "内容": "医療法人社団　安元クリニック【2:診療所】【診療科目:皮膚科_泌尿器科】香川県高松市東山崎町９０－６" }, "geometry": { "type": "Point", "coordinates": [ 134.090575, 34.30416 ] } },
{ "type": "Feature", "properties": { "ID": 3722370503840, "正式名称": "医療法人社団屋島眼科クリニック", "機関区分": 2, "都道府県コード": 37, "市区町村コード": 201, "所在地": "香川県高松市高松町３００２－１３", "緯度": 34.340545, "経度": 134.110544, "url": "https://www.iryou.teikyouseido.mhlw.go.jp/znk-web/juminkanja/S2430/initialize?prefCd=37&kikanCd=2370503840&kikanKbn=2", "url2": null, "内容": "医療法人社団屋島眼科クリニック【2:診療所】【診療科目:眼科】香川県高松市高松町３００２－１３" }, "geometry": { "type": "Point", "coordinates": [ 134.110544, 34.340545 ] } },
{ "type": "Feature", "properties": { "ID": 3722370503850, "正式名称": "医療法人社団耕仁会　やまぐちクリニック", "機関区分": 2, "都道府県コード": 37, "市区町村コード": 201, "所在地": "香川県高松市天神前５－６　高松メディカルモール５Ｆ", "緯度": 34.34035, "経度": 134.044994, "url": "https://www.iryou.teikyouseido.mhlw.go.jp/znk-web/juminkanja/S2430/initialize?prefCd=37&kikanCd=2370503850&kikanKbn=2", "url2": "yamaguchi-cli.com", "内容": "医療法人社団耕仁会　やまぐちクリニック【2:診療所】【診療科目:精神科_心療内科】香川県高松市天神前５－６　高松メディカルモール５Ｆ" }, "geometry": { "type": "Point", "coordinates": [ 134.044994, 34.34035 ] } },
{ "type": "Feature", "properties": { "ID": 3722370503860, "正式名称": "医療法人社団隆朗会やまもと医院", "機関区分": 2, "都道府県コード": 37, "市区町村コード": 201, "所在地": "香川県高松市塩上町一丁目４－１０", "緯度": 34.337961, "経度": 134.054084, "url": "https://www.iryou.teikyouseido.mhlw.go.jp/znk-web/juminkanja/S2430/initialize?prefCd=37&kikanCd=2370503860&kikanKbn=2", "url2": null, "内容": "医療法人社団隆朗会やまもと医院【2:診療所】【診療科目:内科_精神科_心療内科】香川県高松市塩上町一丁目４－１０" }, "geometry": { "type": "Point", "coordinates": [ 134.054084, 34.337961 ] } },
{ "type": "Feature", "properties": { "ID": 3722370503870, "正式名称": "医療法人社団英新会屋島みちクリニック", "機関区分": 2, "都道府県コード": 37, "市区町村コード": 201, "所在地": "香川県高松市高松町２５５２－２", "緯度": 34.340378, "経度": 134.107461, "url": "https://www.iryou.teikyouseido.mhlw.go.jp/znk-web/juminkanja/S2430/initialize?prefCd=37&kikanCd=2370503870&kikanKbn=2", "url2": "yasima-michi.com", "内容": "医療法人社団英新会屋島みちクリニック【2:診療所】【診療科目:神経内科_精神科_心療内科】香川県高松市高松町２５５２－２" }, "geometry": { "type": "Point", "coordinates": [ 134.107461, 34.340378 ] } },
{ "type": "Feature", "properties": { "ID": 3722370503880, "正式名称": "山崎内科呼吸器科医院", "機関区分": 2, "都道府県コード": 37, "市区町村コード": 201, "所在地": "香川県高松市春日町７９９－１", "緯度": 34.325185, "経度": 134.092908, "url": "https://www.iryou.teikyouseido.mhlw.go.jp/znk-web/juminkanja/S2430/initialize?prefCd=37&kikanCd=2370503880&kikanKbn=2", "url2": "https://clinic-yamasaki.com/", "内容": "山崎内科呼吸器科医院【2:診療所】【診療科目:内科_呼吸器内科_アレルギー科】香川県高松市春日町７９９－１" }, "geometry": { "type": "Point", "coordinates": [ 134.092908, 34.325185 ] } },
{ "type": "Feature", "properties": { "ID": 3722370503900, "正式名称": "医療法人社団山田医院", "機関区分": 2, "都道府県コード": 37, "市区町村コード": 201, "所在地": "香川県高松市国分寺町新居３３８８", "緯度": 34.308018, "経度": 133.974224, "url": "https://www.iryou.teikyouseido.mhlw.go.jp/znk-web/juminkanja/S2430/initialize?prefCd=37&kikanCd=2370503900&kikanKbn=2", "url2": null, "内容": "医療法人社団山田医院【2:診療所】【診療科目:内科_糖尿病・代謝内科_消化器内科】香川県高松市国分寺町新居３３８８" }, "geometry": { "type": "Point", "coordinates": [ 133.974224, 34.308018 ] } },
{ "type": "Feature", "properties": { "ID": 3722370503910, "正式名称": "ヤノ肛門外科クリニック", "機関区分": 2, "都道府県コード": 37, "市区町村コード": 201, "所在地": "香川県高松市亀井町１１－７", "緯度": 34.338516, "経度": 134.048022, "url": "https://www.iryou.teikyouseido.mhlw.go.jp/znk-web/juminkanja/S2430/initialize?prefCd=37&kikanCd=2370503910&kikanKbn=2", "url2": "http://www.yano-koumonka.com/", "内容": "ヤノ肛門外科クリニック【2:診療所】【診療科目:肛門外科】香川県高松市亀井町１１－７" }, "geometry": { "type": "Point", "coordinates": [ 134.048022, 34.338516 ] } },
{ "type": "Feature", "properties": { "ID": 3722370503920, "正式名称": "医療法人社団湯浅クリニック", "機関区分": 2, "都道府県コード": 37, "市区町村コード": 201, "所在地": "香川県高松市上之町一丁目３－２９", "緯度": 34.322213, "経度": 134.045495, "url": "https://www.iryou.teikyouseido.mhlw.go.jp/znk-web/juminkanja/S2430/initialize?prefCd=37&kikanCd=2370503920&kikanKbn=2", "url2": "http://www.yuasaclinic.jp/", "内容": "医療法人社団湯浅クリニック【2:診療所】【診療科目:内科_皮膚科_泌尿器科】香川県高松市上之町一丁目３－２９" }, "geometry": { "type": "Point", "coordinates": [ 134.045495, 34.322213 ] } },
{ "type": "Feature", "properties": { "ID": 3722370503930, "正式名称": "ゆりのき診療室", "機関区分": 2, "都道府県コード": 37, "市区町村コード": 201, "所在地": "香川県高松市国分寺町国分２０９０－１", "緯度": 34.304102, "経度": 133.944671, "url": "https://www.iryou.teikyouseido.mhlw.go.jp/znk-web/juminkanja/S2430/initialize?prefCd=37&kikanCd=2370503930&kikanKbn=2", "url2": null, "内容": "ゆりのき診療室【2:診療所】【診療科目:精神科】香川県高松市国分寺町国分２０９０－１" }, "geometry": { "type": "Point", "coordinates": [ 133.944671, 34.304102 ] } },
{ "type": "Feature", "properties": { "ID": 3722370503940, "正式名称": "ゆいメンタルクリニック", "機関区分": 2, "都道府県コード": 37, "市区町村コード": 201, "所在地": "香川県高松市伏石町２１５０－５", "緯度": 34.307464, "経度": 134.062216, "url": "https://www.iryou.teikyouseido.mhlw.go.jp/znk-web/juminkanja/S2430/initialize?prefCd=37&kikanCd=2370503940&kikanKbn=2", "url2": "http://www.yui-mental-cl.com/", "内容": "ゆいメンタルクリニック【2:診療所】【診療科目:精神科_心療内科】香川県高松市伏石町２１５０－５" }, "geometry": { "type": "Point", "coordinates": [ 134.062216, 34.307464 ] } },
{ "type": "Feature", "properties": { "ID": 3722370503960, "正式名称": "吉田内科医院", "機関区分": 2, "都道府県コード": 37, "市区町村コード": 201, "所在地": "香川県高松市林町１９７１－１０", "緯度": 34.305965, "経度": 134.070771, "url": "https://www.iryou.teikyouseido.mhlw.go.jp/znk-web/juminkanja/S2430/initialize?prefCd=37&kikanCd=2370503960&kikanKbn=2", "url2": null, "内容": "吉田内科医院【2:診療所】【診療科目:内科_循環器内科_消化器内科】香川県高松市林町１９７１－１０" }, "geometry": { "type": "Point", "coordinates": [ 134.070771, 34.305965 ] } },
{ "type": "Feature", "properties": { "ID": 3722370503970, "正式名称": "横井クリニック", "機関区分": 2, "都道府県コード": 37, "市区町村コード": 201, "所在地": "香川県高松市丸の内４－９　丸の内ビル２Ｆ", "緯度": 34.348154, "経度": 134.05216, "url": "https://www.iryou.teikyouseido.mhlw.go.jp/znk-web/juminkanja/S2430/initialize?prefCd=37&kikanCd=2370503970&kikanKbn=2", "url2": null, "内容": "横井クリニック【2:診療所】【診療科目:内科_消化器内科】香川県高松市丸の内４－９　丸の内ビル２Ｆ" }, "geometry": { "type": "Point", "coordinates": [ 134.05216, 34.348154 ] } },
{ "type": "Feature", "properties": { "ID": 3722370503980, "正式名称": "公益財団法人香川県予防医学協会予防協会健康管理センター", "機関区分": 2, "都道府県コード": 37, "市区町村コード": 201, "所在地": "香川県高松市伏石町２１２９－２", "緯度": 34.32038, "経度": 134.053161, "url": "https://www.iryou.teikyouseido.mhlw.go.jp/znk-web/juminkanja/S2430/initialize?prefCd=37&kikanCd=2370503980&kikanKbn=2", "url2": "http://www.kagawa-yobouigaku.or.jp", "内容": "公益財団法人香川県予防医学協会予防協会健康管理センター【2:診療所】【診療科目:内科_乳腺外科_婦人科】香川県高松市伏石町２１２９－２" }, "geometry": { "type": "Point", "coordinates": [ 134.053161, 34.32038 ] } },
{ "type": "Feature", "properties": { "ID": 3722370504010, "正式名称": "よしまつクリニック", "機関区分": 2, "都道府県コード": 37, "市区町村コード": 201, "所在地": "香川県高松市西の丸町２－１７宮脇書店ビル２階", "緯度": 34.350376, "経度": 134.047827, "url": "https://www.iryou.teikyouseido.mhlw.go.jp/znk-web/juminkanja/S2430/initialize?prefCd=37&kikanCd=2370504010&kikanKbn=2", "url2": "http://www.yoshimatsu-clinic.jp/", "内容": "よしまつクリニック【2:診療所】【診療科目:神経内科_精神科_心療内科】香川県高松市西の丸町２－１７宮脇書店ビル２階" }, "geometry": { "type": "Point", "coordinates": [ 134.047827, 34.350376 ] } },
{ "type": "Feature", "properties": { "ID": 3722370504020, "正式名称": "医療法人社団　優生会　吉田眼科", "機関区分": 2, "都道府県コード": 37, "市区町村コード": 201, "所在地": "香川県高松市国分寺町新居１３５６－１", "緯度": 34.298103, "経度": 133.962531, "url": "https://www.iryou.teikyouseido.mhlw.go.jp/znk-web/juminkanja/S2430/initialize?prefCd=37&kikanCd=2370504020&kikanKbn=2", "url2": null, "内容": "医療法人社団　優生会　吉田眼科【2:診療所】【診療科目:眼科】香川県高松市国分寺町新居１３５６－１" }, "geometry": { "type": "Point", "coordinates": [ 133.962531, 34.298103 ] } },
{ "type": "Feature", "properties": { "ID": 3722370504030, "正式名称": "医療法人社団吉村整形外科醫院", "機関区分": 2, "都道府県コード": 37, "市区町村コード": 201, "所在地": "香川県高松市木太町５０５５－４", "緯度": 34.315603, "経度": 134.068438, "url": "https://www.iryou.teikyouseido.mhlw.go.jp/znk-web/juminkanja/S2430/initialize?prefCd=37&kikanCd=2370504030&kikanKbn=2", "url2": "http://www.yoshimura-seikei.com", "内容": "医療法人社団吉村整形外科醫院【2:診療所】【診療科目:整形外科_リウマチ科_リハビリテーション科】香川県高松市木太町５０５５－４" }, "geometry": { "type": "Point", "coordinates": [ 134.068438, 34.315603 ] } },
{ "type": "Feature", "properties": { "ID": 3722370504040, "正式名称": "横井内科医院", "機関区分": 2, "都道府県コード": 37, "市区町村コード": 201, "所在地": "香川県高松市木太町１６６３－２", "緯度": 34.323602, "経度": 134.073243, "url": "https://www.iryou.teikyouseido.mhlw.go.jp/znk-web/juminkanja/S2430/initialize?prefCd=37&kikanCd=2370504040&kikanKbn=2", "url2": "http://wwwb.pikara.ne.jp/yokoimasa/", "内容": "横井内科医院【2:診療所】【診療科目:内科】香川県高松市木太町１６６３－２" }, "geometry": { "type": "Point", "coordinates": [ 134.073243, 34.323602 ] } },
{ "type": "Feature", "properties": { "ID": 3722370504060, "正式名称": "竜雲メンタルクリニック", "機関区分": 2, "都道府県コード": 37, "市区町村コード": 201, "所在地": "香川県高松市多肥下町４６６", "緯度": 34.297965, "経度": 134.058412, "url": "https://www.iryou.teikyouseido.mhlw.go.jp/znk-web/juminkanja/S2430/initialize?prefCd=37&kikanCd=2370504060&kikanKbn=2", "url2": null, "内容": "竜雲メンタルクリニック【2:診療所】【診療科目:精神科_心療内科】香川県高松市多肥下町４６６" }, "geometry": { "type": "Point", "coordinates": [ 134.058412, 34.297965 ] } },
{ "type": "Feature", "properties": { "ID": 3722370504080, "正式名称": "リッツ美容外科", "機関区分": 2, "都道府県コード": 37, "市区町村コード": 201, "所在地": "香川県高松市瓦町二丁目６－１４－６Ｆ", "緯度": 34.339572, "経度": 134.052216, "url": "https://www.iryou.teikyouseido.mhlw.go.jp/znk-web/juminkanja/S2430/initialize?prefCd=37&kikanCd=2370504080&kikanKbn=2", "url2": "http://www.ritz-takamatsu.com/", "内容": "リッツ美容外科【2:診療所】【診療科目:美容外科】香川県高松市瓦町二丁目６－１４－６Ｆ" }, "geometry": { "type": "Point", "coordinates": [ 134.052216, 34.339572 ] } },
{ "type": "Feature", "properties": { "ID": 3722370504090, "正式名称": "渡辺医院", "機関区分": 2, "都道府県コード": 37, "市区町村コード": 201, "所在地": "香川県高松市番町一丁目７－２２", "緯度": 34.342794, "経度": 134.04741, "url": "https://www.iryou.teikyouseido.mhlw.go.jp/znk-web/juminkanja/S2430/initialize?prefCd=37&kikanCd=2370504090&kikanKbn=2", "url2": "http://www.watanabehifuka.net/", "内容": "渡辺医院【2:診療所】【診療科目:性感染症内科_小児皮膚科_皮膚科_皮膚泌尿器科_泌尿器科】香川県高松市番町一丁目７－２２" }, "geometry": { "type": "Point", "coordinates": [ 134.04741, 34.342794 ] } },
{ "type": "Feature", "properties": { "ID": 3722370504110, "正式名称": "医療法人社団わき外科・内科クリニック", "機関区分": 2, "都道府県コード": 37, "市区町村コード": 201, "所在地": "香川県高松市仏生山町甲４６０－８", "緯度": 34.282106, "経度": 134.047441, "url": "https://www.iryou.teikyouseido.mhlw.go.jp/znk-web/juminkanja/S2430/initialize?prefCd=37&kikanCd=2370504110&kikanKbn=2", "url2": "https://wakigeka.com/", "内容": "医療法人社団わき外科・内科クリニック【2:診療所】【診療科目:内科_呼吸器内科_消化器内科_胃腸内科_外科_気管食道外科_消化器外科_肛門外科_皮膚科_泌尿器科】香川県高松市仏生山町甲４６０－８" }, "geometry": { "type": "Point", "coordinates": [ 134.047441, 34.282106 ] } },
{ "type": "Feature", "properties": { "ID": 3722370504120, "正式名称": "和田内科循環器科医院", "機関区分": 2, "都道府県コード": 37, "市区町村コード": 201, "所在地": "香川県高松市鶴市町２０３９－２", "緯度": 34.337683, "経度": 134.010553, "url": "https://www.iryou.teikyouseido.mhlw.go.jp/znk-web/juminkanja/S2430/initialize?prefCd=37&kikanCd=2370504120&kikanKbn=2", "url2": null, "内容": "和田内科循環器科医院【2:診療所】【診療科目:内科_循環器内科】香川県高松市鶴市町２０３９－２" }, "geometry": { "type": "Point", "coordinates": [ 134.010553, 34.337683 ] } },
{ "type": "Feature", "properties": { "ID": 3722370504150, "正式名称": "和田産婦人科医院", "機関区分": 2, "都道府県コード": 37, "市区町村コード": 201, "所在地": "香川県高松市木太町４０２０－１", "緯度": 34.319293, "経度": 134.080367, "url": "https://www.iryou.teikyouseido.mhlw.go.jp/znk-web/juminkanja/S2430/initialize?prefCd=37&kikanCd=2370504150&kikanKbn=2", "url2": null, "内容": "和田産婦人科医院【2:診療所】【診療科目:産婦人科】香川県高松市木太町４０２０－１" }, "geometry": { "type": "Point", "coordinates": [ 134.080367, 34.319293 ] } },
{ "type": "Feature", "properties": { "ID": 3722370504170, "正式名称": "むらせ内科クリニック", "機関区分": 2, "都道府県コード": 37, "市区町村コード": 201, "所在地": "香川県高松市浜ノ町６０－６５", "緯度": 34.351149, "経度": 134.040014, "url": "https://www.iryou.teikyouseido.mhlw.go.jp/znk-web/juminkanja/S2430/initialize?prefCd=37&kikanCd=2370504170&kikanKbn=2", "url2": "http://murasenaika.la.coocan.jp/", "内容": "むらせ内科クリニック【2:診療所】【診療科目:内科】香川県高松市浜ノ町６０－６５" }, "geometry": { "type": "Point", "coordinates": [ 134.040014, 34.351149 ] } },
{ "type": "Feature", "properties": { "ID": 3722370504180, "正式名称": "えないメンタルクリニック", "機関区分": 2, "都道府県コード": 37, "市区町村コード": 201, "所在地": "香川県高松市観光町６４９－８", "緯度": 34.334184, "経度": 134.063798, "url": "https://www.iryou.teikyouseido.mhlw.go.jp/znk-web/juminkanja/S2430/initialize?prefCd=37&kikanCd=2370504180&kikanKbn=2", "url2": "http://www.enai-mental-clinic.jp/", "内容": "えないメンタルクリニック【2:診療所】【診療科目:精神科_心療内科】香川県高松市観光町６４９－８" }, "geometry": { "type": "Point", "coordinates": [ 134.063798, 34.334184 ] } },
{ "type": "Feature", "properties": { "ID": 3722370504190, "正式名称": "いまいこどもファミリークリニック", "機関区分": 2, "都道府県コード": 37, "市区町村コード": 201, "所在地": "香川県高松市新田町甲６５８－７", "緯度": 34.325277, "経度": 134.101951, "url": "https://www.iryou.teikyouseido.mhlw.go.jp/znk-web/juminkanja/S2430/initialize?prefCd=37&kikanCd=2370504190&kikanKbn=2", "url2": "http://www.imaikfc.com/", "内容": "いまいこどもファミリークリニック【2:診療所】【診療科目:血液内科_小児科】香川県高松市新田町甲６５８－７" }, "geometry": { "type": "Point", "coordinates": [ 134.101951, 34.325277 ] } },
{ "type": "Feature", "properties": { "ID": 3722370504200, "正式名称": "みやべ耳鼻咽喉科クリニック", "機関区分": 2, "都道府県コード": 37, "市区町村コード": 201, "所在地": "香川県高松市林町４７８－１", "緯度": 34.292499, "経度": 134.074557, "url": "https://www.iryou.teikyouseido.mhlw.go.jp/znk-web/juminkanja/S2430/initialize?prefCd=37&kikanCd=2370504200&kikanKbn=2", "url2": "https://www.miyabe-clinic.com/", "内容": "みやべ耳鼻咽喉科クリニック【2:診療所】【診療科目:耳鼻いんこう科_アレルギー科】香川県高松市林町４７８－１" }, "geometry": { "type": "Point", "coordinates": [ 134.074557, 34.292499 ] } },
{ "type": "Feature", "properties": { "ID": 3722370504230, "正式名称": "医療法人社団　みやもとレディースクリニック", "機関区分": 2, "都道府県コード": 37, "市区町村コード": 201, "所在地": "香川県高松市楠上町２丁目３－１５", "緯度": 34.329823, "経度": 134.05641, "url": "https://www.iryou.teikyouseido.mhlw.go.jp/znk-web/juminkanja/S2430/initialize?prefCd=37&kikanCd=2370504230&kikanKbn=2", "url2": "http://miyamoto-lc.p-kit.com/", "内容": "医療法人社団　みやもとレディースクリニック【2:診療所】【診療科目:産科_婦人科】香川県高松市楠上町２丁目３－１５" }, "geometry": { "type": "Point", "coordinates": [ 134.05641, 34.329823 ] } },
{ "type": "Feature", "properties": { "ID": 3722370504240, "正式名称": "医療法人社団うえむら耳鼻咽喉科", "機関区分": 2, "都道府県コード": 37, "市区町村コード": 201, "所在地": "香川県高松市楠上町２丁目３－１５アルファメディカルモール２階", "緯度": 34.329619, "経度": 134.056589, "url": "https://www.iryou.teikyouseido.mhlw.go.jp/znk-web/juminkanja/S2430/initialize?prefCd=37&kikanCd=2370504240&kikanKbn=2", "url2": "http://uemura.atat.jp/", "内容": "医療法人社団うえむら耳鼻咽喉科【2:診療所】【診療科目:耳鼻いんこう科_頭頸部・耳鼻いんこう科】香川県高松市楠上町２丁目３－１５アルファメディカルモール２階" }, "geometry": { "type": "Point", "coordinates": [ 134.056589, 34.329619 ] } },
{ "type": "Feature", "properties": { "ID": 3722370504250, "正式名称": "医療法人社団誠心会さとう内科クリニック", "機関区分": 2, "都道府県コード": 37, "市区町村コード": 201, "所在地": "香川県高松市新田町甲２６０７－４", "緯度": 34.326284, "経度": 134.098664, "url": "https://www.iryou.teikyouseido.mhlw.go.jp/znk-web/juminkanja/S2430/initialize?prefCd=37&kikanCd=2370504250&kikanKbn=2", "url2": "http://sato-naika.byoinnavi.jp/", "内容": "医療法人社団誠心会さとう内科クリニック【2:診療所】【診療科目:内科_糖尿病内科_代謝・内分泌内科】香川県高松市新田町甲２６０７－４" }, "geometry": { "type": "Point", "coordinates": [ 134.098664, 34.326284 ] } },
{ "type": "Feature", "properties": { "ID": 3722370504260, "正式名称": "医療法人ＪＵＮＯ　ＣＬＩＮＩＱＵＥ　Ｊ　形成外科", "機関区分": 2, "都道府県コード": 37, "市区町村コード": 201, "所在地": "香川県高松市常磐町一丁目３番地１瓦町ＦＬＡＧ（コトデン瓦町ビル）９階", "緯度": 34.338956, "経度": 134.052623, "url": "https://www.iryou.teikyouseido.mhlw.go.jp/znk-web/juminkanja/S2430/initialize?prefCd=37&kikanCd=2370504260&kikanKbn=2", "url2": "http://www.clinique-j.jp", "内容": "医療法人ＪＵＮＯ　ＣＬＩＮＩＱＵＥ　Ｊ　形成外科【2:診療所】【診療科目:形成外科_美容外科_美容皮膚科】香川県高松市常磐町一丁目３番地１瓦町ＦＬＡＧ（コトデン瓦町ビル）９階" }, "geometry": { "type": "Point", "coordinates": [ 134.052623, 34.338956 ] } },
{ "type": "Feature", "properties": { "ID": 3722370504270, "正式名称": "へいわこどもクリニック", "機関区分": 2, "都道府県コード": 37, "市区町村コード": 201, "所在地": "香川県高松市栗林町一丁目４－１１", "緯度": 34.331389, "経度": 134.047319, "url": "https://www.iryou.teikyouseido.mhlw.go.jp/znk-web/juminkanja/S2430/initialize?prefCd=37&kikanCd=2370504270&kikanKbn=2", "url2": "http://heiwakodomo.com", "内容": "へいわこどもクリニック【2:診療所】【診療科目:小児科_アレルギー科】香川県高松市栗林町一丁目４－１１" }, "geometry": { "type": "Point", "coordinates": [ 134.047319, 34.331389 ] } },
{ "type": "Feature", "properties": { "ID": 3722370504290, "正式名称": "医療法人社団よこい内科クリニック", "機関区分": 2, "都道府県コード": 37, "市区町村コード": 201, "所在地": "香川県高松市多肥下町３５９－１", "緯度": 34.300965, "経度": 134.056967, "url": "https://www.iryou.teikyouseido.mhlw.go.jp/znk-web/juminkanja/S2430/initialize?prefCd=37&kikanCd=2370504290&kikanKbn=2", "url2": "http://yokoiclinic.main.jp/", "内容": "医療法人社団よこい内科クリニック【2:診療所】【診療科目:内科_糖尿病内科_内分泌内科_脂質代謝内科_糖尿病・内分泌内科_糖尿病・代謝内科_循環器内科_心臓内科】香川県高松市多肥下町３５９－１" }, "geometry": { "type": "Point", "coordinates": [ 134.056967, 34.300965 ] } },
{ "type": "Feature", "properties": { "ID": 3722370504300, "正式名称": "医療法人社団おおくぼ小児科", "機関区分": 2, "都道府県コード": 37, "市区町村コード": 201, "所在地": "香川県高松市東山崎町４６６－３", "緯度": 34.300226, "経度": 134.098323, "url": "https://www.iryou.teikyouseido.mhlw.go.jp/znk-web/juminkanja/S2430/initialize?prefCd=37&kikanCd=2370504300&kikanKbn=2", "url2": "http://www.okubo-hospital.jp/", "内容": "医療法人社団おおくぼ小児科【2:診療所】【診療科目:小児科_新生児内科_アレルギー科】香川県高松市東山崎町４６６－３" }, "geometry": { "type": "Point", "coordinates": [ 134.098323, 34.300226 ] } },
{ "type": "Feature", "properties": { "ID": 3722370504310, "正式名称": "楓の森整形外科", "機関区分": 2, "都道府県コード": 37, "市区町村コード": 201, "所在地": "香川県高松市小村町２５６－２", "緯度": 34.284273, "経度": 134.097465, "url": "https://www.iryou.teikyouseido.mhlw.go.jp/znk-web/juminkanja/S2430/initialize?prefCd=37&kikanCd=2370504310&kikanKbn=2", "url2": "www.kaedenomori.jp", "内容": "楓の森整形外科【2:診療所】【診療科目:整形外科_リハビリテーション科】香川県高松市小村町２５６－２" }, "geometry": { "type": "Point", "coordinates": [ 134.097465, 34.284273 ] } },
{ "type": "Feature", "properties": { "ID": 3722370504320, "正式名称": "こくぶ脳外科・内科クリニック", "機関区分": 2, "都道府県コード": 37, "市区町村コード": 201, "所在地": "香川県高松市国分寺町福家字下福家甲３８１２－１", "緯度": 34.293492, "経度": 133.961837, "url": "https://www.iryou.teikyouseido.mhlw.go.jp/znk-web/juminkanja/S2430/initialize?prefCd=37&kikanCd=2370504320&kikanKbn=2", "url2": "www.kokubu-clinic.jp", "内容": "こくぶ脳外科・内科クリニック【2:診療所】【診療科目:内科_脳神経外科】香川県高松市国分寺町福家字下福家甲３８１２－１" }, "geometry": { "type": "Point", "coordinates": [ 133.961837, 34.293492 ] } },
{ "type": "Feature", "properties": { "ID": 3722370504330, "正式名称": "さんごの海整形外科", "機関区分": 2, "都道府県コード": 37, "市区町村コード": 201, "所在地": "香川県高松市観光通１丁目３番地４レアーレ瓦町１０２", "緯度": 34.336742, "経度": 134.051781, "url": "https://www.iryou.teikyouseido.mhlw.go.jp/znk-web/juminkanja/S2430/initialize?prefCd=37&kikanCd=2370504330&kikanKbn=2", "url2": "http://www.sangonoumi.com/", "内容": "さんごの海整形外科【2:診療所】【診療科目:整形外科_リウマチ科_リハビリテーション科】香川県高松市観光通１丁目３番地４レアーレ瓦町１０２" }, "geometry": { "type": "Point", "coordinates": [ 134.051781, 34.336742 ] } },
{ "type": "Feature", "properties": { "ID": 3722370504340, "正式名称": "サンフラワー　マタニティークリニック　　院長　栁原　敏宏", "機関区分": 2, "都道府県コード": 37, "市区町村コード": 201, "所在地": "香川県高松市太田下町３０１７－３", "緯度": 34.301215, "経度": 134.051051, "url": "https://www.iryou.teikyouseido.mhlw.go.jp/znk-web/juminkanja/S2430/initialize?prefCd=37&kikanCd=2370504340&kikanKbn=2", "url2": "http://www.sfmc.jp", "内容": "サンフラワー　マタニティークリニック　　院長　栁原　敏宏【2:診療所】【診療科目:産婦人科】香川県高松市太田下町３０１７－３" }, "geometry": { "type": "Point", "coordinates": [ 134.051051, 34.301215 ] } },
{ "type": "Feature", "properties": { "ID": 3722370504350, "正式名称": "丸亀町眼科医院", "機関区分": 2, "都道府県コード": 37, "市区町村コード": 201, "所在地": "香川県高松市丸亀町５－９阿波屋ビル２階", "緯度": 34.343156, "経度": 134.049772, "url": "https://www.iryou.teikyouseido.mhlw.go.jp/znk-web/juminkanja/S2430/initialize?prefCd=37&kikanCd=2370504350&kikanKbn=2", "url2": null, "内容": "丸亀町眼科医院【2:診療所】【診療科目:眼科】香川県高松市丸亀町５－９阿波屋ビル２階" }, "geometry": { "type": "Point", "coordinates": [ 134.049772, 34.343156 ] } },
{ "type": "Feature", "properties": { "ID": 3722370504380, "正式名称": "医療法人社団牛山クリニック", "機関区分": 2, "都道府県コード": 37, "市区町村コード": 201, "所在地": "香川県高松市檀紙町６８－１", "緯度": 34.297197, "経度": 133.996077, "url": "https://www.iryou.teikyouseido.mhlw.go.jp/znk-web/juminkanja/S2430/initialize?prefCd=37&kikanCd=2370504380&kikanKbn=2", "url2": "https://ushiyama-cl.jimdo.com/", "内容": "医療法人社団牛山クリニック【2:診療所】【診療科目:内科_消化器内科_外科_美容皮膚科_リハビリテーション科_麻酔科】香川県高松市檀紙町６８－１" }, "geometry": { "type": "Point", "coordinates": [ 133.996077, 34.297197 ] } },
{ "type": "Feature", "properties": { "ID": 3722370504390, "正式名称": "医療法人社団立心会高松ハートクリニック", "機関区分": 2, "都道府県コード": 37, "市区町村コード": 201, "所在地": "香川県高松市春日町１４８－１", "緯度": 34.317492, "経度": 134.093686, "url": "https://www.iryou.teikyouseido.mhlw.go.jp/znk-web/juminkanja/S2430/initialize?prefCd=37&kikanCd=2370504390&kikanKbn=2", "url2": "http://ta-heart.com/", "内容": "医療法人社団立心会高松ハートクリニック【2:診療所】【診療科目:内科_循環器内科】香川県高松市春日町１４８－１" }, "geometry": { "type": "Point", "coordinates": [ 134.093686, 34.317492 ] } },
{ "type": "Feature", "properties": { "ID": 3722370504400, "正式名称": "医療法人社団かとう整形外科", "機関区分": 2, "都道府県コード": 37, "市区町村コード": 201, "所在地": "香川県高松市楠上町一丁目５－３１", "緯度": 34.33099, "経度": 134.058549, "url": "https://www.iryou.teikyouseido.mhlw.go.jp/znk-web/juminkanja/S2430/initialize?prefCd=37&kikanCd=2370504400&kikanKbn=2", "url2": "http://hospital.dr-navip.jp/kagawa/facility/1441/", "内容": "医療法人社団かとう整形外科【2:診療所】【診療科目:整形外科_リウマチ科_リハビリテーション科】香川県高松市楠上町一丁目５－３１" }, "geometry": { "type": "Point", "coordinates": [ 134.058549, 34.33099 ] } },
{ "type": "Feature", "properties": { "ID": 3722370504410, "正式名称": "竹田耳鼻咽喉科クリニック", "機関区分": 2, "都道府県コード": 37, "市区町村コード": 201, "所在地": "香川県高松市郷東町１３４－１西高松メディカルイーア１Ｆ", "緯度": 34.34475, "経度": 134.016864, "url": "https://www.iryou.teikyouseido.mhlw.go.jp/znk-web/juminkanja/S2430/initialize?prefCd=37&kikanCd=2370504410&kikanKbn=2", "url2": "http://dr-navi.jp/top/detail.php?kid=37&cid=2487", "内容": "竹田耳鼻咽喉科クリニック【2:診療所】【診療科目:耳鼻いんこう科_アレルギー科】香川県高松市郷東町１３４－１西高松メディカルイーア１Ｆ" }, "geometry": { "type": "Point", "coordinates": [ 134.016864, 34.34475 ] } },
{ "type": "Feature", "properties": { "ID": 3722370504430, "正式名称": "医療法人社団啓里会かわさきレディースクリニック", "機関区分": 2, "都道府県コード": 37, "市区町村コード": 201, "所在地": "香川県高松市番町３丁目１９－１５", "緯度": 34.342558, "経度": 134.039104, "url": "https://www.iryou.teikyouseido.mhlw.go.jp/znk-web/juminkanja/S2430/initialize?prefCd=37&kikanCd=2370504430&kikanKbn=2", "url2": null, "内容": "医療法人社団啓里会かわさきレディースクリニック【2:診療所】【診療科目:産婦人科】香川県高松市番町３丁目１９－１５" }, "geometry": { "type": "Point", "coordinates": [ 134.039104, 34.342558 ] } },
{ "type": "Feature", "properties": { "ID": 3722370504440, "正式名称": "医療法人高松神経内科クリニック", "機関区分": 2, "都道府県コード": 37, "市区町村コード": 201, "所在地": "香川県高松市紺屋町４－１０", "緯度": 34.344944, "経度": 134.046803, "url": "https://www.iryou.teikyouseido.mhlw.go.jp/znk-web/juminkanja/S2430/initialize?prefCd=37&kikanCd=2370504440&kikanKbn=2", "url2": "http://www/tn-clinic.jp", "内容": "医療法人高松神経内科クリニック【2:診療所】【診療科目:神経内科_精神科】香川県高松市紺屋町４－１０" }, "geometry": { "type": "Point", "coordinates": [ 134.046803, 34.344944 ] } },
{ "type": "Feature", "properties": { "ID": 3722370504450, "正式名称": "医療法人社団健悠会　りつりん皮フ科クリニック", "機関区分": 2, "都道府県コード": 37, "市区町村コード": 201, "所在地": "香川県高松市楠上町二丁目３－１５", "緯度": 34.329768, "経度": 134.056521, "url": "https://www.iryou.teikyouseido.mhlw.go.jp/znk-web/juminkanja/S2430/initialize?prefCd=37&kikanCd=2370504450&kikanKbn=2", "url2": "https://ritsurin-d.com", "内容": "医療法人社団健悠会　りつりん皮フ科クリニック【2:診療所】【診療科目:皮膚科】香川県高松市楠上町二丁目３－１５" }, "geometry": { "type": "Point", "coordinates": [ 134.056521, 34.329768 ] } },
{ "type": "Feature", "properties": { "ID": 3722370504460, "正式名称": "医療法人よつばウィメンズクリニック", "機関区分": 2, "都道府県コード": 37, "市区町村コード": 201, "所在地": "香川県高松市円座町３７５－１", "緯度": 34.293076, "経度": 134.000389, "url": "https://www.iryou.teikyouseido.mhlw.go.jp/znk-web/juminkanja/S2430/initialize?prefCd=37&kikanCd=2370504460&kikanKbn=2", "url2": "http://yotsuba-w.jp/", "内容": "医療法人よつばウィメンズクリニック【2:診療所】【診療科目:産婦人科_産婦人科（生殖医療）】香川県高松市円座町３７５－１" }, "geometry": { "type": "Point", "coordinates": [ 134.000389, 34.293076 ] } },
{ "type": "Feature", "properties": { "ID": 3722370504490, "正式名称": "あまの内科クリニック", "機関区分": 2, "都道府県コード": 37, "市区町村コード": 201, "所在地": "香川県高松市木太町４３２６－１", "緯度": 34.310972, "経度": 134.079464, "url": "https://www.iryou.teikyouseido.mhlw.go.jp/znk-web/juminkanja/S2430/initialize?prefCd=37&kikanCd=2370504490&kikanKbn=2", "url2": "http://www.amanonaika.jp/", "内容": "あまの内科クリニック【2:診療所】【診療科目:内科_糖尿病内科_循環器内科】香川県高松市木太町４３２６－１" }, "geometry": { "type": "Point", "coordinates": [ 134.079464, 34.310972 ] } },
{ "type": "Feature", "properties": { "ID": 3722370504510, "正式名称": "楠の森眼科医院", "機関区分": 2, "都道府県コード": 37, "市区町村コード": 201, "所在地": "香川県高松市木太町１６０８－５", "緯度": 34.323057, "経度": 134.073106, "url": "https://www.iryou.teikyouseido.mhlw.go.jp/znk-web/juminkanja/S2430/initialize?prefCd=37&kikanCd=2370504510&kikanKbn=2", "url2": "www.kusunomori-ganka.com", "内容": "楠の森眼科医院【2:診療所】【診療科目:眼科】香川県高松市木太町１６０８－５" }, "geometry": { "type": "Point", "coordinates": [ 134.073106, 34.323057 ] } },
{ "type": "Feature", "properties": { "ID": 3722370504520, "正式名称": "医療法人財団愛和会たかまつクリニック", "機関区分": 2, "都道府県コード": 37, "市区町村コード": 201, "所在地": "香川県高松市木太町１１７４－１", "緯度": 34.321823, "経度": 134.069087, "url": "https://www.iryou.teikyouseido.mhlw.go.jp/znk-web/juminkanja/S2430/initialize?prefCd=37&kikanCd=2370504520&kikanKbn=2", "url2": null, "内容": "医療法人財団愛和会たかまつクリニック【2:診療所】【診療科目:内科_精神科_心療内科】香川県高松市木太町１１７４－１" }, "geometry": { "type": "Point", "coordinates": [ 134.069087, 34.321823 ] } },
{ "type": "Feature", "properties": { "ID": 3722370504530, "正式名称": "あんどう発達クリニック", "機関区分": 2, "都道府県コード": 37, "市区町村コード": 201, "所在地": "香川県高松市多肥下町５１７－１０", "緯度": 34.298606, "経度": 134.059689, "url": "https://www.iryou.teikyouseido.mhlw.go.jp/znk-web/juminkanja/S2430/initialize?prefCd=37&kikanCd=2370504530&kikanKbn=2", "url2": "Web.clinicn.jp/ando-ha-cl", "内容": "あんどう発達クリニック【2:診療所】【診療科目:小児科_児童精神科_精神科】香川県高松市多肥下町５１７－１０" }, "geometry": { "type": "Point", "coordinates": [ 134.059689, 34.298606 ] } },
{ "type": "Feature", "properties": { "ID": 3722370504560, "正式名称": "ありとも内科クリニック", "機関区分": 2, "都道府県コード": 37, "市区町村コード": 201, "所在地": "香川県高松市小村町２５６－１３", "緯度": 34.284745, "経度": 134.097548, "url": "https://www.iryou.teikyouseido.mhlw.go.jp/znk-web/juminkanja/S2430/initialize?prefCd=37&kikanCd=2370504560&kikanKbn=2", "url2": "http://www.aritomo-clinic.com/", "内容": "ありとも内科クリニック【2:診療所】【診療科目:内科_消化器内科】香川県高松市小村町２５６－１３" }, "geometry": { "type": "Point", "coordinates": [ 134.097548, 34.284745 ] } },
{ "type": "Feature", "properties": { "ID": 3722370504570, "正式名称": "陽子レディースクリニック", "機関区分": 2, "都道府県コード": 37, "市区町村コード": 201, "所在地": "香川県高松市丸亀町１番地１　丸亀町壱番街西館２階", "緯度": 34.345782, "経度": 134.05026, "url": "https://www.iryou.teikyouseido.mhlw.go.jp/znk-web/juminkanja/S2430/initialize?prefCd=37&kikanCd=2370504570&kikanKbn=2", "url2": "https://www.yokoladies.com", "内容": "陽子レディースクリニック【2:診療所】【診療科目:婦人科】香川県高松市丸亀町１番地１　丸亀町壱番街西館２階" }, "geometry": { "type": "Point", "coordinates": [ 134.05026, 34.345782 ] } },
{ "type": "Feature", "properties": { "ID": 3722370504580, "正式名称": "丸亀町アイクリニック", "機関区分": 2, "都道府県コード": 37, "市区町村コード": 201, "所在地": "香川県高松市丸亀町１２－８　ラクダヤビル２階", "緯度": 34.343771, "経度": 134.050177, "url": "https://www.iryou.teikyouseido.mhlw.go.jp/znk-web/juminkanja/S2430/initialize?prefCd=37&kikanCd=2370504580&kikanKbn=2", "url2": null, "内容": "丸亀町アイクリニック【2:診療所】【診療科目:眼科】香川県高松市丸亀町１２－８　ラクダヤビル２階" }, "geometry": { "type": "Point", "coordinates": [ 134.050177, 34.343771 ] } },
{ "type": "Feature", "properties": { "ID": 3722370504590, "正式名称": "番丁クリニック", "機関区分": 2, "都道府県コード": 37, "市区町村コード": 201, "所在地": "香川県高松市番町５丁目９番１０号", "緯度": 34.339457, "経度": 134.038111, "url": "https://www.iryou.teikyouseido.mhlw.go.jp/znk-web/juminkanja/S2430/initialize?prefCd=37&kikanCd=2370504590&kikanKbn=2", "url2": null, "内容": "番丁クリニック【2:診療所】【診療科目:内科_整形外科_リウマチ科_リハビリテーション科】香川県高松市番町５丁目９番１０号" }, "geometry": { "type": "Point", "coordinates": [ 134.038111, 34.339457 ] } },
{ "type": "Feature", "properties": { "ID": 3722370504600, "正式名称": "五番丁医院", "機関区分": 2, "都道府県コード": 37, "市区町村コード": 201, "所在地": "香川県高松市番町２丁目４番１６号", "緯度": 34.343091, "経度": 134.043841, "url": "https://www.iryou.teikyouseido.mhlw.go.jp/znk-web/juminkanja/S2430/initialize?prefCd=37&kikanCd=2370504600&kikanKbn=2", "url2": "http://gobanchou-clinic.jp", "内容": "五番丁医院【2:診療所】【診療科目:内科_外科_整形外科_リハビリテーション科】香川県高松市番町２丁目４番１６号" }, "geometry": { "type": "Point", "coordinates": [ 134.043841, 34.343091 ] } },
{ "type": "Feature", "properties": { "ID": 3722370504620, "正式名称": "高松ひまわり眼科", "機関区分": 2, "都道府県コード": 37, "市区町村コード": 201, "所在地": "香川県高松市香西本町１－１　イオンモール高松１階", "緯度": 34.35207, "経度": 134.004775, "url": "https://www.iryou.teikyouseido.mhlw.go.jp/znk-web/juminkanja/S2430/initialize?prefCd=37&kikanCd=2370504620&kikanKbn=2", "url2": null, "内容": "高松ひまわり眼科【2:診療所】【診療科目:眼科】香川県高松市香西本町１－１　イオンモール高松１階" }, "geometry": { "type": "Point", "coordinates": [ 134.004775, 34.35207 ] } },
{ "type": "Feature", "properties": { "ID": 3722370504640, "正式名称": "ふくだ眼科クリニック", "機関区分": 2, "都道府県コード": 37, "市区町村コード": 201, "所在地": "香川県高松市多賀町２丁目１８番１３号", "緯度": 34.335389, "経度": 134.059728, "url": "https://www.iryou.teikyouseido.mhlw.go.jp/znk-web/juminkanja/S2430/initialize?prefCd=37&kikanCd=2370504640&kikanKbn=2", "url2": "http://www.fukudaeyeclinic.com", "内容": "ふくだ眼科クリニック【2:診療所】【診療科目:眼科】香川県高松市多賀町２丁目１８番１３号" }, "geometry": { "type": "Point", "coordinates": [ 134.059728, 34.335389 ] } },
{ "type": "Feature", "properties": { "ID": 3722370504680, "正式名称": "みつ内科・ハートクリニック", "機関区分": 2, "都道府県コード": 37, "市区町村コード": 201, "所在地": "香川県高松市多肥上町１１１１－１　多肥メディカル・イーア２階", "緯度": 34.295104, "経度": 134.052543, "url": "https://www.iryou.teikyouseido.mhlw.go.jp/znk-web/juminkanja/S2430/initialize?prefCd=37&kikanCd=2370504680&kikanKbn=2", "url2": "http://hospital.dr-navip.jp/kagawa/facility/1530/", "内容": "みつ内科・ハートクリニック【2:診療所】【診療科目:内科_循環器内科】香川県高松市多肥上町１１１１－１　多肥メディカル・イーア２階" }, "geometry": { "type": "Point", "coordinates": [ 134.052543, 34.295104 ] } },
{ "type": "Feature", "properties": { "ID": 3722370504700, "正式名称": "医療法人讃楡会　高松にれクリニック", "機関区分": 2, "都道府県コード": 37, "市区町村コード": 201, "所在地": "香川県高松市番町２－１０－６", "緯度": 34.343629, "経度": 134.04056, "url": "https://www.iryou.teikyouseido.mhlw.go.jp/znk-web/juminkanja/S2430/initialize?prefCd=37&kikanCd=2370504700&kikanKbn=2", "url2": "http://niere.jp/takamatsu/", "内容": "医療法人讃楡会　高松にれクリニック【2:診療所】【診療科目:内科_糖尿病内科_腎臓内科_人工透析内科_泌尿器科】香川県高松市番町２－１０－６" }, "geometry": { "type": "Point", "coordinates": [ 134.04056, 34.343629 ] } },
{ "type": "Feature", "properties": { "ID": 3722370504710, "正式名称": "医療法人社団西高松脳外科内科クリニック高松画像診断クリニック", "機関区分": 2, "都道府県コード": 37, "市区町村コード": 201, "所在地": "香川県高松市朝日町二丁目４８３番地３２２", "緯度": 34.34879, "経度": 134.064678, "url": "https://www.iryou.teikyouseido.mhlw.go.jp/znk-web/juminkanja/S2430/initialize?prefCd=37&kikanCd=2370504710&kikanKbn=2", "url2": "https://www.nishitakamatsu.jp/", "内容": "医療法人社団西高松脳外科内科クリニック高松画像診断クリニック【2:診療所】【診療科目:内科_消化器内科_脳神経外科_整形外科_リハビリテーション科_放射線科】香川県高松市朝日町二丁目４８３番地３２２" }, "geometry": { "type": "Point", "coordinates": [ 134.064678, 34.34879 ] } },
{ "type": "Feature", "properties": { "ID": 3722370504730, "正式名称": "高松内視鏡診断クリニック", "機関区分": 2, "都道府県コード": 37, "市区町村コード": 201, "所在地": "香川県高松市福岡町四丁目２８番地３０号", "緯度": 34.339858, "経度": 134.067034, "url": "https://www.iryou.teikyouseido.mhlw.go.jp/znk-web/juminkanja/S2430/initialize?prefCd=37&kikanCd=2370504730&kikanKbn=2", "url2": "http://www.nishitakamatsu.jp/", "内容": "高松内視鏡診断クリニック【2:診療所】【診療科目:内科_循環器内科_消化器内科】香川県高松市福岡町四丁目２８番地３０号" }, "geometry": { "type": "Point", "coordinates": [ 134.067034, 34.339858 ] } },
{ "type": "Feature", "properties": { "ID": 3722370504740, "正式名称": "六条眼科", "機関区分": 2, "都道府県コード": 37, "市区町村コード": 201, "所在地": "香川県高松市六条町１７－１", "緯度": 34.293396, "経度": 134.087622, "url": "https://www.iryou.teikyouseido.mhlw.go.jp/znk-web/juminkanja/S2430/initialize?prefCd=37&kikanCd=2370504740&kikanKbn=2", "url2": "https://www.rokujyo-eye-clinic.jp/", "内容": "六条眼科【2:診療所】【診療科目:眼科】香川県高松市六条町１７－１" }, "geometry": { "type": "Point", "coordinates": [ 134.087622, 34.293396 ] } },
{ "type": "Feature", "properties": { "ID": 3722370504760, "正式名称": "みぞて眼科クリニック", "機関区分": 2, "都道府県コード": 37, "市区町村コード": 201, "所在地": "香川県高松市多肥上町１１１１－１多肥メディカルビル・イーア　３Ｆ", "緯度": 34.29506, "経度": 134.052525, "url": "https://www.iryou.teikyouseido.mhlw.go.jp/znk-web/juminkanja/S2430/initialize?prefCd=37&kikanCd=2370504760&kikanKbn=2", "url2": "http://www.mizote-eye.com/", "内容": "みぞて眼科クリニック【2:診療所】【診療科目:眼科】香川県高松市多肥上町１１１１－１多肥メディカルビル・イーア　３Ｆ" }, "geometry": { "type": "Point", "coordinates": [ 134.052525, 34.29506 ] } },
{ "type": "Feature", "properties": { "ID": 3722370504790, "正式名称": "むらかわクリニック", "機関区分": 2, "都道府県コード": 37, "市区町村コード": 201, "所在地": "香川県高松市朝日町２丁目２番７号Ｌ－ビルディング２階", "緯度": 34.348535, "経度": 134.063801, "url": "https://www.iryou.teikyouseido.mhlw.go.jp/znk-web/juminkanja/S2430/initialize?prefCd=37&kikanCd=2370504790&kikanKbn=2", "url2": "https://murakawa-clinic.com", "内容": "むらかわクリニック【2:診療所】【診療科目:小児科_児童精神科_リハビリテーション科】香川県高松市朝日町２丁目２番７号Ｌ－ビルディング２階" }, "geometry": { "type": "Point", "coordinates": [ 134.063801, 34.348535 ] } },
{ "type": "Feature", "properties": { "ID": 3722370504800, "正式名称": "Ｃｌｉｎｉｃａみやむら", "機関区分": 2, "都道府県コード": 37, "市区町村コード": 201, "所在地": "香川県高松市多肥下町５２７－１", "緯度": 34.29804, "経度": 134.059806, "url": "https://www.iryou.teikyouseido.mhlw.go.jp/znk-web/juminkanja/S2430/initialize?prefCd=37&kikanCd=2370504800&kikanKbn=2", "url2": "clinica-miyamura.com", "内容": "Ｃｌｉｎｉｃａみやむら【2:診療所】【診療科目:形成外科】香川県高松市多肥下町５２７－１" }, "geometry": { "type": "Point", "coordinates": [ 134.059806, 34.29804 ] } },
{ "type": "Feature", "properties": { "ID": 3722370504820, "正式名称": "さくらの馬場クリニック", "機関区分": 2, "都道府県コード": 37, "市区町村コード": 201, "所在地": "香川県高松市仏生山町甲４７１－５", "緯度": 34.282136, "経度": 134.046174, "url": "https://www.iryou.teikyouseido.mhlw.go.jp/znk-web/juminkanja/S2430/initialize?prefCd=37&kikanCd=2370504820&kikanKbn=2", "url2": "www.sanshikai-med.jp", "内容": "さくらの馬場クリニック【2:診療所】【診療科目:内科_循環器内科_腎臓内科_人工透析内科_リウマチ科】香川県高松市仏生山町甲４７１－５" }, "geometry": { "type": "Point", "coordinates": [ 134.046174, 34.282136 ] } },
{ "type": "Feature", "properties": { "ID": 3722370504830, "正式名称": "医療法人社団　ＲＥＮＡＴＵＳ　ＰＲＡＳ　ＴＡＮＡＫＡクリニック　形成外科・美容外科", "機関区分": 2, "都道府県コード": 37, "市区町村コード": 201, "所在地": "香川県高松市丸亀町１－１　丸亀町壱番街西館２階", "緯度": 34.34577, "経度": 134.050339, "url": "https://www.iryou.teikyouseido.mhlw.go.jp/znk-web/juminkanja/S2430/initialize?prefCd=37&kikanCd=2370504830&kikanKbn=2", "url2": "http://www.tanaka-pras-cl.com", "内容": "医療法人社団　ＲＥＮＡＴＵＳ　ＰＲＡＳ　ＴＡＮＡＫＡクリニック　形成外科・美容外科【2:診療所】【診療科目:形成外科_美容外科】香川県高松市丸亀町１－１　丸亀町壱番街西館２階" }, "geometry": { "type": "Point", "coordinates": [ 134.050339, 34.34577 ] } },
{ "type": "Feature", "properties": { "ID": 3722370504840, "正式名称": "高松紺屋町クリニック", "機関区分": 2, "都道府県コード": 37, "市区町村コード": 201, "所在地": "香川県高松市紺屋町５－３", "緯度": 34.344878, "経度": 134.046416, "url": "https://www.iryou.teikyouseido.mhlw.go.jp/znk-web/juminkanja/S2430/initialize?prefCd=37&kikanCd=2370504840&kikanKbn=2", "url2": "http://www.well-sprt.com/", "内容": "高松紺屋町クリニック【2:診療所】【診療科目:内科_糖尿病内科】香川県高松市紺屋町５－３" }, "geometry": { "type": "Point", "coordinates": [ 134.046416, 34.344878 ] } },
{ "type": "Feature", "properties": { "ID": 3722370504850, "正式名称": "古新町こころの診療所", "機関区分": 2, "都道府県コード": 37, "市区町村コード": 201, "所在地": "香川県高松市古新町１０－３　砂屋ビル６階", "緯度": 34.345363, "経度": 134.049749, "url": "https://www.iryou.teikyouseido.mhlw.go.jp/znk-web/juminkanja/S2430/initialize?prefCd=37&kikanCd=2370504850&kikanKbn=2", "url2": "http://furujinmachi.byoinnavi.jp/pc/", "内容": "古新町こころの診療所【2:診療所】【診療科目:精神科_心療内科】香川県高松市古新町１０－３　砂屋ビル６階" }, "geometry": { "type": "Point", "coordinates": [ 134.049749, 34.345363 ] } },
{ "type": "Feature", "properties": { "ID": 3722370504860, "正式名称": "水尾医院", "機関区分": 2, "都道府県コード": 37, "市区町村コード": 201, "所在地": "香川県高松市三谷町１１６１－１", "緯度": 34.277868, "経度": 134.068778, "url": "https://www.iryou.teikyouseido.mhlw.go.jp/znk-web/juminkanja/S2430/initialize?prefCd=37&kikanCd=2370504860&kikanKbn=2", "url2": null, "内容": "水尾医院【2:診療所】【診療科目:内科】香川県高松市三谷町１１６１－１" }, "geometry": { "type": "Point", "coordinates": [ 134.068778, 34.277868 ] } },
{ "type": "Feature", "properties": { "ID": 3722370504880, "正式名称": "医療法人まる耳鼻咽喉科", "機関区分": 2, "都道府県コード": 37, "市区町村コード": 201, "所在地": "香川県高松市多肥下町２４６－１", "緯度": 34.298517, "経度": 134.053198, "url": "https://www.iryou.teikyouseido.mhlw.go.jp/znk-web/juminkanja/S2430/initialize?prefCd=37&kikanCd=2370504880&kikanKbn=2", "url2": "www.maru-clinic.jp", "内容": "医療法人まる耳鼻咽喉科【2:診療所】【診療科目:耳鼻いんこう科】香川県高松市多肥下町２４６－１" }, "geometry": { "type": "Point", "coordinates": [ 134.053198, 34.298517 ] } },
{ "type": "Feature", "properties": { "ID": 3722370504910, "正式名称": "湘南美容クリニック高松院", "機関区分": 2, "都道府県コード": 37, "市区町村コード": 201, "所在地": "香川県高松市丸亀町３番地１３　高松丸亀町参番街西館２階", "緯度": 34.344722, "経度": 134.050052, "url": "https://www.iryou.teikyouseido.mhlw.go.jp/znk-web/juminkanja/S2430/initialize?prefCd=37&kikanCd=2370504910&kikanKbn=2", "url2": "https://www.s-b-c.net/clinic/branch/takamatsu/", "内容": "湘南美容クリニック高松院【2:診療所】【診療科目:美容外科_美容皮膚科】香川県高松市丸亀町３番地１３　高松丸亀町参番街西館２階" }, "geometry": { "type": "Point", "coordinates": [ 134.050052, 34.344722 ] } },
{ "type": "Feature", "properties": { "ID": 3722370504920, "正式名称": "湯川クリニック", "機関区分": 2, "都道府県コード": 37, "市区町村コード": 201, "所在地": "香川県高松市屋島西町２４８７－２１", "緯度": 34.349683, "経度": 134.088046, "url": "https://www.iryou.teikyouseido.mhlw.go.jp/znk-web/juminkanja/S2430/initialize?prefCd=37&kikanCd=2370504920&kikanKbn=2", "url2": "https://ohisamacenter.com/yukawaclinic/", "内容": "湯川クリニック【2:診療所】【診療科目:内科_放射線科_放射線診断科】香川県高松市屋島西町２４８７－２１" }, "geometry": { "type": "Point", "coordinates": [ 134.088046, 34.349683 ] } },
{ "type": "Feature", "properties": { "ID": 3722370504940, "正式名称": "わかばクリニック", "機関区分": 2, "都道府県コード": 37, "市区町村コード": 201, "所在地": "香川県高松市松並町１０２３－３", "緯度": 34.320665, "経度": 134.028865, "url": "https://www.iryou.teikyouseido.mhlw.go.jp/znk-web/juminkanja/S2430/initialize?prefCd=37&kikanCd=2370504940&kikanKbn=2", "url2": "wakaba-hado-clinic.com", "内容": "わかばクリニック【2:診療所】【診療科目:外科_消化器外科】香川県高松市松並町１０２３－３" }, "geometry": { "type": "Point", "coordinates": [ 134.028865, 34.320665 ] } },
{ "type": "Feature", "properties": { "ID": 3722370504950, "正式名称": "もりした眼科クリニック", "機関区分": 2, "都道府県コード": 37, "市区町村コード": 201, "所在地": "香川県高松市松縄町１１４０－９", "緯度": 34.311266, "経度": 134.062022, "url": "https://www.iryou.teikyouseido.mhlw.go.jp/znk-web/juminkanja/S2430/initialize?prefCd=37&kikanCd=2370504950&kikanKbn=2", "url2": "http://morishita-eye.com", "内容": "もりした眼科クリニック【2:診療所】【診療科目:眼科】香川県高松市松縄町１１４０－９" }, "geometry": { "type": "Point", "coordinates": [ 134.062022, 34.311266 ] } },
{ "type": "Feature", "properties": { "ID": 3722370504960, "正式名称": "高松ｅ眼科", "機関区分": 2, "都道府県コード": 37, "市区町村コード": 201, "所在地": "香川県高松市太田下町２４５７－１", "緯度": 34.309897, "経度": 134.049745, "url": "https://www.iryou.teikyouseido.mhlw.go.jp/znk-web/juminkanja/S2430/initialize?prefCd=37&kikanCd=2370504960&kikanKbn=2", "url2": "eganka.com", "内容": "高松ｅ眼科【2:診療所】【診療科目:眼科】香川県高松市太田下町２４５７－１" }, "geometry": { "type": "Point", "coordinates": [ 134.049745, 34.309897 ] } },
{ "type": "Feature", "properties": { "ID": 3722370504970, "正式名称": "藤沢眼科", "機関区分": 2, "都道府県コード": 37, "市区町村コード": 201, "所在地": "香川県高松市檀紙町５９－１", "緯度": 34.29779, "経度": 133.996067, "url": "https://www.iryou.teikyouseido.mhlw.go.jp/znk-web/juminkanja/S2430/initialize?prefCd=37&kikanCd=2370504970&kikanKbn=2", "url2": "http://fujisawa-a-eyeclinic.com/", "内容": "藤沢眼科【2:診療所】【診療科目:眼科】香川県高松市檀紙町５９－１" }, "geometry": { "type": "Point", "coordinates": [ 133.996067, 34.29779 ] } },
{ "type": "Feature", "properties": { "ID": 3722370504980, "正式名称": "六条ひふ科クリニック", "機関区分": 2, "都道府県コード": 37, "市区町村コード": 201, "所在地": "香川県高松市下田井町３７２－１", "緯度": 34.29184, "経度": 134.091025, "url": "https://www.iryou.teikyouseido.mhlw.go.jp/znk-web/juminkanja/S2430/initialize?prefCd=37&kikanCd=2370504980&kikanKbn=2", "url2": "http://www.rokujyou-hihuka.com", "内容": "六条ひふ科クリニック【2:診療所】【診療科目:皮膚科】香川県高松市下田井町３７２－１" }, "geometry": { "type": "Point", "coordinates": [ 134.091025, 34.29184 ] } },
{ "type": "Feature", "properties": { "ID": 3722370505000, "正式名称": "医療法人社団龍里会　わたなべ耳鼻咽喉科", "機関区分": 2, "都道府県コード": 37, "市区町村コード": 201, "所在地": "香川県高松市出作町字東原２８１－１", "緯度": 34.285894, "経度": 134.050644, "url": "https://www.iryou.teikyouseido.mhlw.go.jp/znk-web/juminkanja/S2430/initialize?prefCd=37&kikanCd=2370505000&kikanKbn=2", "url2": "https://nabejibi.jp", "内容": "医療法人社団龍里会　わたなべ耳鼻咽喉科【2:診療所】【診療科目:頭頸部外科_小児耳鼻いんこう科_耳鼻いんこう科_アレルギー科】香川県高松市出作町字東原２８１－１" }, "geometry": { "type": "Point", "coordinates": [ 134.050644, 34.285894 ] } },
{ "type": "Feature", "properties": { "ID": 3722370505040, "正式名称": "医療法人社団豊永会丸亀町クリニック", "機関区分": 2, "都道府県コード": 37, "市区町村コード": 201, "所在地": "香川県高松市丸亀町１－１　丸亀町壱番街西館３階", "緯度": 34.34578, "経度": 134.050241, "url": "https://www.iryou.teikyouseido.mhlw.go.jp/znk-web/juminkanja/S2430/initialize?prefCd=37&kikanCd=2370505040&kikanKbn=2", "url2": "https://www.marucl.jp", "内容": "医療法人社団豊永会丸亀町クリニック【2:診療所】【診療科目:内科_循環器内科_リハビリテーション科_放射線科】香川県高松市丸亀町１－１　丸亀町壱番街西館３階" }, "geometry": { "type": "Point", "coordinates": [ 134.050241, 34.34578 ] } },
{ "type": "Feature", "properties": { "ID": 3722370505050, "正式名称": "サンポート高松クリニック", "機関区分": 2, "都道府県コード": 37, "市区町村コード": 201, "所在地": "香川県高松市サンポート２番１号　マリタイムプラザ２階", "緯度": 34.352664, "経度": 134.047016, "url": "https://www.iryou.teikyouseido.mhlw.go.jp/znk-web/juminkanja/S2430/initialize?prefCd=37&kikanCd=2370505050&kikanKbn=2", "url2": "https:www.sunport-takamatsu.clinic", "内容": "サンポート高松クリニック【2:診療所】【診療科目:内科_糖尿病内科_糖尿病・代謝内科】香川県高松市サンポート２番１号　マリタイムプラザ２階" }, "geometry": { "type": "Point", "coordinates": [ 134.047016, 34.352664 ] } },
{ "type": "Feature", "properties": { "ID": 3722370505060, "正式名称": "やまもと中央クリニック", "機関区分": 2, "都道府県コード": 37, "市区町村コード": 201, "所在地": "香川県高松市木太町５０７７番２", "緯度": 34.312721, "経度": 134.063634, "url": "https://www.iryou.teikyouseido.mhlw.go.jp/znk-web/juminkanja/S2430/initialize?prefCd=37&kikanCd=2370505060&kikanKbn=2", "url2": "https://ychuoclinic.com", "内容": "やまもと中央クリニック【2:診療所】【診療科目:内科_泌尿器科】香川県高松市木太町５０７７番２" }, "geometry": { "type": "Point", "coordinates": [ 134.063634, 34.312721 ] } },
{ "type": "Feature", "properties": { "ID": 3722370505080, "正式名称": "ふじもり内科・消化器内科クリニック", "機関区分": 2, "都道府県コード": 37, "市区町村コード": 201, "所在地": "香川県高松市多肥下町４８２番地", "緯度": 34.30137, "経度": 134.056799, "url": "https://www.iryou.teikyouseido.mhlw.go.jp/znk-web/juminkanja/S2430/initialize?prefCd=37&kikanCd=2370505080&kikanKbn=2", "url2": "https://fuji-medi.com", "内容": "ふじもり内科・消化器内科クリニック【2:診療所】【診療科目:内科_消化器内科】香川県高松市多肥下町４８２番地" }, "geometry": { "type": "Point", "coordinates": [ 134.056799, 34.30137 ] } },
{ "type": "Feature", "properties": { "ID": 3722370505090, "正式名称": "安田内科", "機関区分": 2, "都道府県コード": 37, "市区町村コード": 201, "所在地": "香川県高松市国分寺町福家甲３０９１ー４", "緯度": 34.28395, "経度": 133.963336, "url": "https://www.iryou.teikyouseido.mhlw.go.jp/znk-web/juminkanja/S2430/initialize?prefCd=37&kikanCd=2370505090&kikanKbn=2", "url2": "http://www.yasudanaika.jp/", "内容": "安田内科【2:診療所】【診療科目:内科_消化器内科】香川県高松市国分寺町福家甲３０９１ー４" }, "geometry": { "type": "Point", "coordinates": [ 133.963336, 34.28395 ] } },
{ "type": "Feature", "properties": { "ID": 3722370505100, "正式名称": "高松南整形外科スポーツクリニック", "機関区分": 2, "都道府県コード": 37, "市区町村コード": 201, "所在地": "香川県高松市三名町６５番", "緯度": 34.28714, "経度": 134.035049, "url": "https://www.iryou.teikyouseido.mhlw.go.jp/znk-web/juminkanja/S2430/initialize?prefCd=37&kikanCd=2370505100&kikanKbn=2", "url2": "http://www.tkm-osc.cpm", "内容": "高松南整形外科スポーツクリニック【2:診療所】【診療科目:整形外科_リハビリテーション科】香川県高松市三名町６５番" }, "geometry": { "type": "Point", "coordinates": [ 134.035049, 34.28714 ] } },
{ "type": "Feature", "properties": { "ID": 3722370505120, "正式名称": "医療法人しみずこどもクリニック", "機関区分": 2, "都道府県コード": 37, "市区町村コード": 201, "所在地": "香川県高松市木太町５０８０－１２", "緯度": 34.310384, "経度": 134.065074, "url": "https://www.iryou.teikyouseido.mhlw.go.jp/znk-web/juminkanja/S2430/initialize?prefCd=37&kikanCd=2370505120&kikanKbn=2", "url2": "https://www.shimizu-children.clinic", "内容": "医療法人しみずこどもクリニック【2:診療所】【診療科目:腎臓内科_小児科_アレルギー科】香川県高松市木太町５０８０－１２" }, "geometry": { "type": "Point", "coordinates": [ 134.065074, 34.310384 ] } },
{ "type": "Feature", "properties": { "ID": 3722370505130, "正式名称": "いなもと耳鼻咽喉科", "機関区分": 2, "都道府県コード": 37, "市区町村コード": 201, "所在地": "香川県高松市一宮町字荒１５３０－１", "緯度": 34.288963, "経度": 134.027056, "url": "https://www.iryou.teikyouseido.mhlw.go.jp/znk-web/juminkanja/S2430/initialize?prefCd=37&kikanCd=2370505130&kikanKbn=2", "url2": "www.ent-inamoto.jp", "内容": "いなもと耳鼻咽喉科【2:診療所】【診療科目:耳鼻いんこう科】香川県高松市一宮町字荒１５３０－１" }, "geometry": { "type": "Point", "coordinates": [ 134.027056, 34.288963 ] } },
{ "type": "Feature", "properties": { "ID": 3722370505170, "正式名称": "ＡＢＣクリニック美容外科　高松院", "機関区分": 2, "都道府県コード": 37, "市区町村コード": 201, "所在地": "香川県高松市瓦町２－１２－８　ＬＥＥＺＥＮビル４Ｆ", "緯度": 34.341333, "経度": 134.05154, "url": "https://www.iryou.teikyouseido.mhlw.go.jp/znk-web/juminkanja/S2430/initialize?prefCd=37&kikanCd=2370505170&kikanKbn=2", "url2": null, "内容": "ＡＢＣクリニック美容外科　高松院【2:診療所】【診療科目:美容外科_泌尿器科】香川県高松市瓦町２－１２－８　ＬＥＥＺＥＮビル４Ｆ" }, "geometry": { "type": "Point", "coordinates": [ 134.05154, 34.341333 ] } },
{ "type": "Feature", "properties": { "ID": 3722370505200, "正式名称": "レインボー通り内科クリニック", "機関区分": 2, "都道府県コード": 37, "市区町村コード": 201, "所在地": "香川県高松市多肥下町１５０６－２０", "緯度": 34.305278, "経度": 134.058999, "url": "https://www.iryou.teikyouseido.mhlw.go.jp/znk-web/juminkanja/S2430/initialize?prefCd=37&kikanCd=2370505200&kikanKbn=2", "url2": "https://www.rainbowroad-medical-clinic.com/", "内容": "レインボー通り内科クリニック【2:診療所】【診療科目:内科_糖尿病内科_糖尿病・内分泌内科】香川県高松市多肥下町１５０６－２０" }, "geometry": { "type": "Point", "coordinates": [ 134.058999, 34.305278 ] } },
{ "type": "Feature", "properties": { "ID": 3722370505240, "正式名称": "真弓愛メディカルクリニック", "機関区分": 2, "都道府県コード": 37, "市区町村コード": 201, "所在地": "香川県高松市東ハゼ町１２－７", "緯度": 34.321215, "経度": 134.041187, "url": "https://www.iryou.teikyouseido.mhlw.go.jp/znk-web/juminkanja/S2430/initialize?prefCd=37&kikanCd=2370505240&kikanKbn=2", "url2": "https://www.mayumiai-medical.jp/", "内容": "真弓愛メディカルクリニック【2:診療所】【診療科目:内科_漢方内科_女性内科_アレルギー疾患内科_形成外科_皮膚科_美容皮膚科_アレルギー科】香川県高松市東ハゼ町１２－７" }, "geometry": { "type": "Point", "coordinates": [ 134.041187, 34.321215 ] } },
{ "type": "Feature", "properties": { "ID": 3722370505290, "正式名称": "きむら内科呼吸器内科クリニック", "機関区分": 2, "都道府県コード": 37, "市区町村コード": 201, "所在地": "香川県高松市牟礼町原１１９２－２", "緯度": 34.329219, "経度": 134.149793, "url": "https://www.iryou.teikyouseido.mhlw.go.jp/znk-web/juminkanja/S2430/initialize?prefCd=37&kikanCd=2370505290&kikanKbn=2", "url2": null, "内容": "きむら内科呼吸器内科クリニック【2:診療所】【診療科目:内科_呼吸器内科】香川県高松市牟礼町原１１９２－２" }, "geometry": { "type": "Point", "coordinates": [ 134.149793, 34.329219 ] } },
{ "type": "Feature", "properties": { "ID": 3722370505300, "正式名称": "仏生山駅前診療所", "機関区分": 2, "都道府県コード": 37, "市区町村コード": 201, "所在地": "香川県高松市仏生山町甲２７１－１０", "緯度": 34.27805, "経度": 134.041335, "url": "https://www.iryou.teikyouseido.mhlw.go.jp/znk-web/juminkanja/S2430/initialize?prefCd=37&kikanCd=2370505300&kikanKbn=2", "url2": "www.bussyouzan-ekimae.jp", "内容": "仏生山駅前診療所【2:診療所】【診療科目:精神科_心療内科】香川県高松市仏生山町甲２７１－１０" }, "geometry": { "type": "Point", "coordinates": [ 134.041335, 34.27805 ] } },
{ "type": "Feature", "properties": { "ID": 3722370505310, "正式名称": "医療法人社団恵生会生成脳神経クリニック", "機関区分": 2, "都道府県コード": 37, "市区町村コード": 201, "所在地": "香川県高松市多肥下町４６８－３", "緯度": 34.298467, "経度": 134.058439, "url": "https://www.iryou.teikyouseido.mhlw.go.jp/znk-web/juminkanja/S2430/initialize?prefCd=37&kikanCd=2370505310&kikanKbn=2", "url2": "https://ikinari.or.jp", "内容": "医療法人社団恵生会生成脳神経クリニック【2:診療所】【診療科目:脳神経外科】香川県高松市多肥下町４６８－３" }, "geometry": { "type": "Point", "coordinates": [ 134.058439, 34.298467 ] } },
{ "type": "Feature", "properties": { "ID": 3722370505320, "正式名称": "屋島おおはら内科・消化器内科クリニック", "機関区分": 2, "都道府県コード": 37, "市区町村コード": 201, "所在地": "香川県高松市高松町２５００－５", "緯度": 34.338341, "経度": 134.10938, "url": "https://www.iryou.teikyouseido.mhlw.go.jp/znk-web/juminkanja/S2430/initialize?prefCd=37&kikanCd=2370505320&kikanKbn=2", "url2": "https://oohara-naika.com", "内容": "屋島おおはら内科・消化器内科クリニック【2:診療所】【診療科目:内科_糖尿病・内分泌内科_消化器内科】香川県高松市高松町２５００－５" }, "geometry": { "type": "Point", "coordinates": [ 134.10938, 34.338341 ] } },
{ "type": "Feature", "properties": { "ID": 3722370505330, "正式名称": "医療法人社団くろだ耳鼻咽喉科医院", "機関区分": 2, "都道府県コード": 37, "市区町村コード": 201, "所在地": "香川県高松市国分寺町国分字野間１３７－１", "緯度": 34.308363, "経度": 133.93891, "url": "https://www.iryou.teikyouseido.mhlw.go.jp/znk-web/juminkanja/S2430/initialize?prefCd=37&kikanCd=2370505330&kikanKbn=2", "url2": "https://kurodajibika.com/", "内容": "医療法人社団くろだ耳鼻咽喉科医院【2:診療所】【診療科目:耳鼻いんこう科_アレルギー科】香川県高松市国分寺町国分字野間１３７－１" }, "geometry": { "type": "Point", "coordinates": [ 133.93891, 34.308363 ] } },
{ "type": "Feature", "properties": { "ID": 3722370505340, "正式名称": "印藤内科クリニック", "機関区分": 2, "都道府県コード": 37, "市区町村コード": 201, "所在地": "香川県高松市高松町３００６－７", "緯度": 34.340228, "経度": 134.110939, "url": "https://www.iryou.teikyouseido.mhlw.go.jp/znk-web/juminkanja/S2430/initialize?prefCd=37&kikanCd=2370505340&kikanKbn=2", "url2": "https://www.takamatsu-icamera-imc.com", "内容": "印藤内科クリニック【2:診療所】【診療科目:内科_消化器内科_内視鏡内科_肛門外科】香川県高松市高松町３００６－７" }, "geometry": { "type": "Point", "coordinates": [ 134.110939, 34.340228 ] } },
{ "type": "Feature", "properties": { "ID": 3722370505350, "正式名称": "あらい乳腺クリニック", "機関区分": 2, "都道府県コード": 37, "市区町村コード": 201, "所在地": "香川県高松市下田井町３７２－１", "緯度": 34.291945, "経度": 134.090351, "url": "https://www.iryou.teikyouseido.mhlw.go.jp/znk-web/juminkanja/S2430/initialize?prefCd=37&kikanCd=2370505350&kikanKbn=2", "url2": "https://www.arai-breast.com", "内容": "あらい乳腺クリニック【2:診療所】【診療科目:乳腺外科】香川県高松市下田井町３７２－１" }, "geometry": { "type": "Point", "coordinates": [ 134.090351, 34.291945 ] } },
{ "type": "Feature", "properties": { "ID": 3722370505360, "正式名称": "こうの呼吸器クリニック", "機関区分": 2, "都道府県コード": 37, "市区町村コード": 201, "所在地": "香川県高松市出作町２０５－１", "緯度": 34.28402, "経度": 134.050673, "url": "https://www.iryou.teikyouseido.mhlw.go.jp/znk-web/juminkanja/S2430/initialize?prefCd=37&kikanCd=2370505360&kikanKbn=2", "url2": "https://www.kono-clinic.jp", "内容": "こうの呼吸器クリニック【2:診療所】【診療科目:内科_呼吸器内科_アレルギー科】香川県高松市出作町２０５－１" }, "geometry": { "type": "Point", "coordinates": [ 134.050673, 34.28402 ] } },
{ "type": "Feature", "properties": { "ID": 3722370505380, "正式名称": "みき内科外科医院", "機関区分": 2, "都道府県コード": 37, "市区町村コード": 201, "所在地": "香川県高松市内町３－２", "緯度": 34.346647, "経度": 134.052636, "url": "https://www.iryou.teikyouseido.mhlw.go.jp/znk-web/juminkanja/S2430/initialize?prefCd=37&kikanCd=2370505380&kikanKbn=2", "url2": null, "内容": "みき内科外科医院【2:診療所】【診療科目:内科_外科_肛門外科_耳鼻いんこう科_アレルギー科】香川県高松市内町３－２" }, "geometry": { "type": "Point", "coordinates": [ 134.052636, 34.346647 ] } },
{ "type": "Feature", "properties": { "ID": 3722370505410, "正式名称": "ＴＣＢ　東京中央美容外科・ＴＣＢ　スキンクリニック　高松院", "機関区分": 2, "都道府県コード": 37, "市区町村コード": 201, "所在地": "香川県高松市兵庫町１１－６カーニープレイス高松兵庫町ビル３階", "緯度": 34.346395, "経度": 134.047618, "url": "https://www.iryou.teikyouseido.mhlw.go.jp/znk-web/juminkanja/S2430/initialize?prefCd=37&kikanCd=2370505410&kikanKbn=2", "url2": "https://aoki-tsuyoshi.com/", "内容": "ＴＣＢ　東京中央美容外科・ＴＣＢ　スキンクリニック　高松院【2:診療所】【診療科目:整形外科_美容外科_皮膚科_美容皮膚科】香川県高松市兵庫町１１－６カーニープレイス高松兵庫町ビル３階" }, "geometry": { "type": "Point", "coordinates": [ 134.047618, 34.346395 ] } },
{ "type": "Feature", "properties": { "ID": 3722370505460, "正式名称": "たけうち日帰り外科", "機関区分": 2, "都道府県コード": 37, "市区町村コード": 201, "所在地": "香川県高松市六条町１２２１－１", "緯度": 34.303063, "経度": 134.081731, "url": "https://www.iryou.teikyouseido.mhlw.go.jp/znk-web/juminkanja/S2430/initialize?prefCd=37&kikanCd=2370505460&kikanKbn=2", "url2": null, "内容": "たけうち日帰り外科【2:診療所】【診療科目:内科_外科_消化器外科_肛門外科_麻酔科】香川県高松市六条町１２２１－１" }, "geometry": { "type": "Point", "coordinates": [ 134.081731, 34.303063 ] } },
{ "type": "Feature", "properties": { "ID": 3722370505470, "正式名称": "さんぜんクリニック", "機関区分": 2, "都道府県コード": 37, "市区町村コード": 201, "所在地": "香川県高松市天神前５－６高松メディカルモール２Ｆ", "緯度": 34.34035, "経度": 134.045015, "url": "https://www.iryou.teikyouseido.mhlw.go.jp/znk-web/juminkanja/S2430/initialize?prefCd=37&kikanCd=2370505470&kikanKbn=2", "url2": "https://sanzen-clinic.com/#sec_access", "内容": "さんぜんクリニック【2:診療所】【診療科目:内科_消化器内科_内視鏡内科】香川県高松市天神前５－６高松メディカルモール２Ｆ" }, "geometry": { "type": "Point", "coordinates": [ 134.045015, 34.34035 ] } },
{ "type": "Feature", "properties": { "ID": 3722370505500, "正式名称": "エミナルクリニック高松院", "機関区分": 2, "都道府県コード": 37, "市区町村コード": 201, "所在地": "香川県高松市丸亀町７−１６丸亀町グリーン２階", "緯度": 34.344242, "経度": 134.05014, "url": "https://www.iryou.teikyouseido.mhlw.go.jp/znk-web/juminkanja/S2430/initialize?prefCd=37&kikanCd=2370505500&kikanKbn=2", "url2": null, "内容": "エミナルクリニック高松院【2:診療所】【診療科目:美容皮膚科】香川県高松市丸亀町７−１６丸亀町グリーン２階" }, "geometry": { "type": "Point", "coordinates": [ 134.05014, 34.344242 ] } },
{ "type": "Feature", "properties": { "ID": 3722370505510, "正式名称": "ブランクリニック高松院", "機関区分": 2, "都道府県コード": 37, "市区町村コード": 201, "所在地": "香川県高松市丸亀町２ー１３高松丸亀町弐番街３号館３階", "緯度": 34.3451418, "経度": 134.0501243, "url": "https://www.iryou.teikyouseido.mhlw.go.jp/znk-web/juminkanja/S2430/initialize?prefCd=37&kikanCd=2370505510&kikanKbn=2", "url2": null, "内容": "ブランクリニック高松院【2:診療所】【診療科目:美容皮膚科】香川県高松市丸亀町２ー１３高松丸亀町弐番街３号館３階" }, "geometry": { "type": "Point", "coordinates": [ 134.0501243, 34.3451418 ] } },
{ "type": "Feature", "properties": { "ID": 3722370505520, "正式名称": "医療法人ブルーム　みねやまクリニック", "機関区分": 2, "都道府県コード": 37, "市区町村コード": 201, "所在地": "香川県高松市西春日町１１１１番池１峰山くらし広場１階", "緯度": 34.3231347, "経度": 134.0287144, "url": "https://www.iryou.teikyouseido.mhlw.go.jp/znk-web/juminkanja/S2430/initialize?prefCd=37&kikanCd=2370505520&kikanKbn=2", "url2": "https://mineyama-clinic.com/", "内容": "医療法人ブルーム　みねやまクリニック【2:診療所】【診療科目:内科_耳鼻いんこう科_皮膚科_心療内科】香川県高松市西春日町１１１１番池１峰山くらし広場１階" }, "geometry": { "type": "Point", "coordinates": [ 134.028714400000013, 34.3231347 ] } },
{ "type": "Feature", "properties": { "ID": 3722370505530, "正式名称": "医療法人社団　恵生会　いきなりキッズクリニック", "機関区分": 2, "都道府県コード": 37, "市区町村コード": 201, "所在地": "香川県高松市内町２－１", "緯度": 34.346846, "経度": 134.050903, "url": "https://www.iryou.teikyouseido.mhlw.go.jp/znk-web/juminkanja/S2430/initialize?prefCd=37&kikanCd=2370505530&kikanKbn=2", "url2": "https://ikinari-kids.com/", "内容": "医療法人社団　恵生会　いきなりキッズクリニック【2:診療所】【診療科目:内科_内分泌内科_脳神経外科_小児科_小児外科】香川県高松市内町２－１" }, "geometry": { "type": "Point", "coordinates": [ 134.050903, 34.346846 ] } },
{ "type": "Feature", "properties": { "ID": 3722370505550, "正式名称": "あおぞら診療所", "機関区分": 2, "都道府県コード": 37, "市区町村コード": 201, "所在地": "香川県高松市栗林町２丁目４－１１アオイビル", "緯度": 34.330031, "経度": 134.050661, "url": "https://www.iryou.teikyouseido.mhlw.go.jp/znk-web/juminkanja/S2430/initialize?prefCd=37&kikanCd=2370505550&kikanKbn=2", "url2": null, "内容": "あおぞら診療所【2:診療所】【診療科目:内科_緩和ケア内科_泌尿器科】香川県高松市栗林町２丁目４－１１アオイビル" }, "geometry": { "type": "Point", "coordinates": [ 134.050661, 34.330031 ] } },
{ "type": "Feature", "properties": { "ID": 3722370505560, "正式名称": "とぎやまち内科・消化器内科", "機関区分": 2, "都道府県コード": 37, "市区町村コード": 201, "所在地": "香川県高松市磨屋町１０－７ココマチ高松アルファメディカルモール１階", "緯度": 34.344923, "経度": 134.049492, "url": "https://www.iryou.teikyouseido.mhlw.go.jp/znk-web/juminkanja/S2430/initialize?prefCd=37&kikanCd=2370505560&kikanKbn=2", "url2": "https://togiyamachi-cl.com/", "内容": "とぎやまち内科・消化器内科【2:診療所】【診療科目:内科_消化器内科_肝臓内科_内視鏡内科】香川県高松市磨屋町１０－７ココマチ高松アルファメディカルモール１階" }, "geometry": { "type": "Point", "coordinates": [ 134.049492, 34.344923 ] } },
{ "type": "Feature", "properties": { "ID": 3722370505580, "正式名称": "医療法人社団　立心会　中央高松ハートクリニック", "機関区分": 2, "都道府県コード": 37, "市区町村コード": 201, "所在地": "香川県高松市林町　２５２８－１", "緯度": 34.307627, "経度": 134.065095, "url": "https://www.iryou.teikyouseido.mhlw.go.jp/znk-web/juminkanja/S2430/initialize?prefCd=37&kikanCd=2370505580&kikanKbn=2", "url2": null, "内容": "医療法人社団　立心会　中央高松ハートクリニック【2:診療所】【診療科目:内科_循環器内科】香川県高松市林町　２５２８－１" }, "geometry": { "type": "Point", "coordinates": [ 134.065095, 34.307627 ] } },
{ "type": "Feature", "properties": { "ID": 3722370505590, "正式名称": "医療法人社団東高松クリニック　ブレイン脳外科・内科クリニック", "機関区分": 2, "都道府県コード": 37, "市区町村コード": 201, "所在地": "香川県高松市林町２５２８－１", "緯度": 34.307603, "経度": 134.064814, "url": "https://www.iryou.teikyouseido.mhlw.go.jp/znk-web/juminkanja/S2430/initialize?prefCd=37&kikanCd=2370505590&kikanKbn=2", "url2": "https://neuro.nishitakamatsu.jp/", "内容": "医療法人社団東高松クリニック　ブレイン脳外科・内科クリニック【2:診療所】【診療科目:内科_脳神経外科_リハビリテーション科】香川県高松市林町２５２８－１" }, "geometry": { "type": "Point", "coordinates": [ 134.064814, 34.307603 ] } },
{ "type": "Feature", "properties": { "ID": 3722370505610, "正式名称": "ＡＮＤ美容外科高松院", "機関区分": 2, "都道府県コード": 37, "市区町村コード": 201, "所在地": "香川県高松市兵庫町８－１高松兵庫町ビルディング１Ｆ", "緯度": 34.346394, "経度": 134.047575, "url": "https://www.iryou.teikyouseido.mhlw.go.jp/znk-web/juminkanja/S2430/initialize?prefCd=37&kikanCd=2370505610&kikanKbn=2", "url2": "https://and-bg.com/", "内容": "ＡＮＤ美容外科高松院【2:診療所】【診療科目:美容外科_美容皮膚科_泌尿器科】香川県高松市兵庫町８－１高松兵庫町ビルディング１Ｆ" }, "geometry": { "type": "Point", "coordinates": [ 134.047575, 34.346394 ] } },
{ "type": "Feature", "properties": { "ID": 3722370505630, "正式名称": "高松つつじ眼科", "機関区分": 2, "都道府県コード": 37, "市区町村コード": 201, "所在地": "香川県高松市三条町６０８－１ゆめタウン高松１階", "緯度": 34.33645, "経度": 134.106056, "url": "https://www.iryou.teikyouseido.mhlw.go.jp/znk-web/juminkanja/S2430/initialize?prefCd=37&kikanCd=2370505630&kikanKbn=2", "url2": "https://www.takamatsu-tsutsuji-ganka.com/", "内容": "高松つつじ眼科【2:診療所】【診療科目:眼科】香川県高松市三条町６０８－１ゆめタウン高松１階" }, "geometry": { "type": "Point", "coordinates": [ 134.106056, 34.33645 ] } },
{ "type": "Feature", "properties": { "ID": 3722370505640, "正式名称": "いない皮ふ科形成外科クリニック", "機関区分": 2, "都道府県コード": 37, "市区町村コード": 201, "所在地": "香川県高松市木太町５０３４ー１０", "緯度": 34.315835, "経度": 134.068924, "url": "https://www.iryou.teikyouseido.mhlw.go.jp/znk-web/juminkanja/S2430/initialize?prefCd=37&kikanCd=2370505640&kikanKbn=2", "url2": "https://inai-prs.com", "内容": "いない皮ふ科形成外科クリニック【2:診療所】【診療科目:形成外科_皮膚科_美容皮膚科】香川県高松市木太町５０３４ー１０" }, "geometry": { "type": "Point", "coordinates": [ 134.068924, 34.315835 ] } },
{ "type": "Feature", "properties": { "ID": 3722370505650, "正式名称": "医療法人社団わき外科クリニック　田井メディカルクリニック", "機関区分": 2, "都道府県コード": 37, "市区町村コード": 201, "所在地": "香川県高松市田村町３３２－４", "緯度": 34.315644, "経度": 134.02964, "url": "https://www.iryou.teikyouseido.mhlw.go.jp/znk-web/juminkanja/S2430/initialize?prefCd=37&kikanCd=2370505650&kikanKbn=2", "url2": "https://tai-med-clinic.jp/", "内容": "医療法人社団わき外科クリニック　田井メディカルクリニック【2:診療所】【診療科目:内科_呼吸器内科_外科_皮膚科】香川県高松市田村町３３２－４" }, "geometry": { "type": "Point", "coordinates": [ 134.02964, 34.315644 ] } },
{ "type": "Feature", "properties": { "ID": 3722370505660, "正式名称": "瓦町ファミリークリニック", "機関区分": 2, "都道府県コード": 37, "市区町村コード": 201, "所在地": "香川県高松市常磐町１－５－１ジオ高松常磐町Ｊクレストタワー", "緯度": 34.33908, "経度": 134.049804, "url": "https://www.iryou.teikyouseido.mhlw.go.jp/znk-web/juminkanja/S2430/initialize?prefCd=37&kikanCd=2370505660&kikanKbn=2", "url2": "https://kawara-cl.com", "内容": "瓦町ファミリークリニック【2:診療所】【診療科目:内科_小児科】香川県高松市常磐町１－５－１ジオ高松常磐町Ｊクレストタワー" }, "geometry": { "type": "Point", "coordinates": [ 134.049804, 34.33908 ] } },
{ "type": "Feature", "properties": { "ID": 3722370505670, "正式名称": "ちよ内科クリニック", "機関区分": 2, "都道府県コード": 37, "市区町村コード": 201, "所在地": "香川県高松市岡本町字幸ノ神８５８ー１", "緯度": 34.27038, "経度": 133.99303, "url": "https://www.iryou.teikyouseido.mhlw.go.jp/znk-web/juminkanja/S2430/initialize?prefCd=37&kikanCd=2370505670&kikanKbn=2", "url2": "https://chiyonaika.com/", "内容": "ちよ内科クリニック【2:診療所】【診療科目:内科_消化器内科】香川県高松市岡本町字幸ノ神８５８ー１" }, "geometry": { "type": "Point", "coordinates": [ 133.99303, 34.27038 ] } },
{ "type": "Feature", "properties": { "ID": 3722370505680, "正式名称": "医療法人社団　仁優会　武岡皮膚科クリニック高松院", "機関区分": 2, "都道府県コード": 37, "市区町村コード": 201, "所在地": "香川県高松市伏石町２１３０−３", "緯度": 34.308932, "経度": 134.056737, "url": "https://www.iryou.teikyouseido.mhlw.go.jp/znk-web/juminkanja/S2430/initialize?prefCd=37&kikanCd=2370505680&kikanKbn=2", "url2": "https://takeoka-clinic.com/takamatsu/", "内容": "医療法人社団　仁優会　武岡皮膚科クリニック高松院【2:診療所】【診療科目:形成外科_美容外科_小児皮膚科_皮膚科_美容皮膚科】香川県高松市伏石町２１３０−３" }, "geometry": { "type": "Point", "coordinates": [ 134.056737, 34.308932 ] } },
{ "type": "Feature", "properties": { "ID": 3722370505690, "正式名称": "高松救急クリニック", "機関区分": 2, "都道府県コード": 37, "市区町村コード": 201, "所在地": "香川県高松市御厩町３７２", "緯度": 34.309075, "経度": 133.990692, "url": "https://www.iryou.teikyouseido.mhlw.go.jp/znk-web/juminkanja/S2430/initialize?prefCd=37&kikanCd=2370505690&kikanKbn=2", "url2": "takamatsu-er-clinic.jp", "内容": "高松救急クリニック【2:診療所】【診療科目:内科_外科_救急科】香川県高松市御厩町３７２" }, "geometry": { "type": "Point", "coordinates": [ 133.990692, 34.309075 ] } },
{ "type": "Feature", "properties": { "ID": 3722370505700, "正式名称": "にじいろ心の診療所", "機関区分": 2, "都道府県コード": 37, "市区町村コード": 201, "所在地": "香川県高松市松縄町４１ー４誠ビル２階", "緯度": 34.32226, "経度": 134.063893, "url": "https://www.iryou.teikyouseido.mhlw.go.jp/znk-web/juminkanja/S2430/initialize?prefCd=37&kikanCd=2370505700&kikanKbn=2", "url2": "https://www.nijiiro-mental-cl.jp", "内容": "にじいろ心の診療所【2:診療所】【診療科目:精神科_心療内科】香川県高松市松縄町４１ー４誠ビル２階" }, "geometry": { "type": "Point", "coordinates": [ 134.063893, 34.32226 ] } },
{ "type": "Feature", "properties": { "ID": 3722370505710, "正式名称": "いしばし整形外科クリニック", "機関区分": 2, "都道府県コード": 37, "市区町村コード": 201, "所在地": "香川県高松市東山崎町６７５番地", "緯度": 34.30408, "経度": 134.09427, "url": "https://www.iryou.teikyouseido.mhlw.go.jp/znk-web/juminkanja/S2430/initialize?prefCd=37&kikanCd=2370505710&kikanKbn=2", "url2": "https://ishibashi-seikei.jp", "内容": "いしばし整形外科クリニック【2:診療所】【診療科目:整形外科_リハビリテーション科】香川県高松市東山崎町６７５番地" }, "geometry": { "type": "Point", "coordinates": [ 134.09427, 34.30408 ] } }
]
}
