{
  "type": "FeatureCollection",
  "features": [
    {
      "type": "Feature",
      "geometry": {
        "type": "Point",
        "coordinates": [
          134.2880211,
          34.4740028
        ]
      },
      "properties": {
        "内容": "バス停: 日方 (小豆島オリーブバス)",
        "name": "日方",
        "operator": "小豆島オリーブバス",
        "ref": "",
        "url": "",
        "url2": ""
      }
    },
    {
      "type": "Feature",
      "geometry": {
        "type": "Point",
        "coordinates": [
          134.2880304,
          34.473899
        ]
      },
      "properties": {
        "内容": "バス停: 日方 (小豆島オリーブバス)",
        "name": "日方",
        "operator": "小豆島オリーブバス",
        "ref": "",
        "url": "",
        "url2": ""
      }
    },
    {
      "type": "Feature",
      "geometry": {
        "type": "Point",
        "coordinates": [
          134.2841614,
          34.472643
        ]
      },
      "properties": {
        "内容": "バス停: 小豆島ユースホステル前 (小豆島オリーブバス)",
        "name": "小豆島ユースホステル前",
        "operator": "小豆島オリーブバス",
        "ref": "",
        "url": "",
        "url2": ""
      }
    },
    {
      "type": "Feature",
      "geometry": {
        "type": "Point",
        "coordinates": [
          134.2840594,
          34.4724031
        ]
      },
      "properties": {
        "内容": "バス停: 小豆島ユースホステル前 (小豆島オリーブバス)",
        "name": "小豆島ユースホステル前",
        "operator": "小豆島オリーブバス",
        "ref": "",
        "url": "",
        "url2": ""
      }
    },
    {
      "type": "Feature",
      "geometry": {
        "type": "Point",
        "coordinates": [
          134.2941212,
          34.4789487
        ]
      },
      "properties": {
        "内容": "バス停: 清水 (小豆島オリーブバス)",
        "name": "清水",
        "operator": "小豆島オリーブバス",
        "ref": "",
        "url": "",
        "url2": ""
      }
    },
    {
      "type": "Feature",
      "geometry": {
        "type": "Point",
        "coordinates": [
          134.2940359,
          34.4785911
        ]
      },
      "properties": {
        "内容": "バス停: 清水 (小豆島オリーブバス)",
        "name": "清水",
        "operator": "小豆島オリーブバス",
        "ref": "",
        "url": "",
        "url2": ""
      }
    },
    {
      "type": "Feature",
      "geometry": {
        "type": "Point",
        "coordinates": [
          134.3011288,
          34.5169336
        ]
      },
      "properties": {
        "内容": "バス停: 名称不明バス停",
        "name": "名称不明バス停",
        "operator": "事業者不明",
        "ref": "",
        "url": "",
        "url2": ""
      }
    },
    {
      "type": "Feature",
      "geometry": {
        "type": "Point",
        "coordinates": [
          134.2160978,
          34.5069518
        ]
      },
      "properties": {
        "内容": "バス停: 小馬越 (小豆島オリーブバス)",
        "name": "小馬越",
        "operator": "小豆島オリーブバス",
        "ref": "",
        "url": "",
        "url2": ""
      }
    },
    {
      "type": "Feature",
      "geometry": {
        "type": "Point",
        "coordinates": [
          134.2159264,
          34.5075468
        ]
      },
      "properties": {
        "内容": "バス停: 小馬越 (小豆島オリーブバス)",
        "name": "小馬越",
        "operator": "小豆島オリーブバス",
        "ref": "",
        "url": "",
        "url2": ""
      }
    },
    {
      "type": "Feature",
      "geometry": {
        "type": "Point",
        "coordinates": [
          134.1980217,
          34.4912686
        ]
      },
      "properties": {
        "内容": "バス停: 北山 (小豆島オリーブバス)",
        "name": "北山",
        "operator": "小豆島オリーブバス",
        "ref": "",
        "url": "",
        "url2": ""
      }
    },
    {
      "type": "Feature",
      "geometry": {
        "type": "Point",
        "coordinates": [
          134.1450194,
          34.4791273
        ]
      },
      "properties": {
        "内容": "バス停: 変電所前 (小豆島オリーブバス)",
        "name": "変電所前",
        "operator": "小豆島オリーブバス",
        "ref": "",
        "url": "",
        "url2": ""
      }
    },
    {
      "type": "Feature",
      "geometry": {
        "type": "Point",
        "coordinates": [
          134.2250186,
          34.4805331
        ]
      },
      "properties": {
        "内容": "バス停: 池田内科クリニック（池田港前） (小豆島オリーブバス)",
        "name": "池田内科クリニック（池田港前）",
        "operator": "小豆島オリーブバス",
        "ref": "",
        "url": "",
        "url2": ""
      }
    },
    {
      "type": "Feature",
      "geometry": {
        "type": "Point",
        "coordinates": [
          133.9884932,
          34.4603978
        ]
      },
      "properties": {
        "内容": "バス停: 中学校前",
        "name": "中学校前",
        "operator": "事業者不明",
        "ref": "",
        "url": "",
        "url2": ""
      }
    },
    {
      "type": "Feature",
      "geometry": {
        "type": "Point",
        "coordinates": [
          134.0325946,
          34.2856765
        ]
      },
      "properties": {
        "内容": "バス停: 空港通り一宮",
        "name": "空港通り一宮",
        "operator": "事業者不明",
        "ref": "",
        "url": "",
        "url2": ""
      }
    },
    {
      "type": "Feature",
      "geometry": {
        "type": "Point",
        "coordinates": [
          134.0346724,
          34.2991367
        ]
      },
      "properties": {
        "内容": "バス停: 香川大学附属中学校前",
        "name": "香川大学附属中学校前",
        "operator": "事業者不明",
        "ref": "",
        "url": "",
        "url2": ""
      }
    },
    {
      "type": "Feature",
      "geometry": {
        "type": "Point",
        "coordinates": [
          134.173252,
          34.2650746
        ]
      },
      "properties": {
        "内容": "バス停: 旭町",
        "name": "旭町",
        "operator": "事業者不明",
        "ref": "",
        "url": "",
        "url2": ""
      }
    },
    {
      "type": "Feature",
      "geometry": {
        "type": "Point",
        "coordinates": [
          134.1760503,
          34.2675714
        ]
      },
      "properties": {
        "内容": "バス停: 東町",
        "name": "東町",
        "operator": "事業者不明",
        "ref": "",
        "url": "",
        "url2": ""
      }
    },
    {
      "type": "Feature",
      "geometry": {
        "type": "Point",
        "coordinates": [
          134.1764913,
          34.28483
        ]
      },
      "properties": {
        "内容": "バス停: 広瀬橋",
        "name": "広瀬橋",
        "operator": "事業者不明",
        "ref": "",
        "url": "",
        "url2": ""
      }
    },
    {
      "type": "Feature",
      "geometry": {
        "type": "Point",
        "coordinates": [
          134.1806978,
          34.3023986
        ]
      },
      "properties": {
        "内容": "バス停: オレンジタウン",
        "name": "オレンジタウン",
        "operator": "事業者不明",
        "ref": "",
        "url": "",
        "url2": ""
      }
    },
    {
      "type": "Feature",
      "geometry": {
        "type": "Point",
        "coordinates": [
          134.1696935,
          34.3116523
        ]
      },
      "properties": {
        "内容": "バス停: グリーンタウン",
        "name": "グリーンタウン",
        "operator": "事業者不明",
        "ref": "",
        "url": "",
        "url2": ""
      }
    },
    {
      "type": "Feature",
      "geometry": {
        "type": "Point",
        "coordinates": [
          134.1773852,
          34.3106788
        ]
      },
      "properties": {
        "内容": "バス停: 志度バスストップ",
        "name": "志度バスストップ",
        "operator": "事業者不明",
        "ref": "",
        "url": "",
        "url2": "Q11490892"
      }
    },
    {
      "type": "Feature",
      "geometry": {
        "type": "Point",
        "coordinates": [
          134.1731612,
          34.3217035
        ]
      },
      "properties": {
        "内容": "バス停: 志度駅",
        "name": "志度駅",
        "operator": "事業者不明",
        "ref": "",
        "url": "",
        "url2": ""
      }
    },
    {
      "type": "Feature",
      "geometry": {
        "type": "Point",
        "coordinates": [
          134.1731474,
          34.3224322
        ]
      },
      "properties": {
        "内容": "バス停: 琴電志度駅 (さぬき市コミュニティバス)",
        "name": "琴電志度駅",
        "operator": "さぬき市コミュニティバス",
        "ref": "2",
        "url": "",
        "url2": ""
      }
    },
    {
      "type": "Feature",
      "geometry": {
        "type": "Point",
        "coordinates": [
          134.0550351,
          34.3185533
        ]
      },
      "properties": {
        "内容": "バス停: 気象台前",
        "name": "気象台前",
        "operator": "事業者不明",
        "ref": "",
        "url": "",
        "url2": ""
      }
    },
    {
      "type": "Feature",
      "geometry": {
        "type": "Point",
        "coordinates": [
          134.0518042,
          34.3284372
        ]
      },
      "properties": {
        "内容": "バス停: 高松一高前",
        "name": "高松一高前",
        "operator": "事業者不明",
        "ref": "",
        "url": "",
        "url2": ""
      }
    },
    {
      "type": "Feature",
      "geometry": {
        "type": "Point",
        "coordinates": [
          134.0251265,
          34.2668584
        ]
      },
      "properties": {
        "内容": "バス停: 大野",
        "name": "大野",
        "operator": "事業者不明",
        "ref": "",
        "url": "",
        "url2": ""
      }
    },
    {
      "type": "Feature",
      "geometry": {
        "type": "Point",
        "coordinates": [
          134.0417825,
          34.3011985
        ]
      },
      "properties": {
        "内容": "バス停: 太田",
        "name": "太田",
        "operator": "事業者不明",
        "ref": "",
        "url": "",
        "url2": ""
      }
    },
    {
      "type": "Feature",
      "geometry": {
        "type": "Point",
        "coordinates": [
          134.062291,
          34.3189455
        ]
      },
      "properties": {
        "内容": "バス停: 労住協不動産センタービル",
        "name": "労住協不動産センタービル",
        "operator": "事業者不明",
        "ref": "",
        "url": "",
        "url2": ""
      }
    },
    {
      "type": "Feature",
      "geometry": {
        "type": "Point",
        "coordinates": [
          134.0603464,
          34.3170753
        ]
      },
      "properties": {
        "内容": "バス停: 松繩下所公園前",
        "name": "松繩下所公園前",
        "operator": "事業者不明",
        "ref": "",
        "url": "",
        "url2": ""
      }
    },
    {
      "type": "Feature",
      "geometry": {
        "type": "Point",
        "coordinates": [
          134.0558537,
          34.3214245
        ]
      },
      "properties": {
        "内容": "バス停: 今里交番前",
        "name": "今里交番前",
        "operator": "事業者不明",
        "ref": "",
        "url": "",
        "url2": ""
      }
    },
    {
      "type": "Feature",
      "geometry": {
        "type": "Point",
        "coordinates": [
          134.0619448,
          34.3176857
        ]
      },
      "properties": {
        "内容": "バス停: JAF香川支部前",
        "name": "JAF香川支部前",
        "operator": "事業者不明",
        "ref": "",
        "url": "",
        "url2": ""
      }
    },
    {
      "type": "Feature",
      "geometry": {
        "type": "Point",
        "coordinates": [
          134.0557553,
          34.32188
        ]
      },
      "properties": {
        "内容": "バス停: 今里交番前",
        "name": "今里交番前",
        "operator": "事業者不明",
        "ref": "",
        "url": "",
        "url2": ""
      }
    },
    {
      "type": "Feature",
      "geometry": {
        "type": "Point",
        "coordinates": [
          134.0603076,
          34.3169376
        ]
      },
      "properties": {
        "内容": "バス停: 松繩下所公園前",
        "name": "松繩下所公園前",
        "operator": "事業者不明",
        "ref": "",
        "url": "",
        "url2": ""
      }
    },
    {
      "type": "Feature",
      "geometry": {
        "type": "Point",
        "coordinates": [
          134.054534,
          34.3242305
        ]
      },
      "properties": {
        "内容": "バス停: トキワテニス前",
        "name": "トキワテニス前",
        "operator": "事業者不明",
        "ref": "",
        "url": "",
        "url2": ""
      }
    },
    {
      "type": "Feature",
      "geometry": {
        "type": "Point",
        "coordinates": [
          134.0462408,
          34.3173568
        ]
      },
      "properties": {
        "内容": "バス停: 三条",
        "name": "三条",
        "operator": "事業者不明",
        "ref": "",
        "url": "",
        "url2": ""
      }
    },
    {
      "type": "Feature",
      "geometry": {
        "type": "Point",
        "coordinates": [
          134.0630424,
          34.3216566
        ]
      },
      "properties": {
        "内容": "バス停: アキ歯科医院前",
        "name": "アキ歯科医院前",
        "operator": "事業者不明",
        "ref": "",
        "url": "",
        "url2": ""
      }
    },
    {
      "type": "Feature",
      "geometry": {
        "type": "Point",
        "coordinates": [
          134.0567598,
          34.3175846
        ]
      },
      "properties": {
        "内容": "バス停: 野田池",
        "name": "野田池",
        "operator": "事業者不明",
        "ref": "",
        "url": "",
        "url2": ""
      }
    },
    {
      "type": "Feature",
      "geometry": {
        "type": "Point",
        "coordinates": [
          134.0553218,
          34.3190526
        ]
      },
      "properties": {
        "内容": "バス停: 気象台前",
        "name": "気象台前",
        "operator": "事業者不明",
        "ref": "",
        "url": "",
        "url2": ""
      }
    },
    {
      "type": "Feature",
      "geometry": {
        "type": "Point",
        "coordinates": [
          134.0545683,
          34.3243607
        ]
      },
      "properties": {
        "内容": "バス停: トキワテニス前",
        "name": "トキワテニス前",
        "operator": "事業者不明",
        "ref": "",
        "url": "",
        "url2": ""
      }
    },
    {
      "type": "Feature",
      "geometry": {
        "type": "Point",
        "coordinates": [
          134.0485469,
          34.345868
        ]
      },
      "properties": {
        "内容": "バス停: 兵庫町",
        "name": "兵庫町",
        "operator": "事業者不明",
        "ref": "",
        "url": "",
        "url2": ""
      }
    },
    {
      "type": "Feature",
      "geometry": {
        "type": "Point",
        "coordinates": [
          134.0491156,
          34.3504175
        ]
      },
      "properties": {
        "内容": "バス停: 高松築港",
        "name": "高松築港",
        "operator": "事業者不明",
        "ref": "3",
        "url": "",
        "url2": ""
      }
    },
    {
      "type": "Feature",
      "geometry": {
        "type": "Point",
        "coordinates": [
          134.0491258,
          34.3505396
        ]
      },
      "properties": {
        "内容": "バス停: 高松築港",
        "name": "高松築港",
        "operator": "事業者不明",
        "ref": "4",
        "url": "",
        "url2": ""
      }
    },
    {
      "type": "Feature",
      "geometry": {
        "type": "Point",
        "coordinates": [
          134.0491421,
          34.3507362
        ]
      },
      "properties": {
        "内容": "バス停: 高松築港",
        "name": "高松築港",
        "operator": "事業者不明",
        "ref": "5",
        "url": "",
        "url2": ""
      }
    },
    {
      "type": "Feature",
      "geometry": {
        "type": "Point",
        "coordinates": [
          134.0488424,
          34.3509395
        ]
      },
      "properties": {
        "内容": "バス停: 高松築港",
        "name": "高松築港",
        "operator": "事業者不明",
        "ref": "8",
        "url": "",
        "url2": ""
      }
    },
    {
      "type": "Feature",
      "geometry": {
        "type": "Point",
        "coordinates": [
          134.0488719,
          34.3481997
        ]
      },
      "properties": {
        "内容": "バス停: 寿町",
        "name": "寿町",
        "operator": "事業者不明",
        "ref": "",
        "url": "",
        "url2": ""
      }
    },
    {
      "type": "Feature",
      "geometry": {
        "type": "Point",
        "coordinates": [
          134.0490977,
          34.3502013
        ]
      },
      "properties": {
        "内容": "バス停: 高松築港",
        "name": "高松築港",
        "operator": "事業者不明",
        "ref": "1",
        "url": "",
        "url2": ""
      }
    },
    {
      "type": "Feature",
      "geometry": {
        "type": "Point",
        "coordinates": [
          134.0430271,
          34.3235729
        ]
      },
      "properties": {
        "内容": "バス停: 東室新町",
        "name": "東室新町",
        "operator": "事業者不明",
        "ref": "",
        "url": "",
        "url2": ""
      }
    },
    {
      "type": "Feature",
      "geometry": {
        "type": "Point",
        "coordinates": [
          134.0464939,
          34.3217178
        ]
      },
      "properties": {
        "内容": "バス停: 上之町",
        "name": "上之町",
        "operator": "事業者不明",
        "ref": "",
        "url": "",
        "url2": ""
      }
    },
    {
      "type": "Feature",
      "geometry": {
        "type": "Point",
        "coordinates": [
          134.0468057,
          34.3254327
        ]
      },
      "properties": {
        "内容": "バス停: 花ノ宮町",
        "name": "花ノ宮町",
        "operator": "事業者不明",
        "ref": "",
        "url": "",
        "url2": ""
      }
    },
    {
      "type": "Feature",
      "geometry": {
        "type": "Point",
        "coordinates": [
          134.0463524,
          34.3260424
        ]
      },
      "properties": {
        "内容": "バス停: 花ノ宮町",
        "name": "花ノ宮町",
        "operator": "事業者不明",
        "ref": "",
        "url": "",
        "url2": ""
      }
    },
    {
      "type": "Feature",
      "geometry": {
        "type": "Point",
        "coordinates": [
          134.0522398,
          34.3303583
        ]
      },
      "properties": {
        "内容": "バス停: 高松市保健センター",
        "name": "高松市保健センター",
        "operator": "事業者不明",
        "ref": "",
        "url": "",
        "url2": ""
      }
    },
    {
      "type": "Feature",
      "geometry": {
        "type": "Point",
        "coordinates": [
          134.0533358,
          34.3324997
        ]
      },
      "properties": {
        "内容": "バス停: JR栗林駅",
        "name": "JR栗林駅",
        "operator": "事業者不明",
        "ref": "",
        "url": "",
        "url2": ""
      }
    },
    {
      "type": "Feature",
      "geometry": {
        "type": "Point",
        "coordinates": [
          134.0543716,
          34.3410326
        ]
      },
      "properties": {
        "内容": "バス停: 塩屋町",
        "name": "塩屋町",
        "operator": "事業者不明",
        "ref": "",
        "url": "",
        "url2": ""
      }
    },
    {
      "type": "Feature",
      "geometry": {
        "type": "Point",
        "coordinates": [
          134.054998,
          34.3407957
        ]
      },
      "properties": {
        "内容": "バス停: 塩屋町",
        "name": "塩屋町",
        "operator": "事業者不明",
        "ref": "",
        "url": "",
        "url2": ""
      }
    },
    {
      "type": "Feature",
      "geometry": {
        "type": "Point",
        "coordinates": [
          134.0513754,
          34.3260416
        ]
      },
      "properties": {
        "内容": "バス停: 桜町中学前",
        "name": "桜町中学前",
        "operator": "事業者不明",
        "ref": "",
        "url": "",
        "url2": ""
      }
    },
    {
      "type": "Feature",
      "geometry": {
        "type": "Point",
        "coordinates": [
          134.0538917,
          34.3353358
        ]
      },
      "properties": {
        "内容": "バス停: 藤塚町",
        "name": "藤塚町",
        "operator": "事業者不明",
        "ref": "",
        "url": "",
        "url2": ""
      }
    },
    {
      "type": "Feature",
      "geometry": {
        "type": "Point",
        "coordinates": [
          134.051304,
          34.326202
        ]
      },
      "properties": {
        "内容": "バス停: 桜町中学前",
        "name": "桜町中学前",
        "operator": "事業者不明",
        "ref": "",
        "url": "",
        "url2": ""
      }
    },
    {
      "type": "Feature",
      "geometry": {
        "type": "Point",
        "coordinates": [
          134.0523349,
          34.3302741
        ]
      },
      "properties": {
        "内容": "バス停: 高松市保健所",
        "name": "高松市保健所",
        "operator": "事業者不明",
        "ref": "",
        "url": "",
        "url2": ""
      }
    },
    {
      "type": "Feature",
      "geometry": {
        "type": "Point",
        "coordinates": [
          134.0518523,
          34.3281405
        ]
      },
      "properties": {
        "内容": "バス停: 高松一高前",
        "name": "高松一高前",
        "operator": "事業者不明",
        "ref": "",
        "url": "",
        "url2": ""
      }
    },
    {
      "type": "Feature",
      "geometry": {
        "type": "Point",
        "coordinates": [
          134.0515373,
          34.3415011
        ]
      },
      "properties": {
        "内容": "バス停: 商工中金前",
        "name": "商工中金前",
        "operator": "事業者不明",
        "ref": "",
        "url": "",
        "url2": ""
      }
    },
    {
      "type": "Feature",
      "geometry": {
        "type": "Point",
        "coordinates": [
          134.0536242,
          34.3343479
        ]
      },
      "properties": {
        "内容": "バス停: 藤塚町",
        "name": "藤塚町",
        "operator": "事業者不明",
        "ref": "",
        "url": "",
        "url2": ""
      }
    },
    {
      "type": "Feature",
      "geometry": {
        "type": "Point",
        "coordinates": [
          134.0529915,
          34.3324376
        ]
      },
      "properties": {
        "内容": "バス停: JR栗林駅",
        "name": "JR栗林駅",
        "operator": "事業者不明",
        "ref": "",
        "url": "",
        "url2": ""
      }
    },
    {
      "type": "Feature",
      "geometry": {
        "type": "Point",
        "coordinates": [
          134.0514689,
          34.3413598
        ]
      },
      "properties": {
        "内容": "バス停: 商工中金前",
        "name": "商工中金前",
        "operator": "事業者不明",
        "ref": "",
        "url": "",
        "url2": ""
      }
    },
    {
      "type": "Feature",
      "geometry": {
        "type": "Point",
        "coordinates": [
          134.0621249,
          34.3175583
        ]
      },
      "properties": {
        "内容": "バス停: JAF香川支部前",
        "name": "JAF香川支部前",
        "operator": "事業者不明",
        "ref": "",
        "url": "",
        "url2": ""
      }
    },
    {
      "type": "Feature",
      "geometry": {
        "type": "Point",
        "coordinates": [
          134.0631918,
          34.3216138
        ]
      },
      "properties": {
        "内容": "バス停: アキ歯科医院前",
        "name": "アキ歯科医院前",
        "operator": "事業者不明",
        "ref": "",
        "url": "",
        "url2": ""
      }
    },
    {
      "type": "Feature",
      "geometry": {
        "type": "Point",
        "coordinates": [
          134.0624798,
          34.3188749
        ]
      },
      "properties": {
        "内容": "バス停: 労住協不動産センタービル",
        "name": "労住協不動産センタービル",
        "operator": "事業者不明",
        "ref": "",
        "url": "",
        "url2": ""
      }
    },
    {
      "type": "Feature",
      "geometry": {
        "type": "Point",
        "coordinates": [
          134.0566767,
          34.3174564
        ]
      },
      "properties": {
        "内容": "バス停: 野田池",
        "name": "野田池",
        "operator": "事業者不明",
        "ref": "",
        "url": "",
        "url2": ""
      }
    },
    {
      "type": "Feature",
      "geometry": {
        "type": "Point",
        "coordinates": [
          134.0439956,
          34.3258345
        ]
      },
      "properties": {
        "内容": "バス停: 室北口",
        "name": "室北口",
        "operator": "事業者不明",
        "ref": "",
        "url": "",
        "url2": ""
      }
    },
    {
      "type": "Feature",
      "geometry": {
        "type": "Point",
        "coordinates": [
          134.0423211,
          34.3228478
        ]
      },
      "properties": {
        "内容": "バス停: 東室新町",
        "name": "東室新町",
        "operator": "事業者不明",
        "ref": "",
        "url": "",
        "url2": ""
      }
    },
    {
      "type": "Feature",
      "geometry": {
        "type": "Point",
        "coordinates": [
          134.0440424,
          34.3254135
        ]
      },
      "properties": {
        "内容": "バス停: 室北口",
        "name": "室北口",
        "operator": "事業者不明",
        "ref": "",
        "url": "",
        "url2": ""
      }
    },
    {
      "type": "Feature",
      "geometry": {
        "type": "Point",
        "coordinates": [
          134.065277,
          34.3340108
        ]
      },
      "properties": {
        "内容": "バス停: 玉藻中学前",
        "name": "玉藻中学前",
        "operator": "事業者不明",
        "ref": "",
        "url": "",
        "url2": ""
      }
    },
    {
      "type": "Feature",
      "geometry": {
        "type": "Point",
        "coordinates": [
          134.0636205,
          34.3347148
        ]
      },
      "properties": {
        "内容": "バス停: 高予備前",
        "name": "高予備前",
        "operator": "事業者不明",
        "ref": "",
        "url": "",
        "url2": ""
      }
    },
    {
      "type": "Feature",
      "geometry": {
        "type": "Point",
        "coordinates": [
          134.0642287,
          34.3272467
        ]
      },
      "properties": {
        "内容": "バス停: レインボーロード入口ジャンプ前",
        "name": "レインボーロード入口ジャンプ前",
        "operator": "事業者不明",
        "ref": "",
        "url": "",
        "url2": ""
      }
    },
    {
      "type": "Feature",
      "geometry": {
        "type": "Point",
        "coordinates": [
          134.0636318,
          34.3244944
        ]
      },
      "properties": {
        "内容": "バス停: 今里町",
        "name": "今里町",
        "operator": "事業者不明",
        "ref": "",
        "url": "",
        "url2": ""
      }
    },
    {
      "type": "Feature",
      "geometry": {
        "type": "Point",
        "coordinates": [
          134.0643013,
          34.3267688
        ]
      },
      "properties": {
        "内容": "バス停: レインボーロード入口ジャンプ前",
        "name": "レインボーロード入口ジャンプ前",
        "operator": "事業者不明",
        "ref": "",
        "url": "",
        "url2": ""
      }
    },
    {
      "type": "Feature",
      "geometry": {
        "type": "Point",
        "coordinates": [
          134.0637878,
          34.3243486
        ]
      },
      "properties": {
        "内容": "バス停: 今里町",
        "name": "今里町",
        "operator": "事業者不明",
        "ref": "",
        "url": "",
        "url2": ""
      }
    },
    {
      "type": "Feature",
      "geometry": {
        "type": "Point",
        "coordinates": [
          134.0603107,
          34.3349759
        ]
      },
      "properties": {
        "内容": "バス停: 花園町",
        "name": "花園町",
        "operator": "事業者不明",
        "ref": "",
        "url": "",
        "url2": ""
      }
    },
    {
      "type": "Feature",
      "geometry": {
        "type": "Point",
        "coordinates": [
          134.0538698,
          34.3465823
        ]
      },
      "properties": {
        "内容": "バス停: 片原町駅前",
        "name": "片原町駅前",
        "operator": "事業者不明",
        "ref": "",
        "url": "",
        "url2": ""
      }
    },
    {
      "type": "Feature",
      "geometry": {
        "type": "Point",
        "coordinates": [
          134.0493357,
          34.3095042
        ]
      },
      "properties": {
        "内容": "バス停: ホンダカーズ香川太田店前",
        "name": "ホンダカーズ香川太田店前",
        "operator": "事業者不明",
        "ref": "",
        "url": "",
        "url2": ""
      }
    },
    {
      "type": "Feature",
      "geometry": {
        "type": "Point",
        "coordinates": [
          134.052975,
          34.3448792
        ]
      },
      "properties": {
        "内容": "バス停: 片原町",
        "name": "片原町",
        "operator": "事業者不明",
        "ref": "",
        "url": "",
        "url2": ""
      }
    },
    {
      "type": "Feature",
      "geometry": {
        "type": "Point",
        "coordinates": [
          134.0523351,
          34.3417257
        ]
      },
      "properties": {
        "内容": "バス停: 古馬場町",
        "name": "古馬場町",
        "operator": "事業者不明",
        "ref": "",
        "url": "",
        "url2": ""
      }
    },
    {
      "type": "Feature",
      "geometry": {
        "type": "Point",
        "coordinates": [
          134.0567217,
          34.3354856
        ]
      },
      "properties": {
        "内容": "バス停: 市総合福祉会館前",
        "name": "市総合福祉会館前",
        "operator": "事業者不明",
        "ref": "",
        "url": "",
        "url2": ""
      }
    },
    {
      "type": "Feature",
      "geometry": {
        "type": "Point",
        "coordinates": [
          134.0569709,
          34.3355939
        ]
      },
      "properties": {
        "内容": "バス停: 市総合福祉会館前",
        "name": "市総合福祉会館前",
        "operator": "事業者不明",
        "ref": "",
        "url": "",
        "url2": ""
      }
    },
    {
      "type": "Feature",
      "geometry": {
        "type": "Point",
        "coordinates": [
          134.0458298,
          34.3101215
        ]
      },
      "properties": {
        "内容": "バス停: 香川ダイハツモータース高松太田店前",
        "name": "香川ダイハツモータース高松太田店前",
        "operator": "事業者不明",
        "ref": "",
        "url": "",
        "url2": ""
      }
    },
    {
      "type": "Feature",
      "geometry": {
        "type": "Point",
        "coordinates": [
          134.0765302,
          34.1425318
        ]
      },
      "properties": {
        "内容": "バス停: 物言川",
        "name": "物言川",
        "operator": "事業者不明",
        "ref": "",
        "url": "",
        "url2": ""
      }
    },
    {
      "type": "Feature",
      "geometry": {
        "type": "Point",
        "coordinates": [
          134.0822189,
          34.1704717
        ]
      },
      "properties": {
        "内容": "バス停: 塩江",
        "name": "塩江",
        "operator": "事業者不明",
        "ref": "",
        "url": "",
        "url2": ""
      }
    },
    {
      "type": "Feature",
      "geometry": {
        "type": "Point",
        "coordinates": [
          134.0799531,
          34.1464592
        ]
      },
      "properties": {
        "内容": "バス停: 焼堂下",
        "name": "焼堂下",
        "operator": "事業者不明",
        "ref": "",
        "url": "",
        "url2": ""
      }
    },
    {
      "type": "Feature",
      "geometry": {
        "type": "Point",
        "coordinates": [
          134.0750256,
          34.1305261
        ]
      },
      "properties": {
        "内容": "バス停: 奥の湯温泉",
        "name": "奥の湯温泉",
        "operator": "事業者不明",
        "ref": "",
        "url": "",
        "url2": ""
      }
    },
    {
      "type": "Feature",
      "geometry": {
        "type": "Point",
        "coordinates": [
          134.0735327,
          34.1212976
        ]
      },
      "properties": {
        "内容": "バス停: 松尾 (塩江町コミュニティバス)",
        "name": "松尾",
        "operator": "塩江町コミュニティバス",
        "ref": "",
        "url": "",
        "url2": ""
      }
    },
    {
      "type": "Feature",
      "geometry": {
        "type": "Point",
        "coordinates": [
          134.0753895,
          34.1365382
        ]
      },
      "properties": {
        "内容": "バス停: 一ツ内",
        "name": "一ツ内",
        "operator": "事業者不明",
        "ref": "",
        "url": "",
        "url2": ""
      }
    },
    {
      "type": "Feature",
      "geometry": {
        "type": "Point",
        "coordinates": [
          134.0828904,
          34.174081
        ]
      },
      "properties": {
        "内容": "バス停: 不動の滝口",
        "name": "不動の滝口",
        "operator": "事業者不明",
        "ref": "",
        "url": "",
        "url2": ""
      }
    },
    {
      "type": "Feature",
      "geometry": {
        "type": "Point",
        "coordinates": [
          134.0545715,
          34.3085373
        ]
      },
      "properties": {
        "内容": "バス停: サンフラワー東・アウディ高松前",
        "name": "サンフラワー東・アウディ高松前",
        "operator": "事業者不明",
        "ref": "",
        "url": "",
        "url2": ""
      }
    },
    {
      "type": "Feature",
      "geometry": {
        "type": "Point",
        "coordinates": [
          134.0445532,
          34.3400457
        ]
      },
      "properties": {
        "内容": "バス停: 県庁・日赤前",
        "name": "県庁・日赤前",
        "operator": "事業者不明",
        "ref": "",
        "url": "",
        "url2": ""
      }
    },
    {
      "type": "Feature",
      "geometry": {
        "type": "Point",
        "coordinates": [
          134.0328432,
          34.2854805
        ]
      },
      "properties": {
        "内容": "バス停: 空港通り一宮",
        "name": "空港通り一宮",
        "operator": "事業者不明",
        "ref": "",
        "url": "",
        "url2": ""
      }
    },
    {
      "type": "Feature",
      "geometry": {
        "type": "Point",
        "coordinates": [
          134.0568619,
          34.3511821
        ]
      },
      "properties": {
        "内容": "バス停: 北浜アリー",
        "name": "北浜アリー",
        "operator": "事業者不明",
        "ref": "",
        "url": "",
        "url2": ""
      }
    },
    {
      "type": "Feature",
      "geometry": {
        "type": "Point",
        "coordinates": [
          134.0348701,
          34.2988137
        ]
      },
      "properties": {
        "内容": "バス停: 香川大学附属中学校前",
        "name": "香川大学附属中学校前",
        "operator": "事業者不明",
        "ref": "",
        "url": "",
        "url2": ""
      }
    },
    {
      "type": "Feature",
      "geometry": {
        "type": "Point",
        "coordinates": [
          134.0829978,
          34.1740595
        ]
      },
      "properties": {
        "内容": "バス停: 不動の滝口",
        "name": "不動の滝口",
        "operator": "事業者不明",
        "ref": "",
        "url": "",
        "url2": ""
      }
    },
    {
      "type": "Feature",
      "geometry": {
        "type": "Point",
        "coordinates": [
          134.0386004,
          34.3155215
        ]
      },
      "properties": {
        "内容": "バス停: ゆめタウン高松前",
        "name": "ゆめタウン高松前",
        "operator": "事業者不明",
        "ref": "",
        "url": "",
        "url2": ""
      }
    },
    {
      "type": "Feature",
      "geometry": {
        "type": "Point",
        "coordinates": [
          134.0650152,
          34.3286198
        ]
      },
      "properties": {
        "内容": "バス停: 松縄道",
        "name": "松縄道",
        "operator": "事業者不明",
        "ref": "",
        "url": "",
        "url2": ""
      }
    },
    {
      "type": "Feature",
      "geometry": {
        "type": "Point",
        "coordinates": [
          133.9807556,
          34.2702635
        ]
      },
      "properties": {
        "内容": "バス停: 石ヶ鼻団地入り口",
        "name": "石ヶ鼻団地入り口",
        "operator": "事業者不明",
        "ref": "",
        "url": "",
        "url2": ""
      }
    },
    {
      "type": "Feature",
      "geometry": {
        "type": "Point",
        "coordinates": [
          133.9608802,
          34.2949413
        ]
      },
      "properties": {
        "内容": "バス停: 北川向",
        "name": "北川向",
        "operator": "事業者不明",
        "ref": "",
        "url": "",
        "url2": ""
      }
    },
    {
      "type": "Feature",
      "geometry": {
        "type": "Point",
        "coordinates": [
          133.9687268,
          34.2787705
        ]
      },
      "properties": {
        "内容": "バス停: 北谷",
        "name": "北谷",
        "operator": "事業者不明",
        "ref": "",
        "url": "",
        "url2": ""
      }
    },
    {
      "type": "Feature",
      "geometry": {
        "type": "Point",
        "coordinates": [
          134.0658229,
          34.328115
        ]
      },
      "properties": {
        "内容": "バス停: 松縄道",
        "name": "松縄道",
        "operator": "事業者不明",
        "ref": "",
        "url": "",
        "url2": ""
      }
    },
    {
      "type": "Feature",
      "geometry": {
        "type": "Point",
        "coordinates": [
          133.9713443,
          34.2735633
        ]
      },
      "properties": {
        "内容": "バス停: 本村",
        "name": "本村",
        "operator": "事業者不明",
        "ref": "",
        "url": "",
        "url2": ""
      }
    },
    {
      "type": "Feature",
      "geometry": {
        "type": "Point",
        "coordinates": [
          133.9618574,
          34.2882927
        ]
      },
      "properties": {
        "内容": "バス停: 川辺",
        "name": "川辺",
        "operator": "事業者不明",
        "ref": "",
        "url": "",
        "url2": ""
      }
    },
    {
      "type": "Feature",
      "geometry": {
        "type": "Point",
        "coordinates": [
          133.9821276,
          34.2364319
        ]
      },
      "properties": {
        "内容": "バス停: 下本谷",
        "name": "下本谷",
        "operator": "事業者不明",
        "ref": "",
        "url": "",
        "url2": ""
      }
    },
    {
      "type": "Feature",
      "geometry": {
        "type": "Point",
        "coordinates": [
          133.9609041,
          34.2972755
        ]
      },
      "properties": {
        "内容": "バス停: 国分寺支所前",
        "name": "国分寺支所前",
        "operator": "事業者不明",
        "ref": "",
        "url": "",
        "url2": ""
      }
    },
    {
      "type": "Feature",
      "geometry": {
        "type": "Point",
        "coordinates": [
          133.9684529,
          34.2789511
        ]
      },
      "properties": {
        "内容": "バス停: 北谷",
        "name": "北谷",
        "operator": "事業者不明",
        "ref": "",
        "url": "",
        "url2": ""
      }
    },
    {
      "type": "Feature",
      "geometry": {
        "type": "Point",
        "coordinates": [
          133.9619687,
          34.2882295
        ]
      },
      "properties": {
        "内容": "バス停: 川辺",
        "name": "川辺",
        "operator": "事業者不明",
        "ref": "",
        "url": "",
        "url2": ""
      }
    },
    {
      "type": "Feature",
      "geometry": {
        "type": "Point",
        "coordinates": [
          133.9841143,
          34.2419075
        ]
      },
      "properties": {
        "内容": "バス停: 矢坪",
        "name": "矢坪",
        "operator": "事業者不明",
        "ref": "",
        "url": "",
        "url2": ""
      }
    },
    {
      "type": "Feature",
      "geometry": {
        "type": "Point",
        "coordinates": [
          133.967,
          34.280707
        ]
      },
      "properties": {
        "内容": "バス停: 中福家南",
        "name": "中福家南",
        "operator": "事業者不明",
        "ref": "",
        "url": "",
        "url2": ""
      }
    },
    {
      "type": "Feature",
      "geometry": {
        "type": "Point",
        "coordinates": [
          133.9873776,
          34.2610237
        ]
      },
      "properties": {
        "内容": "バス停: 本村",
        "name": "本村",
        "operator": "事業者不明",
        "ref": "",
        "url": "",
        "url2": ""
      }
    },
    {
      "type": "Feature",
      "geometry": {
        "type": "Point",
        "coordinates": [
          133.9873623,
          34.2275517
        ]
      },
      "properties": {
        "内容": "バス停: 上本谷",
        "name": "上本谷",
        "operator": "事業者不明",
        "ref": "",
        "url": "",
        "url2": ""
      }
    },
    {
      "type": "Feature",
      "geometry": {
        "type": "Point",
        "coordinates": [
          133.9609616,
          34.2952685
        ]
      },
      "properties": {
        "内容": "バス停: 北川向",
        "name": "北川向",
        "operator": "事業者不明",
        "ref": "",
        "url": "",
        "url2": ""
      }
    },
    {
      "type": "Feature",
      "geometry": {
        "type": "Point",
        "coordinates": [
          133.9612185,
          34.2911136
        ]
      },
      "properties": {
        "内容": "バス停: 南川向",
        "name": "南川向",
        "operator": "事業者不明",
        "ref": "",
        "url": "",
        "url2": ""
      }
    },
    {
      "type": "Feature",
      "geometry": {
        "type": "Point",
        "coordinates": [
          133.9862875,
          34.250121
        ]
      },
      "properties": {
        "内容": "バス停: 後久",
        "name": "後久",
        "operator": "事業者不明",
        "ref": "",
        "url": "",
        "url2": ""
      }
    },
    {
      "type": "Feature",
      "geometry": {
        "type": "Point",
        "coordinates": [
          133.9667711,
          34.2806926
        ]
      },
      "properties": {
        "内容": "バス停: 中福家南",
        "name": "中福家南",
        "operator": "事業者不明",
        "ref": "",
        "url": "",
        "url2": ""
      }
    },
    {
      "type": "Feature",
      "geometry": {
        "type": "Point",
        "coordinates": [
          133.9760495,
          34.2719363
        ]
      },
      "properties": {
        "内容": "バス停: 石ヶ鼻",
        "name": "石ヶ鼻",
        "operator": "事業者不明",
        "ref": "",
        "url": "",
        "url2": ""
      }
    },
    {
      "type": "Feature",
      "geometry": {
        "type": "Point",
        "coordinates": [
          133.9627278,
          34.2838779
        ]
      },
      "properties": {
        "内容": "バス停: 南部小学校前",
        "name": "南部小学校前",
        "operator": "事業者不明",
        "ref": "",
        "url": "",
        "url2": ""
      }
    },
    {
      "type": "Feature",
      "geometry": {
        "type": "Point",
        "coordinates": [
          133.9869943,
          34.2563326
        ]
      },
      "properties": {
        "内容": "バス停: 向山",
        "name": "向山",
        "operator": "事業者不明",
        "ref": "",
        "url": "",
        "url2": ""
      }
    },
    {
      "type": "Feature",
      "geometry": {
        "type": "Point",
        "coordinates": [
          133.9707693,
          34.2739711
        ]
      },
      "properties": {
        "内容": "バス停: 本村",
        "name": "本村",
        "operator": "事業者不明",
        "ref": "",
        "url": "",
        "url2": ""
      }
    },
    {
      "type": "Feature",
      "geometry": {
        "type": "Point",
        "coordinates": [
          133.9808335,
          34.2702712
        ]
      },
      "properties": {
        "内容": "バス停: 石ヶ鼻団地入り口",
        "name": "石ヶ鼻団地入り口",
        "operator": "事業者不明",
        "ref": "",
        "url": "",
        "url2": ""
      }
    },
    {
      "type": "Feature",
      "geometry": {
        "type": "Point",
        "coordinates": [
          133.9615251,
          34.2902482
        ]
      },
      "properties": {
        "内容": "バス停: 南川向",
        "name": "南川向",
        "operator": "事業者不明",
        "ref": "",
        "url": "",
        "url2": ""
      }
    },
    {
      "type": "Feature",
      "geometry": {
        "type": "Point",
        "coordinates": [
          133.9761474,
          34.2719621
        ]
      },
      "properties": {
        "内容": "バス停: 石ヶ鼻",
        "name": "石ヶ鼻",
        "operator": "事業者不明",
        "ref": "",
        "url": "",
        "url2": ""
      }
    },
    {
      "type": "Feature",
      "geometry": {
        "type": "Point",
        "coordinates": [
          133.9626003,
          34.2839043
        ]
      },
      "properties": {
        "内容": "バス停: 南部小学校前",
        "name": "南部小学校前",
        "operator": "事業者不明",
        "ref": "",
        "url": "",
        "url2": ""
      }
    },
    {
      "type": "Feature",
      "geometry": {
        "type": "Point",
        "coordinates": [
          133.9757042,
          34.1696823
        ]
      },
      "properties": {
        "内容": "バス停: 名称不明バス停",
        "name": "名称不明バス停",
        "operator": "事業者不明",
        "ref": "",
        "url": "",
        "url2": ""
      }
    },
    {
      "type": "Feature",
      "geometry": {
        "type": "Point",
        "coordinates": [
          133.9811521,
          34.177252
        ]
      },
      "properties": {
        "内容": "バス停: 名称不明バス停",
        "name": "名称不明バス停",
        "operator": "事業者不明",
        "ref": "",
        "url": "",
        "url2": ""
      }
    },
    {
      "type": "Feature",
      "geometry": {
        "type": "Point",
        "coordinates": [
          133.9811974,
          34.1771752
        ]
      },
      "properties": {
        "内容": "バス停: 名称不明バス停",
        "name": "名称不明バス停",
        "operator": "事業者不明",
        "ref": "",
        "url": "",
        "url2": ""
      }
    },
    {
      "type": "Feature",
      "geometry": {
        "type": "Point",
        "coordinates": [
          133.9878299,
          34.1838385
        ]
      },
      "properties": {
        "内容": "バス停: 新名峠",
        "name": "新名峠",
        "operator": "事業者不明",
        "ref": "",
        "url": "",
        "url2": ""
      }
    },
    {
      "type": "Feature",
      "geometry": {
        "type": "Point",
        "coordinates": [
          133.9718527,
          34.1675355
        ]
      },
      "properties": {
        "内容": "バス停: 柏原口",
        "name": "柏原口",
        "operator": "事業者不明",
        "ref": "",
        "url": "",
        "url2": ""
      }
    },
    {
      "type": "Feature",
      "geometry": {
        "type": "Point",
        "coordinates": [
          134.0159337,
          34.2083145
        ]
      },
      "properties": {
        "内容": "バス停: 下倉",
        "name": "下倉",
        "operator": "事業者不明",
        "ref": "",
        "url": "",
        "url2": ""
      }
    },
    {
      "type": "Feature",
      "geometry": {
        "type": "Point",
        "coordinates": [
          133.9933217,
          34.1901686
        ]
      },
      "properties": {
        "内容": "バス停: 夫婦神",
        "name": "夫婦神",
        "operator": "事業者不明",
        "ref": "",
        "url": "",
        "url2": ""
      }
    },
    {
      "type": "Feature",
      "geometry": {
        "type": "Point",
        "coordinates": [
          133.9729018,
          34.0955171
        ]
      },
      "properties": {
        "内容": "バス停: 塔尾",
        "name": "塔尾",
        "operator": "事業者不明",
        "ref": "",
        "url": "",
        "url2": ""
      }
    },
    {
      "type": "Feature",
      "geometry": {
        "type": "Point",
        "coordinates": [
          133.9751607,
          34.0990304
        ]
      },
      "properties": {
        "内容": "バス停: 四足口",
        "name": "四足口",
        "operator": "事業者不明",
        "ref": "",
        "url": "",
        "url2": ""
      }
    },
    {
      "type": "Feature",
      "geometry": {
        "type": "Point",
        "coordinates": [
          133.9785365,
          34.1042354
        ]
      },
      "properties": {
        "内容": "バス停: 谷所",
        "name": "谷所",
        "operator": "事業者不明",
        "ref": "",
        "url": "",
        "url2": ""
      }
    },
    {
      "type": "Feature",
      "geometry": {
        "type": "Point",
        "coordinates": [
          133.9701196,
          34.0964047
        ]
      },
      "properties": {
        "内容": "バス停: 長善寺口",
        "name": "長善寺口",
        "operator": "事業者不明",
        "ref": "",
        "url": "",
        "url2": ""
      }
    },
    {
      "type": "Feature",
      "geometry": {
        "type": "Point",
        "coordinates": [
          133.9673765,
          34.1276411
        ]
      },
      "properties": {
        "内容": "バス停: 淵野",
        "name": "淵野",
        "operator": "事業者不明",
        "ref": "",
        "url": "",
        "url2": ""
      }
    },
    {
      "type": "Feature",
      "geometry": {
        "type": "Point",
        "coordinates": [
          133.9720531,
          34.1159865
        ]
      },
      "properties": {
        "内容": "バス停: 勝川橋",
        "name": "勝川橋",
        "operator": "事業者不明",
        "ref": "",
        "url": "",
        "url2": ""
      }
    },
    {
      "type": "Feature",
      "geometry": {
        "type": "Point",
        "coordinates": [
          133.9726651,
          34.1211339
        ]
      },
      "properties": {
        "内容": "バス停: 堀田",
        "name": "堀田",
        "operator": "事業者不明",
        "ref": "",
        "url": "",
        "url2": ""
      }
    },
    {
      "type": "Feature",
      "geometry": {
        "type": "Point",
        "coordinates": [
          133.9757033,
          34.1027343
        ]
      },
      "properties": {
        "内容": "バス停: 野田小屋口",
        "name": "野田小屋口",
        "operator": "事業者不明",
        "ref": "",
        "url": "",
        "url2": ""
      }
    },
    {
      "type": "Feature",
      "geometry": {
        "type": "Point",
        "coordinates": [
          133.9657672,
          34.1329298
        ]
      },
      "properties": {
        "内容": "バス停: 皆野",
        "name": "皆野",
        "operator": "事業者不明",
        "ref": "",
        "url": "",
        "url2": ""
      }
    },
    {
      "type": "Feature",
      "geometry": {
        "type": "Point",
        "coordinates": [
          133.9768981,
          34.1019804
        ]
      },
      "properties": {
        "内容": "バス停: 勝浦口",
        "name": "勝浦口",
        "operator": "事業者不明",
        "ref": "",
        "url": "",
        "url2": ""
      }
    },
    {
      "type": "Feature",
      "geometry": {
        "type": "Point",
        "coordinates": [
          133.9754827,
          34.1078632
        ]
      },
      "properties": {
        "内容": "バス停: 勝川橋",
        "name": "勝川橋",
        "operator": "事業者不明",
        "ref": "",
        "url": "",
        "url2": ""
      }
    },
    {
      "type": "Feature",
      "geometry": {
        "type": "Point",
        "coordinates": [
          133.9726552,
          34.1171872
        ]
      },
      "properties": {
        "内容": "バス停: 尾井出",
        "name": "尾井出",
        "operator": "事業者不明",
        "ref": "",
        "url": "",
        "url2": ""
      }
    },
    {
      "type": "Feature",
      "geometry": {
        "type": "Point",
        "coordinates": [
          133.9661207,
          34.1324176
        ]
      },
      "properties": {
        "内容": "バス停: 犬馬場",
        "name": "犬馬場",
        "operator": "事業者不明",
        "ref": "",
        "url": "",
        "url2": ""
      }
    },
    {
      "type": "Feature",
      "geometry": {
        "type": "Point",
        "coordinates": [
          134.0604888,
          34.3114124
        ]
      },
      "properties": {
        "内容": "バス停: レインボーロード伏石",
        "name": "レインボーロード伏石",
        "operator": "事業者不明",
        "ref": "",
        "url": "",
        "url2": ""
      }
    },
    {
      "type": "Feature",
      "geometry": {
        "type": "Point",
        "coordinates": [
          134.3161306,
          34.2381579
        ]
      },
      "properties": {
        "内容": "バス停: 大内バスストップ",
        "name": "大内バスストップ",
        "operator": "事業者不明",
        "ref": "",
        "url": "",
        "url2": ""
      }
    },
    {
      "type": "Feature",
      "geometry": {
        "type": "Point",
        "coordinates": [
          134.0078077,
          34.0956487
        ]
      },
      "properties": {
        "内容": "バス停: 三角",
        "name": "三角",
        "operator": "事業者不明",
        "ref": "",
        "url": "",
        "url2": ""
      }
    },
    {
      "type": "Feature",
      "geometry": {
        "type": "Point",
        "coordinates": [
          134.0122742,
          34.0942268
        ]
      },
      "properties": {
        "内容": "バス停: 久保谷",
        "name": "久保谷",
        "operator": "事業者不明",
        "ref": "",
        "url": "",
        "url2": ""
      }
    },
    {
      "type": "Feature",
      "geometry": {
        "type": "Point",
        "coordinates": [
          133.9518764,
          34.1445327
        ]
      },
      "properties": {
        "内容": "バス停: 平川橋",
        "name": "平川橋",
        "operator": "事業者不明",
        "ref": "",
        "url": "",
        "url2": ""
      }
    },
    {
      "type": "Feature",
      "geometry": {
        "type": "Point",
        "coordinates": [
          133.9646474,
          34.1362604
        ]
      },
      "properties": {
        "内容": "バス停: 下皆野",
        "name": "下皆野",
        "operator": "事業者不明",
        "ref": "",
        "url": "",
        "url2": ""
      }
    },
    {
      "type": "Feature",
      "geometry": {
        "type": "Point",
        "coordinates": [
          133.9899782,
          34.1086546
        ]
      },
      "properties": {
        "内容": "バス停: 大石橋",
        "name": "大石橋",
        "operator": "事業者不明",
        "ref": "",
        "url": "",
        "url2": ""
      }
    },
    {
      "type": "Feature",
      "geometry": {
        "type": "Point",
        "coordinates": [
          134.0025532,
          34.0973954
        ]
      },
      "properties": {
        "内容": "バス停: 美霞洞渓谷",
        "name": "美霞洞渓谷",
        "operator": "事業者不明",
        "ref": "",
        "url": "",
        "url2": ""
      }
    },
    {
      "type": "Feature",
      "geometry": {
        "type": "Point",
        "coordinates": [
          133.9540383,
          34.143856
        ]
      },
      "properties": {
        "内容": "バス停: 川東口",
        "name": "川東口",
        "operator": "事業者不明",
        "ref": "",
        "url": "",
        "url2": ""
      }
    },
    {
      "type": "Feature",
      "geometry": {
        "type": "Point",
        "coordinates": [
          133.9645976,
          34.1364696
        ]
      },
      "properties": {
        "内容": "バス停: 下皆野",
        "name": "下皆野",
        "operator": "事業者不明",
        "ref": "",
        "url": "",
        "url2": ""
      }
    },
    {
      "type": "Feature",
      "geometry": {
        "type": "Point",
        "coordinates": [
          133.9591199,
          34.1415296
        ]
      },
      "properties": {
        "内容": "バス停: 中通",
        "name": "中通",
        "operator": "事業者不明",
        "ref": "",
        "url": "",
        "url2": ""
      }
    },
    {
      "type": "Feature",
      "geometry": {
        "type": "Point",
        "coordinates": [
          133.9874444,
          34.1099676
        ]
      },
      "properties": {
        "内容": "バス停: 長谷",
        "name": "長谷",
        "operator": "事業者不明",
        "ref": "",
        "url": "",
        "url2": ""
      }
    },
    {
      "type": "Feature",
      "geometry": {
        "type": "Point",
        "coordinates": [
          133.977174,
          34.1108003
        ]
      },
      "properties": {
        "内容": "バス停: 落合橋",
        "name": "落合橋",
        "operator": "事業者不明",
        "ref": "",
        "url": "",
        "url2": ""
      }
    },
    {
      "type": "Feature",
      "geometry": {
        "type": "Point",
        "coordinates": [
          134.038999,
          34.3169382
        ]
      },
      "properties": {
        "内容": "バス停: ゆめタウン高松前",
        "name": "ゆめタウン高松前",
        "operator": "事業者不明",
        "ref": "",
        "url": "",
        "url2": ""
      }
    },
    {
      "type": "Feature",
      "geometry": {
        "type": "Point",
        "coordinates": [
          134.0731732,
          34.3068525
        ]
      },
      "properties": {
        "内容": "バス停: 高松中央インターバスターミナル",
        "name": "高松中央インターバスターミナル",
        "operator": "事業者不明",
        "ref": "",
        "url": "",
        "url2": ""
      }
    },
    {
      "type": "Feature",
      "geometry": {
        "type": "Point",
        "coordinates": [
          134.1310035,
          34.2984905
        ]
      },
      "properties": {
        "内容": "バス停: 三木バスストップ",
        "name": "三木バスストップ",
        "operator": "事業者不明",
        "ref": "",
        "url": "",
        "url2": ""
      }
    },
    {
      "type": "Feature",
      "geometry": {
        "type": "Point",
        "coordinates": [
          133.9509462,
          34.2071844
        ]
      },
      "properties": {
        "内容": "バス停: 堂谷",
        "name": "堂谷",
        "operator": "事業者不明",
        "ref": "",
        "url": "",
        "url2": ""
      }
    },
    {
      "type": "Feature",
      "geometry": {
        "type": "Point",
        "coordinates": [
          133.9508529,
          34.2105959
        ]
      },
      "properties": {
        "内容": "バス停: 西分橋",
        "name": "西分橋",
        "operator": "事業者不明",
        "ref": "",
        "url": "",
        "url2": ""
      }
    },
    {
      "type": "Feature",
      "geometry": {
        "type": "Point",
        "coordinates": [
          133.9237268,
          34.162762
        ]
      },
      "properties": {
        "内容": "バス停: 内田",
        "name": "内田",
        "operator": "事業者不明",
        "ref": "",
        "url": "",
        "url2": ""
      }
    },
    {
      "type": "Feature",
      "geometry": {
        "type": "Point",
        "coordinates": [
          133.9479836,
          34.2156453
        ]
      },
      "properties": {
        "内容": "バス停: 神ノ木",
        "name": "神ノ木",
        "operator": "事業者不明",
        "ref": "",
        "url": "",
        "url2": ""
      }
    },
    {
      "type": "Feature",
      "geometry": {
        "type": "Point",
        "coordinates": [
          133.9559178,
          34.1795795
        ]
      },
      "properties": {
        "内容": "バス停: 西分南",
        "name": "西分南",
        "operator": "事業者不明",
        "ref": "",
        "url": "",
        "url2": ""
      }
    },
    {
      "type": "Feature",
      "geometry": {
        "type": "Point",
        "coordinates": [
          133.948635,
          34.2005107
        ]
      },
      "properties": {
        "内容": "バス停: 西分",
        "name": "西分",
        "operator": "事業者不明",
        "ref": "",
        "url": "",
        "url2": ""
      }
    },
    {
      "type": "Feature",
      "geometry": {
        "type": "Point",
        "coordinates": [
          133.6926375,
          34.220922
        ]
      },
      "properties": {
        "内容": "バス停: 詫間駅",
        "name": "詫間駅",
        "operator": "事業者不明",
        "ref": "",
        "url": "",
        "url2": ""
      }
    },
    {
      "type": "Feature",
      "geometry": {
        "type": "Point",
        "coordinates": [
          133.6924668,
          34.2207786
        ]
      },
      "properties": {
        "内容": "バス停: 詫間駅",
        "name": "詫間駅",
        "operator": "事業者不明",
        "ref": "",
        "url": "",
        "url2": ""
      }
    },
    {
      "type": "Feature",
      "geometry": {
        "type": "Point",
        "coordinates": [
          134.0654411,
          34.333872
        ]
      },
      "properties": {
        "内容": "バス停: 玉藻中学前",
        "name": "玉藻中学前",
        "operator": "事業者不明",
        "ref": "",
        "url": "",
        "url2": ""
      }
    },
    {
      "type": "Feature",
      "geometry": {
        "type": "Point",
        "coordinates": [
          133.7857471,
          34.2425401
        ]
      },
      "properties": {
        "内容": "バス停: 善通寺バスストップ",
        "name": "善通寺バスストップ",
        "operator": "事業者不明",
        "ref": "",
        "url": "",
        "url2": ""
      }
    },
    {
      "type": "Feature",
      "geometry": {
        "type": "Point",
        "coordinates": [
          133.784987,
          34.2418388
        ]
      },
      "properties": {
        "内容": "バス停: 善通寺バスストップ",
        "name": "善通寺バスストップ",
        "operator": "事業者不明",
        "ref": "",
        "url": "",
        "url2": ""
      }
    },
    {
      "type": "Feature",
      "geometry": {
        "type": "Point",
        "coordinates": [
          133.8152686,
          34.1344128
        ]
      },
      "properties": {
        "内容": "バス停: 黒川",
        "name": "黒川",
        "operator": "事業者不明",
        "ref": "",
        "url": "",
        "url2": ""
      }
    },
    {
      "type": "Feature",
      "geometry": {
        "type": "Point",
        "coordinates": [
          133.8143098,
          34.1175493
        ]
      },
      "properties": {
        "内容": "バス停: 財田駅",
        "name": "財田駅",
        "operator": "事業者不明",
        "ref": "",
        "url": "",
        "url2": ""
      }
    },
    {
      "type": "Feature",
      "geometry": {
        "type": "Point",
        "coordinates": [
          133.8146031,
          34.1323263
        ]
      },
      "properties": {
        "内容": "バス停: 黒川郵便局",
        "name": "黒川郵便局",
        "operator": "事業者不明",
        "ref": "",
        "url": "",
        "url2": ""
      }
    },
    {
      "type": "Feature",
      "geometry": {
        "type": "Point",
        "coordinates": [
          133.8046578,
          34.1225401
        ]
      },
      "properties": {
        "内容": "バス停: 芋尾",
        "name": "芋尾",
        "operator": "事業者不明",
        "ref": "",
        "url": "",
        "url2": ""
      }
    },
    {
      "type": "Feature",
      "geometry": {
        "type": "Point",
        "coordinates": [
          133.8236273,
          34.2618669
        ]
      },
      "properties": {
        "内容": "バス停: 春日の辻",
        "name": "春日の辻",
        "operator": "事業者不明",
        "ref": "",
        "url": "",
        "url2": ""
      }
    },
    {
      "type": "Feature",
      "geometry": {
        "type": "Point",
        "coordinates": [
          133.8085169,
          34.2566042
        ]
      },
      "properties": {
        "内容": "バス停: 一里屋",
        "name": "一里屋",
        "operator": "事業者不明",
        "ref": "",
        "url": "",
        "url2": ""
      }
    },
    {
      "type": "Feature",
      "geometry": {
        "type": "Point",
        "coordinates": [
          133.8370892,
          34.265734
        ]
      },
      "properties": {
        "内容": "バス停: 山根西",
        "name": "山根西",
        "operator": "事業者不明",
        "ref": "",
        "url": "",
        "url2": ""
      }
    },
    {
      "type": "Feature",
      "geometry": {
        "type": "Point",
        "coordinates": [
          133.8180466,
          34.2603116
        ]
      },
      "properties": {
        "内容": "バス停: 郡家東",
        "name": "郡家東",
        "operator": "事業者不明",
        "ref": "",
        "url": "",
        "url2": ""
      }
    },
    {
      "type": "Feature",
      "geometry": {
        "type": "Point",
        "coordinates": [
          133.8235892,
          34.2617232
        ]
      },
      "properties": {
        "内容": "バス停: 春日の辻",
        "name": "春日の辻",
        "operator": "事業者不明",
        "ref": "",
        "url": "",
        "url2": ""
      }
    },
    {
      "type": "Feature",
      "geometry": {
        "type": "Point",
        "coordinates": [
          133.8084434,
          34.2566075
        ]
      },
      "properties": {
        "内容": "バス停: 一里屋",
        "name": "一里屋",
        "operator": "事業者不明",
        "ref": "",
        "url": "",
        "url2": ""
      }
    },
    {
      "type": "Feature",
      "geometry": {
        "type": "Point",
        "coordinates": [
          133.8178468,
          34.2601173
        ]
      },
      "properties": {
        "内容": "バス停: 郡家東",
        "name": "郡家東",
        "operator": "事業者不明",
        "ref": "",
        "url": "",
        "url2": ""
      }
    },
    {
      "type": "Feature",
      "geometry": {
        "type": "Point",
        "coordinates": [
          133.833602,
          34.2647824
        ]
      },
      "properties": {
        "内容": "バス停: 高柳",
        "name": "高柳",
        "operator": "事業者不明",
        "ref": "",
        "url": "",
        "url2": ""
      }
    },
    {
      "type": "Feature",
      "geometry": {
        "type": "Point",
        "coordinates": [
          133.8412903,
          34.2465365
        ]
      },
      "properties": {
        "内容": "バス停: 琴参バス 五反地のりば",
        "name": "琴参バス 五反地のりば",
        "operator": "事業者不明",
        "ref": "",
        "url": "",
        "url2": ""
      }
    },
    {
      "type": "Feature",
      "geometry": {
        "type": "Point",
        "coordinates": [
          133.8409507,
          34.2465489
        ]
      },
      "properties": {
        "内容": "バス停: 名称不明バス停",
        "name": "名称不明バス停",
        "operator": "事業者不明",
        "ref": "",
        "url": "",
        "url2": ""
      }
    },
    {
      "type": "Feature",
      "geometry": {
        "type": "Point",
        "coordinates": [
          133.929744,
          34.2475053
        ]
      },
      "properties": {
        "内容": "バス停: 上西",
        "name": "上西",
        "operator": "事業者不明",
        "ref": "",
        "url": "",
        "url2": ""
      }
    },
    {
      "type": "Feature",
      "geometry": {
        "type": "Point",
        "coordinates": [
          133.923394,
          34.2474819
        ]
      },
      "properties": {
        "内容": "バス停: 新町",
        "name": "新町",
        "operator": "事業者不明",
        "ref": "",
        "url": "",
        "url2": ""
      }
    },
    {
      "type": "Feature",
      "geometry": {
        "type": "Point",
        "coordinates": [
          133.9796484,
          34.2634147
        ]
      },
      "properties": {
        "内容": "バス停: 名称不明バス停",
        "name": "名称不明バス停",
        "operator": "事業者不明",
        "ref": "",
        "url": "",
        "url2": ""
      }
    },
    {
      "type": "Feature",
      "geometry": {
        "type": "Point",
        "coordinates": [
          134.0009898,
          34.2533093
        ]
      },
      "properties": {
        "内容": "バス停: 名称不明バス停",
        "name": "名称不明バス停",
        "operator": "事業者不明",
        "ref": "",
        "url": "",
        "url2": ""
      }
    },
    {
      "type": "Feature",
      "geometry": {
        "type": "Point",
        "coordinates": [
          134.0213147,
          34.2390451
        ]
      },
      "properties": {
        "内容": "バス停: 名称不明バス停",
        "name": "名称不明バス停",
        "operator": "事業者不明",
        "ref": "",
        "url": "",
        "url2": ""
      }
    },
    {
      "type": "Feature",
      "geometry": {
        "type": "Point",
        "coordinates": [
          134.0416756,
          34.3231827
        ]
      },
      "properties": {
        "内容": "バス停: 室新町",
        "name": "室新町",
        "operator": "事業者不明",
        "ref": "",
        "url": "",
        "url2": ""
      }
    },
    {
      "type": "Feature",
      "geometry": {
        "type": "Point",
        "coordinates": [
          134.0130998,
          34.2393441
        ]
      },
      "properties": {
        "内容": "バス停: 香南支所",
        "name": "香南支所",
        "operator": "事業者不明",
        "ref": "",
        "url": "",
        "url2": ""
      }
    },
    {
      "type": "Feature",
      "geometry": {
        "type": "Point",
        "coordinates": [
          134.0422904,
          34.3234162
        ]
      },
      "properties": {
        "内容": "バス停: 室新町",
        "name": "室新町",
        "operator": "事業者不明",
        "ref": "",
        "url": "",
        "url2": ""
      }
    },
    {
      "type": "Feature",
      "geometry": {
        "type": "Point",
        "coordinates": [
          134.0065906,
          34.2594106
        ]
      },
      "properties": {
        "内容": "バス停: 名称不明バス停",
        "name": "名称不明バス停",
        "operator": "事業者不明",
        "ref": "",
        "url": "",
        "url2": ""
      }
    },
    {
      "type": "Feature",
      "geometry": {
        "type": "Point",
        "coordinates": [
          134.0155525,
          34.2390077
        ]
      },
      "properties": {
        "内容": "バス停: 大溝",
        "name": "大溝",
        "operator": "事業者不明",
        "ref": "",
        "url": "",
        "url2": ""
      }
    },
    {
      "type": "Feature",
      "geometry": {
        "type": "Point",
        "coordinates": [
          134.0003108,
          34.2444952
        ]
      },
      "properties": {
        "内容": "バス停: 名称不明バス停",
        "name": "名称不明バス停",
        "operator": "事業者不明",
        "ref": "",
        "url": "",
        "url2": ""
      }
    },
    {
      "type": "Feature",
      "geometry": {
        "type": "Point",
        "coordinates": [
          134.0386383,
          34.3198797
        ]
      },
      "properties": {
        "内容": "バス停: はぜ",
        "name": "はぜ",
        "operator": "事業者不明",
        "ref": "",
        "url": "",
        "url2": ""
      }
    },
    {
      "type": "Feature",
      "geometry": {
        "type": "Point",
        "coordinates": [
          134.0511102,
          34.3468992
        ]
      },
      "properties": {
        "内容": "バス停: 三越前",
        "name": "三越前",
        "operator": "事業者不明",
        "ref": "",
        "url": "",
        "url2": ""
      }
    },
    {
      "type": "Feature",
      "geometry": {
        "type": "Point",
        "coordinates": [
          134.0600174,
          34.335212
        ]
      },
      "properties": {
        "内容": "バス停: 花園町",
        "name": "花園町",
        "operator": "事業者不明",
        "ref": "",
        "url": "",
        "url2": ""
      }
    },
    {
      "type": "Feature",
      "geometry": {
        "type": "Point",
        "coordinates": [
          134.0572848,
          34.3450129
        ]
      },
      "properties": {
        "内容": "バス停: 井口町",
        "name": "井口町",
        "operator": "事業者不明",
        "ref": "",
        "url": "",
        "url2": ""
      }
    },
    {
      "type": "Feature",
      "geometry": {
        "type": "Point",
        "coordinates": [
          133.809004,
          34.127172
        ]
      },
      "properties": {
        "内容": "バス停: 名称不明バス停",
        "name": "名称不明バス停",
        "operator": "事業者不明",
        "ref": "",
        "url": "",
        "url2": ""
      }
    },
    {
      "type": "Feature",
      "geometry": {
        "type": "Point",
        "coordinates": [
          133.6342637,
          34.2333512
        ]
      },
      "properties": {
        "内容": "バス停: 西香田",
        "name": "西香田",
        "operator": "事業者不明",
        "ref": "",
        "url": "",
        "url2": ""
      }
    },
    {
      "type": "Feature",
      "geometry": {
        "type": "Point",
        "coordinates": [
          133.6241469,
          34.2359524
        ]
      },
      "properties": {
        "内容": "バス停: 恵美",
        "name": "恵美",
        "operator": "事業者不明",
        "ref": "",
        "url": "",
        "url2": ""
      }
    },
    {
      "type": "Feature",
      "geometry": {
        "type": "Point",
        "coordinates": [
          133.5805027,
          34.2512736
        ]
      },
      "properties": {
        "内容": "バス停: 名称不明バス停",
        "name": "名称不明バス停",
        "operator": "事業者不明",
        "ref": "",
        "url": "",
        "url2": ""
      }
    },
    {
      "type": "Feature",
      "geometry": {
        "type": "Point",
        "coordinates": [
          133.6106357,
          34.2479363
        ]
      },
      "properties": {
        "内容": "バス停: 名称不明バス停",
        "name": "名称不明バス停",
        "operator": "事業者不明",
        "ref": "",
        "url": "",
        "url2": ""
      }
    },
    {
      "type": "Feature",
      "geometry": {
        "type": "Point",
        "coordinates": [
          133.5926931,
          34.254455
        ]
      },
      "properties": {
        "内容": "バス停: 名称不明バス停",
        "name": "名称不明バス停",
        "operator": "事業者不明",
        "ref": "",
        "url": "",
        "url2": ""
      }
    },
    {
      "type": "Feature",
      "geometry": {
        "type": "Point",
        "coordinates": [
          133.5885777,
          34.2581244
        ]
      },
      "properties": {
        "内容": "バス停: 名称不明バス停",
        "name": "名称不明バス停",
        "operator": "事業者不明",
        "ref": "",
        "url": "",
        "url2": ""
      }
    },
    {
      "type": "Feature",
      "geometry": {
        "type": "Point",
        "coordinates": [
          133.5951065,
          34.2372569
        ]
      },
      "properties": {
        "内容": "バス停: 名称不明バス停",
        "name": "名称不明バス停",
        "operator": "事業者不明",
        "ref": "",
        "url": "",
        "url2": ""
      }
    },
    {
      "type": "Feature",
      "geometry": {
        "type": "Point",
        "coordinates": [
          133.6740762,
          34.2210059
        ]
      },
      "properties": {
        "内容": "バス停: 詫間庁舎",
        "name": "詫間庁舎",
        "operator": "事業者不明",
        "ref": "",
        "url": "",
        "url2": ""
      }
    },
    {
      "type": "Feature",
      "geometry": {
        "type": "Point",
        "coordinates": [
          133.6203763,
          34.2360089
        ]
      },
      "properties": {
        "内容": "バス停: 船越",
        "name": "船越",
        "operator": "事業者不明",
        "ref": "",
        "url": "",
        "url2": ""
      }
    },
    {
      "type": "Feature",
      "geometry": {
        "type": "Point",
        "coordinates": [
          133.6156401,
          34.2396416
        ]
      },
      "properties": {
        "内容": "バス停: 名称不明バス停",
        "name": "名称不明バス停",
        "operator": "事業者不明",
        "ref": "",
        "url": "",
        "url2": ""
      }
    },
    {
      "type": "Feature",
      "geometry": {
        "type": "Point",
        "coordinates": [
          134.0705321,
          34.3061432
        ]
      },
      "properties": {
        "内容": "バス停: さこ",
        "name": "さこ",
        "operator": "事業者不明",
        "ref": "",
        "url": "",
        "url2": ""
      }
    },
    {
      "type": "Feature",
      "geometry": {
        "type": "Point",
        "coordinates": [
          134.0732506,
          34.29867
        ]
      },
      "properties": {
        "内容": "バス停: 亀の町",
        "name": "亀の町",
        "operator": "事業者不明",
        "ref": "",
        "url": "",
        "url2": ""
      }
    },
    {
      "type": "Feature",
      "geometry": {
        "type": "Point",
        "coordinates": [
          134.0717411,
          34.3028672
        ]
      },
      "properties": {
        "内容": "バス停: 林支所",
        "name": "林支所",
        "operator": "事業者不明",
        "ref": "",
        "url": "",
        "url2": ""
      }
    },
    {
      "type": "Feature",
      "geometry": {
        "type": "Point",
        "coordinates": [
          134.0554059,
          34.3357071
        ]
      },
      "properties": {
        "内容": "バス停: 香川日産前",
        "name": "香川日産前",
        "operator": "事業者不明",
        "ref": "",
        "url": "",
        "url2": ""
      }
    },
    {
      "type": "Feature",
      "geometry": {
        "type": "Point",
        "coordinates": [
          134.0139855,
          34.3444816
        ]
      },
      "properties": {
        "内容": "バス停: 香東交番前",
        "name": "香東交番前",
        "operator": "事業者不明",
        "ref": "",
        "url": "",
        "url2": ""
      }
    },
    {
      "type": "Feature",
      "geometry": {
        "type": "Point",
        "coordinates": [
          133.9887027,
          34.3532441
        ]
      },
      "properties": {
        "内容": "バス停: 神在口",
        "name": "神在口",
        "operator": "事業者不明",
        "ref": "",
        "url": "",
        "url2": ""
      }
    },
    {
      "type": "Feature",
      "geometry": {
        "type": "Point",
        "coordinates": [
          133.9877791,
          34.353574
        ]
      },
      "properties": {
        "内容": "バス停: 神在口",
        "name": "神在口",
        "operator": "事業者不明",
        "ref": "",
        "url": "",
        "url2": ""
      }
    },
    {
      "type": "Feature",
      "geometry": {
        "type": "Point",
        "coordinates": [
          133.997414,
          34.3478477
        ]
      },
      "properties": {
        "内容": "バス停: 中塚",
        "name": "中塚",
        "operator": "事業者不明",
        "ref": "",
        "url": "",
        "url2": ""
      }
    },
    {
      "type": "Feature",
      "geometry": {
        "type": "Point",
        "coordinates": [
          133.9969768,
          34.3480512
        ]
      },
      "properties": {
        "内容": "バス停: 中塚",
        "name": "中塚",
        "operator": "事業者不明",
        "ref": "",
        "url": "",
        "url2": ""
      }
    },
    {
      "type": "Feature",
      "geometry": {
        "type": "Point",
        "coordinates": [
          133.9797616,
          34.3547383
        ]
      },
      "properties": {
        "内容": "バス停: 山下",
        "name": "山下",
        "operator": "事業者不明",
        "ref": "",
        "url": "",
        "url2": ""
      }
    },
    {
      "type": "Feature",
      "geometry": {
        "type": "Point",
        "coordinates": [
          134.0040852,
          34.3437791
        ]
      },
      "properties": {
        "内容": "バス停: 本津",
        "name": "本津",
        "operator": "事業者不明",
        "ref": "",
        "url": "",
        "url2": ""
      }
    },
    {
      "type": "Feature",
      "geometry": {
        "type": "Point",
        "coordinates": [
          134.0196701,
          34.3444495
        ]
      },
      "properties": {
        "内容": "バス停: 郷東橋",
        "name": "郷東橋",
        "operator": "事業者不明",
        "ref": "",
        "url": "",
        "url2": ""
      }
    },
    {
      "type": "Feature",
      "geometry": {
        "type": "Point",
        "coordinates": [
          133.9992817,
          34.3464427
        ]
      },
      "properties": {
        "内容": "バス停: 香西",
        "name": "香西",
        "operator": "事業者不明",
        "ref": "",
        "url": "",
        "url2": ""
      }
    },
    {
      "type": "Feature",
      "geometry": {
        "type": "Point",
        "coordinates": [
          133.9987606,
          34.3468447
        ]
      },
      "properties": {
        "内容": "バス停: 香西",
        "name": "香西",
        "operator": "事業者不明",
        "ref": "",
        "url": "",
        "url2": ""
      }
    },
    {
      "type": "Feature",
      "geometry": {
        "type": "Point",
        "coordinates": [
          134.0013558,
          34.3453611
        ]
      },
      "properties": {
        "内容": "バス停: 香西中央通り",
        "name": "香西中央通り",
        "operator": "事業者不明",
        "ref": "",
        "url": "",
        "url2": ""
      }
    },
    {
      "type": "Feature",
      "geometry": {
        "type": "Point",
        "coordinates": [
          133.9964195,
          34.3485231
        ]
      },
      "properties": {
        "内容": "バス停: 香西北町",
        "name": "香西北町",
        "operator": "事業者不明",
        "ref": "",
        "url": "",
        "url2": ""
      }
    },
    {
      "type": "Feature",
      "geometry": {
        "type": "Point",
        "coordinates": [
          133.9953708,
          34.3490007
        ]
      },
      "properties": {
        "内容": "バス停: 香西北町",
        "name": "香西北町",
        "operator": "事業者不明",
        "ref": "",
        "url": "",
        "url2": ""
      }
    },
    {
      "type": "Feature",
      "geometry": {
        "type": "Point",
        "coordinates": [
          133.9917687,
          34.3509017
        ]
      },
      "properties": {
        "内容": "バス停: 香西西町",
        "name": "香西西町",
        "operator": "事業者不明",
        "ref": "",
        "url": "",
        "url2": ""
      }
    },
    {
      "type": "Feature",
      "geometry": {
        "type": "Point",
        "coordinates": [
          133.9917436,
          34.3508261
        ]
      },
      "properties": {
        "内容": "バス停: 香西西町",
        "name": "香西西町",
        "operator": "事業者不明",
        "ref": "",
        "url": "",
        "url2": ""
      }
    },
    {
      "type": "Feature",
      "geometry": {
        "type": "Point",
        "coordinates": [
          133.84943,
          34.3046943
        ]
      },
      "properties": {
        "内容": "バス停: 西山",
        "name": "西山",
        "operator": "事業者不明",
        "ref": "",
        "url": "",
        "url2": ""
      }
    },
    {
      "type": "Feature",
      "geometry": {
        "type": "Point",
        "coordinates": [
          133.8696714,
          34.3187548
        ]
      },
      "properties": {
        "内容": "バス停: 坂江橋",
        "name": "坂江橋",
        "operator": "事業者不明",
        "ref": "",
        "url": "",
        "url2": ""
      }
    },
    {
      "type": "Feature",
      "geometry": {
        "type": "Point",
        "coordinates": [
          133.8496756,
          34.3046006
        ]
      },
      "properties": {
        "内容": "バス停: 西山",
        "name": "西山",
        "operator": "事業者不明",
        "ref": "",
        "url": "",
        "url2": ""
      }
    },
    {
      "type": "Feature",
      "geometry": {
        "type": "Point",
        "coordinates": [
          134.0358273,
          34.3203974
        ]
      },
      "properties": {
        "内容": "バス停: 土居宮",
        "name": "土居宮",
        "operator": "事業者不明",
        "ref": "",
        "url": "",
        "url2": ""
      }
    },
    {
      "type": "Feature",
      "geometry": {
        "type": "Point",
        "coordinates": [
          134.0372349,
          34.3210531
        ]
      },
      "properties": {
        "内容": "バス停: 土居宮",
        "name": "土居宮",
        "operator": "事業者不明",
        "ref": "",
        "url": "",
        "url2": ""
      }
    },
    {
      "type": "Feature",
      "geometry": {
        "type": "Point",
        "coordinates": [
          134.0259172,
          34.3133117
        ]
      },
      "properties": {
        "内容": "バス停: 橋詰",
        "name": "橋詰",
        "operator": "事業者不明",
        "ref": "",
        "url": "",
        "url2": ""
      }
    },
    {
      "type": "Feature",
      "geometry": {
        "type": "Point",
        "coordinates": [
          134.0261829,
          34.3138921
        ]
      },
      "properties": {
        "内容": "バス停: 橋詰",
        "name": "橋詰",
        "operator": "事業者不明",
        "ref": "",
        "url": "",
        "url2": ""
      }
    },
    {
      "type": "Feature",
      "geometry": {
        "type": "Point",
        "coordinates": [
          134.0329152,
          34.3186996
        ]
      },
      "properties": {
        "内容": "バス停: 西はぜ",
        "name": "西はぜ",
        "operator": "事業者不明",
        "ref": "",
        "url": "",
        "url2": ""
      }
    },
    {
      "type": "Feature",
      "geometry": {
        "type": "Point",
        "coordinates": [
          134.0334595,
          34.3191187
        ]
      },
      "properties": {
        "内容": "バス停: 西はぜ",
        "name": "西はぜ",
        "operator": "事業者不明",
        "ref": "",
        "url": "",
        "url2": ""
      }
    },
    {
      "type": "Feature",
      "geometry": {
        "type": "Point",
        "coordinates": [
          134.0278905,
          34.3159
        ]
      },
      "properties": {
        "内容": "バス停: 鶴尾",
        "name": "鶴尾",
        "operator": "事業者不明",
        "ref": "",
        "url": "",
        "url2": ""
      }
    },
    {
      "type": "Feature",
      "geometry": {
        "type": "Point",
        "coordinates": [
          134.028399,
          34.3167063
        ]
      },
      "properties": {
        "内容": "バス停: 鶴尾",
        "name": "鶴尾",
        "operator": "事業者不明",
        "ref": "",
        "url": "",
        "url2": ""
      }
    },
    {
      "type": "Feature",
      "geometry": {
        "type": "Point",
        "coordinates": [
          133.8303829,
          34.1913692
        ]
      },
      "properties": {
        "内容": "バス停: 榎井",
        "name": "榎井",
        "operator": "事業者不明",
        "ref": "",
        "url": "",
        "url2": ""
      }
    },
    {
      "type": "Feature",
      "geometry": {
        "type": "Point",
        "coordinates": [
          134.0720296,
          34.2947396
        ]
      },
      "properties": {
        "内容": "バス停: サンメッセ香川",
        "name": "サンメッセ香川",
        "operator": "事業者不明",
        "ref": "",
        "url": "",
        "url2": ""
      }
    },
    {
      "type": "Feature",
      "geometry": {
        "type": "Point",
        "coordinates": [
          134.0734156,
          34.2986776
        ]
      },
      "properties": {
        "内容": "バス停: 亀の町",
        "name": "亀の町",
        "operator": "事業者不明",
        "ref": "",
        "url": "",
        "url2": ""
      }
    },
    {
      "type": "Feature",
      "geometry": {
        "type": "Point",
        "coordinates": [
          134.0693661,
          34.3263102
        ]
      },
      "properties": {
        "内容": "バス停: 仮屋",
        "name": "仮屋",
        "operator": "事業者不明",
        "ref": "",
        "url": "",
        "url2": ""
      }
    },
    {
      "type": "Feature",
      "geometry": {
        "type": "Point",
        "coordinates": [
          134.0695581,
          34.3263105
        ]
      },
      "properties": {
        "内容": "バス停: 仮屋",
        "name": "仮屋",
        "operator": "事業者不明",
        "ref": "",
        "url": "",
        "url2": ""
      }
    },
    {
      "type": "Feature",
      "geometry": {
        "type": "Point",
        "coordinates": [
          134.0624554,
          34.2043782
        ]
      },
      "properties": {
        "内容": "バス停: 東谷",
        "name": "東谷",
        "operator": "事業者不明",
        "ref": "",
        "url": "",
        "url2": ""
      }
    },
    {
      "type": "Feature",
      "geometry": {
        "type": "Point",
        "coordinates": [
          134.1582767,
          34.2360301
        ]
      },
      "properties": {
        "内容": "バス停: 天満",
        "name": "天満",
        "operator": "事業者不明",
        "ref": "",
        "url": "",
        "url2": ""
      }
    },
    {
      "type": "Feature",
      "geometry": {
        "type": "Point",
        "coordinates": [
          133.89809,
          34.169577
        ]
      },
      "properties": {
        "内容": "バス停: 塩田",
        "name": "塩田",
        "operator": "事業者不明",
        "ref": "",
        "url": "",
        "url2": ""
      }
    },
    {
      "type": "Feature",
      "geometry": {
        "type": "Point",
        "coordinates": [
          133.9185534,
          34.165904
        ]
      },
      "properties": {
        "内容": "バス停: 下内田",
        "name": "下内田",
        "operator": "事業者不明",
        "ref": "",
        "url": "",
        "url2": ""
      }
    },
    {
      "type": "Feature",
      "geometry": {
        "type": "Point",
        "coordinates": [
          133.8980419,
          34.1694879
        ]
      },
      "properties": {
        "内容": "バス停: 塩田",
        "name": "塩田",
        "operator": "事業者不明",
        "ref": "",
        "url": "",
        "url2": ""
      }
    },
    {
      "type": "Feature",
      "geometry": {
        "type": "Point",
        "coordinates": [
          133.8898973,
          34.1723926
        ]
      },
      "properties": {
        "内容": "バス停: 常包橋",
        "name": "常包橋",
        "operator": "事業者不明",
        "ref": "",
        "url": "",
        "url2": ""
      }
    },
    {
      "type": "Feature",
      "geometry": {
        "type": "Point",
        "coordinates": [
          133.9023113,
          34.1853548
        ]
      },
      "properties": {
        "内容": "バス停: 平山",
        "name": "平山",
        "operator": "事業者不明",
        "ref": "",
        "url": "",
        "url2": ""
      }
    },
    {
      "type": "Feature",
      "geometry": {
        "type": "Point",
        "coordinates": [
          133.9050375,
          34.1700049
        ]
      },
      "properties": {
        "内容": "バス停: 成政口",
        "name": "成政口",
        "operator": "事業者不明",
        "ref": "",
        "url": "",
        "url2": ""
      }
    },
    {
      "type": "Feature",
      "geometry": {
        "type": "Point",
        "coordinates": [
          133.8962596,
          34.1864685
        ]
      },
      "properties": {
        "内容": "バス停: 末谷",
        "name": "末谷",
        "operator": "事業者不明",
        "ref": "",
        "url": "",
        "url2": ""
      }
    },
    {
      "type": "Feature",
      "geometry": {
        "type": "Point",
        "coordinates": [
          133.9038516,
          34.1874264
        ]
      },
      "properties": {
        "内容": "バス停: 東平山",
        "name": "東平山",
        "operator": "事業者不明",
        "ref": "",
        "url": "",
        "url2": ""
      }
    },
    {
      "type": "Feature",
      "geometry": {
        "type": "Point",
        "coordinates": [
          133.8873816,
          34.1851678
        ]
      },
      "properties": {
        "内容": "バス停: 片岡東",
        "name": "片岡東",
        "operator": "事業者不明",
        "ref": "",
        "url": "",
        "url2": ""
      }
    },
    {
      "type": "Feature",
      "geometry": {
        "type": "Point",
        "coordinates": [
          133.889365,
          34.1864069
        ]
      },
      "properties": {
        "内容": "バス停: 金剛院口",
        "name": "金剛院口",
        "operator": "事業者不明",
        "ref": "",
        "url": "",
        "url2": ""
      }
    },
    {
      "type": "Feature",
      "geometry": {
        "type": "Point",
        "coordinates": [
          133.91449,
          34.1910171
        ]
      },
      "properties": {
        "内容": "バス停: 下種子",
        "name": "下種子",
        "operator": "事業者不明",
        "ref": "",
        "url": "",
        "url2": ""
      }
    },
    {
      "type": "Feature",
      "geometry": {
        "type": "Point",
        "coordinates": [
          133.9202632,
          34.1892663
        ]
      },
      "properties": {
        "内容": "バス停: 広袖",
        "name": "広袖",
        "operator": "事業者不明",
        "ref": "",
        "url": "",
        "url2": ""
      }
    },
    {
      "type": "Feature",
      "geometry": {
        "type": "Point",
        "coordinates": [
          133.9124996,
          34.1913904
        ]
      },
      "properties": {
        "内容": "バス停: 種子",
        "name": "種子",
        "operator": "事業者不明",
        "ref": "",
        "url": "",
        "url2": ""
      }
    },
    {
      "type": "Feature",
      "geometry": {
        "type": "Point",
        "coordinates": [
          133.9316395,
          34.2312617
        ]
      },
      "properties": {
        "内容": "バス停: 上川原",
        "name": "上川原",
        "operator": "事業者不明",
        "ref": "",
        "url": "",
        "url2": ""
      }
    },
    {
      "type": "Feature",
      "geometry": {
        "type": "Point",
        "coordinates": [
          133.9309581,
          34.2346218
        ]
      },
      "properties": {
        "内容": "バス停: 上ノ原南",
        "name": "上ノ原南",
        "operator": "事業者不明",
        "ref": "",
        "url": "",
        "url2": ""
      }
    },
    {
      "type": "Feature",
      "geometry": {
        "type": "Point",
        "coordinates": [
          133.9170408,
          34.2505026
        ]
      },
      "properties": {
        "内容": "バス停: 道の駅滝宮",
        "name": "道の駅滝宮",
        "operator": "事業者不明",
        "ref": "",
        "url": "",
        "url2": ""
      }
    },
    {
      "type": "Feature",
      "geometry": {
        "type": "Point",
        "coordinates": [
          133.9282331,
          34.2553989
        ]
      },
      "properties": {
        "内容": "バス停: 下北",
        "name": "下北",
        "operator": "事業者不明",
        "ref": "",
        "url": "",
        "url2": ""
      }
    },
    {
      "type": "Feature",
      "geometry": {
        "type": "Point",
        "coordinates": [
          133.9348607,
          34.2658872
        ]
      },
      "properties": {
        "内容": "バス停: 丸山",
        "name": "丸山",
        "operator": "事業者不明",
        "ref": "",
        "url": "",
        "url2": ""
      }
    },
    {
      "type": "Feature",
      "geometry": {
        "type": "Point",
        "coordinates": [
          133.9259221,
          34.2521916
        ]
      },
      "properties": {
        "内容": "バス停: 八坂団地",
        "name": "八坂団地",
        "operator": "事業者不明",
        "ref": "",
        "url": "",
        "url2": ""
      }
    },
    {
      "type": "Feature",
      "geometry": {
        "type": "Point",
        "coordinates": [
          133.9230921,
          34.2531157
        ]
      },
      "properties": {
        "内容": "バス停: 北小路",
        "name": "北小路",
        "operator": "事業者不明",
        "ref": "",
        "url": "",
        "url2": ""
      }
    },
    {
      "type": "Feature",
      "geometry": {
        "type": "Point",
        "coordinates": [
          133.9430898,
          34.2678183
        ]
      },
      "properties": {
        "内容": "バス停: 北山田",
        "name": "北山田",
        "operator": "事業者不明",
        "ref": "",
        "url": "",
        "url2": ""
      }
    },
    {
      "type": "Feature",
      "geometry": {
        "type": "Point",
        "coordinates": [
          133.9356695,
          34.2619928
        ]
      },
      "properties": {
        "内容": "バス停: 大成公民館",
        "name": "大成公民館",
        "operator": "事業者不明",
        "ref": "",
        "url": "",
        "url2": ""
      }
    },
    {
      "type": "Feature",
      "geometry": {
        "type": "Point",
        "coordinates": [
          133.9292994,
          34.2616703
        ]
      },
      "properties": {
        "内容": "バス停: 庄屋",
        "name": "庄屋",
        "operator": "事業者不明",
        "ref": "",
        "url": "",
        "url2": ""
      }
    },
    {
      "type": "Feature",
      "geometry": {
        "type": "Point",
        "coordinates": [
          133.9201435,
          34.2479375
        ]
      },
      "properties": {
        "内容": "バス停: 横町",
        "name": "横町",
        "operator": "事業者不明",
        "ref": "",
        "url": "",
        "url2": ""
      }
    },
    {
      "type": "Feature",
      "geometry": {
        "type": "Point",
        "coordinates": [
          133.9378561,
          34.2625165
        ]
      },
      "properties": {
        "内容": "バス停: 猿王",
        "name": "猿王",
        "operator": "事業者不明",
        "ref": "",
        "url": "",
        "url2": ""
      }
    },
    {
      "type": "Feature",
      "geometry": {
        "type": "Point",
        "coordinates": [
          133.9215053,
          34.2483434
        ]
      },
      "properties": {
        "内容": "バス停: 端",
        "name": "端",
        "operator": "事業者不明",
        "ref": "",
        "url": "",
        "url2": ""
      }
    },
    {
      "type": "Feature",
      "geometry": {
        "type": "Point",
        "coordinates": [
          133.929914,
          34.2600556
        ]
      },
      "properties": {
        "内容": "バス停: 讃留王西",
        "name": "讃留王西",
        "operator": "事業者不明",
        "ref": "",
        "url": "",
        "url2": ""
      }
    },
    {
      "type": "Feature",
      "geometry": {
        "type": "Point",
        "coordinates": [
          133.9212099,
          34.259368
        ]
      },
      "properties": {
        "内容": "バス停: 松崎",
        "name": "松崎",
        "operator": "事業者不明",
        "ref": "",
        "url": "",
        "url2": ""
      }
    },
    {
      "type": "Feature",
      "geometry": {
        "type": "Point",
        "coordinates": [
          133.8106991,
          34.3094474
        ]
      },
      "properties": {
        "内容": "バス停: 宇多津浜二番丁",
        "name": "宇多津浜二番丁",
        "operator": "事業者不明",
        "ref": "",
        "url": "",
        "url2": ""
      }
    },
    {
      "type": "Feature",
      "geometry": {
        "type": "Point",
        "coordinates": [
          133.8235667,
          34.3102145
        ]
      },
      "properties": {
        "内容": "バス停: 名称不明バス停",
        "name": "名称不明バス停",
        "operator": "事業者不明",
        "ref": "",
        "url": "",
        "url2": ""
      }
    },
    {
      "type": "Feature",
      "geometry": {
        "type": "Point",
        "coordinates": [
          133.8274614,
          34.3122865
        ]
      },
      "properties": {
        "内容": "バス停: 名称不明バス停",
        "name": "名称不明バス停",
        "operator": "事業者不明",
        "ref": "",
        "url": "",
        "url2": ""
      }
    },
    {
      "type": "Feature",
      "geometry": {
        "type": "Point",
        "coordinates": [
          133.8559702,
          34.3133247
        ]
      },
      "properties": {
        "内容": "バス停: 坂出駅前",
        "name": "坂出駅前",
        "operator": "事業者不明",
        "ref": "1",
        "url": "",
        "url2": ""
      }
    },
    {
      "type": "Feature",
      "geometry": {
        "type": "Point",
        "coordinates": [
          133.8557921,
          34.3135712
        ]
      },
      "properties": {
        "内容": "バス停: 坂出駅前",
        "name": "坂出駅前",
        "operator": "事業者不明",
        "ref": "2",
        "url": "",
        "url2": ""
      }
    },
    {
      "type": "Feature",
      "geometry": {
        "type": "Point",
        "coordinates": [
          133.860554,
          34.3152503
        ]
      },
      "properties": {
        "内容": "バス停: 坂出市役所前",
        "name": "坂出市役所前",
        "operator": "事業者不明",
        "ref": "",
        "url": "",
        "url2": ""
      }
    },
    {
      "type": "Feature",
      "geometry": {
        "type": "Point",
        "coordinates": [
          133.8558304,
          34.3177559
        ]
      },
      "properties": {
        "内容": "バス停: 元町・京町三丁目",
        "name": "元町・京町三丁目",
        "operator": "事業者不明",
        "ref": "",
        "url": "",
        "url2": ""
      }
    },
    {
      "type": "Feature",
      "geometry": {
        "type": "Point",
        "coordinates": [
          133.8556054,
          34.3258881
        ]
      },
      "properties": {
        "内容": "バス停: 坂出港湾合同庁舎前",
        "name": "坂出港湾合同庁舎前",
        "operator": "事業者不明",
        "ref": "",
        "url": "",
        "url2": ""
      }
    },
    {
      "type": "Feature",
      "geometry": {
        "type": "Point",
        "coordinates": [
          133.8359112,
          34.3131393
        ]
      },
      "properties": {
        "内容": "バス停: 名称不明バス停",
        "name": "名称不明バス停",
        "operator": "事業者不明",
        "ref": "",
        "url": "",
        "url2": ""
      }
    },
    {
      "type": "Feature",
      "geometry": {
        "type": "Point",
        "coordinates": [
          133.8552848,
          34.2614683
        ]
      },
      "properties": {
        "内容": "バス停: 河原",
        "name": "河原",
        "operator": "事業者不明",
        "ref": "",
        "url": "",
        "url2": ""
      }
    },
    {
      "type": "Feature",
      "geometry": {
        "type": "Point",
        "coordinates": [
          133.8553203,
          34.264786
        ]
      },
      "properties": {
        "内容": "バス停: 山の谷",
        "name": "山の谷",
        "operator": "事業者不明",
        "ref": "",
        "url": "",
        "url2": ""
      }
    },
    {
      "type": "Feature",
      "geometry": {
        "type": "Point",
        "coordinates": [
          133.8644577,
          34.2636205
        ]
      },
      "properties": {
        "内容": "バス停: 楠見",
        "name": "楠見",
        "operator": "事業者不明",
        "ref": "",
        "url": "",
        "url2": ""
      }
    },
    {
      "type": "Feature",
      "geometry": {
        "type": "Point",
        "coordinates": [
          133.9766523,
          34.3089995
        ]
      },
      "properties": {
        "内容": "バス停: 名称不明バス停",
        "name": "名称不明バス停",
        "operator": "事業者不明",
        "ref": "",
        "url": "",
        "url2": ""
      }
    },
    {
      "type": "Feature",
      "geometry": {
        "type": "Point",
        "coordinates": [
          133.9796346,
          34.3106989
        ]
      },
      "properties": {
        "内容": "バス停: 小勝",
        "name": "小勝",
        "operator": "事業者不明",
        "ref": "",
        "url": "",
        "url2": ""
      }
    },
    {
      "type": "Feature",
      "geometry": {
        "type": "Point",
        "coordinates": [
          133.9772125,
          34.3094631
        ]
      },
      "properties": {
        "内容": "バス停: 東大谷",
        "name": "東大谷",
        "operator": "事業者不明",
        "ref": "",
        "url": "",
        "url2": ""
      }
    },
    {
      "type": "Feature",
      "geometry": {
        "type": "Point",
        "coordinates": [
          133.986616,
          34.3066694
        ]
      },
      "properties": {
        "内容": "バス停: 正勝",
        "name": "正勝",
        "operator": "事業者不明",
        "ref": "",
        "url": "",
        "url2": ""
      }
    },
    {
      "type": "Feature",
      "geometry": {
        "type": "Point",
        "coordinates": [
          134.0195098,
          34.3106399
        ]
      },
      "properties": {
        "内容": "バス停: 小山",
        "name": "小山",
        "operator": "事業者不明",
        "ref": "",
        "url": "",
        "url2": ""
      }
    },
    {
      "type": "Feature",
      "geometry": {
        "type": "Point",
        "coordinates": [
          134.0198738,
          34.3106683
        ]
      },
      "properties": {
        "内容": "バス停: 小山",
        "name": "小山",
        "operator": "事業者不明",
        "ref": "",
        "url": "",
        "url2": ""
      }
    },
    {
      "type": "Feature",
      "geometry": {
        "type": "Point",
        "coordinates": [
          134.072042,
          34.3052584
        ]
      },
      "properties": {
        "内容": "バス停: 高松中央インター南",
        "name": "高松中央インター南",
        "operator": "事業者不明",
        "ref": "",
        "url": "",
        "url2": ""
      }
    },
    {
      "type": "Feature",
      "geometry": {
        "type": "Point",
        "coordinates": [
          134.0606406,
          34.3109757
        ]
      },
      "properties": {
        "内容": "バス停: レインボーロード伏石",
        "name": "レインボーロード伏石",
        "operator": "事業者不明",
        "ref": "",
        "url": "",
        "url2": ""
      }
    },
    {
      "type": "Feature",
      "geometry": {
        "type": "Point",
        "coordinates": [
          134.2654722,
          34.2764615
        ]
      },
      "properties": {
        "内容": "バス停: 津田バスストップ",
        "name": "津田バスストップ",
        "operator": "事業者不明",
        "ref": "",
        "url": "",
        "url2": ""
      }
    },
    {
      "type": "Feature",
      "geometry": {
        "type": "Point",
        "coordinates": [
          134.0538764,
          34.346665
        ]
      },
      "properties": {
        "内容": "バス停: 片原町駅前",
        "name": "片原町駅前",
        "operator": "事業者不明",
        "ref": "",
        "url": "",
        "url2": ""
      }
    },
    {
      "type": "Feature",
      "geometry": {
        "type": "Point",
        "coordinates": [
          134.0467947,
          34.3363581
        ]
      },
      "properties": {
        "内容": "バス停: 中新町",
        "name": "中新町",
        "operator": "事業者不明",
        "ref": "",
        "url": "",
        "url2": ""
      }
    },
    {
      "type": "Feature",
      "geometry": {
        "type": "Point",
        "coordinates": [
          134.0493396,
          34.3419066
        ]
      },
      "properties": {
        "内容": "バス停: 丸亀町グリーン (高松丸亀町商店街振興組合)",
        "name": "丸亀町グリーン",
        "operator": "高松丸亀町商店街振興組合",
        "ref": "",
        "url": "",
        "url2": ""
      }
    },
    {
      "type": "Feature",
      "geometry": {
        "type": "Point",
        "coordinates": [
          134.0475091,
          34.340487
        ]
      },
      "properties": {
        "内容": "バス停: 県庁通り中央公園前",
        "name": "県庁通り中央公園前",
        "operator": "事業者不明",
        "ref": "",
        "url": "",
        "url2": ""
      }
    },
    {
      "type": "Feature",
      "geometry": {
        "type": "Point",
        "coordinates": [
          134.1731973,
          34.3218057
        ]
      },
      "properties": {
        "内容": "バス停: JR志度駅 (さぬき市コミュニティバス)",
        "name": "JR志度駅",
        "operator": "さぬき市コミュニティバス",
        "ref": "3",
        "url": "",
        "url2": ""
      }
    },
    {
      "type": "Feature",
      "geometry": {
        "type": "Point",
        "coordinates": [
          134.1811721,
          34.3202679
        ]
      },
      "properties": {
        "内容": "バス停: 名称不明バス停",
        "name": "名称不明バス停",
        "operator": "事業者不明",
        "ref": "",
        "url": "",
        "url2": ""
      }
    },
    {
      "type": "Feature",
      "geometry": {
        "type": "Point",
        "coordinates": [
          134.1902413,
          34.3233949
        ]
      },
      "properties": {
        "内容": "バス停: 名称不明バス停",
        "name": "名称不明バス停",
        "operator": "事業者不明",
        "ref": "",
        "url": "",
        "url2": ""
      }
    },
    {
      "type": "Feature",
      "geometry": {
        "type": "Point",
        "coordinates": [
          134.2070739,
          34.3234315
        ]
      },
      "properties": {
        "内容": "バス停: 名称不明バス停",
        "name": "名称不明バス停",
        "operator": "事業者不明",
        "ref": "",
        "url": "",
        "url2": ""
      }
    },
    {
      "type": "Feature",
      "geometry": {
        "type": "Point",
        "coordinates": [
          134.2082498,
          34.3235538
        ]
      },
      "properties": {
        "内容": "バス停: 名称不明バス停",
        "name": "名称不明バス停",
        "operator": "事業者不明",
        "ref": "",
        "url": "",
        "url2": ""
      }
    },
    {
      "type": "Feature",
      "geometry": {
        "type": "Point",
        "coordinates": [
          134.1905275,
          34.3237052
        ]
      },
      "properties": {
        "内容": "バス停: 名称不明バス停",
        "name": "名称不明バス停",
        "operator": "事業者不明",
        "ref": "",
        "url": "",
        "url2": ""
      }
    },
    {
      "type": "Feature",
      "geometry": {
        "type": "Point",
        "coordinates": [
          134.1858722,
          34.3213798
        ]
      },
      "properties": {
        "内容": "バス停: 天野",
        "name": "天野",
        "operator": "事業者不明",
        "ref": "",
        "url": "",
        "url2": ""
      }
    },
    {
      "type": "Feature",
      "geometry": {
        "type": "Point",
        "coordinates": [
          134.1863855,
          34.3217796
        ]
      },
      "properties": {
        "内容": "バス停: 天野",
        "name": "天野",
        "operator": "事業者不明",
        "ref": "",
        "url": "",
        "url2": ""
      }
    },
    {
      "type": "Feature",
      "geometry": {
        "type": "Point",
        "coordinates": [
          134.1994658,
          34.3222659
        ]
      },
      "properties": {
        "内容": "バス停: 天野峠",
        "name": "天野峠",
        "operator": "事業者不明",
        "ref": "",
        "url": "",
        "url2": ""
      }
    },
    {
      "type": "Feature",
      "geometry": {
        "type": "Point",
        "coordinates": [
          134.2273035,
          34.31264
        ]
      },
      "properties": {
        "内容": "バス停: 名称不明バス停",
        "name": "名称不明バス停",
        "operator": "事業者不明",
        "ref": "",
        "url": "",
        "url2": ""
      }
    },
    {
      "type": "Feature",
      "geometry": {
        "type": "Point",
        "coordinates": [
          134.2428032,
          34.3028706
        ]
      },
      "properties": {
        "内容": "バス停: 北羽立",
        "name": "北羽立",
        "operator": "事業者不明",
        "ref": "",
        "url": "",
        "url2": ""
      }
    },
    {
      "type": "Feature",
      "geometry": {
        "type": "Point",
        "coordinates": [
          134.2448721,
          34.2965294
        ]
      },
      "properties": {
        "内容": "バス停: 南羽立",
        "name": "南羽立",
        "operator": "事業者不明",
        "ref": "",
        "url": "",
        "url2": ""
      }
    },
    {
      "type": "Feature",
      "geometry": {
        "type": "Point",
        "coordinates": [
          134.2448681,
          34.296727
        ]
      },
      "properties": {
        "内容": "バス停: 南羽立",
        "name": "南羽立",
        "operator": "事業者不明",
        "ref": "",
        "url": "",
        "url2": ""
      }
    },
    {
      "type": "Feature",
      "geometry": {
        "type": "Point",
        "coordinates": [
          134.2333066,
          34.3103388
        ]
      },
      "properties": {
        "内容": "バス停: 羽立峠",
        "name": "羽立峠",
        "operator": "事業者不明",
        "ref": "",
        "url": "",
        "url2": ""
      }
    },
    {
      "type": "Feature",
      "geometry": {
        "type": "Point",
        "coordinates": [
          134.2492776,
          34.2887344
        ]
      },
      "properties": {
        "内容": "バス停: JR津田駅前",
        "name": "JR津田駅前",
        "operator": "事業者不明",
        "ref": "",
        "url": "",
        "url2": ""
      }
    },
    {
      "type": "Feature",
      "geometry": {
        "type": "Point",
        "coordinates": [
          134.2487116,
          34.2895994
        ]
      },
      "properties": {
        "内容": "バス停: 名称不明バス停",
        "name": "名称不明バス停",
        "operator": "事業者不明",
        "ref": "",
        "url": "",
        "url2": ""
      }
    },
    {
      "type": "Feature",
      "geometry": {
        "type": "Point",
        "coordinates": [
          134.2466404,
          34.2937231
        ]
      },
      "properties": {
        "内容": "バス停: 津田高校",
        "name": "津田高校",
        "operator": "事業者不明",
        "ref": "",
        "url": "",
        "url2": ""
      }
    },
    {
      "type": "Feature",
      "geometry": {
        "type": "Point",
        "coordinates": [
          134.2467532,
          34.2938163
        ]
      },
      "properties": {
        "内容": "バス停: 津田高校",
        "name": "津田高校",
        "operator": "事業者不明",
        "ref": "",
        "url": "",
        "url2": ""
      }
    },
    {
      "type": "Feature",
      "geometry": {
        "type": "Point",
        "coordinates": [
          134.260557,
          34.2811035
        ]
      },
      "properties": {
        "内容": "バス停: 鶴羽西町茜",
        "name": "鶴羽西町茜",
        "operator": "事業者不明",
        "ref": "",
        "url": "",
        "url2": ""
      }
    },
    {
      "type": "Feature",
      "geometry": {
        "type": "Point",
        "coordinates": [
          133.655177,
          34.12442
        ]
      },
      "properties": {
        "内容": "バス停: 観音寺駅 (三豊市コミュニティバス)",
        "name": "観音寺駅",
        "operator": "三豊市コミュニティバス",
        "ref": "",
        "url": "",
        "url2": ""
      }
    },
    {
      "type": "Feature",
      "geometry": {
        "type": "Point",
        "coordinates": [
          133.654861,
          34.124407
        ]
      },
      "properties": {
        "内容": "バス停: 観音寺駅 (のりあいバス)",
        "name": "観音寺駅",
        "operator": "のりあいバス",
        "ref": "",
        "url": "",
        "url2": ""
      }
    },
    {
      "type": "Feature",
      "geometry": {
        "type": "Point",
        "coordinates": [
          134.0521516,
          34.3895912
        ]
      },
      "properties": {
        "内容": "バス停: 女木港",
        "name": "女木港",
        "operator": "事業者不明",
        "ref": "",
        "url": "",
        "url2": ""
      }
    },
    {
      "type": "Feature",
      "geometry": {
        "type": "Point",
        "coordinates": [
          134.0506524,
          34.3962666
        ]
      },
      "properties": {
        "内容": "バス停: 鬼ヶ島大洞窟",
        "name": "鬼ヶ島大洞窟",
        "operator": "事業者不明",
        "ref": "",
        "url": "",
        "url2": ""
      }
    },
    {
      "type": "Feature",
      "geometry": {
        "type": "Point",
        "coordinates": [
          134.0611907,
          34.4894458
        ]
      },
      "properties": {
        "内容": "バス停: 家浦港",
        "name": "家浦港",
        "operator": "事業者不明",
        "ref": "",
        "url": "",
        "url2": ""
      }
    },
    {
      "type": "Feature",
      "geometry": {
        "type": "Point",
        "coordinates": [
          134.0898356,
          34.4892082
        ]
      },
      "properties": {
        "内容": "バス停: 豊島美術館前",
        "name": "豊島美術館前",
        "operator": "事業者不明",
        "ref": "",
        "url": "",
        "url2": ""
      }
    },
    {
      "type": "Feature",
      "geometry": {
        "type": "Point",
        "coordinates": [
          134.0779893,
          34.4935852
        ]
      },
      "properties": {
        "内容": "バス停: 虻山前",
        "name": "虻山前",
        "operator": "事業者不明",
        "ref": "",
        "url": "",
        "url2": ""
      }
    },
    {
      "type": "Feature",
      "geometry": {
        "type": "Point",
        "coordinates": [
          134.0668781,
          34.3344291
        ]
      },
      "properties": {
        "内容": "バス停: 上福岡",
        "name": "上福岡",
        "operator": "事業者不明",
        "ref": "",
        "url": "",
        "url2": ""
      }
    },
    {
      "type": "Feature",
      "geometry": {
        "type": "Point",
        "coordinates": [
          134.0258199,
          34.3439032
        ]
      },
      "properties": {
        "内容": "バス停: 西方寺下",
        "name": "西方寺下",
        "operator": "事業者不明",
        "ref": "",
        "url": "",
        "url2": ""
      }
    },
    {
      "type": "Feature",
      "geometry": {
        "type": "Point",
        "coordinates": [
          134.0196585,
          34.3445839
        ]
      },
      "properties": {
        "内容": "バス停: 郷東橋",
        "name": "郷東橋",
        "operator": "事業者不明",
        "ref": "",
        "url": "",
        "url2": ""
      }
    },
    {
      "type": "Feature",
      "geometry": {
        "type": "Point",
        "coordinates": [
          134.0369288,
          34.3393481
        ]
      },
      "properties": {
        "内容": "バス停: 宮脇町",
        "name": "宮脇町",
        "operator": "事業者不明",
        "ref": "",
        "url": "",
        "url2": ""
      }
    },
    {
      "type": "Feature",
      "geometry": {
        "type": "Point",
        "coordinates": [
          134.0166392,
          34.3444135
        ]
      },
      "properties": {
        "内容": "バス停: 郷東橋西",
        "name": "郷東橋西",
        "operator": "事業者不明",
        "ref": "",
        "url": "",
        "url2": ""
      }
    },
    {
      "type": "Feature",
      "geometry": {
        "type": "Point",
        "coordinates": [
          134.0509215,
          34.3366827
        ]
      },
      "properties": {
        "内容": "バス停: 南瓦町",
        "name": "南瓦町",
        "operator": "事業者不明",
        "ref": "",
        "url": "",
        "url2": ""
      }
    },
    {
      "type": "Feature",
      "geometry": {
        "type": "Point",
        "coordinates": [
          134.0485657,
          34.3369231
        ]
      },
      "properties": {
        "内容": "バス停: 田町",
        "name": "田町",
        "operator": "事業者不明",
        "ref": "",
        "url": "",
        "url2": ""
      }
    },
    {
      "type": "Feature",
      "geometry": {
        "type": "Point",
        "coordinates": [
          134.0489915,
          34.3370297
        ]
      },
      "properties": {
        "内容": "バス停: 田町",
        "name": "田町",
        "operator": "事業者不明",
        "ref": "",
        "url": "",
        "url2": ""
      }
    },
    {
      "type": "Feature",
      "geometry": {
        "type": "Point",
        "coordinates": [
          134.0337381,
          34.3402227
        ]
      },
      "properties": {
        "内容": "バス停: 紫雲中学前",
        "name": "紫雲中学前",
        "operator": "事業者不明",
        "ref": "",
        "url": "",
        "url2": ""
      }
    },
    {
      "type": "Feature",
      "geometry": {
        "type": "Point",
        "coordinates": [
          134.0169814,
          34.3445742
        ]
      },
      "properties": {
        "内容": "バス停: 郷東橋西",
        "name": "郷東橋西",
        "operator": "事業者不明",
        "ref": "",
        "url": "",
        "url2": ""
      }
    },
    {
      "type": "Feature",
      "geometry": {
        "type": "Point",
        "coordinates": [
          134.0555271,
          34.3358595
        ]
      },
      "properties": {
        "内容": "バス停: 香川日産前",
        "name": "香川日産前",
        "operator": "事業者不明",
        "ref": "",
        "url": "",
        "url2": ""
      }
    },
    {
      "type": "Feature",
      "geometry": {
        "type": "Point",
        "coordinates": [
          134.0477829,
          34.3404108
        ]
      },
      "properties": {
        "内容": "バス停: 県庁通り中央公園前",
        "name": "県庁通り中央公園前",
        "operator": "事業者不明",
        "ref": "",
        "url": "",
        "url2": ""
      }
    },
    {
      "type": "Feature",
      "geometry": {
        "type": "Point",
        "coordinates": [
          133.7821692,
          34.224549
        ]
      },
      "properties": {
        "内容": "バス停: 讃岐の宮",
        "name": "讃岐の宮",
        "operator": "事業者不明",
        "ref": "",
        "url": "",
        "url2": ""
      }
    },
    {
      "type": "Feature",
      "geometry": {
        "type": "Point",
        "coordinates": [
          133.6781918,
          34.1002781
        ]
      },
      "properties": {
        "内容": "バス停: 百々",
        "name": "百々",
        "operator": "事業者不明",
        "ref": "",
        "url": "",
        "url2": ""
      }
    },
    {
      "type": "Feature",
      "geometry": {
        "type": "Point",
        "coordinates": [
          133.6944877,
          34.11667
        ]
      },
      "properties": {
        "内容": "バス停: 名称不明バス停",
        "name": "名称不明バス停",
        "operator": "事業者不明",
        "ref": "",
        "url": "",
        "url2": ""
      }
    },
    {
      "type": "Feature",
      "geometry": {
        "type": "Point",
        "coordinates": [
          133.6311694,
          34.0541018
        ]
      },
      "properties": {
        "内容": "バス停: 名称不明バス停",
        "name": "名称不明バス停",
        "operator": "事業者不明",
        "ref": "",
        "url": "",
        "url2": ""
      }
    },
    {
      "type": "Feature",
      "geometry": {
        "type": "Point",
        "coordinates": [
          133.6349261,
          34.0574587
        ]
      },
      "properties": {
        "内容": "バス停: 名称不明バス停",
        "name": "名称不明バス停",
        "operator": "事業者不明",
        "ref": "",
        "url": "",
        "url2": ""
      }
    },
    {
      "type": "Feature",
      "geometry": {
        "type": "Point",
        "coordinates": [
          134.0474265,
          34.3518464
        ]
      },
      "properties": {
        "内容": "バス停: 高松駅",
        "name": "高松駅",
        "operator": "事業者不明",
        "ref": "",
        "url": "",
        "url2": ""
      }
    },
    {
      "type": "Feature",
      "geometry": {
        "type": "Point",
        "coordinates": [
          134.0472883,
          34.3517797
        ]
      },
      "properties": {
        "内容": "バス停: 高松駅",
        "name": "高松駅",
        "operator": "事業者不明",
        "ref": "",
        "url": "",
        "url2": ""
      }
    },
    {
      "type": "Feature",
      "geometry": {
        "type": "Point",
        "coordinates": [
          134.0471887,
          34.3516237
        ]
      },
      "properties": {
        "内容": "バス停: 高松駅",
        "name": "高松駅",
        "operator": "事業者不明",
        "ref": "",
        "url": "",
        "url2": ""
      }
    },
    {
      "type": "Feature",
      "geometry": {
        "type": "Point",
        "coordinates": [
          134.047065,
          34.3518161
        ]
      },
      "properties": {
        "内容": "バス停: 高松駅",
        "name": "高松駅",
        "operator": "事業者不明",
        "ref": "",
        "url": "",
        "url2": ""
      }
    },
    {
      "type": "Feature",
      "geometry": {
        "type": "Point",
        "coordinates": [
          134.0473319,
          34.3516829
        ]
      },
      "properties": {
        "内容": "バス停: 高松駅",
        "name": "高松駅",
        "operator": "事業者不明",
        "ref": "",
        "url": "",
        "url2": ""
      }
    },
    {
      "type": "Feature",
      "geometry": {
        "type": "Point",
        "coordinates": [
          134.047485,
          34.3517551
        ]
      },
      "properties": {
        "内容": "バス停: 高松駅",
        "name": "高松駅",
        "operator": "事業者不明",
        "ref": "",
        "url": "",
        "url2": ""
      }
    },
    {
      "type": "Feature",
      "geometry": {
        "type": "Point",
        "coordinates": [
          134.0471302,
          34.3517108
        ]
      },
      "properties": {
        "内容": "バス停: 高松駅",
        "name": "高松駅",
        "operator": "事業者不明",
        "ref": "",
        "url": "",
        "url2": ""
      }
    },
    {
      "type": "Feature",
      "geometry": {
        "type": "Point",
        "coordinates": [
          134.0472241,
          34.3515066
        ]
      },
      "properties": {
        "内容": "バス停: 高松駅",
        "name": "高松駅",
        "operator": "事業者不明",
        "ref": "",
        "url": "",
        "url2": ""
      }
    },
    {
      "type": "Feature",
      "geometry": {
        "type": "Point",
        "coordinates": [
          133.9984731,
          34.3054206
        ]
      },
      "properties": {
        "内容": "バス停: 八幡",
        "name": "八幡",
        "operator": "事業者不明",
        "ref": "",
        "url": "",
        "url2": ""
      }
    },
    {
      "type": "Feature",
      "geometry": {
        "type": "Point",
        "coordinates": [
          134.0088066,
          34.3066588
        ]
      },
      "properties": {
        "内容": "バス停: 西田中",
        "name": "西田中",
        "operator": "事業者不明",
        "ref": "",
        "url": "",
        "url2": ""
      }
    },
    {
      "type": "Feature",
      "geometry": {
        "type": "Point",
        "coordinates": [
          133.991592,
          34.3060031
        ]
      },
      "properties": {
        "内容": "バス停: 御厩",
        "name": "御厩",
        "operator": "事業者不明",
        "ref": "",
        "url": "",
        "url2": ""
      }
    },
    {
      "type": "Feature",
      "geometry": {
        "type": "Point",
        "coordinates": [
          133.9869099,
          34.3064048
        ]
      },
      "properties": {
        "内容": "バス停: 正勝",
        "name": "正勝",
        "operator": "事業者不明",
        "ref": "",
        "url": "",
        "url2": ""
      }
    },
    {
      "type": "Feature",
      "geometry": {
        "type": "Point",
        "coordinates": [
          133.9622092,
          34.2986683
        ]
      },
      "properties": {
        "内容": "バス停: 名称不明バス停",
        "name": "名称不明バス停",
        "operator": "事業者不明",
        "ref": "",
        "url": "",
        "url2": ""
      }
    },
    {
      "type": "Feature",
      "geometry": {
        "type": "Point",
        "coordinates": [
          134.0480913,
          34.310256
        ]
      },
      "properties": {
        "内容": "バス停: 伏石",
        "name": "伏石",
        "operator": "事業者不明",
        "ref": "",
        "url": "",
        "url2": ""
      }
    },
    {
      "type": "Feature",
      "geometry": {
        "type": "Point",
        "coordinates": [
          134.3852638,
          34.2261434
        ]
      },
      "properties": {
        "内容": "バス停: 引田IC",
        "name": "引田IC",
        "operator": "事業者不明",
        "ref": "",
        "url": "",
        "url2": ""
      }
    },
    {
      "type": "Feature",
      "geometry": {
        "type": "Point",
        "coordinates": [
          133.9318773,
          34.2494309
        ]
      },
      "properties": {
        "内容": "バス停: 綾川駅",
        "name": "綾川駅",
        "operator": "事業者不明",
        "ref": "",
        "url": "",
        "url2": ""
      }
    },
    {
      "type": "Feature",
      "geometry": {
        "type": "Point",
        "coordinates": [
          133.8010454,
          34.2745384
        ]
      },
      "properties": {
        "内容": "バス停: ぽかぽか温泉",
        "name": "ぽかぽか温泉",
        "operator": "事業者不明",
        "ref": "",
        "url": "",
        "url2": ""
      }
    },
    {
      "type": "Feature",
      "geometry": {
        "type": "Point",
        "coordinates": [
          133.8064203,
          34.2641924
        ]
      },
      "properties": {
        "内容": "バス停: ポリテクカレッジ前",
        "name": "ポリテクカレッジ前",
        "operator": "事業者不明",
        "ref": "",
        "url": "",
        "url2": ""
      }
    },
    {
      "type": "Feature",
      "geometry": {
        "type": "Point",
        "coordinates": [
          133.8064928,
          34.2634231
        ]
      },
      "properties": {
        "内容": "バス停: ポリテクカレッジ前",
        "name": "ポリテクカレッジ前",
        "operator": "事業者不明",
        "ref": "",
        "url": "",
        "url2": ""
      }
    },
    {
      "type": "Feature",
      "geometry": {
        "type": "Point",
        "coordinates": [
          133.9974622,
          34.4608487
        ]
      },
      "properties": {
        "内容": "バス停: 農協前",
        "name": "農協前",
        "operator": "事業者不明",
        "ref": "",
        "url": "",
        "url2": ""
      }
    },
    {
      "type": "Feature",
      "geometry": {
        "type": "Point",
        "coordinates": [
          133.9954223,
          34.4600877
        ]
      },
      "properties": {
        "内容": "バス停: Yakuba-mae (Town Hall)",
        "name": "Yakuba-mae (Town Hall)",
        "operator": "事業者不明",
        "ref": "",
        "url": "",
        "url2": ""
      }
    },
    {
      "type": "Feature",
      "geometry": {
        "type": "Point",
        "coordinates": [
          134.0875952,
          34.4852429
        ]
      },
      "properties": {
        "内容": "バス停: 唐櫃岡集会所前",
        "name": "唐櫃岡集会所前",
        "operator": "事業者不明",
        "ref": "5",
        "url": "",
        "url2": ""
      }
    },
    {
      "type": "Feature",
      "geometry": {
        "type": "Point",
        "coordinates": [
          134.0620626,
          34.48476
        ]
      },
      "properties": {
        "内容": "バス停: 豊島公民館前",
        "name": "豊島公民館前",
        "operator": "事業者不明",
        "ref": "",
        "url": "",
        "url2": ""
      }
    },
    {
      "type": "Feature",
      "geometry": {
        "type": "Point",
        "coordinates": [
          133.9986854,
          34.4609956
        ]
      },
      "properties": {
        "内容": "バス停: 直島港",
        "name": "直島港",
        "operator": "事業者不明",
        "ref": "",
        "url": "",
        "url2": "Q58482643"
      }
    },
    {
      "type": "Feature",
      "geometry": {
        "type": "Point",
        "coordinates": [
          134.0469907,
          34.3515092
        ]
      },
      "properties": {
        "内容": "バス停: 高松駅",
        "name": "高松駅",
        "operator": "事業者不明",
        "ref": "",
        "url": "",
        "url2": ""
      }
    },
    {
      "type": "Feature",
      "geometry": {
        "type": "Point",
        "coordinates": [
          134.0475833,
          34.3516637
        ]
      },
      "properties": {
        "内容": "バス停: 高松駅",
        "name": "高松駅",
        "operator": "事業者不明",
        "ref": "",
        "url": "",
        "url2": ""
      }
    },
    {
      "type": "Feature",
      "geometry": {
        "type": "Point",
        "coordinates": [
          134.0476914,
          34.3518035
        ]
      },
      "properties": {
        "内容": "バス停: 高松駅",
        "name": "高松駅",
        "operator": "事業者不明",
        "ref": "",
        "url": "",
        "url2": ""
      }
    },
    {
      "type": "Feature",
      "geometry": {
        "type": "Point",
        "coordinates": [
          134.0469817,
          34.3502394
        ]
      },
      "properties": {
        "内容": "バス停: 高松駅",
        "name": "高松駅",
        "operator": "事業者不明",
        "ref": "",
        "url": "",
        "url2": ""
      }
    },
    {
      "type": "Feature",
      "geometry": {
        "type": "Point",
        "coordinates": [
          134.0472244,
          34.3518782
        ]
      },
      "properties": {
        "内容": "バス停: 高松駅",
        "name": "高松駅",
        "operator": "事業者不明",
        "ref": "",
        "url": "",
        "url2": ""
      }
    },
    {
      "type": "Feature",
      "geometry": {
        "type": "Point",
        "coordinates": [
          134.0468881,
          34.3516107
        ]
      },
      "properties": {
        "内容": "バス停: 高松駅",
        "name": "高松駅",
        "operator": "事業者不明",
        "ref": "",
        "url": "",
        "url2": ""
      }
    },
    {
      "type": "Feature",
      "geometry": {
        "type": "Point",
        "coordinates": [
          134.046779,
          34.3502479
        ]
      },
      "properties": {
        "内容": "バス停: 高松駅",
        "name": "高松駅",
        "operator": "事業者不明",
        "ref": "",
        "url": "",
        "url2": ""
      }
    },
    {
      "type": "Feature",
      "geometry": {
        "type": "Point",
        "coordinates": [
          134.0465697,
          34.350263
        ]
      },
      "properties": {
        "内容": "バス停: 高松駅",
        "name": "高松駅",
        "operator": "事業者不明",
        "ref": "",
        "url": "",
        "url2": ""
      }
    },
    {
      "type": "Feature",
      "geometry": {
        "type": "Point",
        "coordinates": [
          134.0460805,
          34.350219
        ]
      },
      "properties": {
        "内容": "バス停: 高松駅",
        "name": "高松駅",
        "operator": "事業者不明",
        "ref": "",
        "url": "",
        "url2": ""
      }
    },
    {
      "type": "Feature",
      "geometry": {
        "type": "Point",
        "coordinates": [
          134.0473896,
          34.351579
        ]
      },
      "properties": {
        "内容": "バス停: 高松駅",
        "name": "高松駅",
        "operator": "事業者不明",
        "ref": "",
        "url": "",
        "url2": ""
      }
    },
    {
      "type": "Feature",
      "geometry": {
        "type": "Point",
        "coordinates": [
          134.0473691,
          34.3519361
        ]
      },
      "properties": {
        "内容": "バス停: 高松駅",
        "name": "高松駅",
        "operator": "事業者不明",
        "ref": "",
        "url": "",
        "url2": ""
      }
    },
    {
      "type": "Feature",
      "geometry": {
        "type": "Point",
        "coordinates": [
          134.0463559,
          34.3502739
        ]
      },
      "properties": {
        "内容": "バス停: 高松駅",
        "name": "高松駅",
        "operator": "事業者不明",
        "ref": "",
        "url": "",
        "url2": ""
      }
    },
    {
      "type": "Feature",
      "geometry": {
        "type": "Point",
        "coordinates": [
          134.052188,
          34.3386141
        ]
      },
      "properties": {
        "内容": "バス停: 瓦町",
        "name": "瓦町",
        "operator": "事業者不明",
        "ref": "",
        "url": "",
        "url2": ""
      }
    },
    {
      "type": "Feature",
      "geometry": {
        "type": "Point",
        "coordinates": [
          134.0520686,
          34.3387732
        ]
      },
      "properties": {
        "内容": "バス停: 瓦町",
        "name": "瓦町",
        "operator": "事業者不明",
        "ref": "",
        "url": "",
        "url2": ""
      }
    },
    {
      "type": "Feature",
      "geometry": {
        "type": "Point",
        "coordinates": [
          134.0520911,
          34.3388918
        ]
      },
      "properties": {
        "内容": "バス停: 瓦町",
        "name": "瓦町",
        "operator": "事業者不明",
        "ref": "",
        "url": "",
        "url2": ""
      }
    },
    {
      "type": "Feature",
      "geometry": {
        "type": "Point",
        "coordinates": [
          134.0522055,
          34.3387142
        ]
      },
      "properties": {
        "内容": "バス停: 瓦町",
        "name": "瓦町",
        "operator": "事業者不明",
        "ref": "",
        "url": "",
        "url2": ""
      }
    },
    {
      "type": "Feature",
      "geometry": {
        "type": "Point",
        "coordinates": [
          134.0522304,
          34.338848
        ]
      },
      "properties": {
        "内容": "バス停: 瓦町",
        "name": "瓦町",
        "operator": "事業者不明",
        "ref": "",
        "url": "",
        "url2": ""
      }
    },
    {
      "type": "Feature",
      "geometry": {
        "type": "Point",
        "coordinates": [
          134.0534038,
          34.3390226
        ]
      },
      "properties": {
        "内容": "バス停: 瓦町駅東口",
        "name": "瓦町駅東口",
        "operator": "事業者不明",
        "ref": "",
        "url": "",
        "url2": ""
      }
    },
    {
      "type": "Feature",
      "geometry": {
        "type": "Point",
        "coordinates": [
          134.0522628,
          34.3390156
        ]
      },
      "properties": {
        "内容": "バス停: 瓦町",
        "name": "瓦町",
        "operator": "事業者不明",
        "ref": "",
        "url": "",
        "url2": ""
      }
    },
    {
      "type": "Feature",
      "geometry": {
        "type": "Point",
        "coordinates": [
          134.3845775,
          34.2278985
        ]
      },
      "properties": {
        "内容": "バス停: 引田ＩＣ",
        "name": "引田ＩＣ",
        "operator": "事業者不明",
        "ref": "",
        "url": "",
        "url2": ""
      }
    },
    {
      "type": "Feature",
      "geometry": {
        "type": "Point",
        "coordinates": [
          134.2655405,
          34.2758996
        ]
      },
      "properties": {
        "内容": "バス停: 名称不明バス停",
        "name": "名称不明バス停",
        "operator": "事業者不明",
        "ref": "",
        "url": "",
        "url2": ""
      }
    },
    {
      "type": "Feature",
      "geometry": {
        "type": "Point",
        "coordinates": [
          134.1777218,
          34.3103464
        ]
      },
      "properties": {
        "内容": "バス停: 名称不明バス停",
        "name": "名称不明バス停",
        "operator": "事業者不明",
        "ref": "",
        "url": "",
        "url2": ""
      }
    },
    {
      "type": "Feature",
      "geometry": {
        "type": "Point",
        "coordinates": [
          133.7292302,
          34.219459
        ]
      },
      "properties": {
        "内容": "バス停: 名称不明バス停",
        "name": "名称不明バス停",
        "operator": "事業者不明",
        "ref": "",
        "url": "",
        "url2": ""
      }
    },
    {
      "type": "Feature",
      "geometry": {
        "type": "Point",
        "coordinates": [
          133.7297077,
          34.2194191
        ]
      },
      "properties": {
        "内容": "バス停: 名称不明バス停",
        "name": "名称不明バス停",
        "operator": "事業者不明",
        "ref": "",
        "url": "",
        "url2": ""
      }
    },
    {
      "type": "Feature",
      "geometry": {
        "type": "Point",
        "coordinates": [
          134.0700609,
          34.1610401
        ]
      },
      "properties": {
        "内容": "バス停: 城原",
        "name": "城原",
        "operator": "事業者不明",
        "ref": "",
        "url": "",
        "url2": ""
      }
    },
    {
      "type": "Feature",
      "geometry": {
        "type": "Point",
        "coordinates": [
          133.9973403,
          34.4463187
        ]
      },
      "properties": {
        "内容": "バス停: つつじ荘 (ベネッセエリアバス)",
        "name": "つつじ荘",
        "operator": "ベネッセエリアバス",
        "ref": "",
        "url": "",
        "url2": ""
      }
    },
    {
      "type": "Feature",
      "geometry": {
        "type": "Point",
        "coordinates": [
          133.8336937,
          34.2293011
        ]
      },
      "properties": {
        "内容": "バス停: 垂水団地",
        "name": "垂水団地",
        "operator": "事業者不明",
        "ref": "",
        "url": "",
        "url2": ""
      }
    },
    {
      "type": "Feature",
      "geometry": {
        "type": "Point",
        "coordinates": [
          133.8347347,
          34.2389871
        ]
      },
      "properties": {
        "内容": "バス停: 剱来松木自治会館前",
        "name": "剱来松木自治会館前",
        "operator": "事業者不明",
        "ref": "",
        "url": "",
        "url2": ""
      }
    },
    {
      "type": "Feature",
      "geometry": {
        "type": "Point",
        "coordinates": [
          133.834324,
          34.2419384
        ]
      },
      "properties": {
        "内容": "バス停: フジグラン",
        "name": "フジグラン",
        "operator": "事業者不明",
        "ref": "",
        "url": "",
        "url2": ""
      }
    },
    {
      "type": "Feature",
      "geometry": {
        "type": "Point",
        "coordinates": [
          133.8339335,
          34.2439631
        ]
      },
      "properties": {
        "内容": "バス停: 西小川",
        "name": "西小川",
        "operator": "事業者不明",
        "ref": "",
        "url": "",
        "url2": ""
      }
    },
    {
      "type": "Feature",
      "geometry": {
        "type": "Point",
        "coordinates": [
          133.8344323,
          34.2450376
        ]
      },
      "properties": {
        "内容": "バス停: 琴参バス　中北自治会館前のりば",
        "name": "琴参バス　中北自治会館前のりば",
        "operator": "事業者不明",
        "ref": "",
        "url": "",
        "url2": ""
      }
    },
    {
      "type": "Feature",
      "geometry": {
        "type": "Point",
        "coordinates": [
          134.0000887,
          34.4528745
        ]
      },
      "properties": {
        "内容": "バス停: 名称不明バス停",
        "name": "名称不明バス停",
        "operator": "事業者不明",
        "ref": "",
        "url": "",
        "url2": ""
      }
    },
    {
      "type": "Feature",
      "geometry": {
        "type": "Point",
        "coordinates": [
          133.8191444,
          34.2319417
        ]
      },
      "properties": {
        "内容": "バス停: 市民バス 空海号 鴨居神社前",
        "name": "市民バス 空海号 鴨居神社前",
        "operator": "事業者不明",
        "ref": "",
        "url": "",
        "url2": ""
      }
    },
    {
      "type": "Feature",
      "geometry": {
        "type": "Point",
        "coordinates": [
          133.8225786,
          34.232788
        ]
      },
      "properties": {
        "内容": "バス停: 金竹",
        "name": "金竹",
        "operator": "事業者不明",
        "ref": "",
        "url": "",
        "url2": ""
      }
    },
    {
      "type": "Feature",
      "geometry": {
        "type": "Point",
        "coordinates": [
          133.8286663,
          34.2333168
        ]
      },
      "properties": {
        "内容": "バス停: 垂水ふれあいセンター",
        "name": "垂水ふれあいセンター",
        "operator": "事業者不明",
        "ref": "",
        "url": "",
        "url2": ""
      }
    },
    {
      "type": "Feature",
      "geometry": {
        "type": "Point",
        "coordinates": [
          133.8077299,
          34.2338219
        ]
      },
      "properties": {
        "内容": "バス停: 市民バス 空海号 与北小学校前",
        "name": "市民バス 空海号 与北小学校前",
        "operator": "事業者不明",
        "ref": "",
        "url": "",
        "url2": ""
      }
    },
    {
      "type": "Feature",
      "geometry": {
        "type": "Point",
        "coordinates": [
          133.8587918,
          34.2410859
        ]
      },
      "properties": {
        "内容": "バス停: 遠田",
        "name": "遠田",
        "operator": "事業者不明",
        "ref": "",
        "url": "",
        "url2": ""
      }
    },
    {
      "type": "Feature",
      "geometry": {
        "type": "Point",
        "coordinates": [
          133.8500606,
          34.2321341
        ]
      },
      "properties": {
        "内容": "バス停: 琴参バス 岡田西のりば",
        "name": "琴参バス 岡田西のりば",
        "operator": "事業者不明",
        "ref": "",
        "url": "",
        "url2": ""
      }
    },
    {
      "type": "Feature",
      "geometry": {
        "type": "Point",
        "coordinates": [
          133.8496958,
          34.2282732
        ]
      },
      "properties": {
        "内容": "バス停: 琴参バス 森俊のりば",
        "name": "琴参バス 森俊のりば",
        "operator": "事業者不明",
        "ref": "",
        "url": "",
        "url2": ""
      }
    },
    {
      "type": "Feature",
      "geometry": {
        "type": "Point",
        "coordinates": [
          133.8491878,
          34.2248696
        ]
      },
      "properties": {
        "内容": "バス停: 琴参バス 井岡のりば",
        "name": "琴参バス 井岡のりば",
        "operator": "事業者不明",
        "ref": "",
        "url": "",
        "url2": ""
      }
    },
    {
      "type": "Feature",
      "geometry": {
        "type": "Point",
        "coordinates": [
          133.8317344,
          34.2221816
        ]
      },
      "properties": {
        "内容": "バス停: 上代",
        "name": "上代",
        "operator": "事業者不明",
        "ref": "",
        "url": "",
        "url2": ""
      }
    },
    {
      "type": "Feature",
      "geometry": {
        "type": "Point",
        "coordinates": [
          133.8338077,
          34.22928
        ]
      },
      "properties": {
        "内容": "バス停: 垂水団地",
        "name": "垂水団地",
        "operator": "事業者不明",
        "ref": "",
        "url": "",
        "url2": ""
      }
    },
    {
      "type": "Feature",
      "geometry": {
        "type": "Point",
        "coordinates": [
          133.8264484,
          34.2195635
        ]
      },
      "properties": {
        "内容": "バス停: 東高篠",
        "name": "東高篠",
        "operator": "事業者不明",
        "ref": "",
        "url": "",
        "url2": ""
      }
    },
    {
      "type": "Feature",
      "geometry": {
        "type": "Point",
        "coordinates": [
          133.834438,
          34.224517
        ]
      },
      "properties": {
        "内容": "バス停: 垂水橋",
        "name": "垂水橋",
        "operator": "事業者不明",
        "ref": "",
        "url": "",
        "url2": ""
      }
    },
    {
      "type": "Feature",
      "geometry": {
        "type": "Point",
        "coordinates": [
          133.8344162,
          34.2355055
        ]
      },
      "properties": {
        "内容": "バス停: 土器川生物公園",
        "name": "土器川生物公園",
        "operator": "事業者不明",
        "ref": "",
        "url": "",
        "url2": ""
      }
    },
    {
      "type": "Feature",
      "geometry": {
        "type": "Point",
        "coordinates": [
          133.8343733,
          34.2351333
        ]
      },
      "properties": {
        "内容": "バス停: 土器川生物公園",
        "name": "土器川生物公園",
        "operator": "事業者不明",
        "ref": "",
        "url": "",
        "url2": ""
      }
    },
    {
      "type": "Feature",
      "geometry": {
        "type": "Point",
        "coordinates": [
          134.3025783,
          34.4788407
        ]
      },
      "properties": {
        "内容": "バス停: 草壁本町 (小豆島オリーブバス)",
        "name": "草壁本町",
        "operator": "小豆島オリーブバス",
        "ref": "",
        "url": "",
        "url2": ""
      }
    },
    {
      "type": "Feature",
      "geometry": {
        "type": "Point",
        "coordinates": [
          133.6582487,
          34.2354089
        ]
      },
      "properties": {
        "内容": "バス停: 新浜東 (三豊市)",
        "name": "新浜東",
        "operator": "三豊市",
        "ref": "",
        "url": "",
        "url2": ""
      }
    },
    {
      "type": "Feature",
      "geometry": {
        "type": "Point",
        "coordinates": [
          133.6557337,
          34.2353282
        ]
      },
      "properties": {
        "内容": "バス停: 新浜西 (詫間三野線)",
        "name": "新浜西",
        "operator": "詫間三野線",
        "ref": "",
        "url": "",
        "url2": ""
      }
    },
    {
      "type": "Feature",
      "geometry": {
        "type": "Point",
        "coordinates": [
          133.6559412,
          34.23323
        ]
      },
      "properties": {
        "内容": "バス停: 須田保育所前 (詫間三野線)",
        "name": "須田保育所前",
        "operator": "詫間三野線",
        "ref": "",
        "url": "",
        "url2": ""
      }
    },
    {
      "type": "Feature",
      "geometry": {
        "type": "Point",
        "coordinates": [
          133.6560395,
          34.2314477
        ]
      },
      "properties": {
        "内容": "バス停: 詫間中学校前 (詫間三野線)",
        "name": "詫間中学校前",
        "operator": "詫間三野線",
        "ref": "",
        "url": "",
        "url2": ""
      }
    },
    {
      "type": "Feature",
      "geometry": {
        "type": "Point",
        "coordinates": [
          133.6541241,
          34.2325148
        ]
      },
      "properties": {
        "内容": "バス停: 須田 (詫間三野線)",
        "name": "須田",
        "operator": "詫間三野線",
        "ref": "",
        "url": "",
        "url2": ""
      }
    },
    {
      "type": "Feature",
      "geometry": {
        "type": "Point",
        "coordinates": [
          133.6515033,
          34.2329096
        ]
      },
      "properties": {
        "内容": "バス停: 須田西口 (詫間三野線)",
        "name": "須田西口",
        "operator": "詫間三野線",
        "ref": "",
        "url": "",
        "url2": ""
      }
    },
    {
      "type": "Feature",
      "geometry": {
        "type": "Point",
        "coordinates": [
          133.6638181,
          34.2324225
        ]
      },
      "properties": {
        "内容": "バス停: 塩生 (詫間三野線)",
        "name": "塩生",
        "operator": "詫間三野線",
        "ref": "",
        "url": "",
        "url2": ""
      }
    },
    {
      "type": "Feature",
      "geometry": {
        "type": "Point",
        "coordinates": [
          133.6683209,
          34.2371365
        ]
      },
      "properties": {
        "内容": "バス停: 高谷団地",
        "name": "高谷団地",
        "operator": "事業者不明",
        "ref": "",
        "url": "",
        "url2": ""
      }
    },
    {
      "type": "Feature",
      "geometry": {
        "type": "Point",
        "coordinates": [
          133.6689804,
          34.2390851
        ]
      },
      "properties": {
        "内容": "バス停: 高谷 (詫間三野線)",
        "name": "高谷",
        "operator": "詫間三野線",
        "ref": "",
        "url": "",
        "url2": ""
      }
    },
    {
      "type": "Feature",
      "geometry": {
        "type": "Point",
        "coordinates": [
          133.6661017,
          34.2278712
        ]
      },
      "properties": {
        "内容": "バス停: ピカソ浜田店 (詫間三野線)",
        "name": "ピカソ浜田店",
        "operator": "詫間三野線",
        "ref": "",
        "url": "",
        "url2": ""
      }
    },
    {
      "type": "Feature",
      "geometry": {
        "type": "Point",
        "coordinates": [
          133.6876985,
          34.2215656
        ]
      },
      "properties": {
        "内容": "バス停: 詫間大橋東 (詫間三野線)",
        "name": "詫間大橋東",
        "operator": "詫間三野線",
        "ref": "",
        "url": "",
        "url2": ""
      }
    },
    {
      "type": "Feature",
      "geometry": {
        "type": "Point",
        "coordinates": [
          133.6877091,
          34.221668
        ]
      },
      "properties": {
        "内容": "バス停: 詫間大橋東",
        "name": "詫間大橋東",
        "operator": "事業者不明",
        "ref": "",
        "url": "",
        "url2": ""
      }
    },
    {
      "type": "Feature",
      "geometry": {
        "type": "Point",
        "coordinates": [
          133.6798195,
          34.2205214
        ]
      },
      "properties": {
        "内容": "バス停: JA詫間支店",
        "name": "JA詫間支店",
        "operator": "事業者不明",
        "ref": "",
        "url": "",
        "url2": ""
      }
    },
    {
      "type": "Feature",
      "geometry": {
        "type": "Point",
        "coordinates": [
          133.679852,
          34.2204726
        ]
      },
      "properties": {
        "内容": "バス停: JA詫間支店",
        "name": "JA詫間支店",
        "operator": "事業者不明",
        "ref": "",
        "url": "",
        "url2": ""
      }
    },
    {
      "type": "Feature",
      "geometry": {
        "type": "Point",
        "coordinates": [
          133.6741723,
          34.2211051
        ]
      },
      "properties": {
        "内容": "バス停: 詫間庁舎",
        "name": "詫間庁舎",
        "operator": "事業者不明",
        "ref": "",
        "url": "",
        "url2": ""
      }
    },
    {
      "type": "Feature",
      "geometry": {
        "type": "Point",
        "coordinates": [
          133.6662021,
          34.2279413
        ]
      },
      "properties": {
        "内容": "バス停: ピカソ浜田店",
        "name": "ピカソ浜田店",
        "operator": "事業者不明",
        "ref": "",
        "url": "",
        "url2": ""
      }
    },
    {
      "type": "Feature",
      "geometry": {
        "type": "Point",
        "coordinates": [
          133.6639278,
          34.2324086
        ]
      },
      "properties": {
        "内容": "バス停: 塩生",
        "name": "塩生",
        "operator": "事業者不明",
        "ref": "",
        "url": "",
        "url2": ""
      }
    },
    {
      "type": "Feature",
      "geometry": {
        "type": "Point",
        "coordinates": [
          133.6682411,
          34.2371849
        ]
      },
      "properties": {
        "内容": "バス停: 高谷団地",
        "name": "高谷団地",
        "operator": "事業者不明",
        "ref": "",
        "url": "",
        "url2": ""
      }
    },
    {
      "type": "Feature",
      "geometry": {
        "type": "Point",
        "coordinates": [
          133.6560158,
          34.231388
        ]
      },
      "properties": {
        "内容": "バス停: 名称不明バス停",
        "name": "名称不明バス停",
        "operator": "事業者不明",
        "ref": "",
        "url": "",
        "url2": ""
      }
    },
    {
      "type": "Feature",
      "geometry": {
        "type": "Point",
        "coordinates": [
          133.6541117,
          34.2324349
        ]
      },
      "properties": {
        "内容": "バス停: 名称不明バス停",
        "name": "名称不明バス停",
        "operator": "事業者不明",
        "ref": "",
        "url": "",
        "url2": ""
      }
    },
    {
      "type": "Feature",
      "geometry": {
        "type": "Point",
        "coordinates": [
          133.651519,
          34.2328476
        ]
      },
      "properties": {
        "内容": "バス停: 須田西口",
        "name": "須田西口",
        "operator": "事業者不明",
        "ref": "",
        "url": "",
        "url2": ""
      }
    },
    {
      "type": "Feature",
      "geometry": {
        "type": "Point",
        "coordinates": [
          133.6435972,
          34.2328315
        ]
      },
      "properties": {
        "内容": "バス停: 東香田",
        "name": "東香田",
        "operator": "事業者不明",
        "ref": "",
        "url": "",
        "url2": ""
      }
    },
    {
      "type": "Feature",
      "geometry": {
        "type": "Point",
        "coordinates": [
          133.6435328,
          34.2326808
        ]
      },
      "properties": {
        "内容": "バス停: 東香田",
        "name": "東香田",
        "operator": "事業者不明",
        "ref": "",
        "url": "",
        "url2": ""
      }
    },
    {
      "type": "Feature",
      "geometry": {
        "type": "Point",
        "coordinates": [
          133.6383555,
          34.2334331
        ]
      },
      "properties": {
        "内容": "バス停: 香川高専前",
        "name": "香川高専前",
        "operator": "事業者不明",
        "ref": "",
        "url": "",
        "url2": ""
      }
    },
    {
      "type": "Feature",
      "geometry": {
        "type": "Point",
        "coordinates": [
          133.638388,
          34.2332993
        ]
      },
      "properties": {
        "内容": "バス停: 香川高専前",
        "name": "香川高専前",
        "operator": "事業者不明",
        "ref": "",
        "url": "",
        "url2": ""
      }
    },
    {
      "type": "Feature",
      "geometry": {
        "type": "Point",
        "coordinates": [
          133.6341537,
          34.2332509
        ]
      },
      "properties": {
        "内容": "バス停: 西香田",
        "name": "西香田",
        "operator": "事業者不明",
        "ref": "",
        "url": "",
        "url2": ""
      }
    },
    {
      "type": "Feature",
      "geometry": {
        "type": "Point",
        "coordinates": [
          133.6287615,
          34.2372364
        ]
      },
      "properties": {
        "内容": "バス停: 楠浜",
        "name": "楠浜",
        "operator": "事業者不明",
        "ref": "",
        "url": "",
        "url2": ""
      }
    },
    {
      "type": "Feature",
      "geometry": {
        "type": "Point",
        "coordinates": [
          133.6287018,
          34.2372998
        ]
      },
      "properties": {
        "内容": "バス停: 楠浜",
        "name": "楠浜",
        "operator": "事業者不明",
        "ref": "",
        "url": "",
        "url2": ""
      }
    },
    {
      "type": "Feature",
      "geometry": {
        "type": "Point",
        "coordinates": [
          133.6240933,
          34.2360412
        ]
      },
      "properties": {
        "内容": "バス停: 恵美",
        "name": "恵美",
        "operator": "事業者不明",
        "ref": "",
        "url": "",
        "url2": ""
      }
    },
    {
      "type": "Feature",
      "geometry": {
        "type": "Point",
        "coordinates": [
          133.6203418,
          34.2359519
        ]
      },
      "properties": {
        "内容": "バス停: 船越",
        "name": "船越",
        "operator": "事業者不明",
        "ref": "",
        "url": "",
        "url2": ""
      }
    },
    {
      "type": "Feature",
      "geometry": {
        "type": "Point",
        "coordinates": [
          133.6171267,
          34.2362235
        ]
      },
      "properties": {
        "内容": "バス停: 大浜小学校前",
        "name": "大浜小学校前",
        "operator": "事業者不明",
        "ref": "",
        "url": "",
        "url2": ""
      }
    },
    {
      "type": "Feature",
      "geometry": {
        "type": "Point",
        "coordinates": [
          133.6172376,
          34.2361829
        ]
      },
      "properties": {
        "内容": "バス停: 大浜小学校前",
        "name": "大浜小学校前",
        "operator": "事業者不明",
        "ref": "",
        "url": "",
        "url2": ""
      }
    },
    {
      "type": "Feature",
      "geometry": {
        "type": "Point",
        "coordinates": [
          133.6105002,
          34.2338409
        ]
      },
      "properties": {
        "内容": "バス停: 大浜",
        "name": "大浜",
        "operator": "事業者不明",
        "ref": "",
        "url": "",
        "url2": ""
      }
    },
    {
      "type": "Feature",
      "geometry": {
        "type": "Point",
        "coordinates": [
          133.6904357,
          34.2206518
        ]
      },
      "properties": {
        "内容": "バス停: 岩崎病院",
        "name": "岩崎病院",
        "operator": "事業者不明",
        "ref": "",
        "url": "",
        "url2": ""
      }
    },
    {
      "type": "Feature",
      "geometry": {
        "type": "Point",
        "coordinates": [
          133.6905985,
          34.2206459
        ]
      },
      "properties": {
        "内容": "バス停: 岩崎病院",
        "name": "岩崎病院",
        "operator": "事業者不明",
        "ref": "",
        "url": "",
        "url2": ""
      }
    },
    {
      "type": "Feature",
      "geometry": {
        "type": "Point",
        "coordinates": [
          133.6940528,
          34.2189573
        ]
      },
      "properties": {
        "内容": "バス停: 松崎西",
        "name": "松崎西",
        "operator": "事業者不明",
        "ref": "",
        "url": "",
        "url2": ""
      }
    },
    {
      "type": "Feature",
      "geometry": {
        "type": "Point",
        "coordinates": [
          133.6941944,
          34.2190042
        ]
      },
      "properties": {
        "内容": "バス停: 松崎西",
        "name": "松崎西",
        "operator": "事業者不明",
        "ref": "",
        "url": "",
        "url2": ""
      }
    },
    {
      "type": "Feature",
      "geometry": {
        "type": "Point",
        "coordinates": [
          133.6924814,
          34.2252023
        ]
      },
      "properties": {
        "内容": "バス停: 松崎北浦",
        "name": "松崎北浦",
        "operator": "事業者不明",
        "ref": "",
        "url": "",
        "url2": ""
      }
    },
    {
      "type": "Feature",
      "geometry": {
        "type": "Point",
        "coordinates": [
          133.6926017,
          34.2252199
        ]
      },
      "properties": {
        "内容": "バス停: 松崎北浦",
        "name": "松崎北浦",
        "operator": "事業者不明",
        "ref": "",
        "url": "",
        "url2": ""
      }
    },
    {
      "type": "Feature",
      "geometry": {
        "type": "Point",
        "coordinates": [
          133.6954236,
          34.2319108
        ]
      },
      "properties": {
        "内容": "バス停: 水出",
        "name": "水出",
        "operator": "事業者不明",
        "ref": "",
        "url": "",
        "url2": ""
      }
    },
    {
      "type": "Feature",
      "geometry": {
        "type": "Point",
        "coordinates": [
          133.6953599,
          34.2319386
        ]
      },
      "properties": {
        "内容": "バス停: 水出",
        "name": "水出",
        "operator": "事業者不明",
        "ref": "",
        "url": "",
        "url2": ""
      }
    },
    {
      "type": "Feature",
      "geometry": {
        "type": "Point",
        "coordinates": [
          133.7050122,
          34.238288
        ]
      },
      "properties": {
        "内容": "バス停: 東久保谷",
        "name": "東久保谷",
        "operator": "事業者不明",
        "ref": "",
        "url": "",
        "url2": ""
      }
    },
    {
      "type": "Feature",
      "geometry": {
        "type": "Point",
        "coordinates": [
          133.7052083,
          34.2382958
        ]
      },
      "properties": {
        "内容": "バス停: 東久保谷",
        "name": "東久保谷",
        "operator": "事業者不明",
        "ref": "",
        "url": "",
        "url2": ""
      }
    },
    {
      "type": "Feature",
      "geometry": {
        "type": "Point",
        "coordinates": [
          133.7065338,
          34.2355466
        ]
      },
      "properties": {
        "内容": "バス停: 西久保谷",
        "name": "西久保谷",
        "operator": "事業者不明",
        "ref": "",
        "url": "",
        "url2": ""
      }
    },
    {
      "type": "Feature",
      "geometry": {
        "type": "Point",
        "coordinates": [
          133.7066662,
          34.2355212
        ]
      },
      "properties": {
        "内容": "バス停: 西久保谷",
        "name": "西久保谷",
        "operator": "事業者不明",
        "ref": "",
        "url": "",
        "url2": ""
      }
    },
    {
      "type": "Feature",
      "geometry": {
        "type": "Point",
        "coordinates": [
          133.7098058,
          34.231392
        ]
      },
      "properties": {
        "内容": "バス停: 宮谷",
        "name": "宮谷",
        "operator": "事業者不明",
        "ref": "",
        "url": "",
        "url2": ""
      }
    },
    {
      "type": "Feature",
      "geometry": {
        "type": "Point",
        "coordinates": [
          133.7097072,
          34.2313462
        ]
      },
      "properties": {
        "内容": "バス停: 宮谷",
        "name": "宮谷",
        "operator": "事業者不明",
        "ref": "",
        "url": "",
        "url2": ""
      }
    },
    {
      "type": "Feature",
      "geometry": {
        "type": "Point",
        "coordinates": [
          133.7163503,
          34.225121
        ]
      },
      "properties": {
        "内容": "バス停: 天道",
        "name": "天道",
        "operator": "事業者不明",
        "ref": "",
        "url": "",
        "url2": ""
      }
    },
    {
      "type": "Feature",
      "geometry": {
        "type": "Point",
        "coordinates": [
          133.7162382,
          34.2251075
        ]
      },
      "properties": {
        "内容": "バス停: 天道",
        "name": "天道",
        "operator": "事業者不明",
        "ref": "",
        "url": "",
        "url2": ""
      }
    },
    {
      "type": "Feature",
      "geometry": {
        "type": "Point",
        "coordinates": [
          133.7225377,
          34.226482
        ]
      },
      "properties": {
        "内容": "バス停: ふれあいパークみの",
        "name": "ふれあいパークみの",
        "operator": "事業者不明",
        "ref": "",
        "url": "",
        "url2": ""
      }
    },
    {
      "type": "Feature",
      "geometry": {
        "type": "Point",
        "coordinates": [
          133.7204354,
          34.2267395
        ]
      },
      "properties": {
        "内容": "バス停: みの荘長寿の湯",
        "name": "みの荘長寿の湯",
        "operator": "事業者不明",
        "ref": "",
        "url": "",
        "url2": ""
      }
    },
    {
      "type": "Feature",
      "geometry": {
        "type": "Point",
        "coordinates": [
          133.9765512,
          34.4578359
        ]
      },
      "properties": {
        "内容": "バス停: 名称不明バス停",
        "name": "名称不明バス停",
        "operator": "事業者不明",
        "ref": "",
        "url": "",
        "url2": ""
      }
    },
    {
      "type": "Feature",
      "geometry": {
        "type": "Point",
        "coordinates": [
          133.9792309,
          34.4581991
        ]
      },
      "properties": {
        "内容": "バス停: 名称不明バス停",
        "name": "名称不明バス停",
        "operator": "事業者不明",
        "ref": "",
        "url": "",
        "url2": ""
      }
    },
    {
      "type": "Feature",
      "geometry": {
        "type": "Point",
        "coordinates": [
          134.1764148,
          34.47714
        ]
      },
      "properties": {
        "内容": "バス停: 鹿島海水浴場前 (小豆島オリーブバス)",
        "name": "鹿島海水浴場前",
        "operator": "小豆島オリーブバス",
        "ref": "",
        "url": "",
        "url2": ""
      }
    },
    {
      "type": "Feature",
      "geometry": {
        "type": "Point",
        "coordinates": [
          134.0479138,
          34.3521595
        ]
      },
      "properties": {
        "内容": "バス停: JRホテルクレメント高松",
        "name": "JRホテルクレメント高松",
        "operator": "事業者不明",
        "ref": "",
        "url": "",
        "url2": ""
      }
    },
    {
      "type": "Feature",
      "geometry": {
        "type": "Point",
        "coordinates": [
          134.0499868,
          34.3519321
        ]
      },
      "properties": {
        "内容": "バス停: 高松港",
        "name": "高松港",
        "operator": "事業者不明",
        "ref": "",
        "url": "",
        "url2": ""
      }
    },
    {
      "type": "Feature",
      "geometry": {
        "type": "Point",
        "coordinates": [
          134.0530283,
          34.3512607
        ]
      },
      "properties": {
        "内容": "バス停: 県民ホール前",
        "name": "県民ホール前",
        "operator": "事業者不明",
        "ref": "",
        "url": "",
        "url2": ""
      }
    },
    {
      "type": "Feature",
      "geometry": {
        "type": "Point",
        "coordinates": [
          134.0529485,
          34.35146
        ]
      },
      "properties": {
        "内容": "バス停: 県民ホール前",
        "name": "県民ホール前",
        "operator": "事業者不明",
        "ref": "",
        "url": "",
        "url2": ""
      }
    },
    {
      "type": "Feature",
      "geometry": {
        "type": "Point",
        "coordinates": [
          134.0503938,
          34.3516333
        ]
      },
      "properties": {
        "内容": "バス停: 高松港",
        "name": "高松港",
        "operator": "事業者不明",
        "ref": "",
        "url": "",
        "url2": ""
      }
    },
    {
      "type": "Feature",
      "geometry": {
        "type": "Point",
        "coordinates": [
          134.0567037,
          34.3512953
        ]
      },
      "properties": {
        "内容": "バス停: 北浜アリー",
        "name": "北浜アリー",
        "operator": "事業者不明",
        "ref": "",
        "url": "",
        "url2": ""
      }
    },
    {
      "type": "Feature",
      "geometry": {
        "type": "Point",
        "coordinates": [
          134.0586926,
          34.3475294
        ]
      },
      "properties": {
        "内容": "バス停: 城東町",
        "name": "城東町",
        "operator": "事業者不明",
        "ref": "",
        "url": "",
        "url2": ""
      }
    },
    {
      "type": "Feature",
      "geometry": {
        "type": "Point",
        "coordinates": [
          134.0586145,
          34.3477428
        ]
      },
      "properties": {
        "内容": "バス停: 城東町",
        "name": "城東町",
        "operator": "事業者不明",
        "ref": "",
        "url": "",
        "url2": ""
      }
    },
    {
      "type": "Feature",
      "geometry": {
        "type": "Point",
        "coordinates": [
          134.0628146,
          34.3472565
        ]
      },
      "properties": {
        "内容": "バス停: 県立武道館",
        "name": "県立武道館",
        "operator": "事業者不明",
        "ref": "",
        "url": "",
        "url2": ""
      }
    },
    {
      "type": "Feature",
      "geometry": {
        "type": "Point",
        "coordinates": [
          134.0628341,
          34.3474894
        ]
      },
      "properties": {
        "内容": "バス停: 県立武道館",
        "name": "県立武道館",
        "operator": "事業者不明",
        "ref": "",
        "url": "",
        "url2": ""
      }
    },
    {
      "type": "Feature",
      "geometry": {
        "type": "Point",
        "coordinates": [
          134.0639087,
          34.3507616
        ]
      },
      "properties": {
        "内容": "バス停: 朝日町二丁目",
        "name": "朝日町二丁目",
        "operator": "事業者不明",
        "ref": "",
        "url": "",
        "url2": ""
      }
    },
    {
      "type": "Feature",
      "geometry": {
        "type": "Point",
        "coordinates": [
          134.0637349,
          34.3509122
        ]
      },
      "properties": {
        "内容": "バス停: 朝日町二丁目",
        "name": "朝日町二丁目",
        "operator": "事業者不明",
        "ref": "",
        "url": "",
        "url2": ""
      }
    },
    {
      "type": "Feature",
      "geometry": {
        "type": "Point",
        "coordinates": [
          134.0630786,
          34.3488537
        ]
      },
      "properties": {
        "内容": "バス停: 県立中央病院",
        "name": "県立中央病院",
        "operator": "事業者不明",
        "ref": "",
        "url": "",
        "url2": ""
      }
    },
    {
      "type": "Feature",
      "geometry": {
        "type": "Point",
        "coordinates": [
          134.0656984,
          34.3566994
        ]
      },
      "properties": {
        "内容": "バス停: 卸センター",
        "name": "卸センター",
        "operator": "事業者不明",
        "ref": "",
        "url": "",
        "url2": ""
      }
    },
    {
      "type": "Feature",
      "geometry": {
        "type": "Point",
        "coordinates": [
          134.0657074,
          34.3568462
        ]
      },
      "properties": {
        "内容": "バス停: 卸センター",
        "name": "卸センター",
        "operator": "事業者不明",
        "ref": "",
        "url": "",
        "url2": ""
      }
    },
    {
      "type": "Feature",
      "geometry": {
        "type": "Point",
        "coordinates": [
          134.0668079,
          34.358671
        ]
      },
      "properties": {
        "内容": "バス停: 卸センター中通り",
        "name": "卸センター中通り",
        "operator": "事業者不明",
        "ref": "",
        "url": "",
        "url2": ""
      }
    },
    {
      "type": "Feature",
      "geometry": {
        "type": "Point",
        "coordinates": [
          134.0667004,
          34.3586764
        ]
      },
      "properties": {
        "内容": "バス停: 卸センター中通り",
        "name": "卸センター中通り",
        "operator": "事業者不明",
        "ref": "",
        "url": "",
        "url2": ""
      }
    },
    {
      "type": "Feature",
      "geometry": {
        "type": "Point",
        "coordinates": [
          134.067996,
          34.3544052
        ]
      },
      "properties": {
        "内容": "バス停: 卸センター中通り",
        "name": "卸センター中通り",
        "operator": "事業者不明",
        "ref": "",
        "url": "",
        "url2": ""
      }
    },
    {
      "type": "Feature",
      "geometry": {
        "type": "Point",
        "coordinates": [
          134.0487394,
          34.3399538
        ]
      },
      "properties": {
        "内容": "バス停: 南新町",
        "name": "南新町",
        "operator": "事業者不明",
        "ref": "",
        "url": "",
        "url2": ""
      }
    },
    {
      "type": "Feature",
      "geometry": {
        "type": "Point",
        "coordinates": [
          134.0482784,
          34.3459851
        ]
      },
      "properties": {
        "内容": "バス停: 兵庫町",
        "name": "兵庫町",
        "operator": "事業者不明",
        "ref": "",
        "url": "",
        "url2": ""
      }
    },
    {
      "type": "Feature",
      "geometry": {
        "type": "Point",
        "coordinates": [
          134.0638642,
          34.3348854
        ]
      },
      "properties": {
        "内容": "バス停: 高予備前",
        "name": "高予備前",
        "operator": "事業者不明",
        "ref": "",
        "url": "",
        "url2": ""
      }
    },
    {
      "type": "Feature",
      "geometry": {
        "type": "Point",
        "coordinates": [
          134.0872226,
          34.3342351
        ]
      },
      "properties": {
        "内容": "バス停: 春日川",
        "name": "春日川",
        "operator": "事業者不明",
        "ref": "",
        "url": "",
        "url2": ""
      }
    },
    {
      "type": "Feature",
      "geometry": {
        "type": "Point",
        "coordinates": [
          134.0866419,
          34.3342837
        ]
      },
      "properties": {
        "内容": "バス停: 春日川",
        "name": "春日川",
        "operator": "事業者不明",
        "ref": "",
        "url": "",
        "url2": ""
      }
    },
    {
      "type": "Feature",
      "geometry": {
        "type": "Point",
        "coordinates": [
          134.0685406,
          34.334469
        ]
      },
      "properties": {
        "内容": "バス停: 上福岡",
        "name": "上福岡",
        "operator": "事業者不明",
        "ref": "",
        "url": "",
        "url2": ""
      }
    },
    {
      "type": "Feature",
      "geometry": {
        "type": "Point",
        "coordinates": [
          134.0717027,
          34.3341535
        ]
      },
      "properties": {
        "内容": "バス停: 国際ホテル前",
        "name": "国際ホテル前",
        "operator": "事業者不明",
        "ref": "",
        "url": "",
        "url2": ""
      }
    },
    {
      "type": "Feature",
      "geometry": {
        "type": "Point",
        "coordinates": [
          134.0714221,
          34.3340124
        ]
      },
      "properties": {
        "内容": "バス停: 国際ホテル前",
        "name": "国際ホテル前",
        "operator": "事業者不明",
        "ref": "",
        "url": "",
        "url2": ""
      }
    },
    {
      "type": "Feature",
      "geometry": {
        "type": "Point",
        "coordinates": [
          134.0768694,
          34.3336008
        ]
      },
      "properties": {
        "内容": "バス停: 詰田川",
        "name": "詰田川",
        "operator": "事業者不明",
        "ref": "",
        "url": "",
        "url2": ""
      }
    },
    {
      "type": "Feature",
      "geometry": {
        "type": "Point",
        "coordinates": [
          134.0765838,
          34.3337251
        ]
      },
      "properties": {
        "内容": "バス停: 詰田川",
        "name": "詰田川",
        "operator": "事業者不明",
        "ref": "",
        "url": "",
        "url2": ""
      }
    },
    {
      "type": "Feature",
      "geometry": {
        "type": "Point",
        "coordinates": [
          134.0973669,
          34.3360451
        ]
      },
      "properties": {
        "内容": "バス停: 新川",
        "name": "新川",
        "operator": "事業者不明",
        "ref": "",
        "url": "",
        "url2": ""
      }
    },
    {
      "type": "Feature",
      "geometry": {
        "type": "Point",
        "coordinates": [
          134.0811289,
          34.3334917
        ]
      },
      "properties": {
        "内容": "バス停: 木太町",
        "name": "木太町",
        "operator": "事業者不明",
        "ref": "",
        "url": "",
        "url2": ""
      }
    },
    {
      "type": "Feature",
      "geometry": {
        "type": "Point",
        "coordinates": [
          134.0816222,
          34.3334237
        ]
      },
      "properties": {
        "内容": "バス停: 木太町",
        "name": "木太町",
        "operator": "事業者不明",
        "ref": "",
        "url": "",
        "url2": ""
      }
    },
    {
      "type": "Feature",
      "geometry": {
        "type": "Point",
        "coordinates": [
          134.0917805,
          34.3351174
        ]
      },
      "properties": {
        "内容": "バス停: 春日町浜免",
        "name": "春日町浜免",
        "operator": "事業者不明",
        "ref": "",
        "url": "",
        "url2": ""
      }
    },
    {
      "type": "Feature",
      "geometry": {
        "type": "Point",
        "coordinates": [
          134.0924883,
          34.3350875
        ]
      },
      "properties": {
        "内容": "バス停: 春日町浜免",
        "name": "春日町浜免",
        "operator": "事業者不明",
        "ref": "",
        "url": "",
        "url2": ""
      }
    },
    {
      "type": "Feature",
      "geometry": {
        "type": "Point",
        "coordinates": [
          134.0945844,
          34.3354577
        ]
      },
      "properties": {
        "内容": "バス停: 新川",
        "name": "新川",
        "operator": "事業者不明",
        "ref": "",
        "url": "",
        "url2": ""
      }
    },
    {
      "type": "Feature",
      "geometry": {
        "type": "Point",
        "coordinates": [
          134.1008719,
          34.3364995
        ]
      },
      "properties": {
        "内容": "バス停: 百石",
        "name": "百石",
        "operator": "事業者不明",
        "ref": "",
        "url": "",
        "url2": ""
      }
    },
    {
      "type": "Feature",
      "geometry": {
        "type": "Point",
        "coordinates": [
          134.0991956,
          34.3361663
        ]
      },
      "properties": {
        "内容": "バス停: 百石",
        "name": "百石",
        "operator": "事業者不明",
        "ref": "",
        "url": "",
        "url2": ""
      }
    },
    {
      "type": "Feature",
      "geometry": {
        "type": "Point",
        "coordinates": [
          134.1054085,
          34.3374254
        ]
      },
      "properties": {
        "内容": "バス停: 馬場先",
        "name": "馬場先",
        "operator": "事業者不明",
        "ref": "",
        "url": "",
        "url2": ""
      }
    },
    {
      "type": "Feature",
      "geometry": {
        "type": "Point",
        "coordinates": [
          134.1114379,
          34.339067
        ]
      },
      "properties": {
        "内容": "バス停: 古高松",
        "name": "古高松",
        "operator": "事業者不明",
        "ref": "",
        "url": "",
        "url2": ""
      }
    },
    {
      "type": "Feature",
      "geometry": {
        "type": "Point",
        "coordinates": [
          134.1121433,
          34.3393573
        ]
      },
      "properties": {
        "内容": "バス停: 古高松",
        "name": "古高松",
        "operator": "事業者不明",
        "ref": "",
        "url": "",
        "url2": ""
      }
    },
    {
      "type": "Feature",
      "geometry": {
        "type": "Point",
        "coordinates": [
          134.1062685,
          34.3326467
        ]
      },
      "properties": {
        "内容": "バス停: 古高松小学校前",
        "name": "古高松小学校前",
        "operator": "事業者不明",
        "ref": "",
        "url": "",
        "url2": ""
      }
    },
    {
      "type": "Feature",
      "geometry": {
        "type": "Point",
        "coordinates": [
          134.1062865,
          34.3324569
        ]
      },
      "properties": {
        "内容": "バス停: 古高松小学校前",
        "name": "古高松小学校前",
        "operator": "事業者不明",
        "ref": "",
        "url": "",
        "url2": ""
      }
    },
    {
      "type": "Feature",
      "geometry": {
        "type": "Point",
        "coordinates": [
          134.1070969,
          34.3355199
        ]
      },
      "properties": {
        "内容": "バス停: JA古高松支店前",
        "name": "JA古高松支店前",
        "operator": "事業者不明",
        "ref": "",
        "url": "",
        "url2": ""
      }
    },
    {
      "type": "Feature",
      "geometry": {
        "type": "Point",
        "coordinates": [
          134.1072279,
          34.3358029
        ]
      },
      "properties": {
        "内容": "バス停: JA古高松支店前",
        "name": "JA古高松支店前",
        "operator": "事業者不明",
        "ref": "",
        "url": "",
        "url2": ""
      }
    },
    {
      "type": "Feature",
      "geometry": {
        "type": "Point",
        "coordinates": [
          134.1053179,
          34.3295911
        ]
      },
      "properties": {
        "内容": "バス停: 堀江",
        "name": "堀江",
        "operator": "事業者不明",
        "ref": "",
        "url": "",
        "url2": ""
      }
    },
    {
      "type": "Feature",
      "geometry": {
        "type": "Point",
        "coordinates": [
          134.1054144,
          34.3295823
        ]
      },
      "properties": {
        "内容": "バス停: 堀江",
        "name": "堀江",
        "operator": "事業者不明",
        "ref": "",
        "url": "",
        "url2": ""
      }
    },
    {
      "type": "Feature",
      "geometry": {
        "type": "Point",
        "coordinates": [
          134.0950859,
          34.3445105
        ]
      },
      "properties": {
        "内容": "バス停: 屋島南御殿",
        "name": "屋島南御殿",
        "operator": "事業者不明",
        "ref": "",
        "url": "",
        "url2": ""
      }
    },
    {
      "type": "Feature",
      "geometry": {
        "type": "Point",
        "coordinates": [
          134.0950203,
          34.3444237
        ]
      },
      "properties": {
        "内容": "バス停: 屋島南御殿",
        "name": "屋島南御殿",
        "operator": "事業者不明",
        "ref": "",
        "url": "",
        "url2": ""
      }
    },
    {
      "type": "Feature",
      "geometry": {
        "type": "Point",
        "coordinates": [
          134.0969955,
          34.3413179
        ]
      },
      "properties": {
        "内容": "バス停: 潟元",
        "name": "潟元",
        "operator": "事業者不明",
        "ref": "",
        "url": "",
        "url2": ""
      }
    },
    {
      "type": "Feature",
      "geometry": {
        "type": "Point",
        "coordinates": [
          134.093424,
          34.3472965
        ]
      },
      "properties": {
        "内容": "バス停: 屋島御殿",
        "name": "屋島御殿",
        "operator": "事業者不明",
        "ref": "",
        "url": "",
        "url2": ""
      }
    },
    {
      "type": "Feature",
      "geometry": {
        "type": "Point",
        "coordinates": [
          134.0920506,
          34.3525206
        ]
      },
      "properties": {
        "内容": "バス停: 屋島御殿",
        "name": "屋島御殿",
        "operator": "事業者不明",
        "ref": "",
        "url": "",
        "url2": ""
      }
    },
    {
      "type": "Feature",
      "geometry": {
        "type": "Point",
        "coordinates": [
          134.0921289,
          34.3525394
        ]
      },
      "properties": {
        "内容": "バス停: 屋島御殿",
        "name": "屋島御殿",
        "operator": "事業者不明",
        "ref": "",
        "url": "",
        "url2": ""
      }
    },
    {
      "type": "Feature",
      "geometry": {
        "type": "Point",
        "coordinates": [
          134.0919671,
          34.3605772
        ]
      },
      "properties": {
        "内容": "バス停: 浦生南",
        "name": "浦生南",
        "operator": "事業者不明",
        "ref": "",
        "url": "",
        "url2": ""
      }
    },
    {
      "type": "Feature",
      "geometry": {
        "type": "Point",
        "coordinates": [
          134.0917958,
          34.3606229
        ]
      },
      "properties": {
        "内容": "バス停: 浦生南",
        "name": "浦生南",
        "operator": "事業者不明",
        "ref": "",
        "url": "",
        "url2": ""
      }
    },
    {
      "type": "Feature",
      "geometry": {
        "type": "Point",
        "coordinates": [
          134.0970535,
          34.3413996
        ]
      },
      "properties": {
        "内容": "バス停: 潟元",
        "name": "潟元",
        "operator": "事業者不明",
        "ref": "",
        "url": "",
        "url2": ""
      }
    },
    {
      "type": "Feature",
      "geometry": {
        "type": "Point",
        "coordinates": [
          134.0964086,
          34.3359789
        ]
      },
      "properties": {
        "内容": "バス停: 新川",
        "name": "新川",
        "operator": "事業者不明",
        "ref": "",
        "url": "",
        "url2": ""
      }
    },
    {
      "type": "Feature",
      "geometry": {
        "type": "Point",
        "coordinates": [
          134.1048395,
          34.3248987
        ]
      },
      "properties": {
        "内容": "バス停: 新田",
        "name": "新田",
        "operator": "事業者不明",
        "ref": "",
        "url": "",
        "url2": ""
      }
    },
    {
      "type": "Feature",
      "geometry": {
        "type": "Point",
        "coordinates": [
          134.1047268,
          34.3248189
        ]
      },
      "properties": {
        "内容": "バス停: 新田",
        "name": "新田",
        "operator": "事業者不明",
        "ref": "",
        "url": "",
        "url2": ""
      }
    },
    {
      "type": "Feature",
      "geometry": {
        "type": "Point",
        "coordinates": [
          134.1046281,
          34.3218214
        ]
      },
      "properties": {
        "内容": "バス停: 公文",
        "name": "公文",
        "operator": "事業者不明",
        "ref": "",
        "url": "",
        "url2": ""
      }
    },
    {
      "type": "Feature",
      "geometry": {
        "type": "Point",
        "coordinates": [
          134.1047355,
          34.3221961
        ]
      },
      "properties": {
        "内容": "バス停: 公文",
        "name": "公文",
        "operator": "事業者不明",
        "ref": "",
        "url": "",
        "url2": ""
      }
    },
    {
      "type": "Feature",
      "geometry": {
        "type": "Point",
        "coordinates": [
          134.104199,
          34.3168645
        ]
      },
      "properties": {
        "内容": "バス停: 南公文",
        "name": "南公文",
        "operator": "事業者不明",
        "ref": "",
        "url": "",
        "url2": ""
      }
    },
    {
      "type": "Feature",
      "geometry": {
        "type": "Point",
        "coordinates": [
          134.1041079,
          34.3168723
        ]
      },
      "properties": {
        "内容": "バス停: 南公文",
        "name": "南公文",
        "operator": "事業者不明",
        "ref": "",
        "url": "",
        "url2": ""
      }
    },
    {
      "type": "Feature",
      "geometry": {
        "type": "Point",
        "coordinates": [
          134.1106673,
          34.3189177
        ]
      },
      "properties": {
        "内容": "バス停: 高松医療センター",
        "name": "高松医療センター",
        "operator": "事業者不明",
        "ref": "",
        "url": "",
        "url2": ""
      }
    },
    {
      "type": "Feature",
      "geometry": {
        "type": "Point",
        "coordinates": [
          134.1123517,
          34.2948387
        ]
      },
      "properties": {
        "内容": "バス停: 学校前",
        "name": "学校前",
        "operator": "事業者不明",
        "ref": "",
        "url": "",
        "url2": ""
      }
    },
    {
      "type": "Feature",
      "geometry": {
        "type": "Point",
        "coordinates": [
          134.1124474,
          34.2948829
        ]
      },
      "properties": {
        "内容": "バス停: 学校前",
        "name": "学校前",
        "operator": "事業者不明",
        "ref": "",
        "url": "",
        "url2": ""
      }
    },
    {
      "type": "Feature",
      "geometry": {
        "type": "Point",
        "coordinates": [
          134.1045808,
          34.3111584
        ]
      },
      "properties": {
        "内容": "バス停: 久本",
        "name": "久本",
        "operator": "事業者不明",
        "ref": "",
        "url": "",
        "url2": ""
      }
    },
    {
      "type": "Feature",
      "geometry": {
        "type": "Point",
        "coordinates": [
          134.1046775,
          34.3112249
        ]
      },
      "properties": {
        "内容": "バス停: 久本",
        "name": "久本",
        "operator": "事業者不明",
        "ref": "",
        "url": "",
        "url2": ""
      }
    },
    {
      "type": "Feature",
      "geometry": {
        "type": "Point",
        "coordinates": [
          134.1097856,
          34.3024679
        ]
      },
      "properties": {
        "内容": "バス停: 谷川",
        "name": "谷川",
        "operator": "事業者不明",
        "ref": "",
        "url": "",
        "url2": ""
      }
    },
    {
      "type": "Feature",
      "geometry": {
        "type": "Point",
        "coordinates": [
          134.1113602,
          34.2997332
        ]
      },
      "properties": {
        "内容": "バス停: 東前田",
        "name": "東前田",
        "operator": "事業者不明",
        "ref": "",
        "url": "",
        "url2": ""
      }
    },
    {
      "type": "Feature",
      "geometry": {
        "type": "Point",
        "coordinates": [
          134.1112555,
          34.2997204
        ]
      },
      "properties": {
        "内容": "バス停: 東前田",
        "name": "東前田",
        "operator": "事業者不明",
        "ref": "",
        "url": "",
        "url2": ""
      }
    },
    {
      "type": "Feature",
      "geometry": {
        "type": "Point",
        "coordinates": [
          134.1097102,
          34.3024238
        ]
      },
      "properties": {
        "内容": "バス停: 谷川",
        "name": "谷川",
        "operator": "事業者不明",
        "ref": "",
        "url": "",
        "url2": ""
      }
    },
    {
      "type": "Feature",
      "geometry": {
        "type": "Point",
        "coordinates": [
          134.1123603,
          34.2884903
        ]
      },
      "properties": {
        "内容": "バス停: ことでん高田駅",
        "name": "ことでん高田駅",
        "operator": "事業者不明",
        "ref": "",
        "url": "",
        "url2": ""
      }
    },
    {
      "type": "Feature",
      "geometry": {
        "type": "Point",
        "coordinates": [
          134.1216492,
          34.3502869
        ]
      },
      "properties": {
        "内容": "バス停: 洲崎寺西",
        "name": "洲崎寺西",
        "operator": "事業者不明",
        "ref": "",
        "url": "",
        "url2": ""
      }
    },
    {
      "type": "Feature",
      "geometry": {
        "type": "Point",
        "coordinates": [
          134.1215381,
          34.3503009
        ]
      },
      "properties": {
        "内容": "バス停: 洲崎寺西",
        "name": "洲崎寺西",
        "operator": "事業者不明",
        "ref": "",
        "url": "",
        "url2": ""
      }
    },
    {
      "type": "Feature",
      "geometry": {
        "type": "Point",
        "coordinates": [
          134.1216689,
          34.3439924
        ]
      },
      "properties": {
        "内容": "バス停: 八栗",
        "name": "八栗",
        "operator": "事業者不明",
        "ref": "",
        "url": "",
        "url2": ""
      }
    },
    {
      "type": "Feature",
      "geometry": {
        "type": "Point",
        "coordinates": [
          134.1171111,
          34.3419336
        ]
      },
      "properties": {
        "内容": "バス停: 角屋前",
        "name": "角屋前",
        "operator": "事業者不明",
        "ref": "",
        "url": "",
        "url2": ""
      }
    },
    {
      "type": "Feature",
      "geometry": {
        "type": "Point",
        "coordinates": [
          134.1171969,
          34.3418771
        ]
      },
      "properties": {
        "内容": "バス停: 角屋前",
        "name": "角屋前",
        "operator": "事業者不明",
        "ref": "",
        "url": "",
        "url2": ""
      }
    },
    {
      "type": "Feature",
      "geometry": {
        "type": "Point",
        "coordinates": [
          134.1214123,
          34.3454239
        ]
      },
      "properties": {
        "内容": "バス停: ことでん八栗駅前",
        "name": "ことでん八栗駅前",
        "operator": "事業者不明",
        "ref": "",
        "url": "",
        "url2": ""
      }
    },
    {
      "type": "Feature",
      "geometry": {
        "type": "Point",
        "coordinates": [
          134.1216515,
          34.3451209
        ]
      },
      "properties": {
        "内容": "バス停: ことでん八栗駅前",
        "name": "ことでん八栗駅前",
        "operator": "事業者不明",
        "ref": "",
        "url": "",
        "url2": ""
      }
    },
    {
      "type": "Feature",
      "geometry": {
        "type": "Point",
        "coordinates": [
          134.1205682,
          34.3435869
        ]
      },
      "properties": {
        "内容": "バス停: 八栗",
        "name": "八栗",
        "operator": "事業者不明",
        "ref": "",
        "url": "",
        "url2": ""
      }
    },
    {
      "type": "Feature",
      "geometry": {
        "type": "Point",
        "coordinates": [
          134.1221279,
          34.3528148
        ]
      },
      "properties": {
        "内容": "バス停: 祈り岩・与一公園前",
        "name": "祈り岩・与一公園前",
        "operator": "事業者不明",
        "ref": "",
        "url": "",
        "url2": ""
      }
    },
    {
      "type": "Feature",
      "geometry": {
        "type": "Point",
        "coordinates": [
          134.122203,
          34.3525544
        ]
      },
      "properties": {
        "内容": "バス停: 祈り岩・与一公園前",
        "name": "祈り岩・与一公園前",
        "operator": "事業者不明",
        "ref": "",
        "url": "",
        "url2": ""
      }
    },
    {
      "type": "Feature",
      "geometry": {
        "type": "Point",
        "coordinates": [
          134.1224025,
          34.3765372
        ]
      },
      "properties": {
        "内容": "バス停: 舟かくし",
        "name": "舟かくし",
        "operator": "事業者不明",
        "ref": "",
        "url": "",
        "url2": ""
      }
    },
    {
      "type": "Feature",
      "geometry": {
        "type": "Point",
        "coordinates": [
          134.1223297,
          34.3548947
        ]
      },
      "properties": {
        "内容": "バス停: 屋島テニスクラブ前",
        "name": "屋島テニスクラブ前",
        "operator": "事業者不明",
        "ref": "",
        "url": "",
        "url2": ""
      }
    },
    {
      "type": "Feature",
      "geometry": {
        "type": "Point",
        "coordinates": [
          134.1224198,
          34.3545651
        ]
      },
      "properties": {
        "内容": "バス停: 屋島テニスクラブ前",
        "name": "屋島テニスクラブ前",
        "operator": "事業者不明",
        "ref": "",
        "url": "",
        "url2": ""
      }
    },
    {
      "type": "Feature",
      "geometry": {
        "type": "Point",
        "coordinates": [
          134.1223404,
          34.3616126
        ]
      },
      "properties": {
        "内容": "バス停: ストーンミュージアム前",
        "name": "ストーンミュージアム前",
        "operator": "事業者不明",
        "ref": "",
        "url": "",
        "url2": ""
      }
    },
    {
      "type": "Feature",
      "geometry": {
        "type": "Point",
        "coordinates": [
          134.1224553,
          34.3613911
        ]
      },
      "properties": {
        "内容": "バス停: ストーンミュージアム前",
        "name": "ストーンミュージアム前",
        "operator": "事業者不明",
        "ref": "",
        "url": "",
        "url2": ""
      }
    },
    {
      "type": "Feature",
      "geometry": {
        "type": "Point",
        "coordinates": [
          134.1205185,
          34.3689995
        ]
      },
      "properties": {
        "内容": "バス停: 丸山西",
        "name": "丸山西",
        "operator": "事業者不明",
        "ref": "",
        "url": "",
        "url2": ""
      }
    },
    {
      "type": "Feature",
      "geometry": {
        "type": "Point",
        "coordinates": [
          134.1203858,
          34.3691324
        ]
      },
      "properties": {
        "内容": "バス停: 丸山西",
        "name": "丸山西",
        "operator": "事業者不明",
        "ref": "",
        "url": "",
        "url2": ""
      }
    },
    {
      "type": "Feature",
      "geometry": {
        "type": "Point",
        "coordinates": [
          134.1215056,
          34.3745998
        ]
      },
      "properties": {
        "内容": "バス停: 丸山峠",
        "name": "丸山峠",
        "operator": "事業者不明",
        "ref": "",
        "url": "",
        "url2": ""
      }
    },
    {
      "type": "Feature",
      "geometry": {
        "type": "Point",
        "coordinates": [
          134.1221366,
          34.3763887
        ]
      },
      "properties": {
        "内容": "バス停: 舟かくし",
        "name": "舟かくし",
        "operator": "事業者不明",
        "ref": "",
        "url": "",
        "url2": ""
      }
    },
    {
      "type": "Feature",
      "geometry": {
        "type": "Point",
        "coordinates": [
          134.1213747,
          34.3746439
        ]
      },
      "properties": {
        "内容": "バス停: 丸山峠",
        "name": "丸山峠",
        "operator": "事業者不明",
        "ref": "",
        "url": "",
        "url2": ""
      }
    },
    {
      "type": "Feature",
      "geometry": {
        "type": "Point",
        "coordinates": [
          134.1266532,
          34.38086
        ]
      },
      "properties": {
        "内容": "バス停: 新開 (高松琴平電気鉄道)",
        "name": "新開",
        "operator": "高松琴平電気鉄道",
        "ref": "",
        "url": "",
        "url2": ""
      }
    },
    {
      "type": "Feature",
      "geometry": {
        "type": "Point",
        "coordinates": [
          134.126516,
          34.3808212
        ]
      },
      "properties": {
        "内容": "バス停: 新開 (高松琴平電気鉄道)",
        "name": "新開",
        "operator": "高松琴平電気鉄道",
        "ref": "",
        "url": "",
        "url2": ""
      }
    },
    {
      "type": "Feature",
      "geometry": {
        "type": "Point",
        "coordinates": [
          134.1269837,
          34.3842443
        ]
      },
      "properties": {
        "内容": "バス停: 庵治支所",
        "name": "庵治支所",
        "operator": "事業者不明",
        "ref": "",
        "url": "",
        "url2": ""
      }
    },
    {
      "type": "Feature",
      "geometry": {
        "type": "Point",
        "coordinates": [
          134.127089,
          34.384108
        ]
      },
      "properties": {
        "内容": "バス停: 庵治支所",
        "name": "庵治支所",
        "operator": "事業者不明",
        "ref": "",
        "url": "",
        "url2": ""
      }
    },
    {
      "type": "Feature",
      "geometry": {
        "type": "Point",
        "coordinates": [
          134.1289298,
          34.3862718
        ]
      },
      "properties": {
        "内容": "バス停: 庵治学校前",
        "name": "庵治学校前",
        "operator": "事業者不明",
        "ref": "",
        "url": "",
        "url2": ""
      }
    },
    {
      "type": "Feature",
      "geometry": {
        "type": "Point",
        "coordinates": [
          134.1290887,
          34.3864613
        ]
      },
      "properties": {
        "内容": "バス停: 庵治学校前",
        "name": "庵治学校前",
        "operator": "事業者不明",
        "ref": "",
        "url": "",
        "url2": ""
      }
    },
    {
      "type": "Feature",
      "geometry": {
        "type": "Point",
        "coordinates": [
          134.1285502,
          34.3893317
        ]
      },
      "properties": {
        "内容": "バス停: 庵治農協前",
        "name": "庵治農協前",
        "operator": "事業者不明",
        "ref": "",
        "url": "",
        "url2": ""
      }
    },
    {
      "type": "Feature",
      "geometry": {
        "type": "Point",
        "coordinates": [
          134.1286169,
          34.3894522
        ]
      },
      "properties": {
        "内容": "バス停: 庵治農協前",
        "name": "庵治農協前",
        "operator": "事業者不明",
        "ref": "",
        "url": "",
        "url2": ""
      }
    },
    {
      "type": "Feature",
      "geometry": {
        "type": "Point",
        "coordinates": [
          134.1291126,
          34.38791
        ]
      },
      "properties": {
        "内容": "バス停: 庵治保健センター前",
        "name": "庵治保健センター前",
        "operator": "事業者不明",
        "ref": "",
        "url": "",
        "url2": ""
      }
    },
    {
      "type": "Feature",
      "geometry": {
        "type": "Point",
        "coordinates": [
          134.1290887,
          34.3883578
        ]
      },
      "properties": {
        "内容": "バス停: 庵治保健センター前",
        "name": "庵治保健センター前",
        "operator": "事業者不明",
        "ref": "",
        "url": "",
        "url2": ""
      }
    },
    {
      "type": "Feature",
      "geometry": {
        "type": "Point",
        "coordinates": [
          134.1276425,
          34.3911272
        ]
      },
      "properties": {
        "内容": "バス停: 庵治漁協前",
        "name": "庵治漁協前",
        "operator": "事業者不明",
        "ref": "",
        "url": "",
        "url2": ""
      }
    },
    {
      "type": "Feature",
      "geometry": {
        "type": "Point",
        "coordinates": [
          134.1277222,
          34.3911839
        ]
      },
      "properties": {
        "内容": "バス停: 庵治漁協前",
        "name": "庵治漁協前",
        "operator": "事業者不明",
        "ref": "",
        "url": "",
        "url2": ""
      }
    },
    {
      "type": "Feature",
      "geometry": {
        "type": "Point",
        "coordinates": [
          134.127098,
          34.3927902
        ]
      },
      "properties": {
        "内容": "バス停: 庵治温泉口",
        "name": "庵治温泉口",
        "operator": "事業者不明",
        "ref": "",
        "url": "",
        "url2": ""
      }
    },
    {
      "type": "Feature",
      "geometry": {
        "type": "Point",
        "coordinates": [
          134.127016,
          34.3928102
        ]
      },
      "properties": {
        "内容": "バス停: 庵治温泉口",
        "name": "庵治温泉口",
        "operator": "事業者不明",
        "ref": "",
        "url": "",
        "url2": ""
      }
    },
    {
      "type": "Feature",
      "geometry": {
        "type": "Point",
        "coordinates": [
          134.1278599,
          34.3944938
        ]
      },
      "properties": {
        "内容": "バス停: 庵治温泉口",
        "name": "庵治温泉口",
        "operator": "事業者不明",
        "ref": "",
        "url": "",
        "url2": ""
      }
    },
    {
      "type": "Feature",
      "geometry": {
        "type": "Point",
        "coordinates": [
          134.0487012,
          34.3490735
        ]
      },
      "properties": {
        "内容": "バス停: 寿町",
        "name": "寿町",
        "operator": "事業者不明",
        "ref": "",
        "url": "",
        "url2": ""
      }
    },
    {
      "type": "Feature",
      "geometry": {
        "type": "Point",
        "coordinates": [
          134.0734557,
          34.3288378
        ]
      },
      "properties": {
        "内容": "バス停: 木太町川西",
        "name": "木太町川西",
        "operator": "事業者不明",
        "ref": "",
        "url": "",
        "url2": ""
      }
    },
    {
      "type": "Feature",
      "geometry": {
        "type": "Point",
        "coordinates": [
          134.0732756,
          34.3286221
        ]
      },
      "properties": {
        "内容": "バス停: 木太町川西",
        "name": "木太町川西",
        "operator": "事業者不明",
        "ref": "",
        "url": "",
        "url2": ""
      }
    },
    {
      "type": "Feature",
      "geometry": {
        "type": "Point",
        "coordinates": [
          134.07346,
          34.3252388
        ]
      },
      "properties": {
        "内容": "バス停: 木太町川西",
        "name": "木太町川西",
        "operator": "事業者不明",
        "ref": "",
        "url": "",
        "url2": ""
      }
    },
    {
      "type": "Feature",
      "geometry": {
        "type": "Point",
        "coordinates": [
          134.073664,
          34.3253717
        ]
      },
      "properties": {
        "内容": "バス停: 木太町川西",
        "name": "木太町川西",
        "operator": "事業者不明",
        "ref": "",
        "url": "",
        "url2": ""
      }
    },
    {
      "type": "Feature",
      "geometry": {
        "type": "Point",
        "coordinates": [
          134.0737926,
          34.3227612
        ]
      },
      "properties": {
        "内容": "バス停: ことでん林道駅",
        "name": "ことでん林道駅",
        "operator": "事業者不明",
        "ref": "",
        "url": "",
        "url2": ""
      }
    },
    {
      "type": "Feature",
      "geometry": {
        "type": "Point",
        "coordinates": [
          134.0736276,
          34.3228629
        ]
      },
      "properties": {
        "内容": "バス停: ことでん林道駅",
        "name": "ことでん林道駅",
        "operator": "事業者不明",
        "ref": "",
        "url": "",
        "url2": ""
      }
    },
    {
      "type": "Feature",
      "geometry": {
        "type": "Point",
        "coordinates": [
          134.073808,
          34.3197863
        ]
      },
      "properties": {
        "内容": "バス停: 木太南小学校",
        "name": "木太南小学校",
        "operator": "事業者不明",
        "ref": "",
        "url": "",
        "url2": ""
      }
    },
    {
      "type": "Feature",
      "geometry": {
        "type": "Point",
        "coordinates": [
          134.0736467,
          34.3199419
        ]
      },
      "properties": {
        "内容": "バス停: ことでん林道駅",
        "name": "ことでん林道駅",
        "operator": "事業者不明",
        "ref": "",
        "url": "",
        "url2": ""
      }
    },
    {
      "type": "Feature",
      "geometry": {
        "type": "Point",
        "coordinates": [
          134.0735889,
          34.3124097
        ]
      },
      "properties": {
        "内容": "バス停: ホンダカーズ香川高松中央インター店前",
        "name": "ホンダカーズ香川高松中央インター店前",
        "operator": "事業者不明",
        "ref": "",
        "url": "",
        "url2": ""
      }
    },
    {
      "type": "Feature",
      "geometry": {
        "type": "Point",
        "coordinates": [
          134.0734471,
          34.3127055
        ]
      },
      "properties": {
        "内容": "バス停: ホンダカーズ香川高松中央インター店前",
        "name": "ホンダカーズ香川高松中央インター店前",
        "operator": "事業者不明",
        "ref": "",
        "url": "",
        "url2": ""
      }
    },
    {
      "type": "Feature",
      "geometry": {
        "type": "Point",
        "coordinates": [
          134.0734945,
          34.3153381
        ]
      },
      "properties": {
        "内容": "バス停: 向井北",
        "name": "向井北",
        "operator": "事業者不明",
        "ref": "",
        "url": "",
        "url2": ""
      }
    },
    {
      "type": "Feature",
      "geometry": {
        "type": "Point",
        "coordinates": [
          134.073662,
          34.3154444
        ]
      },
      "properties": {
        "内容": "バス停: 向井北",
        "name": "向井北",
        "operator": "事業者不明",
        "ref": "",
        "url": "",
        "url2": ""
      }
    },
    {
      "type": "Feature",
      "geometry": {
        "type": "Point",
        "coordinates": [
          134.0735331,
          34.3102408
        ]
      },
      "properties": {
        "内容": "バス停: 高松中央インター北",
        "name": "高松中央インター北",
        "operator": "事業者不明",
        "ref": "",
        "url": "",
        "url2": ""
      }
    },
    {
      "type": "Feature",
      "geometry": {
        "type": "Point",
        "coordinates": [
          134.0735104,
          34.3060848
        ]
      },
      "properties": {
        "内容": "バス停: 高松中央インターバスターミナル",
        "name": "高松中央インターバスターミナル",
        "operator": "事業者不明",
        "ref": "",
        "url": "",
        "url2": ""
      }
    },
    {
      "type": "Feature",
      "geometry": {
        "type": "Point",
        "coordinates": [
          134.0719044,
          34.3049867
        ]
      },
      "properties": {
        "内容": "バス停: 高松中央インター南",
        "name": "高松中央インター南",
        "operator": "事業者不明",
        "ref": "",
        "url": "",
        "url2": ""
      }
    },
    {
      "type": "Feature",
      "geometry": {
        "type": "Point",
        "coordinates": [
          134.0733936,
          34.3104636
        ]
      },
      "properties": {
        "内容": "バス停: 高松中央インター北",
        "name": "高松中央インター北",
        "operator": "事業者不明",
        "ref": "",
        "url": "",
        "url2": ""
      }
    },
    {
      "type": "Feature",
      "geometry": {
        "type": "Point",
        "coordinates": [
          134.0715894,
          34.3029488
        ]
      },
      "properties": {
        "内容": "バス停: 林支所",
        "name": "林支所",
        "operator": "事業者不明",
        "ref": "",
        "url": "",
        "url2": ""
      }
    },
    {
      "type": "Feature",
      "geometry": {
        "type": "Point",
        "coordinates": [
          134.0818926,
          34.2997828
        ]
      },
      "properties": {
        "内容": "バス停: 下り原",
        "name": "下り原",
        "operator": "事業者不明",
        "ref": "",
        "url": "",
        "url2": ""
      }
    },
    {
      "type": "Feature",
      "geometry": {
        "type": "Point",
        "coordinates": [
          134.0818671,
          34.2997045
        ]
      },
      "properties": {
        "内容": "バス停: 下り原",
        "name": "下り原",
        "operator": "事業者不明",
        "ref": "",
        "url": "",
        "url2": ""
      }
    },
    {
      "type": "Feature",
      "geometry": {
        "type": "Point",
        "coordinates": [
          134.0857788,
          34.2987048
        ]
      },
      "properties": {
        "内容": "バス停: 林新道",
        "name": "林新道",
        "operator": "事業者不明",
        "ref": "",
        "url": "",
        "url2": ""
      }
    },
    {
      "type": "Feature",
      "geometry": {
        "type": "Point",
        "coordinates": [
          134.0861968,
          34.2984232
        ]
      },
      "properties": {
        "内容": "バス停: 林新道",
        "name": "林新道",
        "operator": "事業者不明",
        "ref": "",
        "url": "",
        "url2": ""
      }
    },
    {
      "type": "Feature",
      "geometry": {
        "type": "Point",
        "coordinates": [
          134.0833449,
          34.2914957
        ]
      },
      "properties": {
        "内容": "バス停: 六条",
        "name": "六条",
        "operator": "事業者不明",
        "ref": "",
        "url": "",
        "url2": ""
      }
    },
    {
      "type": "Feature",
      "geometry": {
        "type": "Point",
        "coordinates": [
          134.0832618,
          34.2915617
        ]
      },
      "properties": {
        "内容": "バス停: 六条",
        "name": "六条",
        "operator": "事業者不明",
        "ref": "",
        "url": "",
        "url2": ""
      }
    },
    {
      "type": "Feature",
      "geometry": {
        "type": "Point",
        "coordinates": [
          134.1017369,
          34.2757485
        ]
      },
      "properties": {
        "内容": "バス停: 十河小学校前",
        "name": "十河小学校前",
        "operator": "事業者不明",
        "ref": "",
        "url": "",
        "url2": ""
      }
    },
    {
      "type": "Feature",
      "geometry": {
        "type": "Point",
        "coordinates": [
          134.101929,
          34.2757974
        ]
      },
      "properties": {
        "内容": "バス停: 十河小学校前",
        "name": "十河小学校前",
        "operator": "事業者不明",
        "ref": "",
        "url": "",
        "url2": ""
      }
    },
    {
      "type": "Feature",
      "geometry": {
        "type": "Point",
        "coordinates": [
          134.0884688,
          34.276742
        ]
      },
      "properties": {
        "内容": "バス停: 川島小学校前",
        "name": "川島小学校前",
        "operator": "事業者不明",
        "ref": "",
        "url": "",
        "url2": ""
      }
    },
    {
      "type": "Feature",
      "geometry": {
        "type": "Point",
        "coordinates": [
          134.0884299,
          34.2768266
        ]
      },
      "properties": {
        "内容": "バス停: 川島小学校前",
        "name": "川島小学校前",
        "operator": "事業者不明",
        "ref": "",
        "url": "",
        "url2": ""
      }
    },
    {
      "type": "Feature",
      "geometry": {
        "type": "Point",
        "coordinates": [
          134.0846589,
          34.2821374
        ]
      },
      "properties": {
        "内容": "バス停: 切戸",
        "name": "切戸",
        "operator": "事業者不明",
        "ref": "",
        "url": "",
        "url2": ""
      }
    },
    {
      "type": "Feature",
      "geometry": {
        "type": "Point",
        "coordinates": [
          134.0845169,
          34.2823507
        ]
      },
      "properties": {
        "内容": "バス停: 切戸",
        "name": "切戸",
        "operator": "事業者不明",
        "ref": "",
        "url": "",
        "url2": ""
      }
    },
    {
      "type": "Feature",
      "geometry": {
        "type": "Point",
        "coordinates": [
          134.0850768,
          34.2866593
        ]
      },
      "properties": {
        "内容": "バス停: 由良",
        "name": "由良",
        "operator": "事業者不明",
        "ref": "",
        "url": "",
        "url2": ""
      }
    },
    {
      "type": "Feature",
      "geometry": {
        "type": "Point",
        "coordinates": [
          134.0851926,
          34.287083
        ]
      },
      "properties": {
        "内容": "バス停: 由良",
        "name": "由良",
        "operator": "事業者不明",
        "ref": "",
        "url": "",
        "url2": ""
      }
    },
    {
      "type": "Feature",
      "geometry": {
        "type": "Point",
        "coordinates": [
          134.0841546,
          34.2779819
        ]
      },
      "properties": {
        "内容": "バス停: 川島",
        "name": "川島",
        "operator": "事業者不明",
        "ref": "",
        "url": "",
        "url2": ""
      }
    },
    {
      "type": "Feature",
      "geometry": {
        "type": "Point",
        "coordinates": [
          134.0842787,
          34.2778579
        ]
      },
      "properties": {
        "内容": "バス停: 川島",
        "name": "川島",
        "operator": "事業者不明",
        "ref": "",
        "url": "",
        "url2": ""
      }
    },
    {
      "type": "Feature",
      "geometry": {
        "type": "Point",
        "coordinates": [
          134.095576,
          34.2766007
        ]
      },
      "properties": {
        "内容": "バス停: 川島東町",
        "name": "川島東町",
        "operator": "事業者不明",
        "ref": "",
        "url": "",
        "url2": ""
      }
    },
    {
      "type": "Feature",
      "geometry": {
        "type": "Point",
        "coordinates": [
          134.0945377,
          34.2768541
        ]
      },
      "properties": {
        "内容": "バス停: 川島東町",
        "name": "川島東町",
        "operator": "事業者不明",
        "ref": "",
        "url": "",
        "url2": ""
      }
    },
    {
      "type": "Feature",
      "geometry": {
        "type": "Point",
        "coordinates": [
          134.1088066,
          34.2703941
        ]
      },
      "properties": {
        "内容": "バス停: フジグラン十川",
        "name": "フジグラン十川",
        "operator": "事業者不明",
        "ref": "",
        "url": "",
        "url2": ""
      }
    },
    {
      "type": "Feature",
      "geometry": {
        "type": "Point",
        "coordinates": [
          134.0848132,
          34.2649486
        ]
      },
      "properties": {
        "内容": "バス停: 市場",
        "name": "市場",
        "operator": "事業者不明",
        "ref": "",
        "url": "",
        "url2": ""
      }
    },
    {
      "type": "Feature",
      "geometry": {
        "type": "Point",
        "coordinates": [
          134.0846305,
          34.2655008
        ]
      },
      "properties": {
        "内容": "バス停: 市場",
        "name": "市場",
        "operator": "事業者不明",
        "ref": "",
        "url": "",
        "url2": ""
      }
    },
    {
      "type": "Feature",
      "geometry": {
        "type": "Point",
        "coordinates": [
          134.0842983,
          34.2707757
        ]
      },
      "properties": {
        "内容": "バス停: 川西",
        "name": "川西",
        "operator": "事業者不明",
        "ref": "",
        "url": "",
        "url2": ""
      }
    },
    {
      "type": "Feature",
      "geometry": {
        "type": "Point",
        "coordinates": [
          134.0842014,
          34.2707209
        ]
      },
      "properties": {
        "内容": "バス停: 川西",
        "name": "川西",
        "operator": "事業者不明",
        "ref": "",
        "url": "",
        "url2": ""
      }
    },
    {
      "type": "Feature",
      "geometry": {
        "type": "Point",
        "coordinates": [
          134.0861352,
          34.257786
        ]
      },
      "properties": {
        "内容": "バス停: 池田",
        "name": "池田",
        "operator": "事業者不明",
        "ref": "",
        "url": "",
        "url2": ""
      }
    },
    {
      "type": "Feature",
      "geometry": {
        "type": "Point",
        "coordinates": [
          134.0847466,
          34.2501948
        ]
      },
      "properties": {
        "内容": "バス停: 稗田",
        "name": "稗田",
        "operator": "事業者不明",
        "ref": "",
        "url": "",
        "url2": ""
      }
    },
    {
      "type": "Feature",
      "geometry": {
        "type": "Point",
        "coordinates": [
          134.085903,
          34.2581068
        ]
      },
      "properties": {
        "内容": "バス停: 池田",
        "name": "池田",
        "operator": "事業者不明",
        "ref": "",
        "url": "",
        "url2": ""
      }
    },
    {
      "type": "Feature",
      "geometry": {
        "type": "Point",
        "coordinates": [
          134.0848495,
          34.2501702
        ]
      },
      "properties": {
        "内容": "バス停: 稗田",
        "name": "稗田",
        "operator": "事業者不明",
        "ref": "",
        "url": "",
        "url2": ""
      }
    },
    {
      "type": "Feature",
      "geometry": {
        "type": "Point",
        "coordinates": [
          134.0840601,
          34.2470841
        ]
      },
      "properties": {
        "内容": "バス停: 大亀",
        "name": "大亀",
        "operator": "事業者不明",
        "ref": "",
        "url": "",
        "url2": ""
      }
    },
    {
      "type": "Feature",
      "geometry": {
        "type": "Point",
        "coordinates": [
          134.0839378,
          34.2470892
        ]
      },
      "properties": {
        "内容": "バス停: 大亀",
        "name": "大亀",
        "operator": "事業者不明",
        "ref": "",
        "url": "",
        "url2": ""
      }
    },
    {
      "type": "Feature",
      "geometry": {
        "type": "Point",
        "coordinates": [
          134.0787405,
          34.2417056
        ]
      },
      "properties": {
        "内容": "バス停: 本村下",
        "name": "本村下",
        "operator": "事業者不明",
        "ref": "",
        "url": "",
        "url2": ""
      }
    },
    {
      "type": "Feature",
      "geometry": {
        "type": "Point",
        "coordinates": [
          134.0788051,
          34.2416313
        ]
      },
      "properties": {
        "内容": "バス停: 本村下",
        "name": "本村下",
        "operator": "事業者不明",
        "ref": "",
        "url": "",
        "url2": ""
      }
    },
    {
      "type": "Feature",
      "geometry": {
        "type": "Point",
        "coordinates": [
          134.0769854,
          34.2397349
        ]
      },
      "properties": {
        "内容": "バス停: 西植田",
        "name": "西植田",
        "operator": "事業者不明",
        "ref": "",
        "url": "",
        "url2": ""
      }
    },
    {
      "type": "Feature",
      "geometry": {
        "type": "Point",
        "coordinates": [
          134.0769851,
          34.2952905
        ]
      },
      "properties": {
        "内容": "バス停: サンメッセ東",
        "name": "サンメッセ東",
        "operator": "事業者不明",
        "ref": "",
        "url": "",
        "url2": ""
      }
    },
    {
      "type": "Feature",
      "geometry": {
        "type": "Point",
        "coordinates": [
          134.0764057,
          34.2953578
        ]
      },
      "properties": {
        "内容": "バス停: サンメッセ東",
        "name": "サンメッセ東",
        "operator": "事業者不明",
        "ref": "",
        "url": "",
        "url2": ""
      }
    },
    {
      "type": "Feature",
      "geometry": {
        "type": "Point",
        "coordinates": [
          134.0747413,
          34.2949275
        ]
      },
      "properties": {
        "内容": "バス停: サンメッセ香川",
        "name": "サンメッセ香川",
        "operator": "事業者不明",
        "ref": "",
        "url": "",
        "url2": ""
      }
    },
    {
      "type": "Feature",
      "geometry": {
        "type": "Point",
        "coordinates": [
          134.0738864,
          34.2953988
        ]
      },
      "properties": {
        "内容": "バス停: サンメッセ香川",
        "name": "サンメッセ香川",
        "operator": "事業者不明",
        "ref": "",
        "url": "",
        "url2": ""
      }
    },
    {
      "type": "Feature",
      "geometry": {
        "type": "Point",
        "coordinates": [
          134.0685781,
          34.2940237
        ]
      },
      "properties": {
        "内容": "バス停: サンメッセ西",
        "name": "サンメッセ西",
        "operator": "事業者不明",
        "ref": "",
        "url": "",
        "url2": ""
      }
    },
    {
      "type": "Feature",
      "geometry": {
        "type": "Point",
        "coordinates": [
          134.0730672,
          34.2946752
        ]
      },
      "properties": {
        "内容": "バス停: サンメッセ香川",
        "name": "サンメッセ香川",
        "operator": "事業者不明",
        "ref": "",
        "url": "",
        "url2": ""
      }
    },
    {
      "type": "Feature",
      "geometry": {
        "type": "Point",
        "coordinates": [
          134.0614134,
          34.3145808
        ]
      },
      "properties": {
        "内容": "バス停: 西松屋前",
        "name": "西松屋前",
        "operator": "事業者不明",
        "ref": "",
        "url": "",
        "url2": ""
      }
    },
    {
      "type": "Feature",
      "geometry": {
        "type": "Point",
        "coordinates": [
          134.0612495,
          34.3146313
        ]
      },
      "properties": {
        "内容": "バス停: 西松屋前",
        "name": "西松屋前",
        "operator": "事業者不明",
        "ref": "",
        "url": "",
        "url2": ""
      }
    },
    {
      "type": "Feature",
      "geometry": {
        "type": "Point",
        "coordinates": [
          134.059425,
          34.3054955
        ]
      },
      "properties": {
        "内容": "バス停: アイアイイスズ・ドリーム前",
        "name": "アイアイイスズ・ドリーム前",
        "operator": "事業者不明",
        "ref": "",
        "url": "",
        "url2": ""
      }
    },
    {
      "type": "Feature",
      "geometry": {
        "type": "Point",
        "coordinates": [
          134.0592852,
          34.3057332
        ]
      },
      "properties": {
        "内容": "バス停: アイアイイスズ・ドリーム前",
        "name": "アイアイイスズ・ドリーム前",
        "operator": "事業者不明",
        "ref": "",
        "url": "",
        "url2": ""
      }
    },
    {
      "type": "Feature",
      "geometry": {
        "type": "Point",
        "coordinates": [
          134.0588704,
          34.3024859
        ]
      },
      "properties": {
        "内容": "バス停: ふーずらんど前",
        "name": "ふーずらんど前",
        "operator": "事業者不明",
        "ref": "",
        "url": "",
        "url2": ""
      }
    },
    {
      "type": "Feature",
      "geometry": {
        "type": "Point",
        "coordinates": [
          134.0588001,
          34.3030598
        ]
      },
      "properties": {
        "内容": "バス停: ふーずらんど前",
        "name": "ふーずらんど前",
        "operator": "事業者不明",
        "ref": "",
        "url": "",
        "url2": ""
      }
    },
    {
      "type": "Feature",
      "geometry": {
        "type": "Point",
        "coordinates": [
          134.0572788,
          34.2951623
        ]
      },
      "properties": {
        "内容": "バス停: 香川県済生会病院・高松桜井高校前",
        "name": "香川県済生会病院・高松桜井高校前",
        "operator": "事業者不明",
        "ref": "",
        "url": "",
        "url2": ""
      }
    },
    {
      "type": "Feature",
      "geometry": {
        "type": "Point",
        "coordinates": [
          134.0574326,
          34.2952195
        ]
      },
      "properties": {
        "内容": "バス停: 香川県済生会病院・高松桜井高校前",
        "name": "香川県済生会病院・高松桜井高校前",
        "operator": "事業者不明",
        "ref": "",
        "url": "",
        "url2": ""
      }
    },
    {
      "type": "Feature",
      "geometry": {
        "type": "Point",
        "coordinates": [
          134.058328,
          34.2999172
        ]
      },
      "properties": {
        "内容": "バス停: パワーシティレインボー店前",
        "name": "パワーシティレインボー店前",
        "operator": "事業者不明",
        "ref": "",
        "url": "",
        "url2": ""
      }
    },
    {
      "type": "Feature",
      "geometry": {
        "type": "Point",
        "coordinates": [
          134.0582272,
          34.3000003
        ]
      },
      "properties": {
        "内容": "バス停: パワーシティレインボー店前",
        "name": "パワーシティレインボー店前",
        "operator": "事業者不明",
        "ref": "",
        "url": "",
        "url2": ""
      }
    },
    {
      "type": "Feature",
      "geometry": {
        "type": "Point",
        "coordinates": [
          134.0584837,
          34.2930764
        ]
      },
      "properties": {
        "内容": "バス停: 桜木神社前",
        "name": "桜木神社前",
        "operator": "事業者不明",
        "ref": "",
        "url": "",
        "url2": ""
      }
    },
    {
      "type": "Feature",
      "geometry": {
        "type": "Point",
        "coordinates": [
          134.0599825,
          34.2928405
        ]
      },
      "properties": {
        "内容": "バス停: 桜木神社前",
        "name": "桜木神社前",
        "operator": "事業者不明",
        "ref": "",
        "url": "",
        "url2": ""
      }
    },
    {
      "type": "Feature",
      "geometry": {
        "type": "Point",
        "coordinates": [
          134.0639136,
          34.2935034
        ]
      },
      "properties": {
        "内容": "バス停: 香川大学創造工学部前",
        "name": "香川大学創造工学部前",
        "operator": "事業者不明",
        "ref": "",
        "url": "",
        "url2": ""
      }
    },
    {
      "type": "Feature",
      "geometry": {
        "type": "Point",
        "coordinates": [
          134.0636436,
          34.2932804
        ]
      },
      "properties": {
        "内容": "バス停: 香川大学創造工学部前",
        "name": "香川大学創造工学部前",
        "operator": "事業者不明",
        "ref": "",
        "url": "",
        "url2": ""
      }
    },
    {
      "type": "Feature",
      "geometry": {
        "type": "Point",
        "coordinates": [
          134.066424,
          34.2938757
        ]
      },
      "properties": {
        "内容": "バス停: 県立図書館・文書館前",
        "name": "県立図書館・文書館前",
        "operator": "事業者不明",
        "ref": "",
        "url": "",
        "url2": ""
      }
    },
    {
      "type": "Feature",
      "geometry": {
        "type": "Point",
        "coordinates": [
          134.0664497,
          34.2937251
        ]
      },
      "properties": {
        "内容": "バス停: 県立図書館・文書館前",
        "name": "県立図書館・文書館前",
        "operator": "事業者不明",
        "ref": "",
        "url": "",
        "url2": ""
      }
    },
    {
      "type": "Feature",
      "geometry": {
        "type": "Point",
        "coordinates": [
          134.0725001,
          34.3231125
        ]
      },
      "properties": {
        "内容": "バス停: 札場",
        "name": "札場",
        "operator": "事業者不明",
        "ref": "",
        "url": "",
        "url2": ""
      }
    },
    {
      "type": "Feature",
      "geometry": {
        "type": "Point",
        "coordinates": [
          134.0721773,
          34.319205
        ]
      },
      "properties": {
        "内容": "バス停: 八坂前",
        "name": "八坂前",
        "operator": "事業者不明",
        "ref": "",
        "url": "",
        "url2": ""
      }
    },
    {
      "type": "Feature",
      "geometry": {
        "type": "Point",
        "coordinates": [
          134.0720522,
          34.31924
        ]
      },
      "properties": {
        "内容": "バス停: 八坂前",
        "name": "八坂前",
        "operator": "事業者不明",
        "ref": "",
        "url": "",
        "url2": ""
      }
    },
    {
      "type": "Feature",
      "geometry": {
        "type": "Point",
        "coordinates": [
          134.0710327,
          34.3148264
        ]
      },
      "properties": {
        "内容": "バス停: 宮前公民館前",
        "name": "宮前公民館前",
        "operator": "事業者不明",
        "ref": "",
        "url": "",
        "url2": ""
      }
    },
    {
      "type": "Feature",
      "geometry": {
        "type": "Point",
        "coordinates": [
          134.0709258,
          34.3148341
        ]
      },
      "properties": {
        "内容": "バス停: 宮前公民館前",
        "name": "宮前公民館前",
        "operator": "事業者不明",
        "ref": "",
        "url": "",
        "url2": ""
      }
    },
    {
      "type": "Feature",
      "geometry": {
        "type": "Point",
        "coordinates": [
          134.0708205,
          34.3101552
        ]
      },
      "properties": {
        "内容": "バス停: 大池",
        "name": "大池",
        "operator": "事業者不明",
        "ref": "",
        "url": "",
        "url2": ""
      }
    },
    {
      "type": "Feature",
      "geometry": {
        "type": "Point",
        "coordinates": [
          134.0707182,
          34.3102262
        ]
      },
      "properties": {
        "内容": "バス停: 大池",
        "name": "大池",
        "operator": "事業者不明",
        "ref": "",
        "url": "",
        "url2": ""
      }
    },
    {
      "type": "Feature",
      "geometry": {
        "type": "Point",
        "coordinates": [
          134.0706646,
          34.3063034
        ]
      },
      "properties": {
        "内容": "バス停: さこ",
        "name": "さこ",
        "operator": "事業者不明",
        "ref": "",
        "url": "",
        "url2": ""
      }
    },
    {
      "type": "Feature",
      "geometry": {
        "type": "Point",
        "coordinates": [
          134.0723958,
          34.3233975
        ]
      },
      "properties": {
        "内容": "バス停: 札場",
        "name": "札場",
        "operator": "事業者不明",
        "ref": "",
        "url": "",
        "url2": ""
      }
    },
    {
      "type": "Feature",
      "geometry": {
        "type": "Point",
        "coordinates": [
          134.0482104,
          34.3399316
        ]
      },
      "properties": {
        "内容": "バス停: 南新町",
        "name": "南新町",
        "operator": "事業者不明",
        "ref": "",
        "url": "",
        "url2": ""
      }
    },
    {
      "type": "Feature",
      "geometry": {
        "type": "Point",
        "coordinates": [
          134.050209,
          34.3470514
        ]
      },
      "properties": {
        "内容": "バス停: 三越前",
        "name": "三越前",
        "operator": "事業者不明",
        "ref": "",
        "url": "",
        "url2": ""
      }
    },
    {
      "type": "Feature",
      "geometry": {
        "type": "Point",
        "coordinates": [
          134.0565631,
          34.3452091
        ]
      },
      "properties": {
        "内容": "バス停: 井口町",
        "name": "井口町",
        "operator": "事業者不明",
        "ref": "",
        "url": "",
        "url2": ""
      }
    },
    {
      "type": "Feature",
      "geometry": {
        "type": "Point",
        "coordinates": [
          134.0689921,
          34.3431856
        ]
      },
      "properties": {
        "内容": "バス停: 沖松島",
        "name": "沖松島",
        "operator": "事業者不明",
        "ref": "",
        "url": "",
        "url2": ""
      }
    },
    {
      "type": "Feature",
      "geometry": {
        "type": "Point",
        "coordinates": [
          134.0638027,
          34.3439704
        ]
      },
      "properties": {
        "内容": "バス停: 県立体育館前",
        "name": "県立体育館前",
        "operator": "事業者不明",
        "ref": "",
        "url": "",
        "url2": ""
      }
    },
    {
      "type": "Feature",
      "geometry": {
        "type": "Point",
        "coordinates": [
          134.0643189,
          34.3437903
        ]
      },
      "properties": {
        "内容": "バス停: 県立体育館前",
        "name": "県立体育館前",
        "operator": "事業者不明",
        "ref": "",
        "url": "",
        "url2": ""
      }
    },
    {
      "type": "Feature",
      "geometry": {
        "type": "Point",
        "coordinates": [
          134.0685005,
          34.343168
        ]
      },
      "properties": {
        "内容": "バス停: 沖松島",
        "name": "沖松島",
        "operator": "事業者不明",
        "ref": "",
        "url": "",
        "url2": ""
      }
    },
    {
      "type": "Feature",
      "geometry": {
        "type": "Point",
        "coordinates": [
          134.0741847,
          34.3452078
        ]
      },
      "properties": {
        "内容": "バス停: 歯科医療センター・イオン高松東店",
        "name": "歯科医療センター・イオン高松東店",
        "operator": "事業者不明",
        "ref": "",
        "url": "",
        "url2": ""
      }
    },
    {
      "type": "Feature",
      "geometry": {
        "type": "Point",
        "coordinates": [
          134.0742559,
          34.3449502
        ]
      },
      "properties": {
        "内容": "バス停: 歯科医療センター・イオン高松東店",
        "name": "歯科医療センター・イオン高松東店",
        "operator": "事業者不明",
        "ref": "",
        "url": "",
        "url2": ""
      }
    },
    {
      "type": "Feature",
      "geometry": {
        "type": "Point",
        "coordinates": [
          134.0737111,
          34.3432217
        ]
      },
      "properties": {
        "内容": "バス停: 市立体育館前",
        "name": "市立体育館前",
        "operator": "事業者不明",
        "ref": "",
        "url": "",
        "url2": ""
      }
    },
    {
      "type": "Feature",
      "geometry": {
        "type": "Point",
        "coordinates": [
          134.0734597,
          34.3429161
        ]
      },
      "properties": {
        "内容": "バス停: 市立体育館前",
        "name": "市立体育館前",
        "operator": "事業者不明",
        "ref": "",
        "url": "",
        "url2": ""
      }
    },
    {
      "type": "Feature",
      "geometry": {
        "type": "Point",
        "coordinates": [
          134.0862076,
          34.3472415
        ]
      },
      "properties": {
        "内容": "バス停: 高松テルサ",
        "name": "高松テルサ",
        "operator": "事業者不明",
        "ref": "",
        "url": "",
        "url2": ""
      }
    },
    {
      "type": "Feature",
      "geometry": {
        "type": "Point",
        "coordinates": [
          134.0858679,
          34.3470737
        ]
      },
      "properties": {
        "内容": "バス停: 高松テルサ",
        "name": "高松テルサ",
        "operator": "事業者不明",
        "ref": "",
        "url": "",
        "url2": ""
      }
    },
    {
      "type": "Feature",
      "geometry": {
        "type": "Point",
        "coordinates": [
          134.0889821,
          34.3479114
        ]
      },
      "properties": {
        "内容": "バス停: シーサイドテニスクラブ前",
        "name": "シーサイドテニスクラブ前",
        "operator": "事業者不明",
        "ref": "",
        "url": "",
        "url2": ""
      }
    },
    {
      "type": "Feature",
      "geometry": {
        "type": "Point",
        "coordinates": [
          134.0896584,
          34.3524286
        ]
      },
      "properties": {
        "内容": "バス停: 屋島西小学校前",
        "name": "屋島西小学校前",
        "operator": "事業者不明",
        "ref": "",
        "url": "",
        "url2": ""
      }
    },
    {
      "type": "Feature",
      "geometry": {
        "type": "Point",
        "coordinates": [
          134.0895307,
          34.3523139
        ]
      },
      "properties": {
        "内容": "バス停: 屋島西小学校前",
        "name": "屋島西小学校前",
        "operator": "事業者不明",
        "ref": "",
        "url": "",
        "url2": ""
      }
    },
    {
      "type": "Feature",
      "geometry": {
        "type": "Point",
        "coordinates": [
          134.0888851,
          34.3477168
        ]
      },
      "properties": {
        "内容": "バス停: シーサイドテニスクラブ前",
        "name": "シーサイドテニスクラブ前",
        "operator": "事業者不明",
        "ref": "",
        "url": "",
        "url2": ""
      }
    },
    {
      "type": "Feature",
      "geometry": {
        "type": "Point",
        "coordinates": [
          134.0909951,
          34.357187
        ]
      },
      "properties": {
        "内容": "バス停: 浜北",
        "name": "浜北",
        "operator": "事業者不明",
        "ref": "",
        "url": "",
        "url2": ""
      }
    },
    {
      "type": "Feature",
      "geometry": {
        "type": "Point",
        "coordinates": [
          134.0908865,
          34.3572255
        ]
      },
      "properties": {
        "内容": "バス停: 浜北",
        "name": "浜北",
        "operator": "事業者不明",
        "ref": "",
        "url": "",
        "url2": ""
      }
    },
    {
      "type": "Feature",
      "geometry": {
        "type": "Point",
        "coordinates": [
          134.0890057,
          34.3496477
        ]
      },
      "properties": {
        "内容": "バス停: 屋島西団地前",
        "name": "屋島西団地前",
        "operator": "事業者不明",
        "ref": "",
        "url": "",
        "url2": ""
      }
    },
    {
      "type": "Feature",
      "geometry": {
        "type": "Point",
        "coordinates": [
          134.0888743,
          34.349762
        ]
      },
      "properties": {
        "内容": "バス停: 屋島西団地前",
        "name": "屋島西団地前",
        "operator": "事業者不明",
        "ref": "",
        "url": "",
        "url2": ""
      }
    },
    {
      "type": "Feature",
      "geometry": {
        "type": "Point",
        "coordinates": [
          134.0900466,
          34.353883
        ]
      },
      "properties": {
        "内容": "バス停: 亥の浜公園",
        "name": "亥の浜公園",
        "operator": "事業者不明",
        "ref": "",
        "url": "",
        "url2": ""
      }
    },
    {
      "type": "Feature",
      "geometry": {
        "type": "Point",
        "coordinates": [
          134.0899746,
          34.3538981
        ]
      },
      "properties": {
        "内容": "バス停: 亥の浜公園",
        "name": "亥の浜公園",
        "operator": "事業者不明",
        "ref": "",
        "url": "",
        "url2": ""
      }
    },
    {
      "type": "Feature",
      "geometry": {
        "type": "Point",
        "coordinates": [
          134.0907137,
          34.3615071
        ]
      },
      "properties": {
        "内容": "バス停: 健康ランド前",
        "name": "健康ランド前",
        "operator": "事業者不明",
        "ref": "",
        "url": "",
        "url2": ""
      }
    },
    {
      "type": "Feature",
      "geometry": {
        "type": "Point",
        "coordinates": [
          134.0364036,
          34.3177063
        ]
      },
      "properties": {
        "内容": "バス停: 紙町",
        "name": "紙町",
        "operator": "事業者不明",
        "ref": "",
        "url": "",
        "url2": ""
      }
    },
    {
      "type": "Feature",
      "geometry": {
        "type": "Point",
        "coordinates": [
          134.0354453,
          34.313303
        ]
      },
      "properties": {
        "内容": "バス停: みどろ",
        "name": "みどろ",
        "operator": "事業者不明",
        "ref": "",
        "url": "",
        "url2": ""
      }
    },
    {
      "type": "Feature",
      "geometry": {
        "type": "Point",
        "coordinates": [
          134.0305619,
          34.297776
        ]
      },
      "properties": {
        "内容": "バス停: 上鹿角",
        "name": "上鹿角",
        "operator": "事業者不明",
        "ref": "",
        "url": "",
        "url2": ""
      }
    },
    {
      "type": "Feature",
      "geometry": {
        "type": "Point",
        "coordinates": [
          134.0364904,
          34.3176841
        ]
      },
      "properties": {
        "内容": "バス停: 紙町",
        "name": "紙町",
        "operator": "事業者不明",
        "ref": "",
        "url": "",
        "url2": ""
      }
    },
    {
      "type": "Feature",
      "geometry": {
        "type": "Point",
        "coordinates": [
          134.0353362,
          34.3133208
        ]
      },
      "properties": {
        "内容": "バス停: みどろ",
        "name": "みどろ",
        "operator": "事業者不明",
        "ref": "",
        "url": "",
        "url2": ""
      }
    },
    {
      "type": "Feature",
      "geometry": {
        "type": "Point",
        "coordinates": [
          134.0331239,
          34.3057612
        ]
      },
      "properties": {
        "内容": "バス停: 養護学校前",
        "name": "養護学校前",
        "operator": "事業者不明",
        "ref": "",
        "url": "",
        "url2": ""
      }
    },
    {
      "type": "Feature",
      "geometry": {
        "type": "Point",
        "coordinates": [
          134.0337291,
          34.3085992
        ]
      },
      "properties": {
        "内容": "バス停: 横田",
        "name": "横田",
        "operator": "事業者不明",
        "ref": "",
        "url": "",
        "url2": ""
      }
    },
    {
      "type": "Feature",
      "geometry": {
        "type": "Point",
        "coordinates": [
          134.0338548,
          34.3085739
        ]
      },
      "properties": {
        "内容": "バス停: 横田",
        "name": "横田",
        "operator": "事業者不明",
        "ref": "",
        "url": "",
        "url2": ""
      }
    },
    {
      "type": "Feature",
      "geometry": {
        "type": "Point",
        "coordinates": [
          134.0332691,
          34.3057302
        ]
      },
      "properties": {
        "内容": "バス停: 養護学校前",
        "name": "養護学校前",
        "operator": "事業者不明",
        "ref": "",
        "url": "",
        "url2": ""
      }
    },
    {
      "type": "Feature",
      "geometry": {
        "type": "Point",
        "coordinates": [
          134.0327627,
          34.3037554
        ]
      },
      "properties": {
        "内容": "バス停: 三角",
        "name": "三角",
        "operator": "事業者不明",
        "ref": "",
        "url": "",
        "url2": ""
      }
    },
    {
      "type": "Feature",
      "geometry": {
        "type": "Point",
        "coordinates": [
          134.0328643,
          34.3037427
        ]
      },
      "properties": {
        "内容": "バス停: 三角",
        "name": "三角",
        "operator": "事業者不明",
        "ref": "",
        "url": "",
        "url2": ""
      }
    },
    {
      "type": "Feature",
      "geometry": {
        "type": "Point",
        "coordinates": [
          134.0323855,
          34.3022997
        ]
      },
      "properties": {
        "内容": "バス停: 鹿角",
        "name": "鹿角",
        "operator": "事業者不明",
        "ref": "",
        "url": "",
        "url2": ""
      }
    },
    {
      "type": "Feature",
      "geometry": {
        "type": "Point",
        "coordinates": [
          134.032497,
          34.3022766
        ]
      },
      "properties": {
        "内容": "バス停: 鹿角",
        "name": "鹿角",
        "operator": "事業者不明",
        "ref": "",
        "url": "",
        "url2": ""
      }
    },
    {
      "type": "Feature",
      "geometry": {
        "type": "Point",
        "coordinates": [
          134.0292119,
          34.2935641
        ]
      },
      "properties": {
        "内容": "バス停: 下大内",
        "name": "下大内",
        "operator": "事業者不明",
        "ref": "",
        "url": "",
        "url2": ""
      }
    },
    {
      "type": "Feature",
      "geometry": {
        "type": "Point",
        "coordinates": [
          134.0291026,
          34.2935728
        ]
      },
      "properties": {
        "内容": "バス停: 下大内",
        "name": "下大内",
        "operator": "事業者不明",
        "ref": "",
        "url": "",
        "url2": ""
      }
    },
    {
      "type": "Feature",
      "geometry": {
        "type": "Point",
        "coordinates": [
          134.0306707,
          34.2977582
        ]
      },
      "properties": {
        "内容": "バス停: 上鹿角",
        "name": "上鹿角",
        "operator": "事業者不明",
        "ref": "",
        "url": "",
        "url2": ""
      }
    },
    {
      "type": "Feature",
      "geometry": {
        "type": "Point",
        "coordinates": [
          134.0286691,
          34.291809
        ]
      },
      "properties": {
        "内容": "バス停: 特別養護老人ホーム一宮の里前",
        "name": "特別養護老人ホーム一宮の里前",
        "operator": "事業者不明",
        "ref": "",
        "url": "",
        "url2": ""
      }
    },
    {
      "type": "Feature",
      "geometry": {
        "type": "Point",
        "coordinates": [
          134.0288214,
          34.292084
        ]
      },
      "properties": {
        "内容": "バス停: 特別養護老人ホーム一宮の里前",
        "name": "特別養護老人ホーム一宮の里前",
        "operator": "事業者不明",
        "ref": "",
        "url": "",
        "url2": ""
      }
    },
    {
      "type": "Feature",
      "geometry": {
        "type": "Point",
        "coordinates": [
          134.0284423,
          34.2856204
        ]
      },
      "properties": {
        "内容": "バス停: 一宮",
        "name": "一宮",
        "operator": "事業者不明",
        "ref": "",
        "url": "",
        "url2": ""
      }
    },
    {
      "type": "Feature",
      "geometry": {
        "type": "Point",
        "coordinates": [
          134.0284975,
          34.2856208
        ]
      },
      "properties": {
        "内容": "バス停: 一宮",
        "name": "一宮",
        "operator": "事業者不明",
        "ref": "",
        "url": "",
        "url2": ""
      }
    },
    {
      "type": "Feature",
      "geometry": {
        "type": "Point",
        "coordinates": [
          134.0269634,
          34.276595
        ]
      },
      "properties": {
        "内容": "バス停: 二本坊",
        "name": "二本坊",
        "operator": "事業者不明",
        "ref": "",
        "url": "",
        "url2": ""
      }
    },
    {
      "type": "Feature",
      "geometry": {
        "type": "Point",
        "coordinates": [
          134.0252269,
          34.266852
        ]
      },
      "properties": {
        "内容": "バス停: 大野",
        "name": "大野",
        "operator": "事業者不明",
        "ref": "",
        "url": "",
        "url2": ""
      }
    },
    {
      "type": "Feature",
      "geometry": {
        "type": "Point",
        "coordinates": [
          134.0270481,
          34.2765793
        ]
      },
      "properties": {
        "内容": "バス停: 二本坊",
        "name": "二本坊",
        "operator": "事業者不明",
        "ref": "",
        "url": "",
        "url2": ""
      }
    },
    {
      "type": "Feature",
      "geometry": {
        "type": "Point",
        "coordinates": [
          134.0278038,
          34.2822608
        ]
      },
      "properties": {
        "内容": "バス停: 寺井団地前",
        "name": "寺井団地前",
        "operator": "事業者不明",
        "ref": "",
        "url": "",
        "url2": ""
      }
    },
    {
      "type": "Feature",
      "geometry": {
        "type": "Point",
        "coordinates": [
          134.0276843,
          34.2822975
        ]
      },
      "properties": {
        "内容": "バス停: 寺井団地前",
        "name": "寺井団地前",
        "operator": "事業者不明",
        "ref": "",
        "url": "",
        "url2": ""
      }
    },
    {
      "type": "Feature",
      "geometry": {
        "type": "Point",
        "coordinates": [
          134.0260172,
          34.2711996
        ]
      },
      "properties": {
        "内容": "バス停: 香川団地前",
        "name": "香川団地前",
        "operator": "事業者不明",
        "ref": "",
        "url": "",
        "url2": ""
      }
    },
    {
      "type": "Feature",
      "geometry": {
        "type": "Point",
        "coordinates": [
          134.0258797,
          34.2712582
        ]
      },
      "properties": {
        "内容": "バス停: 香川団地前",
        "name": "香川団地前",
        "operator": "事業者不明",
        "ref": "",
        "url": "",
        "url2": ""
      }
    },
    {
      "type": "Feature",
      "geometry": {
        "type": "Point",
        "coordinates": [
          134.0242851,
          34.2611412
        ]
      },
      "properties": {
        "内容": "バス停: 宮前",
        "name": "宮前",
        "operator": "事業者不明",
        "ref": "",
        "url": "",
        "url2": ""
      }
    },
    {
      "type": "Feature",
      "geometry": {
        "type": "Point",
        "coordinates": [
          134.0245435,
          34.2618562
        ]
      },
      "properties": {
        "内容": "バス停: 宮前",
        "name": "宮前",
        "operator": "事業者不明",
        "ref": "",
        "url": "",
        "url2": ""
      }
    },
    {
      "type": "Feature",
      "geometry": {
        "type": "Point",
        "coordinates": [
          134.0168358,
          34.2664752
        ]
      },
      "properties": {
        "内容": "バス停: 香川中央高校",
        "name": "香川中央高校",
        "operator": "事業者不明",
        "ref": "",
        "url": "",
        "url2": ""
      }
    },
    {
      "type": "Feature",
      "geometry": {
        "type": "Point",
        "coordinates": [
          134.0270982,
          34.2560568
        ]
      },
      "properties": {
        "内容": "バス停: 香川総合体育館前",
        "name": "香川総合体育館前",
        "operator": "事業者不明",
        "ref": "",
        "url": "",
        "url2": ""
      }
    },
    {
      "type": "Feature",
      "geometry": {
        "type": "Point",
        "coordinates": [
          134.0272133,
          34.2490721
        ]
      },
      "properties": {
        "内容": "バス停: 空港通り立満",
        "name": "空港通り立満",
        "operator": "事業者不明",
        "ref": "",
        "url": "",
        "url2": ""
      }
    },
    {
      "type": "Feature",
      "geometry": {
        "type": "Point",
        "coordinates": [
          134.0239889,
          34.257225
        ]
      },
      "properties": {
        "内容": "バス停: 臼井",
        "name": "臼井",
        "operator": "事業者不明",
        "ref": "",
        "url": "",
        "url2": ""
      }
    },
    {
      "type": "Feature",
      "geometry": {
        "type": "Point",
        "coordinates": [
          134.0241038,
          34.2572325
        ]
      },
      "properties": {
        "内容": "バス停: 臼井",
        "name": "臼井",
        "operator": "事業者不明",
        "ref": "",
        "url": "",
        "url2": ""
      }
    },
    {
      "type": "Feature",
      "geometry": {
        "type": "Point",
        "coordinates": [
          134.0271745,
          34.2559285
        ]
      },
      "properties": {
        "内容": "バス停: 香川総合体育館前",
        "name": "香川総合体育館前",
        "operator": "事業者不明",
        "ref": "",
        "url": "",
        "url2": ""
      }
    },
    {
      "type": "Feature",
      "geometry": {
        "type": "Point",
        "coordinates": [
          134.0269868,
          34.2488389
        ]
      },
      "properties": {
        "内容": "バス停: 空港通り立満",
        "name": "空港通り立満",
        "operator": "事業者不明",
        "ref": "",
        "url": "",
        "url2": ""
      }
    },
    {
      "type": "Feature",
      "geometry": {
        "type": "Point",
        "coordinates": [
          134.0277158,
          34.2420958
        ]
      },
      "properties": {
        "内容": "バス停: 勝光寺前",
        "name": "勝光寺前",
        "operator": "事業者不明",
        "ref": "",
        "url": "",
        "url2": ""
      }
    },
    {
      "type": "Feature",
      "geometry": {
        "type": "Point",
        "coordinates": [
          134.0274318,
          34.2456245
        ]
      },
      "properties": {
        "内容": "バス停: 竜満西団地",
        "name": "竜満西団地",
        "operator": "事業者不明",
        "ref": "",
        "url": "",
        "url2": ""
      }
    },
    {
      "type": "Feature",
      "geometry": {
        "type": "Point",
        "coordinates": [
          134.0272144,
          34.2454341
        ]
      },
      "properties": {
        "内容": "バス停: 竜満西団地",
        "name": "竜満西団地",
        "operator": "事業者不明",
        "ref": "",
        "url": "",
        "url2": ""
      }
    },
    {
      "type": "Feature",
      "geometry": {
        "type": "Point",
        "coordinates": [
          134.0274544,
          34.2420022
        ]
      },
      "properties": {
        "内容": "バス停: 勝光寺前",
        "name": "勝光寺前",
        "operator": "事業者不明",
        "ref": "",
        "url": "",
        "url2": ""
      }
    },
    {
      "type": "Feature",
      "geometry": {
        "type": "Point",
        "coordinates": [
          134.0290125,
          34.2398558
        ]
      },
      "properties": {
        "内容": "バス停: 長神・キョーエイ空港店",
        "name": "長神・キョーエイ空港店",
        "operator": "事業者不明",
        "ref": "",
        "url": "",
        "url2": ""
      }
    },
    {
      "type": "Feature",
      "geometry": {
        "type": "Point",
        "coordinates": [
          134.0290401,
          34.2397671
        ]
      },
      "properties": {
        "内容": "バス停: 長神・キョーエイ空港店",
        "name": "長神・キョーエイ空港店",
        "operator": "事業者不明",
        "ref": "",
        "url": "",
        "url2": ""
      }
    },
    {
      "type": "Feature",
      "geometry": {
        "type": "Point",
        "coordinates": [
          134.0333518,
          34.2395487
        ]
      },
      "properties": {
        "内容": "バス停: 川東",
        "name": "川東",
        "operator": "事業者不明",
        "ref": "",
        "url": "",
        "url2": ""
      }
    },
    {
      "type": "Feature",
      "geometry": {
        "type": "Point",
        "coordinates": [
          134.0333315,
          34.2393442
        ]
      },
      "properties": {
        "内容": "バス停: 川東",
        "name": "川東",
        "operator": "事業者不明",
        "ref": "",
        "url": "",
        "url2": ""
      }
    },
    {
      "type": "Feature",
      "geometry": {
        "type": "Point",
        "coordinates": [
          134.0392736,
          34.2273806
        ]
      },
      "properties": {
        "内容": "バス停: 日生ニュータウン",
        "name": "日生ニュータウン",
        "operator": "事業者不明",
        "ref": "",
        "url": "",
        "url2": ""
      }
    },
    {
      "type": "Feature",
      "geometry": {
        "type": "Point",
        "coordinates": [
          134.0343726,
          34.2322095
        ]
      },
      "properties": {
        "内容": "バス停: 香川農協前",
        "name": "香川農協前",
        "operator": "事業者不明",
        "ref": "",
        "url": "",
        "url2": ""
      }
    },
    {
      "type": "Feature",
      "geometry": {
        "type": "Point",
        "coordinates": [
          134.0344936,
          34.2324597
        ]
      },
      "properties": {
        "内容": "バス停: 香川農協前",
        "name": "香川農協前",
        "operator": "事業者不明",
        "ref": "",
        "url": "",
        "url2": ""
      }
    },
    {
      "type": "Feature",
      "geometry": {
        "type": "Point",
        "coordinates": [
          134.0343659,
          34.2362385
        ]
      },
      "properties": {
        "内容": "バス停: 川東",
        "name": "川東",
        "operator": "事業者不明",
        "ref": "",
        "url": "",
        "url2": ""
      }
    },
    {
      "type": "Feature",
      "geometry": {
        "type": "Point",
        "coordinates": [
          134.0344671,
          34.2362736
        ]
      },
      "properties": {
        "内容": "バス停: 上川東",
        "name": "上川東",
        "operator": "事業者不明",
        "ref": "",
        "url": "",
        "url2": ""
      }
    },
    {
      "type": "Feature",
      "geometry": {
        "type": "Point",
        "coordinates": [
          134.0386484,
          34.3200089
        ]
      },
      "properties": {
        "内容": "バス停: はぜ",
        "name": "はぜ",
        "operator": "事業者不明",
        "ref": "",
        "url": "",
        "url2": ""
      }
    },
    {
      "type": "Feature",
      "geometry": {
        "type": "Point",
        "coordinates": [
          134.0475224,
          34.3372787
        ]
      },
      "properties": {
        "内容": "バス停: 中新町",
        "name": "中新町",
        "operator": "事業者不明",
        "ref": "",
        "url": "",
        "url2": ""
      }
    },
    {
      "type": "Feature",
      "geometry": {
        "type": "Point",
        "coordinates": [
          134.0465798,
          34.3217089
        ]
      },
      "properties": {
        "内容": "バス停: 上之町",
        "name": "上之町",
        "operator": "事業者不明",
        "ref": "",
        "url": "",
        "url2": ""
      }
    },
    {
      "type": "Feature",
      "geometry": {
        "type": "Point",
        "coordinates": [
          134.0434595,
          34.3075259
        ]
      },
      "properties": {
        "内容": "バス停: 太田下",
        "name": "太田下",
        "operator": "事業者不明",
        "ref": "",
        "url": "",
        "url2": ""
      }
    },
    {
      "type": "Feature",
      "geometry": {
        "type": "Point",
        "coordinates": [
          134.0447517,
          34.3117044
        ]
      },
      "properties": {
        "内容": "バス停: 南三条",
        "name": "南三条",
        "operator": "事業者不明",
        "ref": "",
        "url": "",
        "url2": ""
      }
    },
    {
      "type": "Feature",
      "geometry": {
        "type": "Point",
        "coordinates": [
          134.046159,
          34.3173365
        ]
      },
      "properties": {
        "内容": "バス停: 三条",
        "name": "三条",
        "operator": "事業者不明",
        "ref": "",
        "url": "",
        "url2": ""
      }
    },
    {
      "type": "Feature",
      "geometry": {
        "type": "Point",
        "coordinates": [
          134.04517,
          34.312544
        ]
      },
      "properties": {
        "内容": "バス停: 南三条",
        "name": "南三条",
        "operator": "事業者不明",
        "ref": "",
        "url": "",
        "url2": ""
      }
    },
    {
      "type": "Feature",
      "geometry": {
        "type": "Point",
        "coordinates": [
          134.0401284,
          34.294753
        ]
      },
      "properties": {
        "内容": "バス停: 三名",
        "name": "三名",
        "operator": "事業者不明",
        "ref": "",
        "url": "",
        "url2": ""
      }
    },
    {
      "type": "Feature",
      "geometry": {
        "type": "Point",
        "coordinates": [
          134.0433889,
          34.3075835
        ]
      },
      "properties": {
        "内容": "バス停: 太田下",
        "name": "太田下",
        "operator": "事業者不明",
        "ref": "",
        "url": "",
        "url2": ""
      }
    },
    {
      "type": "Feature",
      "geometry": {
        "type": "Point",
        "coordinates": [
          134.0418976,
          34.3020984
        ]
      },
      "properties": {
        "内容": "バス停: 太田",
        "name": "太田",
        "operator": "事業者不明",
        "ref": "",
        "url": "",
        "url2": ""
      }
    },
    {
      "type": "Feature",
      "geometry": {
        "type": "Point",
        "coordinates": [
          134.039456,
          34.28957
        ]
      },
      "properties": {
        "内容": "バス停: 中三名",
        "name": "中三名",
        "operator": "事業者不明",
        "ref": "",
        "url": "",
        "url2": ""
      }
    },
    {
      "type": "Feature",
      "geometry": {
        "type": "Point",
        "coordinates": [
          134.0389687,
          34.2837352
        ]
      },
      "properties": {
        "内容": "バス停: 仏生山",
        "name": "仏生山",
        "operator": "事業者不明",
        "ref": "",
        "url": "",
        "url2": ""
      }
    },
    {
      "type": "Feature",
      "geometry": {
        "type": "Point",
        "coordinates": [
          134.0391104,
          34.2836376
        ]
      },
      "properties": {
        "内容": "バス停: 仏生山",
        "name": "仏生山",
        "operator": "事業者不明",
        "ref": "",
        "url": "",
        "url2": ""
      }
    },
    {
      "type": "Feature",
      "geometry": {
        "type": "Point",
        "coordinates": [
          134.0401831,
          34.2945833
        ]
      },
      "properties": {
        "内容": "バス停: 三名",
        "name": "三名",
        "operator": "事業者不明",
        "ref": "",
        "url": "",
        "url2": ""
      }
    },
    {
      "type": "Feature",
      "geometry": {
        "type": "Point",
        "coordinates": [
          134.0393569,
          34.289561
        ]
      },
      "properties": {
        "内容": "バス停: 中三名",
        "name": "中三名",
        "operator": "事業者不明",
        "ref": "",
        "url": "",
        "url2": ""
      }
    },
    {
      "type": "Feature",
      "geometry": {
        "type": "Point",
        "coordinates": [
          134.041068,
          34.2826869
        ]
      },
      "properties": {
        "内容": "バス停: 市立みんなの病院",
        "name": "市立みんなの病院",
        "operator": "事業者不明",
        "ref": "",
        "url": "",
        "url2": ""
      }
    },
    {
      "type": "Feature",
      "geometry": {
        "type": "Point",
        "coordinates": [
          134.042243,
          34.2833628
        ]
      },
      "properties": {
        "内容": "バス停: 仏生山駅西口",
        "name": "仏生山駅西口",
        "operator": "事業者不明",
        "ref": "",
        "url": "",
        "url2": ""
      }
    },
    {
      "type": "Feature",
      "geometry": {
        "type": "Point",
        "coordinates": [
          134.0350335,
          34.2705667
        ]
      },
      "properties": {
        "内容": "バス停: 舟岡",
        "name": "舟岡",
        "operator": "事業者不明",
        "ref": "",
        "url": "",
        "url2": ""
      }
    },
    {
      "type": "Feature",
      "geometry": {
        "type": "Point",
        "coordinates": [
          134.0346576,
          34.2663371
        ]
      },
      "properties": {
        "内容": "バス停: 舟岡",
        "name": "舟岡",
        "operator": "事業者不明",
        "ref": "",
        "url": "",
        "url2": ""
      }
    },
    {
      "type": "Feature",
      "geometry": {
        "type": "Point",
        "coordinates": [
          134.0353078,
          34.2762884
        ]
      },
      "properties": {
        "内容": "バス停: 神宮寺",
        "name": "神宮寺",
        "operator": "事業者不明",
        "ref": "",
        "url": "",
        "url2": ""
      }
    },
    {
      "type": "Feature",
      "geometry": {
        "type": "Point",
        "coordinates": [
          134.0354284,
          34.2765047
        ]
      },
      "properties": {
        "内容": "バス停: 神宮寺",
        "name": "神宮寺",
        "operator": "事業者不明",
        "ref": "",
        "url": "",
        "url2": ""
      }
    },
    {
      "type": "Feature",
      "geometry": {
        "type": "Point",
        "coordinates": [
          134.0350826,
          34.2701976
        ]
      },
      "properties": {
        "内容": "バス停: 舟岡",
        "name": "舟岡",
        "operator": "事業者不明",
        "ref": "",
        "url": "",
        "url2": ""
      }
    },
    {
      "type": "Feature",
      "geometry": {
        "type": "Point",
        "coordinates": [
          134.0347374,
          34.2660204
        ]
      },
      "properties": {
        "内容": "バス停: 舟岡",
        "name": "舟岡",
        "operator": "事業者不明",
        "ref": "",
        "url": "",
        "url2": ""
      }
    },
    {
      "type": "Feature",
      "geometry": {
        "type": "Point",
        "coordinates": [
          134.0341877,
          34.2590521
        ]
      },
      "properties": {
        "内容": "バス停: 浅野",
        "name": "浅野",
        "operator": "事業者不明",
        "ref": "",
        "url": "",
        "url2": ""
      }
    },
    {
      "type": "Feature",
      "geometry": {
        "type": "Point",
        "coordinates": [
          134.0342395,
          34.2582278
        ]
      },
      "properties": {
        "内容": "バス停: 浅野",
        "name": "浅野",
        "operator": "事業者不明",
        "ref": "",
        "url": "",
        "url2": ""
      }
    },
    {
      "type": "Feature",
      "geometry": {
        "type": "Point",
        "coordinates": [
          134.0340185,
          34.2565047
        ]
      },
      "properties": {
        "内容": "バス停: 香川第一中学校前",
        "name": "香川第一中学校前",
        "operator": "事業者不明",
        "ref": "",
        "url": "",
        "url2": ""
      }
    },
    {
      "type": "Feature",
      "geometry": {
        "type": "Point",
        "coordinates": [
          134.0339648,
          34.2538185
        ]
      },
      "properties": {
        "内容": "バス停: 香川第一中学校前",
        "name": "香川第一中学校前",
        "operator": "事業者不明",
        "ref": "",
        "url": "",
        "url2": ""
      }
    },
    {
      "type": "Feature",
      "geometry": {
        "type": "Point",
        "coordinates": [
          134.0320002,
          34.2446373
        ]
      },
      "properties": {
        "内容": "バス停: 竜満池",
        "name": "竜満池",
        "operator": "事業者不明",
        "ref": "",
        "url": "",
        "url2": ""
      }
    },
    {
      "type": "Feature",
      "geometry": {
        "type": "Point",
        "coordinates": [
          134.0336761,
          34.2501894
        ]
      },
      "properties": {
        "内容": "バス停: からと",
        "name": "からと",
        "operator": "事業者不明",
        "ref": "",
        "url": "",
        "url2": ""
      }
    },
    {
      "type": "Feature",
      "geometry": {
        "type": "Point",
        "coordinates": [
          134.0335332,
          34.249883
        ]
      },
      "properties": {
        "内容": "バス停: からと",
        "name": "からと",
        "operator": "事業者不明",
        "ref": "",
        "url": "",
        "url2": ""
      }
    },
    {
      "type": "Feature",
      "geometry": {
        "type": "Point",
        "coordinates": [
          134.0320549,
          34.2443984
        ]
      },
      "properties": {
        "内容": "バス停: 竜満池",
        "name": "竜満池",
        "operator": "事業者不明",
        "ref": "",
        "url": "",
        "url2": ""
      }
    },
    {
      "type": "Feature",
      "geometry": {
        "type": "Point",
        "coordinates": [
          134.0345234,
          34.2305403
        ]
      },
      "properties": {
        "内容": "バス停: 東谷口",
        "name": "東谷口",
        "operator": "事業者不明",
        "ref": "",
        "url": "",
        "url2": ""
      }
    },
    {
      "type": "Feature",
      "geometry": {
        "type": "Point",
        "coordinates": [
          134.0344666,
          34.2302193
        ]
      },
      "properties": {
        "内容": "バス停: 東谷口",
        "name": "東谷口",
        "operator": "事業者不明",
        "ref": "",
        "url": "",
        "url2": ""
      }
    },
    {
      "type": "Feature",
      "geometry": {
        "type": "Point",
        "coordinates": [
          134.0356235,
          34.2242005
        ]
      },
      "properties": {
        "内容": "バス停: 岩崎",
        "name": "岩崎",
        "operator": "事業者不明",
        "ref": "",
        "url": "",
        "url2": ""
      }
    },
    {
      "type": "Feature",
      "geometry": {
        "type": "Point",
        "coordinates": [
          134.0357607,
          34.2242581
        ]
      },
      "properties": {
        "内容": "バス停: 岩崎",
        "name": "岩崎",
        "operator": "事業者不明",
        "ref": "",
        "url": "",
        "url2": ""
      }
    },
    {
      "type": "Feature",
      "geometry": {
        "type": "Point",
        "coordinates": [
          134.0326149,
          34.2130161
        ]
      },
      "properties": {
        "内容": "バス停: 鮎滝",
        "name": "鮎滝",
        "operator": "事業者不明",
        "ref": "",
        "url": "",
        "url2": ""
      }
    },
    {
      "type": "Feature",
      "geometry": {
        "type": "Point",
        "coordinates": [
          134.0324091,
          34.2129822
        ]
      },
      "properties": {
        "内容": "バス停: 鮎滝",
        "name": "鮎滝",
        "operator": "事業者不明",
        "ref": "",
        "url": "",
        "url2": ""
      }
    },
    {
      "type": "Feature",
      "geometry": {
        "type": "Point",
        "coordinates": [
          134.0365652,
          34.2035063
        ]
      },
      "properties": {
        "内容": "バス停: 関",
        "name": "関",
        "operator": "事業者不明",
        "ref": "",
        "url": "",
        "url2": ""
      }
    },
    {
      "type": "Feature",
      "geometry": {
        "type": "Point",
        "coordinates": [
          134.0334606,
          34.2089962
        ]
      },
      "properties": {
        "内容": "バス停: 鮎滝上",
        "name": "鮎滝上",
        "operator": "事業者不明",
        "ref": "",
        "url": "",
        "url2": ""
      }
    },
    {
      "type": "Feature",
      "geometry": {
        "type": "Point",
        "coordinates": [
          134.0333444,
          34.2086474
        ]
      },
      "properties": {
        "内容": "バス停: 鮎滝上",
        "name": "鮎滝上",
        "operator": "事業者不明",
        "ref": "",
        "url": "",
        "url2": ""
      }
    },
    {
      "type": "Feature",
      "geometry": {
        "type": "Point",
        "coordinates": [
          134.036832,
          34.2033284
        ]
      },
      "properties": {
        "内容": "バス停: 関",
        "name": "関",
        "operator": "事業者不明",
        "ref": "",
        "url": "",
        "url2": ""
      }
    },
    {
      "type": "Feature",
      "geometry": {
        "type": "Point",
        "coordinates": [
          134.0527037,
          34.1872169
        ]
      },
      "properties": {
        "内容": "バス停: 西桶",
        "name": "西桶",
        "operator": "事業者不明",
        "ref": "",
        "url": "",
        "url2": ""
      }
    },
    {
      "type": "Feature",
      "geometry": {
        "type": "Point",
        "coordinates": [
          134.0396507,
          34.1995498
        ]
      },
      "properties": {
        "内容": "バス停: 安原農協",
        "name": "安原農協",
        "operator": "事業者不明",
        "ref": "",
        "url": "",
        "url2": ""
      }
    },
    {
      "type": "Feature",
      "geometry": {
        "type": "Point",
        "coordinates": [
          134.0395138,
          34.1995273
        ]
      },
      "properties": {
        "内容": "バス停: 安原農協",
        "name": "安原農協",
        "operator": "事業者不明",
        "ref": "",
        "url": "",
        "url2": ""
      }
    },
    {
      "type": "Feature",
      "geometry": {
        "type": "Point",
        "coordinates": [
          134.0424797,
          34.1950138
        ]
      },
      "properties": {
        "内容": "バス停: 西谷口",
        "name": "西谷口",
        "operator": "事業者不明",
        "ref": "",
        "url": "",
        "url2": ""
      }
    },
    {
      "type": "Feature",
      "geometry": {
        "type": "Point",
        "coordinates": [
          134.0426255,
          34.1950337
        ]
      },
      "properties": {
        "内容": "バス停: 西谷口",
        "name": "西谷口",
        "operator": "事業者不明",
        "ref": "",
        "url": "",
        "url2": ""
      }
    },
    {
      "type": "Feature",
      "geometry": {
        "type": "Point",
        "coordinates": [
          134.0416807,
          34.19678
        ]
      },
      "properties": {
        "内容": "バス停: 中徳",
        "name": "中徳",
        "operator": "事業者不明",
        "ref": "",
        "url": "",
        "url2": ""
      }
    },
    {
      "type": "Feature",
      "geometry": {
        "type": "Point",
        "coordinates": [
          134.0415159,
          34.1968119
        ]
      },
      "properties": {
        "内容": "バス停: 中徳",
        "name": "中徳",
        "operator": "事業者不明",
        "ref": "",
        "url": "",
        "url2": ""
      }
    },
    {
      "type": "Feature",
      "geometry": {
        "type": "Point",
        "coordinates": [
          134.0493627,
          34.1916739
        ]
      },
      "properties": {
        "内容": "バス停: 高畑",
        "name": "高畑",
        "operator": "事業者不明",
        "ref": "",
        "url": "",
        "url2": ""
      }
    },
    {
      "type": "Feature",
      "geometry": {
        "type": "Point",
        "coordinates": [
          134.049237,
          34.1916572
        ]
      },
      "properties": {
        "内容": "バス停: 高畑",
        "name": "高畑",
        "operator": "事業者不明",
        "ref": "",
        "url": "",
        "url2": ""
      }
    },
    {
      "type": "Feature",
      "geometry": {
        "type": "Point",
        "coordinates": [
          134.0526827,
          34.187366
        ]
      },
      "properties": {
        "内容": "バス停: 西桶",
        "name": "西桶",
        "operator": "事業者不明",
        "ref": "",
        "url": "",
        "url2": ""
      }
    },
    {
      "type": "Feature",
      "geometry": {
        "type": "Point",
        "coordinates": [
          134.0731142,
          34.1822167
        ]
      },
      "properties": {
        "内容": "バス停: 中学校前",
        "name": "中学校前",
        "operator": "事業者不明",
        "ref": "",
        "url": "",
        "url2": ""
      }
    },
    {
      "type": "Feature",
      "geometry": {
        "type": "Point",
        "coordinates": [
          134.0679513,
          34.1875932
        ]
      },
      "properties": {
        "内容": "バス停: 御殿場",
        "name": "御殿場",
        "operator": "事業者不明",
        "ref": "",
        "url": "",
        "url2": ""
      }
    },
    {
      "type": "Feature",
      "geometry": {
        "type": "Point",
        "coordinates": [
          134.0675741,
          34.1875293
        ]
      },
      "properties": {
        "内容": "バス停: 御殿場",
        "name": "御殿場",
        "operator": "事業者不明",
        "ref": "",
        "url": "",
        "url2": ""
      }
    },
    {
      "type": "Feature",
      "geometry": {
        "type": "Point",
        "coordinates": [
          134.0732956,
          34.1816142
        ]
      },
      "properties": {
        "内容": "バス停: 中学校前",
        "name": "中学校前",
        "operator": "事業者不明",
        "ref": "",
        "url": "",
        "url2": ""
      }
    },
    {
      "type": "Feature",
      "geometry": {
        "type": "Point",
        "coordinates": [
          134.0592524,
          34.1872701
        ]
      },
      "properties": {
        "内容": "バス停: 中村",
        "name": "中村",
        "operator": "事業者不明",
        "ref": "",
        "url": "",
        "url2": ""
      }
    },
    {
      "type": "Feature",
      "geometry": {
        "type": "Point",
        "coordinates": [
          134.0584795,
          34.187204
        ]
      },
      "properties": {
        "内容": "バス停: 中村",
        "name": "中村",
        "operator": "事業者不明",
        "ref": "",
        "url": "",
        "url2": ""
      }
    },
    {
      "type": "Feature",
      "geometry": {
        "type": "Point",
        "coordinates": [
          134.0735899,
          34.1783104
        ]
      },
      "properties": {
        "内容": "バス停: 岩部",
        "name": "岩部",
        "operator": "事業者不明",
        "ref": "",
        "url": "",
        "url2": ""
      }
    },
    {
      "type": "Feature",
      "geometry": {
        "type": "Point",
        "coordinates": [
          134.0736614,
          34.1779404
        ]
      },
      "properties": {
        "内容": "バス停: 岩部",
        "name": "岩部",
        "operator": "事業者不明",
        "ref": "",
        "url": "",
        "url2": ""
      }
    },
    {
      "type": "Feature",
      "geometry": {
        "type": "Point",
        "coordinates": [
          134.0491063,
          34.3503054
        ]
      },
      "properties": {
        "内容": "バス停: 高松築港",
        "name": "高松築港",
        "operator": "事業者不明",
        "ref": "2",
        "url": "",
        "url2": ""
      }
    },
    {
      "type": "Feature",
      "geometry": {
        "type": "Point",
        "coordinates": [
          134.0157711,
          34.3042495
        ]
      },
      "properties": {
        "内容": "バス停: 田中",
        "name": "田中",
        "operator": "事業者不明",
        "ref": "",
        "url": "",
        "url2": ""
      }
    },
    {
      "type": "Feature",
      "geometry": {
        "type": "Point",
        "coordinates": [
          134.0160587,
          34.3049923
        ]
      },
      "properties": {
        "内容": "バス停: 田中",
        "name": "田中",
        "operator": "事業者不明",
        "ref": "",
        "url": "",
        "url2": ""
      }
    },
    {
      "type": "Feature",
      "geometry": {
        "type": "Point",
        "coordinates": [
          134.0105891,
          34.3096751
        ]
      },
      "properties": {
        "内容": "バス停: 香川高専前",
        "name": "香川高専前",
        "operator": "事業者不明",
        "ref": "",
        "url": "",
        "url2": ""
      }
    },
    {
      "type": "Feature",
      "geometry": {
        "type": "Point",
        "coordinates": [
          134.0106111,
          34.3097563
        ]
      },
      "properties": {
        "内容": "バス停: 香川高専前",
        "name": "香川高専前",
        "operator": "事業者不明",
        "ref": "",
        "url": "",
        "url2": ""
      }
    },
    {
      "type": "Feature",
      "geometry": {
        "type": "Point",
        "coordinates": [
          134.0036111,
          34.3056444
        ]
      },
      "properties": {
        "内容": "バス停: 中森",
        "name": "中森",
        "operator": "事業者不明",
        "ref": "",
        "url": "",
        "url2": ""
      }
    },
    {
      "type": "Feature",
      "geometry": {
        "type": "Point",
        "coordinates": [
          133.9985042,
          34.3056444
        ]
      },
      "properties": {
        "内容": "バス停: 八幡",
        "name": "八幡",
        "operator": "事業者不明",
        "ref": "",
        "url": "",
        "url2": ""
      }
    },
    {
      "type": "Feature",
      "geometry": {
        "type": "Point",
        "coordinates": [
          133.9916268,
          34.3062365
        ]
      },
      "properties": {
        "内容": "バス停: 御厩",
        "name": "御厩",
        "operator": "事業者不明",
        "ref": "",
        "url": "",
        "url2": ""
      }
    },
    {
      "type": "Feature",
      "geometry": {
        "type": "Point",
        "coordinates": [
          133.9818698,
          34.3087622
        ]
      },
      "properties": {
        "内容": "バス停: 県立総合プール",
        "name": "県立総合プール",
        "operator": "事業者不明",
        "ref": "",
        "url": "",
        "url2": ""
      }
    },
    {
      "type": "Feature",
      "geometry": {
        "type": "Point",
        "coordinates": [
          134.003742,
          34.3062437
        ]
      },
      "properties": {
        "内容": "バス停: 中森",
        "name": "中森",
        "operator": "事業者不明",
        "ref": "",
        "url": "",
        "url2": ""
      }
    },
    {
      "type": "Feature",
      "geometry": {
        "type": "Point",
        "coordinates": [
          134.0135589,
          34.3000964
        ]
      },
      "properties": {
        "内容": "バス停: 成合",
        "name": "成合",
        "operator": "事業者不明",
        "ref": "",
        "url": "",
        "url2": ""
      }
    },
    {
      "type": "Feature",
      "geometry": {
        "type": "Point",
        "coordinates": [
          134.0136769,
          34.3005349
        ]
      },
      "properties": {
        "内容": "バス停: 成合",
        "name": "成合",
        "operator": "事業者不明",
        "ref": "",
        "url": "",
        "url2": ""
      }
    },
    {
      "type": "Feature",
      "geometry": {
        "type": "Point",
        "coordinates": [
          134.0115637,
          34.2883551
        ]
      },
      "properties": {
        "内容": "バス停: 三ツ辻",
        "name": "三ツ辻",
        "operator": "事業者不明",
        "ref": "",
        "url": "",
        "url2": ""
      }
    },
    {
      "type": "Feature",
      "geometry": {
        "type": "Point",
        "coordinates": [
          134.0106197,
          34.2965544
        ]
      },
      "properties": {
        "内容": "バス停: 香東中学前",
        "name": "香東中学前",
        "operator": "事業者不明",
        "ref": "",
        "url": "",
        "url2": ""
      }
    },
    {
      "type": "Feature",
      "geometry": {
        "type": "Point",
        "coordinates": [
          134.0105052,
          34.296021
        ]
      },
      "properties": {
        "内容": "バス停: 香東中学前",
        "name": "香東中学前",
        "operator": "事業者不明",
        "ref": "",
        "url": "",
        "url2": ""
      }
    },
    {
      "type": "Feature",
      "geometry": {
        "type": "Point",
        "coordinates": [
          134.0108856,
          34.2934432
        ]
      },
      "properties": {
        "内容": "バス停: 下円座",
        "name": "下円座",
        "operator": "事業者不明",
        "ref": "",
        "url": "",
        "url2": ""
      }
    },
    {
      "type": "Feature",
      "geometry": {
        "type": "Point",
        "coordinates": [
          134.0109522,
          34.2936063
        ]
      },
      "properties": {
        "内容": "バス停: 下円座",
        "name": "下円座",
        "operator": "事業者不明",
        "ref": "",
        "url": "",
        "url2": ""
      }
    },
    {
      "type": "Feature",
      "geometry": {
        "type": "Point",
        "coordinates": [
          134.0116491,
          34.2881499
        ]
      },
      "properties": {
        "内容": "バス停: 三ツ辻",
        "name": "三ツ辻",
        "operator": "事業者不明",
        "ref": "",
        "url": "",
        "url2": ""
      }
    },
    {
      "type": "Feature",
      "geometry": {
        "type": "Point",
        "coordinates": [
          134.0106555,
          34.2727547
        ]
      },
      "properties": {
        "内容": "バス停: みどり園前",
        "name": "みどり園前",
        "operator": "事業者不明",
        "ref": "",
        "url": "",
        "url2": ""
      }
    },
    {
      "type": "Feature",
      "geometry": {
        "type": "Point",
        "coordinates": [
          134.0108741,
          34.272971
        ]
      },
      "properties": {
        "内容": "バス停: みどり園前",
        "name": "みどり園前",
        "operator": "事業者不明",
        "ref": "",
        "url": "",
        "url2": ""
      }
    },
    {
      "type": "Feature",
      "geometry": {
        "type": "Point",
        "coordinates": [
          134.0086259,
          34.2630476
        ]
      },
      "properties": {
        "内容": "バス停: 上川部",
        "name": "上川部",
        "operator": "事業者不明",
        "ref": "",
        "url": "",
        "url2": ""
      }
    },
    {
      "type": "Feature",
      "geometry": {
        "type": "Point",
        "coordinates": [
          134.0086708,
          34.2632144
        ]
      },
      "properties": {
        "内容": "バス停: 上川部",
        "name": "上川部",
        "operator": "事業者不明",
        "ref": "",
        "url": "",
        "url2": ""
      }
    },
    {
      "type": "Feature",
      "geometry": {
        "type": "Point",
        "coordinates": [
          134.0114493,
          34.2754532
        ]
      },
      "properties": {
        "内容": "バス停: 下川部",
        "name": "下川部",
        "operator": "事業者不明",
        "ref": "",
        "url": "",
        "url2": ""
      }
    },
    {
      "type": "Feature",
      "geometry": {
        "type": "Point",
        "coordinates": [
          134.0112607,
          34.275464
        ]
      },
      "properties": {
        "内容": "バス停: 下川部",
        "name": "下川部",
        "operator": "事業者不明",
        "ref": "",
        "url": "",
        "url2": ""
      }
    },
    {
      "type": "Feature",
      "geometry": {
        "type": "Point",
        "coordinates": [
          134.01134,
          34.2842442
        ]
      },
      "properties": {
        "内容": "バス停: ことでん円座駅前",
        "name": "ことでん円座駅前",
        "operator": "事業者不明",
        "ref": "",
        "url": "",
        "url2": ""
      }
    },
    {
      "type": "Feature",
      "geometry": {
        "type": "Point",
        "coordinates": [
          134.0093831,
          34.2679101
        ]
      },
      "properties": {
        "内容": "バス停: 川部",
        "name": "川部",
        "operator": "事業者不明",
        "ref": "",
        "url": "",
        "url2": ""
      }
    },
    {
      "type": "Feature",
      "geometry": {
        "type": "Point",
        "coordinates": [
          134.0095235,
          34.2679045
        ]
      },
      "properties": {
        "内容": "バス停: 川部",
        "name": "川部",
        "operator": "事業者不明",
        "ref": "",
        "url": "",
        "url2": ""
      }
    },
    {
      "type": "Feature",
      "geometry": {
        "type": "Point",
        "coordinates": [
          134.0114801,
          34.284198
        ]
      },
      "properties": {
        "内容": "バス停: ことでん円座駅前",
        "name": "ことでん円座駅前",
        "operator": "事業者不明",
        "ref": "",
        "url": "",
        "url2": ""
      }
    },
    {
      "type": "Feature",
      "geometry": {
        "type": "Point",
        "coordinates": [
          134.0158462,
          34.2491609
        ]
      },
      "properties": {
        "内容": "バス停: 公会堂前",
        "name": "公会堂前",
        "operator": "事業者不明",
        "ref": "",
        "url": "",
        "url2": ""
      }
    },
    {
      "type": "Feature",
      "geometry": {
        "type": "Point",
        "coordinates": [
          134.0163029,
          34.2489196
        ]
      },
      "properties": {
        "内容": "バス停: 公会堂前",
        "name": "公会堂前",
        "operator": "事業者不明",
        "ref": "",
        "url": "",
        "url2": ""
      }
    },
    {
      "type": "Feature",
      "geometry": {
        "type": "Point",
        "coordinates": [
          134.0129584,
          34.2524347
        ]
      },
      "properties": {
        "内容": "バス停: 吉光",
        "name": "吉光",
        "operator": "事業者不明",
        "ref": "",
        "url": "",
        "url2": ""
      }
    },
    {
      "type": "Feature",
      "geometry": {
        "type": "Point",
        "coordinates": [
          134.0130682,
          34.2524797
        ]
      },
      "properties": {
        "内容": "バス停: 吉光",
        "name": "吉光",
        "operator": "事業者不明",
        "ref": "",
        "url": "",
        "url2": ""
      }
    },
    {
      "type": "Feature",
      "geometry": {
        "type": "Point",
        "coordinates": [
          134.0113232,
          34.2568297
        ]
      },
      "properties": {
        "内容": "バス停: 吉光下",
        "name": "吉光下",
        "operator": "事業者不明",
        "ref": "",
        "url": "",
        "url2": ""
      }
    },
    {
      "type": "Feature",
      "geometry": {
        "type": "Point",
        "coordinates": [
          134.0112353,
          34.256621
        ]
      },
      "properties": {
        "内容": "バス停: 吉光下",
        "name": "吉光下",
        "operator": "事業者不明",
        "ref": "",
        "url": "",
        "url2": ""
      }
    },
    {
      "type": "Feature",
      "geometry": {
        "type": "Point",
        "coordinates": [
          134.019619,
          34.2441797
        ]
      },
      "properties": {
        "内容": "バス停: 西光寺前",
        "name": "西光寺前",
        "operator": "事業者不明",
        "ref": "",
        "url": "",
        "url2": ""
      }
    },
    {
      "type": "Feature",
      "geometry": {
        "type": "Point",
        "coordinates": [
          134.0193803,
          34.2443043
        ]
      },
      "properties": {
        "内容": "バス停: 西光寺前",
        "name": "西光寺前",
        "operator": "事業者不明",
        "ref": "",
        "url": "",
        "url2": ""
      }
    },
    {
      "type": "Feature",
      "geometry": {
        "type": "Point",
        "coordinates": [
          134.0201201,
          34.242518
        ]
      },
      "properties": {
        "内容": "バス停: 由佐天神",
        "name": "由佐天神",
        "operator": "事業者不明",
        "ref": "",
        "url": "",
        "url2": ""
      }
    },
    {
      "type": "Feature",
      "geometry": {
        "type": "Point",
        "coordinates": [
          134.0202026,
          34.24233
        ]
      },
      "properties": {
        "内容": "バス停: 由佐天神",
        "name": "由佐天神",
        "operator": "事業者不明",
        "ref": "",
        "url": "",
        "url2": ""
      }
    },
    {
      "type": "Feature",
      "geometry": {
        "type": "Point",
        "coordinates": [
          134.0195713,
          34.2394423
        ]
      },
      "properties": {
        "内容": "バス停: 由佐",
        "name": "由佐",
        "operator": "事業者不明",
        "ref": "",
        "url": "",
        "url2": ""
      }
    },
    {
      "type": "Feature",
      "geometry": {
        "type": "Point",
        "coordinates": [
          134.0196966,
          34.2394315
        ]
      },
      "properties": {
        "内容": "バス停: 由佐",
        "name": "由佐",
        "operator": "事業者不明",
        "ref": "",
        "url": "",
        "url2": ""
      }
    },
    {
      "type": "Feature",
      "geometry": {
        "type": "Point",
        "coordinates": [
          134.0223153,
          34.2317271
        ]
      },
      "properties": {
        "内容": "バス停: 岡",
        "name": "岡",
        "operator": "事業者不明",
        "ref": "",
        "url": "",
        "url2": ""
      }
    },
    {
      "type": "Feature",
      "geometry": {
        "type": "Point",
        "coordinates": [
          134.0206678,
          34.2349402
        ]
      },
      "properties": {
        "内容": "バス停: 原口",
        "name": "原口",
        "operator": "事業者不明",
        "ref": "",
        "url": "",
        "url2": ""
      }
    },
    {
      "type": "Feature",
      "geometry": {
        "type": "Point",
        "coordinates": [
          134.020498,
          34.2350217
        ]
      },
      "properties": {
        "内容": "バス停: 原口",
        "name": "原口",
        "operator": "事業者不明",
        "ref": "",
        "url": "",
        "url2": ""
      }
    },
    {
      "type": "Feature",
      "geometry": {
        "type": "Point",
        "coordinates": [
          134.0220523,
          34.2318583
        ]
      },
      "properties": {
        "内容": "バス停: 岡",
        "name": "岡",
        "operator": "事業者不明",
        "ref": "",
        "url": "",
        "url2": ""
      }
    },
    {
      "type": "Feature",
      "geometry": {
        "type": "Point",
        "coordinates": [
          134.0270447,
          34.2296603
        ]
      },
      "properties": {
        "内容": "バス停: 綾田前",
        "name": "綾田前",
        "operator": "事業者不明",
        "ref": "",
        "url": "",
        "url2": ""
      }
    },
    {
      "type": "Feature",
      "geometry": {
        "type": "Point",
        "coordinates": [
          134.0270021,
          34.2295504
        ]
      },
      "properties": {
        "内容": "バス停: 綾田前",
        "name": "綾田前",
        "operator": "事業者不明",
        "ref": "",
        "url": "",
        "url2": ""
      }
    },
    {
      "type": "Feature",
      "geometry": {
        "type": "Point",
        "coordinates": [
          134.0155137,
          34.2388586
        ]
      },
      "properties": {
        "内容": "バス停: 大溝",
        "name": "大溝",
        "operator": "事業者不明",
        "ref": "",
        "url": "",
        "url2": ""
      }
    },
    {
      "type": "Feature",
      "geometry": {
        "type": "Point",
        "coordinates": [
          134.0127928,
          34.2392827
        ]
      },
      "properties": {
        "内容": "バス停: 香南支所",
        "name": "香南支所",
        "operator": "事業者不明",
        "ref": "",
        "url": "",
        "url2": ""
      }
    },
    {
      "type": "Feature",
      "geometry": {
        "type": "Point",
        "coordinates": [
          134.0070057,
          34.2392509
        ]
      },
      "properties": {
        "内容": "バス停: 香南楽湯",
        "name": "香南楽湯",
        "operator": "事業者不明",
        "ref": "",
        "url": "",
        "url2": ""
      }
    },
    {
      "type": "Feature",
      "geometry": {
        "type": "Point",
        "coordinates": [
          134.0067332,
          34.2393022
        ]
      },
      "properties": {
        "内容": "バス停: 香南楽湯",
        "name": "香南楽湯",
        "operator": "事業者不明",
        "ref": "",
        "url": "",
        "url2": ""
      }
    },
    {
      "type": "Feature",
      "geometry": {
        "type": "Point",
        "coordinates": [
          134.012227,
          34.2339334
        ]
      },
      "properties": {
        "内容": "バス停: 鋳物師池",
        "name": "鋳物師池",
        "operator": "事業者不明",
        "ref": "",
        "url": "",
        "url2": ""
      }
    },
    {
      "type": "Feature",
      "geometry": {
        "type": "Point",
        "coordinates": [
          134.0083845,
          34.2401389
        ]
      },
      "properties": {
        "内容": "バス停: 香南小学校前",
        "name": "香南小学校前",
        "operator": "事業者不明",
        "ref": "",
        "url": "",
        "url2": ""
      }
    },
    {
      "type": "Feature",
      "geometry": {
        "type": "Point",
        "coordinates": [
          134.0081398,
          34.2400617
        ]
      },
      "properties": {
        "内容": "バス停: 香南小学校前",
        "name": "香南小学校前",
        "operator": "事業者不明",
        "ref": "",
        "url": "",
        "url2": ""
      }
    },
    {
      "type": "Feature",
      "geometry": {
        "type": "Point",
        "coordinates": [
          134.0104057,
          34.2367824
        ]
      },
      "properties": {
        "内容": "バス停: 音谷東",
        "name": "音谷東",
        "operator": "事業者不明",
        "ref": "",
        "url": "",
        "url2": ""
      }
    },
    {
      "type": "Feature",
      "geometry": {
        "type": "Point",
        "coordinates": [
          134.0103633,
          34.2367291
        ]
      },
      "properties": {
        "内容": "バス停: 音谷東",
        "name": "音谷東",
        "operator": "事業者不明",
        "ref": "",
        "url": "",
        "url2": ""
      }
    },
    {
      "type": "Feature",
      "geometry": {
        "type": "Point",
        "coordinates": [
          134.0135307,
          34.2274049
        ]
      },
      "properties": {
        "内容": "バス停: アパホテル高松空港前",
        "name": "アパホテル高松空港前",
        "operator": "事業者不明",
        "ref": "",
        "url": "",
        "url2": ""
      }
    },
    {
      "type": "Feature",
      "geometry": {
        "type": "Point",
        "coordinates": [
          134.0134333,
          34.2273944
        ]
      },
      "properties": {
        "内容": "バス停: アパホテル高松空港前",
        "name": "アパホテル高松空港前",
        "operator": "事業者不明",
        "ref": "",
        "url": "",
        "url2": ""
      }
    },
    {
      "type": "Feature",
      "geometry": {
        "type": "Point",
        "coordinates": [
          134.0123208,
          34.2337995
        ]
      },
      "properties": {
        "内容": "バス停: 音谷東",
        "name": "音谷東",
        "operator": "事業者不明",
        "ref": "",
        "url": "",
        "url2": ""
      }
    },
    {
      "type": "Feature",
      "geometry": {
        "type": "Point",
        "coordinates": [
          134.0468388,
          34.3422949
        ]
      },
      "properties": {
        "内容": "バス停: 高松市役所",
        "name": "高松市役所",
        "operator": "事業者不明",
        "ref": "",
        "url": "",
        "url2": ""
      }
    },
    {
      "type": "Feature",
      "geometry": {
        "type": "Point",
        "coordinates": [
          134.0470553,
          34.3421607
        ]
      },
      "properties": {
        "内容": "バス停: 高松市役所",
        "name": "高松市役所",
        "operator": "事業者不明",
        "ref": "",
        "url": "",
        "url2": ""
      }
    },
    {
      "type": "Feature",
      "geometry": {
        "type": "Point",
        "coordinates": [
          134.0456305,
          34.3425104
        ]
      },
      "properties": {
        "内容": "バス停: 市役所西",
        "name": "市役所西",
        "operator": "事業者不明",
        "ref": "",
        "url": "",
        "url2": ""
      }
    },
    {
      "type": "Feature",
      "geometry": {
        "type": "Point",
        "coordinates": [
          134.0452892,
          34.3424493
        ]
      },
      "properties": {
        "内容": "バス停: 市役所西",
        "name": "市役所西",
        "operator": "事業者不明",
        "ref": "",
        "url": "",
        "url2": ""
      }
    },
    {
      "type": "Feature",
      "geometry": {
        "type": "Point",
        "coordinates": [
          134.044625,
          34.3420698
        ]
      },
      "properties": {
        "内容": "バス停: 県庁・日赤前",
        "name": "県庁・日赤前",
        "operator": "事業者不明",
        "ref": "",
        "url": "",
        "url2": ""
      }
    },
    {
      "type": "Feature",
      "geometry": {
        "type": "Point",
        "coordinates": [
          134.0392157,
          34.343677
        ]
      },
      "properties": {
        "内容": "バス停: 幸町",
        "name": "幸町",
        "operator": "事業者不明",
        "ref": "",
        "url": "",
        "url2": ""
      }
    },
    {
      "type": "Feature",
      "geometry": {
        "type": "Point",
        "coordinates": [
          134.039724,
          34.3434731
        ]
      },
      "properties": {
        "内容": "バス停: 幸町",
        "name": "幸町",
        "operator": "事業者不明",
        "ref": "",
        "url": "",
        "url2": ""
      }
    },
    {
      "type": "Feature",
      "geometry": {
        "type": "Point",
        "coordinates": [
          134.0345874,
          34.3441977
        ]
      },
      "properties": {
        "内容": "バス停: 昭和町・市図書館前",
        "name": "昭和町・市図書館前",
        "operator": "事業者不明",
        "ref": "",
        "url": "",
        "url2": ""
      }
    },
    {
      "type": "Feature",
      "geometry": {
        "type": "Point",
        "coordinates": [
          134.0347054,
          34.3442988
        ]
      },
      "properties": {
        "内容": "バス停: 昭和町・市図書館前",
        "name": "昭和町・市図書館前",
        "operator": "事業者不明",
        "ref": "",
        "url": "",
        "url2": ""
      }
    },
    {
      "type": "Feature",
      "geometry": {
        "type": "Point",
        "coordinates": [
          134.0298666,
          34.344648
        ]
      },
      "properties": {
        "内容": "バス停: 水道橋",
        "name": "水道橋",
        "operator": "事業者不明",
        "ref": "",
        "url": "",
        "url2": ""
      }
    },
    {
      "type": "Feature",
      "geometry": {
        "type": "Point",
        "coordinates": [
          134.0302229,
          34.3447844
        ]
      },
      "properties": {
        "内容": "バス停: 水道橋",
        "name": "水道橋",
        "operator": "事業者不明",
        "ref": "",
        "url": "",
        "url2": ""
      }
    },
    {
      "type": "Feature",
      "geometry": {
        "type": "Point",
        "coordinates": [
          134.0262742,
          34.3448591
        ]
      },
      "properties": {
        "内容": "バス停: 西宝町一丁目",
        "name": "西宝町一丁目",
        "operator": "事業者不明",
        "ref": "",
        "url": "",
        "url2": ""
      }
    },
    {
      "type": "Feature",
      "geometry": {
        "type": "Point",
        "coordinates": [
          134.0267676,
          34.3447602
        ]
      },
      "properties": {
        "内容": "バス停: 西宝町一丁目",
        "name": "西宝町一丁目",
        "operator": "事業者不明",
        "ref": "",
        "url": "",
        "url2": ""
      }
    },
    {
      "type": "Feature",
      "geometry": {
        "type": "Point",
        "coordinates": [
          134.0089056,
          34.3439396
        ]
      },
      "properties": {
        "内容": "バス停: 香西東町",
        "name": "香西東町",
        "operator": "事業者不明",
        "ref": "",
        "url": "",
        "url2": ""
      }
    },
    {
      "type": "Feature",
      "geometry": {
        "type": "Point",
        "coordinates": [
          134.0140524,
          34.3446638
        ]
      },
      "properties": {
        "内容": "バス停: 香東交番前",
        "name": "香東交番前",
        "operator": "事業者不明",
        "ref": "",
        "url": "",
        "url2": ""
      }
    },
    {
      "type": "Feature",
      "geometry": {
        "type": "Point",
        "coordinates": [
          134.009207,
          34.343906
        ]
      },
      "properties": {
        "内容": "バス停: 香西東町",
        "name": "香西東町",
        "operator": "事業者不明",
        "ref": "",
        "url": "",
        "url2": ""
      }
    },
    {
      "type": "Feature",
      "geometry": {
        "type": "Point",
        "coordinates": [
          134.0039373,
          34.3439535
        ]
      },
      "properties": {
        "内容": "バス停: 本津",
        "name": "本津",
        "operator": "事業者不明",
        "ref": "",
        "url": "",
        "url2": ""
      }
    },
    {
      "type": "Feature",
      "geometry": {
        "type": "Point",
        "coordinates": [
          134.0003388,
          34.3458669
        ]
      },
      "properties": {
        "内容": "バス停: 香西中央通り",
        "name": "香西中央通り",
        "operator": "事業者不明",
        "ref": "",
        "url": "",
        "url2": ""
      }
    },
    {
      "type": "Feature",
      "geometry": {
        "type": "Point",
        "coordinates": [
          133.9976437,
          34.3506446
        ]
      },
      "properties": {
        "内容": "バス停: 香西車庫前",
        "name": "香西車庫前",
        "operator": "事業者不明",
        "ref": "",
        "url": "",
        "url2": ""
      }
    },
    {
      "type": "Feature",
      "geometry": {
        "type": "Point",
        "coordinates": [
          133.9796961,
          34.3548593
        ]
      },
      "properties": {
        "内容": "バス停: 山下",
        "name": "山下",
        "operator": "事業者不明",
        "ref": "",
        "url": "",
        "url2": ""
      }
    },
    {
      "type": "Feature",
      "geometry": {
        "type": "Point",
        "coordinates": [
          133.970978,
          34.3574296
        ]
      },
      "properties": {
        "内容": "バス停: 根香口",
        "name": "根香口",
        "operator": "事業者不明",
        "ref": "",
        "url": "",
        "url2": ""
      }
    },
    {
      "type": "Feature",
      "geometry": {
        "type": "Point",
        "coordinates": [
          133.9710877,
          34.3574843
        ]
      },
      "properties": {
        "内容": "バス停: 根香口",
        "name": "根香口",
        "operator": "事業者不明",
        "ref": "",
        "url": "",
        "url2": ""
      }
    },
    {
      "type": "Feature",
      "geometry": {
        "type": "Point",
        "coordinates": [
          133.9613521,
          34.3609922
        ]
      },
      "properties": {
        "内容": "バス停: 生島富士カガク前",
        "name": "生島富士カガク前",
        "operator": "事業者不明",
        "ref": "",
        "url": "",
        "url2": ""
      }
    },
    {
      "type": "Feature",
      "geometry": {
        "type": "Point",
        "coordinates": [
          133.9684955,
          34.3585844
        ]
      },
      "properties": {
        "内容": "バス停: 下笠居支所前",
        "name": "下笠居支所前",
        "operator": "事業者不明",
        "ref": "",
        "url": "",
        "url2": ""
      }
    },
    {
      "type": "Feature",
      "geometry": {
        "type": "Point",
        "coordinates": [
          133.9644804,
          34.3608378
        ]
      },
      "properties": {
        "内容": "バス停: 生島",
        "name": "生島",
        "operator": "事業者不明",
        "ref": "",
        "url": "",
        "url2": ""
      }
    },
    {
      "type": "Feature",
      "geometry": {
        "type": "Point",
        "coordinates": [
          133.9680728,
          34.3593673
        ]
      },
      "properties": {
        "内容": "バス停: 下笠居支所前",
        "name": "下笠居支所前",
        "operator": "事業者不明",
        "ref": "",
        "url": "",
        "url2": ""
      }
    },
    {
      "type": "Feature",
      "geometry": {
        "type": "Point",
        "coordinates": [
          133.9646461,
          34.3607579
        ]
      },
      "properties": {
        "内容": "バス停: 生島",
        "name": "生島",
        "operator": "事業者不明",
        "ref": "",
        "url": "",
        "url2": ""
      }
    },
    {
      "type": "Feature",
      "geometry": {
        "type": "Point",
        "coordinates": [
          133.9487599,
          34.3725649
        ]
      },
      "properties": {
        "内容": "バス停: 塩家",
        "name": "塩家",
        "operator": "事業者不明",
        "ref": "",
        "url": "",
        "url2": ""
      }
    },
    {
      "type": "Feature",
      "geometry": {
        "type": "Point",
        "coordinates": [
          133.9491043,
          34.3726214
        ]
      },
      "properties": {
        "内容": "バス停: 塩家",
        "name": "塩家",
        "operator": "事業者不明",
        "ref": "",
        "url": "",
        "url2": ""
      }
    },
    {
      "type": "Feature",
      "geometry": {
        "type": "Point",
        "coordinates": [
          133.9605456,
          34.3613867
        ]
      },
      "properties": {
        "内容": "バス停: 生島富士カガク前",
        "name": "生島富士カガク前",
        "operator": "事業者不明",
        "ref": "",
        "url": "",
        "url2": ""
      }
    },
    {
      "type": "Feature",
      "geometry": {
        "type": "Point",
        "coordinates": [
          133.9571829,
          34.3652532
        ]
      },
      "properties": {
        "内容": "バス停: 小坂・総合運動公園前",
        "name": "小坂・総合運動公園前",
        "operator": "事業者不明",
        "ref": "",
        "url": "",
        "url2": ""
      }
    },
    {
      "type": "Feature",
      "geometry": {
        "type": "Point",
        "coordinates": [
          133.9570404,
          34.3651618
        ]
      },
      "properties": {
        "内容": "バス停: 小坂・総合運動公園前",
        "name": "小坂・総合運動公園前",
        "operator": "事業者不明",
        "ref": "",
        "url": "",
        "url2": ""
      }
    },
    {
      "type": "Feature",
      "geometry": {
        "type": "Point",
        "coordinates": [
          133.9544269,
          34.369375
        ]
      },
      "properties": {
        "内容": "バス停: 北坂",
        "name": "北坂",
        "operator": "事業者不明",
        "ref": "",
        "url": "",
        "url2": ""
      }
    },
    {
      "type": "Feature",
      "geometry": {
        "type": "Point",
        "coordinates": [
          133.9543209,
          34.3692457
        ]
      },
      "properties": {
        "内容": "バス停: 北坂",
        "name": "北坂",
        "operator": "事業者不明",
        "ref": "",
        "url": "",
        "url2": ""
      }
    },
    {
      "type": "Feature",
      "geometry": {
        "type": "Point",
        "coordinates": [
          133.9463254,
          34.3717146
        ]
      },
      "properties": {
        "内容": "バス停: 亀水",
        "name": "亀水",
        "operator": "事業者不明",
        "ref": "",
        "url": "",
        "url2": ""
      }
    },
    {
      "type": "Feature",
      "geometry": {
        "type": "Point",
        "coordinates": [
          133.947041,
          34.3721147
        ]
      },
      "properties": {
        "内容": "バス停: 亀水",
        "name": "亀水",
        "operator": "事業者不明",
        "ref": "",
        "url": "",
        "url2": ""
      }
    },
    {
      "type": "Feature",
      "geometry": {
        "type": "Point",
        "coordinates": [
          133.9448621,
          34.3718972
        ]
      },
      "properties": {
        "内容": "バス停: 弓弦羽",
        "name": "弓弦羽",
        "operator": "事業者不明",
        "ref": "",
        "url": "",
        "url2": ""
      }
    },
    {
      "type": "Feature",
      "geometry": {
        "type": "Point",
        "coordinates": [
          133.9959508,
          34.3490841
        ]
      },
      "properties": {
        "内容": "バス停: 香西北町",
        "name": "香西北町",
        "operator": "事業者不明",
        "ref": "",
        "url": "",
        "url2": ""
      }
    },
    {
      "type": "Feature",
      "geometry": {
        "type": "Point",
        "coordinates": [
          134.0624794,
          34.3422524
        ]
      },
      "properties": {
        "内容": "バス停: 松福町",
        "name": "松福町",
        "operator": "事業者不明",
        "ref": "",
        "url": "",
        "url2": ""
      }
    },
    {
      "type": "Feature",
      "geometry": {
        "type": "Point",
        "coordinates": [
          134.0625331,
          34.3418503
        ]
      },
      "properties": {
        "内容": "バス停: 松福町",
        "name": "松福町",
        "operator": "事業者不明",
        "ref": "",
        "url": "",
        "url2": ""
      }
    },
    {
      "type": "Feature",
      "geometry": {
        "type": "Point",
        "coordinates": [
          134.0330058,
          34.3218719
        ]
      },
      "properties": {
        "内容": "バス停: 大手前高松中学高校",
        "name": "大手前高松中学高校",
        "operator": "事業者不明",
        "ref": "",
        "url": "",
        "url2": ""
      }
    },
    {
      "type": "Feature",
      "geometry": {
        "type": "Point",
        "coordinates": [
          134.0326309,
          34.3221895
        ]
      },
      "properties": {
        "内容": "バス停: 大手前高松中学高校",
        "name": "大手前高松中学高校",
        "operator": "事業者不明",
        "ref": "",
        "url": "",
        "url2": ""
      }
    },
    {
      "type": "Feature",
      "geometry": {
        "type": "Point",
        "coordinates": [
          134.027721,
          34.3229263
        ]
      },
      "properties": {
        "内容": "バス停: 峰山くらしひろば前",
        "name": "峰山くらしひろば前",
        "operator": "事業者不明",
        "ref": "",
        "url": "",
        "url2": ""
      }
    },
    {
      "type": "Feature",
      "geometry": {
        "type": "Point",
        "coordinates": [
          134.0282095,
          34.3229053
        ]
      },
      "properties": {
        "内容": "バス停: 峰山くらしひろば前",
        "name": "峰山くらしひろば前",
        "operator": "事業者不明",
        "ref": "",
        "url": "",
        "url2": ""
      }
    },
    {
      "type": "Feature",
      "geometry": {
        "type": "Point",
        "coordinates": [
          134.0071366,
          34.3314303
        ]
      },
      "properties": {
        "内容": "バス停: 鶴市町",
        "name": "鶴市町",
        "operator": "事業者不明",
        "ref": "",
        "url": "",
        "url2": ""
      }
    },
    {
      "type": "Feature",
      "geometry": {
        "type": "Point",
        "coordinates": [
          134.0061408,
          34.3314889
        ]
      },
      "properties": {
        "内容": "バス停: 鶴市町",
        "name": "鶴市町",
        "operator": "事業者不明",
        "ref": "",
        "url": "",
        "url2": ""
      }
    },
    {
      "type": "Feature",
      "geometry": {
        "type": "Point",
        "coordinates": [
          134.0021351,
          34.3322986
        ]
      },
      "properties": {
        "内容": "バス停: 鶴市町",
        "name": "鶴市町",
        "operator": "事業者不明",
        "ref": "",
        "url": "",
        "url2": ""
      }
    },
    {
      "type": "Feature",
      "geometry": {
        "type": "Point",
        "coordinates": [
          134.0019378,
          34.3321554
        ]
      },
      "properties": {
        "内容": "バス停: 鶴市町",
        "name": "鶴市町",
        "operator": "事業者不明",
        "ref": "",
        "url": "",
        "url2": ""
      }
    },
    {
      "type": "Feature",
      "geometry": {
        "type": "Point",
        "coordinates": [
          133.9951267,
          34.3296051
        ]
      },
      "properties": {
        "内容": "バス停: 鬼無町佐藤",
        "name": "鬼無町佐藤",
        "operator": "事業者不明",
        "ref": "",
        "url": "",
        "url2": ""
      }
    },
    {
      "type": "Feature",
      "geometry": {
        "type": "Point",
        "coordinates": [
          133.9948996,
          34.3290014
        ]
      },
      "properties": {
        "内容": "バス停: 鬼無町佐藤",
        "name": "鬼無町佐藤",
        "operator": "事業者不明",
        "ref": "",
        "url": "",
        "url2": ""
      }
    },
    {
      "type": "Feature",
      "geometry": {
        "type": "Point",
        "coordinates": [
          133.9957682,
          34.3325804
        ]
      },
      "properties": {
        "内容": "バス停: 佐料",
        "name": "佐料",
        "operator": "事業者不明",
        "ref": "",
        "url": "",
        "url2": ""
      }
    },
    {
      "type": "Feature",
      "geometry": {
        "type": "Point",
        "coordinates": [
          133.9955409,
          34.3319371
        ]
      },
      "properties": {
        "内容": "バス停: 佐料",
        "name": "佐料",
        "operator": "事業者不明",
        "ref": "",
        "url": "",
        "url2": ""
      }
    },
    {
      "type": "Feature",
      "geometry": {
        "type": "Point",
        "coordinates": [
          133.991307,
          34.3238725
        ]
      },
      "properties": {
        "内容": "バス停: 西高入口",
        "name": "西高入口",
        "operator": "事業者不明",
        "ref": "",
        "url": "",
        "url2": ""
      }
    },
    {
      "type": "Feature",
      "geometry": {
        "type": "Point",
        "coordinates": [
          133.9939014,
          34.3259425
        ]
      },
      "properties": {
        "内容": "バス停: 鬼無駅前",
        "name": "鬼無駅前",
        "operator": "事業者不明",
        "ref": "",
        "url": "",
        "url2": ""
      }
    },
    {
      "type": "Feature",
      "geometry": {
        "type": "Point",
        "coordinates": [
          133.9941893,
          34.326398
        ]
      },
      "properties": {
        "内容": "バス停: 鬼無駅前",
        "name": "鬼無駅前",
        "operator": "事業者不明",
        "ref": "",
        "url": "",
        "url2": ""
      }
    },
    {
      "type": "Feature",
      "geometry": {
        "type": "Point",
        "coordinates": [
          133.9863644,
          34.3246753
        ]
      },
      "properties": {
        "内容": "バス停: 公民館前",
        "name": "公民館前",
        "operator": "事業者不明",
        "ref": "",
        "url": "",
        "url2": ""
      }
    },
    {
      "type": "Feature",
      "geometry": {
        "type": "Point",
        "coordinates": [
          133.98643,
          34.3247464
        ]
      },
      "properties": {
        "内容": "バス停: 公民館前",
        "name": "公民館前",
        "operator": "事業者不明",
        "ref": "",
        "url": "",
        "url2": ""
      }
    },
    {
      "type": "Feature",
      "geometry": {
        "type": "Point",
        "coordinates": [
          133.9912599,
          34.323775
        ]
      },
      "properties": {
        "内容": "バス停: 西高入口",
        "name": "西高入口",
        "operator": "事業者不明",
        "ref": "",
        "url": "",
        "url2": ""
      }
    },
    {
      "type": "Feature",
      "geometry": {
        "type": "Point",
        "coordinates": [
          133.9814046,
          34.3257615
        ]
      },
      "properties": {
        "内容": "バス停: 高松西高",
        "name": "高松西高",
        "operator": "事業者不明",
        "ref": "",
        "url": "",
        "url2": ""
      }
    },
    {
      "type": "Feature",
      "geometry": {
        "type": "Point",
        "coordinates": [
          133.9814774,
          34.3258273
        ]
      },
      "properties": {
        "内容": "バス停: 高松西高",
        "name": "高松西高",
        "operator": "事業者不明",
        "ref": "",
        "url": "",
        "url2": ""
      }
    },
    {
      "type": "Feature",
      "geometry": {
        "type": "Point",
        "coordinates": [
          134.0438885,
          34.352242
        ]
      },
      "properties": {
        "内容": "バス停: 浜ノ町",
        "name": "浜ノ町",
        "operator": "事業者不明",
        "ref": "",
        "url": "",
        "url2": ""
      }
    },
    {
      "type": "Feature",
      "geometry": {
        "type": "Point",
        "coordinates": [
          134.0335463,
          34.3479433
        ]
      },
      "properties": {
        "内容": "バス停: 瀬戸内町",
        "name": "瀬戸内町",
        "operator": "事業者不明",
        "ref": "",
        "url": "",
        "url2": ""
      }
    },
    {
      "type": "Feature",
      "geometry": {
        "type": "Point",
        "coordinates": [
          134.0334459,
          34.3477867
        ]
      },
      "properties": {
        "内容": "バス停: 瀬戸内町",
        "name": "瀬戸内町",
        "operator": "事業者不明",
        "ref": "",
        "url": "",
        "url2": ""
      }
    },
    {
      "type": "Feature",
      "geometry": {
        "type": "Point",
        "coordinates": [
          134.0682923,
          34.3545291
        ]
      },
      "properties": {
        "内容": "バス停: 卸センター中通り",
        "name": "卸センター中通り",
        "operator": "事業者不明",
        "ref": "",
        "url": "",
        "url2": ""
      }
    },
    {
      "type": "Feature",
      "geometry": {
        "type": "Point",
        "coordinates": [
          134.0642141,
          34.3491111
        ]
      },
      "properties": {
        "内容": "バス停: 高松調剤薬局",
        "name": "高松調剤薬局",
        "operator": "事業者不明",
        "ref": "",
        "url": "",
        "url2": ""
      }
    },
    {
      "type": "Feature",
      "geometry": {
        "type": "Point",
        "coordinates": [
          133.6838343,
          34.156691
        ]
      },
      "properties": {
        "内容": "バス停: 桑山5区",
        "name": "桑山5区",
        "operator": "事業者不明",
        "ref": "",
        "url": "",
        "url2": ""
      }
    },
    {
      "type": "Feature",
      "geometry": {
        "type": "Point",
        "coordinates": [
          134.0625291,
          34.3442704
        ]
      },
      "properties": {
        "内容": "バス停: 福岡町",
        "name": "福岡町",
        "operator": "事業者不明",
        "ref": "",
        "url": "",
        "url2": ""
      }
    },
    {
      "type": "Feature",
      "geometry": {
        "type": "Point",
        "coordinates": [
          134.0634772,
          34.3466516
        ]
      },
      "properties": {
        "内容": "バス停: 高松けいりん場",
        "name": "高松けいりん場",
        "operator": "事業者不明",
        "ref": "",
        "url": "",
        "url2": ""
      }
    },
    {
      "type": "Feature",
      "geometry": {
        "type": "Point",
        "coordinates": [
          134.0632854,
          34.34633
        ]
      },
      "properties": {
        "内容": "バス停: 高松けいりん場",
        "name": "高松けいりん場",
        "operator": "事業者不明",
        "ref": "",
        "url": "",
        "url2": ""
      }
    },
    {
      "type": "Feature",
      "geometry": {
        "type": "Point",
        "coordinates": [
          134.0628335,
          34.347471
        ]
      },
      "properties": {
        "内容": "バス停: 県立武道館",
        "name": "県立武道館",
        "operator": "事業者不明",
        "ref": "",
        "url": "",
        "url2": ""
      }
    },
    {
      "type": "Feature",
      "geometry": {
        "type": "Point",
        "coordinates": [
          133.808361,
          34.4056288
        ]
      },
      "properties": {
        "内容": "バス停: 岩黒島",
        "name": "岩黒島",
        "operator": "事業者不明",
        "ref": "",
        "url": "",
        "url2": ""
      }
    },
    {
      "type": "Feature",
      "geometry": {
        "type": "Point",
        "coordinates": [
          133.8212325,
          34.1916683
        ]
      },
      "properties": {
        "内容": "バス停: 琴平駅前",
        "name": "琴平駅前",
        "operator": "事業者不明",
        "ref": "",
        "url": "",
        "url2": ""
      }
    },
    {
      "type": "Feature",
      "geometry": {
        "type": "Point",
        "coordinates": [
          133.8194446,
          34.1907362
        ]
      },
      "properties": {
        "内容": "バス停: 琴電琴平駅",
        "name": "琴電琴平駅",
        "operator": "事業者不明",
        "ref": "",
        "url": "",
        "url2": ""
      }
    },
    {
      "type": "Feature",
      "geometry": {
        "type": "Point",
        "coordinates": [
          133.8193626,
          34.1908173
        ]
      },
      "properties": {
        "内容": "バス停: 琴電琴平駅",
        "name": "琴電琴平駅",
        "operator": "事業者不明",
        "ref": "",
        "url": "",
        "url2": ""
      }
    },
    {
      "type": "Feature",
      "geometry": {
        "type": "Point",
        "coordinates": [
          134.0422737,
          34.3107109
        ]
      },
      "properties": {
        "内容": "バス停: 仏壇店前・高松吉塚・三条池",
        "name": "仏壇店前・高松吉塚・三条池",
        "operator": "事業者不明",
        "ref": "",
        "url": "",
        "url2": ""
      }
    },
    {
      "type": "Feature",
      "geometry": {
        "type": "Point",
        "coordinates": [
          134.0428698,
          34.3103021
        ]
      },
      "properties": {
        "内容": "バス停: 仏壇店前・高松吉塚・三条池",
        "name": "仏壇店前・高松吉塚・三条池",
        "operator": "事業者不明",
        "ref": "",
        "url": "",
        "url2": ""
      }
    },
    {
      "type": "Feature",
      "geometry": {
        "type": "Point",
        "coordinates": [
          134.0467671,
          34.3096441
        ]
      },
      "properties": {
        "内容": "バス停: 香川ダイハツモータース高松太田店前",
        "name": "香川ダイハツモータース高松太田店前",
        "operator": "事業者不明",
        "ref": "",
        "url": "",
        "url2": ""
      }
    },
    {
      "type": "Feature",
      "geometry": {
        "type": "Point",
        "coordinates": [
          134.0491703,
          34.3092342
        ]
      },
      "properties": {
        "内容": "バス停: ホンダカーズ香川太田店前",
        "name": "ホンダカーズ香川太田店前",
        "operator": "事業者不明",
        "ref": "",
        "url": "",
        "url2": ""
      }
    },
    {
      "type": "Feature",
      "geometry": {
        "type": "Point",
        "coordinates": [
          134.0545354,
          34.3082212
        ]
      },
      "properties": {
        "内容": "バス停: サンフラワー東・アウディ高松前",
        "name": "サンフラワー東・アウディ高松前",
        "operator": "事業者不明",
        "ref": "",
        "url": "",
        "url2": ""
      }
    },
    {
      "type": "Feature",
      "geometry": {
        "type": "Point",
        "coordinates": [
          134.0524574,
          34.3417452
        ]
      },
      "properties": {
        "内容": "バス停: 古馬場町",
        "name": "古馬場町",
        "operator": "事業者不明",
        "ref": "",
        "url": "",
        "url2": ""
      }
    },
    {
      "type": "Feature",
      "geometry": {
        "type": "Point",
        "coordinates": [
          134.0525938,
          34.3430042
        ]
      },
      "properties": {
        "内容": "バス停: 今新町",
        "name": "今新町",
        "operator": "事業者不明",
        "ref": "",
        "url": "",
        "url2": ""
      }
    },
    {
      "type": "Feature",
      "geometry": {
        "type": "Point",
        "coordinates": [
          134.0527886,
          34.3433436
        ]
      },
      "properties": {
        "内容": "バス停: 今新町",
        "name": "今新町",
        "operator": "事業者不明",
        "ref": "",
        "url": "",
        "url2": ""
      }
    },
    {
      "type": "Feature",
      "geometry": {
        "type": "Point",
        "coordinates": [
          134.0531747,
          34.3451566
        ]
      },
      "properties": {
        "内容": "バス停: 片原町",
        "name": "片原町",
        "operator": "事業者不明",
        "ref": "",
        "url": "",
        "url2": ""
      }
    },
    {
      "type": "Feature",
      "geometry": {
        "type": "Point",
        "coordinates": [
          134.0615545,
          34.3444457
        ]
      },
      "properties": {
        "内容": "バス停: 福岡町",
        "name": "福岡町",
        "operator": "事業者不明",
        "ref": "",
        "url": "",
        "url2": ""
      }
    },
    {
      "type": "Feature",
      "geometry": {
        "type": "Point",
        "coordinates": [
          134.0579041,
          34.3445445
        ]
      },
      "properties": {
        "内容": "バス停: 末広町",
        "name": "末広町",
        "operator": "事業者不明",
        "ref": "",
        "url": "",
        "url2": ""
      }
    },
    {
      "type": "Feature",
      "geometry": {
        "type": "Point",
        "coordinates": [
          134.0577795,
          34.3445245
        ]
      },
      "properties": {
        "内容": "バス停: 末広町",
        "name": "末広町",
        "operator": "事業者不明",
        "ref": "",
        "url": "",
        "url2": ""
      }
    },
    {
      "type": "Feature",
      "geometry": {
        "type": "Point",
        "coordinates": [
          134.0582353,
          34.3418515
        ]
      },
      "properties": {
        "内容": "バス停: ことでん今橋駅",
        "name": "ことでん今橋駅",
        "operator": "事業者不明",
        "ref": "",
        "url": "",
        "url2": ""
      }
    },
    {
      "type": "Feature",
      "geometry": {
        "type": "Point",
        "coordinates": [
          134.0581313,
          34.3418424
        ]
      },
      "properties": {
        "内容": "バス停: ことでん今橋駅",
        "name": "ことでん今橋駅",
        "operator": "事業者不明",
        "ref": "",
        "url": "",
        "url2": ""
      }
    },
    {
      "type": "Feature",
      "geometry": {
        "type": "Point",
        "coordinates": [
          134.0582268,
          34.3396047
        ]
      },
      "properties": {
        "内容": "バス停: 高松商業西",
        "name": "高松商業西",
        "operator": "事業者不明",
        "ref": "",
        "url": "",
        "url2": ""
      }
    },
    {
      "type": "Feature",
      "geometry": {
        "type": "Point",
        "coordinates": [
          134.0583462,
          34.3390942
        ]
      },
      "properties": {
        "内容": "バス停: 高松商業西",
        "name": "高松商業西",
        "operator": "事業者不明",
        "ref": "",
        "url": "",
        "url2": ""
      }
    },
    {
      "type": "Feature",
      "geometry": {
        "type": "Point",
        "coordinates": [
          134.0566833,
          34.3383464
        ]
      },
      "properties": {
        "内容": "バス停: 塩上町３丁目",
        "name": "塩上町３丁目",
        "operator": "事業者不明",
        "ref": "",
        "url": "",
        "url2": ""
      }
    },
    {
      "type": "Feature",
      "geometry": {
        "type": "Point",
        "coordinates": [
          134.0567494,
          34.3384318
        ]
      },
      "properties": {
        "内容": "バス停: 塩上町３丁目",
        "name": "塩上町３丁目",
        "operator": "事業者不明",
        "ref": "",
        "url": "",
        "url2": ""
      }
    },
    {
      "type": "Feature",
      "geometry": {
        "type": "Point",
        "coordinates": [
          134.0533653,
          34.3389414
        ]
      },
      "properties": {
        "内容": "バス停: 瓦町駅東口",
        "name": "瓦町駅東口",
        "operator": "事業者不明",
        "ref": "",
        "url": "",
        "url2": ""
      }
    },
    {
      "type": "Feature",
      "geometry": {
        "type": "Point",
        "coordinates": [
          134.0505107,
          34.3442167
        ]
      },
      "properties": {
        "内容": "バス停: 丸亀町参番街",
        "name": "丸亀町参番街",
        "operator": "事業者不明",
        "ref": "",
        "url": "",
        "url2": ""
      }
    },
    {
      "type": "Feature",
      "geometry": {
        "type": "Point",
        "coordinates": [
          134.0505107,
          34.3442771
        ]
      },
      "properties": {
        "内容": "バス停: 丸亀町参番街",
        "name": "丸亀町参番街",
        "operator": "事業者不明",
        "ref": "",
        "url": "",
        "url2": ""
      }
    },
    {
      "type": "Feature",
      "geometry": {
        "type": "Point",
        "coordinates": [
          134.0453113,
          34.3440429
        ]
      },
      "properties": {
        "内容": "バス停: 高松商工会議所前",
        "name": "高松商工会議所前",
        "operator": "事業者不明",
        "ref": "",
        "url": "",
        "url2": ""
      }
    },
    {
      "type": "Feature",
      "geometry": {
        "type": "Point",
        "coordinates": [
          134.0451866,
          34.3440523
        ]
      },
      "properties": {
        "内容": "バス停: 高松商工会議所前",
        "name": "高松商工会議所前",
        "operator": "事業者不明",
        "ref": "",
        "url": "",
        "url2": ""
      }
    },
    {
      "type": "Feature",
      "geometry": {
        "type": "Point",
        "coordinates": [
          134.0364848,
          34.3363861
        ]
      },
      "properties": {
        "内容": "バス停: 八幡前",
        "name": "八幡前",
        "operator": "事業者不明",
        "ref": "",
        "url": "",
        "url2": ""
      }
    },
    {
      "type": "Feature",
      "geometry": {
        "type": "Point",
        "coordinates": [
          134.0364084,
          34.336421
        ]
      },
      "properties": {
        "内容": "バス停: 八幡前",
        "name": "八幡前",
        "operator": "事業者不明",
        "ref": "",
        "url": "",
        "url2": ""
      }
    },
    {
      "type": "Feature",
      "geometry": {
        "type": "Point",
        "coordinates": [
          134.03289,
          34.3370477
        ]
      },
      "properties": {
        "内容": "バス停: 峰山",
        "name": "峰山",
        "operator": "事業者不明",
        "ref": "",
        "url": "",
        "url2": ""
      }
    },
    {
      "type": "Feature",
      "geometry": {
        "type": "Point",
        "coordinates": [
          134.0378403,
          34.3403421
        ]
      },
      "properties": {
        "内容": "バス停: 香川大学法学部・経済学部前",
        "name": "香川大学法学部・経済学部前",
        "operator": "事業者不明",
        "ref": "",
        "url": "",
        "url2": ""
      }
    },
    {
      "type": "Feature",
      "geometry": {
        "type": "Point",
        "coordinates": [
          134.0378299,
          34.3398583
        ]
      },
      "properties": {
        "内容": "バス停: 香川大学法学部・経済学部前",
        "name": "香川大学法学部・経済学部前",
        "operator": "事業者不明",
        "ref": "",
        "url": "",
        "url2": ""
      }
    },
    {
      "type": "Feature",
      "geometry": {
        "type": "Point",
        "coordinates": [
          134.0385573,
          34.3430581
        ]
      },
      "properties": {
        "内容": "バス停: 香川大学教育学部前",
        "name": "香川大学教育学部前",
        "operator": "事業者不明",
        "ref": "",
        "url": "",
        "url2": ""
      }
    },
    {
      "type": "Feature",
      "geometry": {
        "type": "Point",
        "coordinates": [
          134.0386802,
          34.3430408
        ]
      },
      "properties": {
        "内容": "バス停: 香川大学教育学部前",
        "name": "香川大学教育学部前",
        "operator": "事業者不明",
        "ref": "",
        "url": "",
        "url2": ""
      }
    },
    {
      "type": "Feature",
      "geometry": {
        "type": "Point",
        "coordinates": [
          134.0311814,
          34.3452349
        ]
      },
      "properties": {
        "内容": "バス停: 扇町",
        "name": "扇町",
        "operator": "事業者不明",
        "ref": "",
        "url": "",
        "url2": ""
      }
    },
    {
      "type": "Feature",
      "geometry": {
        "type": "Point",
        "coordinates": [
          134.0313504,
          34.345221
        ]
      },
      "properties": {
        "内容": "バス停: 扇町",
        "name": "扇町",
        "operator": "事業者不明",
        "ref": "",
        "url": "",
        "url2": ""
      }
    },
    {
      "type": "Feature",
      "geometry": {
        "type": "Point",
        "coordinates": [
          134.0270455,
          34.3478463
        ]
      },
      "properties": {
        "内容": "バス停: 新北町口",
        "name": "新北町口",
        "operator": "事業者不明",
        "ref": "",
        "url": "",
        "url2": ""
      }
    },
    {
      "type": "Feature",
      "geometry": {
        "type": "Point",
        "coordinates": [
          134.0399323,
          34.3515484
        ]
      },
      "properties": {
        "内容": "バス停: 大的場",
        "name": "大的場",
        "operator": "事業者不明",
        "ref": "",
        "url": "",
        "url2": ""
      }
    },
    {
      "type": "Feature",
      "geometry": {
        "type": "Point",
        "coordinates": [
          134.039845,
          34.3516422
        ]
      },
      "properties": {
        "内容": "バス停: 大的場",
        "name": "大的場",
        "operator": "事業者不明",
        "ref": "",
        "url": "",
        "url2": ""
      }
    },
    {
      "type": "Feature",
      "geometry": {
        "type": "Point",
        "coordinates": [
          134.0438486,
          34.3523196
        ]
      },
      "properties": {
        "内容": "バス停: 浜ノ町",
        "name": "浜ノ町",
        "operator": "事業者不明",
        "ref": "",
        "url": "",
        "url2": ""
      }
    },
    {
      "type": "Feature",
      "geometry": {
        "type": "Point",
        "coordinates": [
          134.0262991,
          34.3514344
        ]
      },
      "properties": {
        "内容": "バス停: 新北町",
        "name": "新北町",
        "operator": "事業者不明",
        "ref": "",
        "url": "",
        "url2": ""
      }
    },
    {
      "type": "Feature",
      "geometry": {
        "type": "Point",
        "coordinates": [
          134.0025199,
          34.2044732
        ]
      },
      "properties": {
        "内容": "バス停: 名称不明バス停",
        "name": "名称不明バス停",
        "operator": "事業者不明",
        "ref": "",
        "url": "",
        "url2": ""
      }
    },
    {
      "type": "Feature",
      "geometry": {
        "type": "Point",
        "coordinates": [
          133.7987794,
          34.2186946
        ]
      },
      "properties": {
        "内容": "バス停: 南生野",
        "name": "南生野",
        "operator": "事業者不明",
        "ref": "",
        "url": "",
        "url2": ""
      }
    },
    {
      "type": "Feature",
      "geometry": {
        "type": "Point",
        "coordinates": [
          133.8002747,
          34.2163735
        ]
      },
      "properties": {
        "内容": "バス停: 大杉脳外科前",
        "name": "大杉脳外科前",
        "operator": "事業者不明",
        "ref": "",
        "url": "",
        "url2": ""
      }
    },
    {
      "type": "Feature",
      "geometry": {
        "type": "Point",
        "coordinates": [
          133.8002291,
          34.2162493
        ]
      },
      "properties": {
        "内容": "バス停: 大杉脳外科前",
        "name": "大杉脳外科前",
        "operator": "事業者不明",
        "ref": "",
        "url": "",
        "url2": ""
      }
    },
    {
      "type": "Feature",
      "geometry": {
        "type": "Point",
        "coordinates": [
          133.8016856,
          34.2141788
        ]
      },
      "properties": {
        "内容": "バス停: 風折",
        "name": "風折",
        "operator": "事業者不明",
        "ref": "",
        "url": "",
        "url2": ""
      }
    },
    {
      "type": "Feature",
      "geometry": {
        "type": "Point",
        "coordinates": [
          133.8014656,
          34.2143474
        ]
      },
      "properties": {
        "内容": "バス停: 大麻",
        "name": "大麻",
        "operator": "事業者不明",
        "ref": "",
        "url": "",
        "url2": ""
      }
    },
    {
      "type": "Feature",
      "geometry": {
        "type": "Point",
        "coordinates": [
          133.8046977,
          34.2093611
        ]
      },
      "properties": {
        "内容": "バス停: 大麻",
        "name": "大麻",
        "operator": "事業者不明",
        "ref": "",
        "url": "",
        "url2": ""
      }
    },
    {
      "type": "Feature",
      "geometry": {
        "type": "Point",
        "coordinates": [
          133.804868,
          34.2092469
        ]
      },
      "properties": {
        "内容": "バス停: 大麻",
        "name": "大麻",
        "operator": "事業者不明",
        "ref": "",
        "url": "",
        "url2": ""
      }
    },
    {
      "type": "Feature",
      "geometry": {
        "type": "Point",
        "coordinates": [
          133.8092226,
          34.2024757
        ]
      },
      "properties": {
        "内容": "バス停: 岩崎",
        "name": "岩崎",
        "operator": "事業者不明",
        "ref": "",
        "url": "",
        "url2": ""
      }
    },
    {
      "type": "Feature",
      "geometry": {
        "type": "Point",
        "coordinates": [
          133.8092896,
          34.2022172
        ]
      },
      "properties": {
        "内容": "バス停: 岩崎",
        "name": "岩崎",
        "operator": "事業者不明",
        "ref": "",
        "url": "",
        "url2": ""
      }
    },
    {
      "type": "Feature",
      "geometry": {
        "type": "Point",
        "coordinates": [
          133.8135034,
          34.1958149
        ]
      },
      "properties": {
        "内容": "バス停: 琴平営業所",
        "name": "琴平営業所",
        "operator": "事業者不明",
        "ref": "",
        "url": "",
        "url2": ""
      }
    },
    {
      "type": "Feature",
      "geometry": {
        "type": "Point",
        "coordinates": [
          133.8150912,
          34.1931226
        ]
      },
      "properties": {
        "内容": "バス停: 琴平観光センター前",
        "name": "琴平観光センター前",
        "operator": "事業者不明",
        "ref": "",
        "url": "",
        "url2": ""
      }
    },
    {
      "type": "Feature",
      "geometry": {
        "type": "Point",
        "coordinates": [
          133.8151798,
          34.1931526
        ]
      },
      "properties": {
        "内容": "バス停: 琴平観光センター前",
        "name": "琴平観光センター前",
        "operator": "事業者不明",
        "ref": "",
        "url": "",
        "url2": ""
      }
    },
    {
      "type": "Feature",
      "geometry": {
        "type": "Point",
        "coordinates": [
          133.8189684,
          34.1904931
        ]
      },
      "properties": {
        "内容": "バス停: 大宮橋",
        "name": "大宮橋",
        "operator": "事業者不明",
        "ref": "",
        "url": "",
        "url2": ""
      }
    },
    {
      "type": "Feature",
      "geometry": {
        "type": "Point",
        "coordinates": [
          133.8188906,
          34.1905712
        ]
      },
      "properties": {
        "内容": "バス停: 大宮橋",
        "name": "大宮橋",
        "operator": "事業者不明",
        "ref": "",
        "url": "",
        "url2": ""
      }
    },
    {
      "type": "Feature",
      "geometry": {
        "type": "Point",
        "coordinates": [
          133.812004,
          34.1979956
        ]
      },
      "properties": {
        "内容": "バス停: 大麻神社前",
        "name": "大麻神社前",
        "operator": "事業者不明",
        "ref": "",
        "url": "",
        "url2": ""
      }
    },
    {
      "type": "Feature",
      "geometry": {
        "type": "Point",
        "coordinates": [
          133.8119665,
          34.1981908
        ]
      },
      "properties": {
        "内容": "バス停: 大麻神社前",
        "name": "大麻神社前",
        "operator": "事業者不明",
        "ref": "",
        "url": "",
        "url2": ""
      }
    },
    {
      "type": "Feature",
      "geometry": {
        "type": "Point",
        "coordinates": [
          133.7889786,
          34.2243833
        ]
      },
      "properties": {
        "内容": "バス停: 善通寺南口",
        "name": "善通寺南口",
        "operator": "事業者不明",
        "ref": "",
        "url": "",
        "url2": ""
      }
    },
    {
      "type": "Feature",
      "geometry": {
        "type": "Point",
        "coordinates": [
          133.7885736,
          34.2243057
        ]
      },
      "properties": {
        "内容": "バス停: 本村",
        "name": "本村",
        "operator": "事業者不明",
        "ref": "",
        "url": "",
        "url2": ""
      }
    },
    {
      "type": "Feature",
      "geometry": {
        "type": "Point",
        "coordinates": [
          133.7801756,
          34.2277798
        ]
      },
      "properties": {
        "内容": "バス停: 善通寺赤門前",
        "name": "善通寺赤門前",
        "operator": "事業者不明",
        "ref": "",
        "url": "",
        "url2": ""
      }
    },
    {
      "type": "Feature",
      "geometry": {
        "type": "Point",
        "coordinates": [
          133.780131,
          34.2275357
        ]
      },
      "properties": {
        "内容": "バス停: 善通寺赤門前",
        "name": "善通寺赤門前",
        "operator": "事業者不明",
        "ref": "",
        "url": "",
        "url2": ""
      }
    },
    {
      "type": "Feature",
      "geometry": {
        "type": "Point",
        "coordinates": [
          133.7893107,
          34.2323116
        ]
      },
      "properties": {
        "内容": "バス停: 善通寺東口",
        "name": "善通寺東口",
        "operator": "事業者不明",
        "ref": "",
        "url": "",
        "url2": ""
      }
    },
    {
      "type": "Feature",
      "geometry": {
        "type": "Point",
        "coordinates": [
          133.7893697,
          34.232224
        ]
      },
      "properties": {
        "内容": "バス停: 善通寺東口",
        "name": "善通寺東口",
        "operator": "事業者不明",
        "ref": "",
        "url": "",
        "url2": ""
      }
    },
    {
      "type": "Feature",
      "geometry": {
        "type": "Point",
        "coordinates": [
          133.7863236,
          34.2309551
        ]
      },
      "properties": {
        "内容": "バス停: 善通寺駅前通り",
        "name": "善通寺駅前通り",
        "operator": "事業者不明",
        "ref": "",
        "url": "",
        "url2": ""
      }
    },
    {
      "type": "Feature",
      "geometry": {
        "type": "Point",
        "coordinates": [
          133.7858081,
          34.2305758
        ]
      },
      "properties": {
        "内容": "バス停: 善通寺駅前通り",
        "name": "善通寺駅前通り",
        "operator": "事業者不明",
        "ref": "",
        "url": "",
        "url2": ""
      }
    },
    {
      "type": "Feature",
      "geometry": {
        "type": "Point",
        "coordinates": [
          133.7890589,
          34.2296952
        ]
      },
      "properties": {
        "内容": "バス停: ＪＲ善通寺駅前",
        "name": "ＪＲ善通寺駅前",
        "operator": "事業者不明",
        "ref": "",
        "url": "",
        "url2": ""
      }
    },
    {
      "type": "Feature",
      "geometry": {
        "type": "Point",
        "coordinates": [
          133.7823874,
          34.2244535
        ]
      },
      "properties": {
        "内容": "バス停: 讃岐の宮",
        "name": "讃岐の宮",
        "operator": "事業者不明",
        "ref": "",
        "url": "",
        "url2": ""
      }
    },
    {
      "type": "Feature",
      "geometry": {
        "type": "Point",
        "coordinates": [
          133.7846442,
          34.2225592
        ]
      },
      "properties": {
        "内容": "バス停: 善通寺南口",
        "name": "善通寺南口",
        "operator": "事業者不明",
        "ref": "",
        "url": "",
        "url2": ""
      }
    },
    {
      "type": "Feature",
      "geometry": {
        "type": "Point",
        "coordinates": [
          133.7845087,
          34.2223962
        ]
      },
      "properties": {
        "内容": "バス停: 善通寺南口",
        "name": "善通寺南口",
        "operator": "事業者不明",
        "ref": "",
        "url": "",
        "url2": ""
      }
    },
    {
      "type": "Feature",
      "geometry": {
        "type": "Point",
        "coordinates": [
          133.793883,
          34.2260988
        ]
      },
      "properties": {
        "内容": "バス停: 尽誠学園前",
        "name": "尽誠学園前",
        "operator": "事業者不明",
        "ref": "",
        "url": "",
        "url2": ""
      }
    },
    {
      "type": "Feature",
      "geometry": {
        "type": "Point",
        "coordinates": [
          133.7939367,
          34.2262363
        ]
      },
      "properties": {
        "内容": "バス停: 尽誠学園前",
        "name": "尽誠学園前",
        "operator": "事業者不明",
        "ref": "",
        "url": "",
        "url2": ""
      }
    },
    {
      "type": "Feature",
      "geometry": {
        "type": "Point",
        "coordinates": [
          133.7931119,
          34.291158
        ]
      },
      "properties": {
        "内容": "バス停: 丸亀駅",
        "name": "丸亀駅",
        "operator": "事業者不明",
        "ref": "",
        "url": "",
        "url2": ""
      }
    },
    {
      "type": "Feature",
      "geometry": {
        "type": "Point",
        "coordinates": [
          133.7929939,
          34.2910129
        ]
      },
      "properties": {
        "内容": "バス停: 丸亀駅",
        "name": "丸亀駅",
        "operator": "事業者不明",
        "ref": "",
        "url": "",
        "url2": ""
      }
    },
    {
      "type": "Feature",
      "geometry": {
        "type": "Point",
        "coordinates": [
          133.7875785,
          34.236018
        ]
      },
      "properties": {
        "内容": "バス停: 上吉田",
        "name": "上吉田",
        "operator": "事業者不明",
        "ref": "",
        "url": "",
        "url2": ""
      }
    },
    {
      "type": "Feature",
      "geometry": {
        "type": "Point",
        "coordinates": [
          133.7875776,
          34.2358442
        ]
      },
      "properties": {
        "内容": "バス停: 上吉田",
        "name": "上吉田",
        "operator": "事業者不明",
        "ref": "",
        "url": "",
        "url2": ""
      }
    },
    {
      "type": "Feature",
      "geometry": {
        "type": "Point",
        "coordinates": [
          133.7847792,
          34.2401711
        ]
      },
      "properties": {
        "内容": "バス停: 稲木",
        "name": "稲木",
        "operator": "事業者不明",
        "ref": "",
        "url": "",
        "url2": ""
      }
    },
    {
      "type": "Feature",
      "geometry": {
        "type": "Point",
        "coordinates": [
          133.7848064,
          34.2403087
        ]
      },
      "properties": {
        "内容": "バス停: 稲木",
        "name": "稲木",
        "operator": "事業者不明",
        "ref": "",
        "url": "",
        "url2": ""
      }
    },
    {
      "type": "Feature",
      "geometry": {
        "type": "Point",
        "coordinates": [
          133.78208,
          34.244332
        ]
      },
      "properties": {
        "内容": "バス停: 樫藪",
        "name": "樫藪",
        "operator": "事業者不明",
        "ref": "",
        "url": "",
        "url2": ""
      }
    },
    {
      "type": "Feature",
      "geometry": {
        "type": "Point",
        "coordinates": [
          133.7822208,
          34.2443231
        ]
      },
      "properties": {
        "内容": "バス停: 樫藪",
        "name": "樫藪",
        "operator": "事業者不明",
        "ref": "",
        "url": "",
        "url2": ""
      }
    },
    {
      "type": "Feature",
      "geometry": {
        "type": "Point",
        "coordinates": [
          133.7820223,
          34.2446446
        ]
      },
      "properties": {
        "内容": "バス停: 市民バス",
        "name": "市民バス",
        "operator": "事業者不明",
        "ref": "",
        "url": "",
        "url2": ""
      }
    },
    {
      "type": "Feature",
      "geometry": {
        "type": "Point",
        "coordinates": [
          133.7819204,
          34.244567
        ]
      },
      "properties": {
        "内容": "バス停: 市民バス",
        "name": "市民バス",
        "operator": "事業者不明",
        "ref": "",
        "url": "",
        "url2": ""
      }
    },
    {
      "type": "Feature",
      "geometry": {
        "type": "Point",
        "coordinates": [
          133.7798457,
          34.2477908
        ]
      },
      "properties": {
        "内容": "バス停: 金蔵寺立場",
        "name": "金蔵寺立場",
        "operator": "事業者不明",
        "ref": "",
        "url": "",
        "url2": ""
      }
    },
    {
      "type": "Feature",
      "geometry": {
        "type": "Point",
        "coordinates": [
          133.7798899,
          34.2479172
        ]
      },
      "properties": {
        "内容": "バス停: 金蔵寺立場",
        "name": "金蔵寺立場",
        "operator": "事業者不明",
        "ref": "",
        "url": "",
        "url2": ""
      }
    },
    {
      "type": "Feature",
      "geometry": {
        "type": "Point",
        "coordinates": [
          133.7781853,
          34.2504511
        ]
      },
      "properties": {
        "内容": "バス停: 金蔵寺西口",
        "name": "金蔵寺西口",
        "operator": "事業者不明",
        "ref": "",
        "url": "",
        "url2": ""
      }
    },
    {
      "type": "Feature",
      "geometry": {
        "type": "Point",
        "coordinates": [
          133.7785733,
          34.2505622
        ]
      },
      "properties": {
        "内容": "バス停: 金蔵寺西口",
        "name": "金蔵寺西口",
        "operator": "事業者不明",
        "ref": "",
        "url": "",
        "url2": ""
      }
    },
    {
      "type": "Feature",
      "geometry": {
        "type": "Point",
        "coordinates": [
          133.7876174,
          34.2582828
        ]
      },
      "properties": {
        "内容": "バス停: 原田",
        "name": "原田",
        "operator": "事業者不明",
        "ref": "",
        "url": "",
        "url2": ""
      }
    },
    {
      "type": "Feature",
      "geometry": {
        "type": "Point",
        "coordinates": [
          133.7878709,
          34.2586807
        ]
      },
      "properties": {
        "内容": "バス停: 原田",
        "name": "原田",
        "operator": "事業者不明",
        "ref": "",
        "url": "",
        "url2": ""
      }
    },
    {
      "type": "Feature",
      "geometry": {
        "type": "Point",
        "coordinates": [
          133.7870716,
          34.2560581
        ]
      },
      "properties": {
        "内容": "バス停: 原田南口",
        "name": "原田南口",
        "operator": "事業者不明",
        "ref": "",
        "url": "",
        "url2": ""
      }
    },
    {
      "type": "Feature",
      "geometry": {
        "type": "Point",
        "coordinates": [
          133.7870367,
          34.2563086
        ]
      },
      "properties": {
        "内容": "バス停: 原田南口",
        "name": "原田南口",
        "operator": "事業者不明",
        "ref": "",
        "url": "",
        "url2": ""
      }
    },
    {
      "type": "Feature",
      "geometry": {
        "type": "Point",
        "coordinates": [
          133.7894775,
          34.2625402
        ]
      },
      "properties": {
        "内容": "バス停: 市立体育館前",
        "name": "市立体育館前",
        "operator": "事業者不明",
        "ref": "",
        "url": "",
        "url2": ""
      }
    },
    {
      "type": "Feature",
      "geometry": {
        "type": "Point",
        "coordinates": [
          133.789621,
          34.2625967
        ]
      },
      "properties": {
        "内容": "バス停: 市立体育館前",
        "name": "市立体育館前",
        "operator": "事業者不明",
        "ref": "",
        "url": "",
        "url2": ""
      }
    },
    {
      "type": "Feature",
      "geometry": {
        "type": "Point",
        "coordinates": [
          133.7925803,
          34.2692542
        ]
      },
      "properties": {
        "内容": "バス停: 農協センター",
        "name": "農協センター",
        "operator": "事業者不明",
        "ref": "",
        "url": "",
        "url2": ""
      }
    },
    {
      "type": "Feature",
      "geometry": {
        "type": "Point",
        "coordinates": [
          133.792528,
          34.2693916
        ]
      },
      "properties": {
        "内容": "バス停: 農協センター",
        "name": "農協センター",
        "operator": "事業者不明",
        "ref": "",
        "url": "",
        "url2": ""
      }
    },
    {
      "type": "Feature",
      "geometry": {
        "type": "Point",
        "coordinates": [
          133.7909608,
          34.2653742
        ]
      },
      "properties": {
        "内容": "バス停: 丸亀警察署前",
        "name": "丸亀警察署前",
        "operator": "事業者不明",
        "ref": "",
        "url": "",
        "url2": ""
      }
    },
    {
      "type": "Feature",
      "geometry": {
        "type": "Point",
        "coordinates": [
          133.7911311,
          34.2655017
        ]
      },
      "properties": {
        "内容": "バス停: 丸亀警察署前",
        "name": "丸亀警察署前",
        "operator": "事業者不明",
        "ref": "",
        "url": "",
        "url2": ""
      }
    },
    {
      "type": "Feature",
      "geometry": {
        "type": "Point",
        "coordinates": [
          133.7941539,
          34.2734193
        ]
      },
      "properties": {
        "内容": "バス停: 番神",
        "name": "番神",
        "operator": "事業者不明",
        "ref": "",
        "url": "",
        "url2": ""
      }
    },
    {
      "type": "Feature",
      "geometry": {
        "type": "Point",
        "coordinates": [
          133.7939206,
          34.2730968
        ]
      },
      "properties": {
        "内容": "バス停: 番神",
        "name": "番神",
        "operator": "事業者不明",
        "ref": "",
        "url": "",
        "url2": ""
      }
    },
    {
      "type": "Feature",
      "geometry": {
        "type": "Point",
        "coordinates": [
          133.7959014,
          34.2783164
        ]
      },
      "properties": {
        "内容": "バス停: 中府町",
        "name": "中府町",
        "operator": "事業者不明",
        "ref": "",
        "url": "",
        "url2": ""
      }
    },
    {
      "type": "Feature",
      "geometry": {
        "type": "Point",
        "coordinates": [
          133.7959523,
          34.2779696
        ]
      },
      "properties": {
        "内容": "バス停: 中府町",
        "name": "中府町",
        "operator": "事業者不明",
        "ref": "",
        "url": "",
        "url2": ""
      }
    },
    {
      "type": "Feature",
      "geometry": {
        "type": "Point",
        "coordinates": [
          133.7966081,
          34.2842062
        ]
      },
      "properties": {
        "内容": "バス停: 丸亀高校",
        "name": "丸亀高校",
        "operator": "事業者不明",
        "ref": "",
        "url": "",
        "url2": ""
      }
    },
    {
      "type": "Feature",
      "geometry": {
        "type": "Point",
        "coordinates": [
          133.7966336,
          34.2838366
        ]
      },
      "properties": {
        "内容": "バス停: 丸亀高校",
        "name": "丸亀高校",
        "operator": "事業者不明",
        "ref": "",
        "url": "",
        "url2": ""
      }
    },
    {
      "type": "Feature",
      "geometry": {
        "type": "Point",
        "coordinates": [
          133.7956647,
          34.2855896
        ]
      },
      "properties": {
        "内容": "バス停: 城西小学校前",
        "name": "城西小学校前",
        "operator": "事業者不明",
        "ref": "",
        "url": "",
        "url2": ""
      }
    },
    {
      "type": "Feature",
      "geometry": {
        "type": "Point",
        "coordinates": [
          133.7956399,
          34.2859469
        ]
      },
      "properties": {
        "内容": "バス停: 城西小学校前",
        "name": "城西小学校前",
        "operator": "事業者不明",
        "ref": "",
        "url": "",
        "url2": ""
      }
    },
    {
      "type": "Feature",
      "geometry": {
        "type": "Point",
        "coordinates": [
          133.7941003,
          34.289393
        ]
      },
      "properties": {
        "内容": "バス停: 南条町",
        "name": "南条町",
        "operator": "事業者不明",
        "ref": "",
        "url": "",
        "url2": ""
      }
    },
    {
      "type": "Feature",
      "geometry": {
        "type": "Point",
        "coordinates": [
          133.7940319,
          34.2892124
        ]
      },
      "properties": {
        "内容": "バス停: 南条町",
        "name": "南条町",
        "operator": "事業者不明",
        "ref": "",
        "url": "",
        "url2": ""
      }
    },
    {
      "type": "Feature",
      "geometry": {
        "type": "Point",
        "coordinates": [
          133.9050753,
          34.169923
        ]
      },
      "properties": {
        "内容": "バス停: 成政口",
        "name": "成政口",
        "operator": "事業者不明",
        "ref": "",
        "url": "",
        "url2": ""
      }
    },
    {
      "type": "Feature",
      "geometry": {
        "type": "Point",
        "coordinates": [
          134.0220773,
          34.1009179
        ]
      },
      "properties": {
        "内容": "バス停: 檜ヶ丘",
        "name": "檜ヶ丘",
        "operator": "事業者不明",
        "ref": "",
        "url": "",
        "url2": ""
      }
    },
    {
      "type": "Feature",
      "geometry": {
        "type": "Point",
        "coordinates": [
          134.0260389,
          34.1061115
        ]
      },
      "properties": {
        "内容": "バス停: 川奥",
        "name": "川奥",
        "operator": "事業者不明",
        "ref": "",
        "url": "",
        "url2": ""
      }
    },
    {
      "type": "Feature",
      "geometry": {
        "type": "Point",
        "coordinates": [
          134.0201461,
          34.099864
        ]
      },
      "properties": {
        "内容": "バス停: 川奥新道",
        "name": "川奥新道",
        "operator": "事業者不明",
        "ref": "",
        "url": "",
        "url2": ""
      }
    },
    {
      "type": "Feature",
      "geometry": {
        "type": "Point",
        "coordinates": [
          134.0184952,
          34.0976663
        ]
      },
      "properties": {
        "内容": "バス停: 川奥中",
        "name": "川奥中",
        "operator": "事業者不明",
        "ref": "",
        "url": "",
        "url2": ""
      }
    },
    {
      "type": "Feature",
      "geometry": {
        "type": "Point",
        "coordinates": [
          133.9971516,
          34.103201
        ]
      },
      "properties": {
        "内容": "バス停: 林奥",
        "name": "林奥",
        "operator": "事業者不明",
        "ref": "",
        "url": "",
        "url2": ""
      }
    },
    {
      "type": "Feature",
      "geometry": {
        "type": "Point",
        "coordinates": [
          133.9730948,
          34.0922222
        ]
      },
      "properties": {
        "内容": "バス停: 下福家",
        "name": "下福家",
        "operator": "事業者不明",
        "ref": "",
        "url": "",
        "url2": ""
      }
    },
    {
      "type": "Feature",
      "geometry": {
        "type": "Point",
        "coordinates": [
          133.9781213,
          34.1062459
        ]
      },
      "properties": {
        "内容": "バス停: 川下",
        "name": "川下",
        "operator": "事業者不明",
        "ref": "",
        "url": "",
        "url2": ""
      }
    },
    {
      "type": "Feature",
      "geometry": {
        "type": "Point",
        "coordinates": [
          133.9765804,
          34.1107519
        ]
      },
      "properties": {
        "内容": "バス停: 落合橋",
        "name": "落合橋",
        "operator": "事業者不明",
        "ref": "",
        "url": "",
        "url2": ""
      }
    },
    {
      "type": "Feature",
      "geometry": {
        "type": "Point",
        "coordinates": [
          133.9748892,
          34.1129371
        ]
      },
      "properties": {
        "内容": "バス停: 美合明神",
        "name": "美合明神",
        "operator": "事業者不明",
        "ref": "",
        "url": "",
        "url2": ""
      }
    },
    {
      "type": "Feature",
      "geometry": {
        "type": "Point",
        "coordinates": [
          133.9734516,
          34.1140741
        ]
      },
      "properties": {
        "内容": "バス停: 明神下",
        "name": "明神下",
        "operator": "事業者不明",
        "ref": "",
        "url": "",
        "url2": ""
      }
    },
    {
      "type": "Feature",
      "geometry": {
        "type": "Point",
        "coordinates": [
          133.9773703,
          34.1107375
        ]
      },
      "properties": {
        "内容": "バス停: 落合橋",
        "name": "落合橋",
        "operator": "事業者不明",
        "ref": "",
        "url": "",
        "url2": ""
      }
    },
    {
      "type": "Feature",
      "geometry": {
        "type": "Point",
        "coordinates": [
          133.9729607,
          34.1202506
        ]
      },
      "properties": {
        "内容": "バス停: 堀田",
        "name": "堀田",
        "operator": "事業者不明",
        "ref": "",
        "url": "",
        "url2": ""
      }
    },
    {
      "type": "Feature",
      "geometry": {
        "type": "Point",
        "coordinates": [
          133.9614648,
          34.1392626
        ]
      },
      "properties": {
        "内容": "バス停: 野口",
        "name": "野口",
        "operator": "事業者不明",
        "ref": "",
        "url": "",
        "url2": ""
      }
    },
    {
      "type": "Feature",
      "geometry": {
        "type": "Point",
        "coordinates": [
          133.9594343,
          34.1414771
        ]
      },
      "properties": {
        "内容": "バス停: 中通",
        "name": "中通",
        "operator": "事業者不明",
        "ref": "",
        "url": "",
        "url2": ""
      }
    },
    {
      "type": "Feature",
      "geometry": {
        "type": "Point",
        "coordinates": [
          133.947123,
          34.1511888
        ]
      },
      "properties": {
        "内容": "バス停: 木戸",
        "name": "木戸",
        "operator": "事業者不明",
        "ref": "",
        "url": "",
        "url2": ""
      }
    },
    {
      "type": "Feature",
      "geometry": {
        "type": "Point",
        "coordinates": [
          133.9445373,
          34.1548156
        ]
      },
      "properties": {
        "内容": "バス停: 六地蔵",
        "name": "六地蔵",
        "operator": "事業者不明",
        "ref": "",
        "url": "",
        "url2": ""
      }
    },
    {
      "type": "Feature",
      "geometry": {
        "type": "Point",
        "coordinates": [
          133.9360696,
          34.1581616
        ]
      },
      "properties": {
        "内容": "バス停: 天川",
        "name": "天川",
        "operator": "事業者不明",
        "ref": "",
        "url": "",
        "url2": ""
      }
    },
    {
      "type": "Feature",
      "geometry": {
        "type": "Point",
        "coordinates": [
          133.9299019,
          34.1606419
        ]
      },
      "properties": {
        "内容": "バス停: 上内田",
        "name": "上内田",
        "operator": "事業者不明",
        "ref": "",
        "url": "",
        "url2": ""
      }
    },
    {
      "type": "Feature",
      "geometry": {
        "type": "Point",
        "coordinates": [
          133.9250142,
          34.1645706
        ]
      },
      "properties": {
        "内容": "バス停: 琴南小学校前",
        "name": "琴南小学校前",
        "operator": "事業者不明",
        "ref": "",
        "url": "",
        "url2": ""
      }
    },
    {
      "type": "Feature",
      "geometry": {
        "type": "Point",
        "coordinates": [
          133.9135337,
          34.1678059
        ]
      },
      "properties": {
        "内容": "バス停: 下内田",
        "name": "下内田",
        "operator": "事業者不明",
        "ref": "",
        "url": "",
        "url2": ""
      }
    },
    {
      "type": "Feature",
      "geometry": {
        "type": "Point",
        "coordinates": [
          133.8927734,
          34.1714276
        ]
      },
      "properties": {
        "内容": "バス停: 茶試験場前",
        "name": "茶試験場前",
        "operator": "事業者不明",
        "ref": "",
        "url": "",
        "url2": ""
      }
    },
    {
      "type": "Feature",
      "geometry": {
        "type": "Point",
        "coordinates": [
          133.8826776,
          34.178644
        ]
      },
      "properties": {
        "内容": "バス停: まんのう公園口",
        "name": "まんのう公園口",
        "operator": "事業者不明",
        "ref": "",
        "url": "",
        "url2": ""
      }
    },
    {
      "type": "Feature",
      "geometry": {
        "type": "Point",
        "coordinates": [
          133.8847724,
          34.176658
        ]
      },
      "properties": {
        "内容": "バス停: 大向",
        "name": "大向",
        "operator": "事業者不明",
        "ref": "",
        "url": "",
        "url2": ""
      }
    },
    {
      "type": "Feature",
      "geometry": {
        "type": "Point",
        "coordinates": [
          133.8797553,
          34.1814643
        ]
      },
      "properties": {
        "内容": "バス停: 長炭橋",
        "name": "長炭橋",
        "operator": "事業者不明",
        "ref": "",
        "url": "",
        "url2": ""
      }
    },
    {
      "type": "Feature",
      "geometry": {
        "type": "Point",
        "coordinates": [
          133.879986,
          34.18138
        ]
      },
      "properties": {
        "内容": "バス停: 長炭橋",
        "name": "長炭橋",
        "operator": "事業者不明",
        "ref": "",
        "url": "",
        "url2": ""
      }
    },
    {
      "type": "Feature",
      "geometry": {
        "type": "Point",
        "coordinates": [
          133.8777235,
          34.1829221
        ]
      },
      "properties": {
        "内容": "バス停: 木の崎下",
        "name": "木の崎下",
        "operator": "事業者不明",
        "ref": "",
        "url": "",
        "url2": ""
      }
    },
    {
      "type": "Feature",
      "geometry": {
        "type": "Point",
        "coordinates": [
          133.8713425,
          34.1842944
        ]
      },
      "properties": {
        "内容": "バス停: 木の崎下",
        "name": "木の崎下",
        "operator": "事業者不明",
        "ref": "",
        "url": "",
        "url2": ""
      }
    },
    {
      "type": "Feature",
      "geometry": {
        "type": "Point",
        "coordinates": [
          133.8704091,
          34.1844997
        ]
      },
      "properties": {
        "内容": "バス停: 木の崎下",
        "name": "木の崎下",
        "operator": "事業者不明",
        "ref": "",
        "url": "",
        "url2": ""
      }
    },
    {
      "type": "Feature",
      "geometry": {
        "type": "Point",
        "coordinates": [
          133.86411,
          34.1848114
        ]
      },
      "properties": {
        "内容": "バス停: 吉野",
        "name": "吉野",
        "operator": "事業者不明",
        "ref": "",
        "url": "",
        "url2": ""
      }
    },
    {
      "type": "Feature",
      "geometry": {
        "type": "Point",
        "coordinates": [
          133.8640067,
          34.1848902
        ]
      },
      "properties": {
        "内容": "バス停: 吉野",
        "name": "吉野",
        "operator": "事業者不明",
        "ref": "",
        "url": "",
        "url2": ""
      }
    },
    {
      "type": "Feature",
      "geometry": {
        "type": "Point",
        "coordinates": [
          133.8569163,
          34.1857644
        ]
      },
      "properties": {
        "内容": "バス停: 八幡",
        "name": "八幡",
        "operator": "事業者不明",
        "ref": "",
        "url": "",
        "url2": ""
      }
    },
    {
      "type": "Feature",
      "geometry": {
        "type": "Point",
        "coordinates": [
          133.847385,
          34.1872643
        ]
      },
      "properties": {
        "内容": "バス停: スポーツセンターまんのう前",
        "name": "スポーツセンターまんのう前",
        "operator": "事業者不明",
        "ref": "",
        "url": "",
        "url2": ""
      }
    },
    {
      "type": "Feature",
      "geometry": {
        "type": "Point",
        "coordinates": [
          133.8473622,
          34.1873641
        ]
      },
      "properties": {
        "内容": "バス停: スポーツセンターまんのう前",
        "name": "スポーツセンターまんのう前",
        "operator": "事業者不明",
        "ref": "",
        "url": "",
        "url2": ""
      }
    },
    {
      "type": "Feature",
      "geometry": {
        "type": "Point",
        "coordinates": [
          133.8497132,
          34.1874573
        ]
      },
      "properties": {
        "内容": "バス停: 満濃中学校前",
        "name": "満濃中学校前",
        "operator": "事業者不明",
        "ref": "",
        "url": "",
        "url2": ""
      }
    },
    {
      "type": "Feature",
      "geometry": {
        "type": "Point",
        "coordinates": [
          133.8500485,
          34.1875383
        ]
      },
      "properties": {
        "内容": "バス停: 満濃中学校前",
        "name": "満濃中学校前",
        "operator": "事業者不明",
        "ref": "",
        "url": "",
        "url2": ""
      }
    },
    {
      "type": "Feature",
      "geometry": {
        "type": "Point",
        "coordinates": [
          133.8453653,
          34.1871178
        ]
      },
      "properties": {
        "内容": "バス停: 西田井",
        "name": "西田井",
        "operator": "事業者不明",
        "ref": "",
        "url": "",
        "url2": ""
      }
    },
    {
      "type": "Feature",
      "geometry": {
        "type": "Point",
        "coordinates": [
          133.8454069,
          34.1870502
        ]
      },
      "properties": {
        "内容": "バス停: 西田井",
        "name": "西田井",
        "operator": "事業者不明",
        "ref": "",
        "url": "",
        "url2": ""
      }
    },
    {
      "type": "Feature",
      "geometry": {
        "type": "Point",
        "coordinates": [
          133.8423398,
          34.1877801
        ]
      },
      "properties": {
        "内容": "バス停: 福家東",
        "name": "福家東",
        "operator": "事業者不明",
        "ref": "",
        "url": "",
        "url2": ""
      }
    },
    {
      "type": "Feature",
      "geometry": {
        "type": "Point",
        "coordinates": [
          133.8422942,
          34.1876936
        ]
      },
      "properties": {
        "内容": "バス停: 福家東",
        "name": "福家東",
        "operator": "事業者不明",
        "ref": "",
        "url": "",
        "url2": ""
      }
    },
    {
      "type": "Feature",
      "geometry": {
        "type": "Point",
        "coordinates": [
          133.8398306,
          34.1926346
        ]
      },
      "properties": {
        "内容": "バス停: まんのう町役場前",
        "name": "まんのう町役場前",
        "operator": "事業者不明",
        "ref": "",
        "url": "",
        "url2": ""
      }
    },
    {
      "type": "Feature",
      "geometry": {
        "type": "Point",
        "coordinates": [
          133.8400438,
          34.1924937
        ]
      },
      "properties": {
        "内容": "バス停: まんのう町役場前",
        "name": "まんのう町役場前",
        "operator": "事業者不明",
        "ref": "",
        "url": "",
        "url2": ""
      }
    },
    {
      "type": "Feature",
      "geometry": {
        "type": "Point",
        "coordinates": [
          133.8386907,
          34.1943894
        ]
      },
      "properties": {
        "内容": "バス停: 四条小学校前",
        "name": "四条小学校前",
        "operator": "事業者不明",
        "ref": "",
        "url": "",
        "url2": ""
      }
    },
    {
      "type": "Feature",
      "geometry": {
        "type": "Point",
        "coordinates": [
          133.8308217,
          34.1915025
        ]
      },
      "properties": {
        "内容": "バス停: 榎井",
        "name": "榎井",
        "operator": "事業者不明",
        "ref": "",
        "url": "",
        "url2": ""
      }
    },
    {
      "type": "Feature",
      "geometry": {
        "type": "Point",
        "coordinates": [
          133.8269171,
          34.190082
        ]
      },
      "properties": {
        "内容": "バス停: 琴平中学校前",
        "name": "琴平中学校前",
        "operator": "事業者不明",
        "ref": "",
        "url": "",
        "url2": ""
      }
    },
    {
      "type": "Feature",
      "geometry": {
        "type": "Point",
        "coordinates": [
          133.8269466,
          34.190021
        ]
      },
      "properties": {
        "内容": "バス停: 琴平中学校前",
        "name": "琴平中学校前",
        "operator": "事業者不明",
        "ref": "",
        "url": "",
        "url2": ""
      }
    },
    {
      "type": "Feature",
      "geometry": {
        "type": "Point",
        "coordinates": [
          133.8231285,
          34.1885545
        ]
      },
      "properties": {
        "内容": "バス停: 琴平小学校前",
        "name": "琴平小学校前",
        "operator": "事業者不明",
        "ref": "",
        "url": "",
        "url2": ""
      }
    },
    {
      "type": "Feature",
      "geometry": {
        "type": "Point",
        "coordinates": [
          133.8230708,
          34.1886476
        ]
      },
      "properties": {
        "内容": "バス停: 琴平小学校前",
        "name": "琴平小学校前",
        "operator": "事業者不明",
        "ref": "",
        "url": "",
        "url2": ""
      }
    },
    {
      "type": "Feature",
      "geometry": {
        "type": "Point",
        "coordinates": [
          133.8220207,
          34.1897359
        ]
      },
      "properties": {
        "内容": "バス停: 岩崎病院前",
        "name": "岩崎病院前",
        "operator": "事業者不明",
        "ref": "",
        "url": "",
        "url2": ""
      }
    },
    {
      "type": "Feature",
      "geometry": {
        "type": "Point",
        "coordinates": [
          133.8220945,
          34.1897625
        ]
      },
      "properties": {
        "内容": "バス停: 岩崎病院前",
        "name": "岩崎病院前",
        "operator": "事業者不明",
        "ref": "",
        "url": "",
        "url2": ""
      }
    },
    {
      "type": "Feature",
      "geometry": {
        "type": "Point",
        "coordinates": [
          133.8556275,
          34.325808
        ]
      },
      "properties": {
        "内容": "バス停: 坂出港湾合同庁舎前",
        "name": "坂出港湾合同庁舎前",
        "operator": "事業者不明",
        "ref": "",
        "url": "",
        "url2": ""
      }
    },
    {
      "type": "Feature",
      "geometry": {
        "type": "Point",
        "coordinates": [
          133.8821948,
          34.1827357
        ]
      },
      "properties": {
        "内容": "バス停: 長炭小学校",
        "name": "長炭小学校",
        "operator": "事業者不明",
        "ref": "",
        "url": "",
        "url2": ""
      }
    },
    {
      "type": "Feature",
      "geometry": {
        "type": "Point",
        "coordinates": [
          133.8810562,
          34.1824251
        ]
      },
      "properties": {
        "内容": "バス停: 長炭橋",
        "name": "長炭橋",
        "operator": "事業者不明",
        "ref": "",
        "url": "",
        "url2": ""
      }
    },
    {
      "type": "Feature",
      "geometry": {
        "type": "Point",
        "coordinates": [
          133.878952,
          34.1842445
        ]
      },
      "properties": {
        "内容": "バス停: 林の下",
        "name": "林の下",
        "operator": "事業者不明",
        "ref": "",
        "url": "",
        "url2": ""
      }
    },
    {
      "type": "Feature",
      "geometry": {
        "type": "Point",
        "coordinates": [
          133.8750708,
          34.1874063
        ]
      },
      "properties": {
        "内容": "バス停: 札の辻",
        "name": "札の辻",
        "operator": "事業者不明",
        "ref": "",
        "url": "",
        "url2": ""
      }
    },
    {
      "type": "Feature",
      "geometry": {
        "type": "Point",
        "coordinates": [
          133.869343,
          34.1922352
        ]
      },
      "properties": {
        "内容": "バス停: 町代",
        "name": "町代",
        "operator": "事業者不明",
        "ref": "",
        "url": "",
        "url2": ""
      }
    },
    {
      "type": "Feature",
      "geometry": {
        "type": "Point",
        "coordinates": [
          133.8652083,
          34.1954299
        ]
      },
      "properties": {
        "内容": "バス停: 長尾",
        "name": "長尾",
        "operator": "事業者不明",
        "ref": "",
        "url": "",
        "url2": ""
      }
    },
    {
      "type": "Feature",
      "geometry": {
        "type": "Point",
        "coordinates": [
          133.8597541,
          34.1991625
        ]
      },
      "properties": {
        "内容": "バス停: 佐岡",
        "name": "佐岡",
        "operator": "事業者不明",
        "ref": "",
        "url": "",
        "url2": ""
      }
    },
    {
      "type": "Feature",
      "geometry": {
        "type": "Point",
        "coordinates": [
          133.850487,
          34.1970106
        ]
      },
      "properties": {
        "内容": "バス停: 岩薬師",
        "name": "岩薬師",
        "operator": "事業者不明",
        "ref": "",
        "url": "",
        "url2": ""
      }
    },
    {
      "type": "Feature",
      "geometry": {
        "type": "Point",
        "coordinates": [
          133.842262,
          34.1986212
        ]
      },
      "properties": {
        "内容": "バス停: 祓川",
        "name": "祓川",
        "operator": "事業者不明",
        "ref": "",
        "url": "",
        "url2": ""
      }
    },
    {
      "type": "Feature",
      "geometry": {
        "type": "Point",
        "coordinates": [
          133.8386276,
          34.1955974
        ]
      },
      "properties": {
        "内容": "バス停: 四条小学校前",
        "name": "四条小学校前",
        "operator": "事業者不明",
        "ref": "",
        "url": "",
        "url2": ""
      }
    },
    {
      "type": "Feature",
      "geometry": {
        "type": "Point",
        "coordinates": [
          133.838405,
          34.1953323
        ]
      },
      "properties": {
        "内容": "バス停: 四条小学校前",
        "name": "四条小学校前",
        "operator": "事業者不明",
        "ref": "",
        "url": "",
        "url2": ""
      }
    },
    {
      "type": "Feature",
      "geometry": {
        "type": "Point",
        "coordinates": [
          133.8397984,
          34.1967466
        ]
      },
      "properties": {
        "内容": "バス停: 四条",
        "name": "四条",
        "operator": "事業者不明",
        "ref": "",
        "url": "",
        "url2": ""
      }
    },
    {
      "type": "Feature",
      "geometry": {
        "type": "Point",
        "coordinates": [
          133.8399862,
          34.1967311
        ]
      },
      "properties": {
        "内容": "バス停: 四条",
        "name": "四条",
        "operator": "事業者不明",
        "ref": "",
        "url": "",
        "url2": ""
      }
    },
    {
      "type": "Feature",
      "geometry": {
        "type": "Point",
        "coordinates": [
          133.9218418,
          34.2487575
        ]
      },
      "properties": {
        "内容": "バス停: 端",
        "name": "端",
        "operator": "事業者不明",
        "ref": "",
        "url": "",
        "url2": ""
      }
    },
    {
      "type": "Feature",
      "geometry": {
        "type": "Point",
        "coordinates": [
          133.9231943,
          34.2474588
        ]
      },
      "properties": {
        "内容": "バス停: 新町",
        "name": "新町",
        "operator": "事業者不明",
        "ref": "",
        "url": "",
        "url2": ""
      }
    },
    {
      "type": "Feature",
      "geometry": {
        "type": "Point",
        "coordinates": [
          133.8480811,
          34.2997956
        ]
      },
      "properties": {
        "内容": "バス停: 山正電化前",
        "name": "山正電化前",
        "operator": "事業者不明",
        "ref": "",
        "url": "",
        "url2": ""
      }
    },
    {
      "type": "Feature",
      "geometry": {
        "type": "Point",
        "coordinates": [
          133.8483104,
          34.2997828
        ]
      },
      "properties": {
        "内容": "バス停: 山正電化前",
        "name": "山正電化前",
        "operator": "事業者不明",
        "ref": "",
        "url": "",
        "url2": ""
      }
    },
    {
      "type": "Feature",
      "geometry": {
        "type": "Point",
        "coordinates": [
          133.9293025,
          34.2271652
        ]
      },
      "properties": {
        "内容": "バス停: 羽床上",
        "name": "羽床上",
        "operator": "事業者不明",
        "ref": "",
        "url": "",
        "url2": ""
      }
    },
    {
      "type": "Feature",
      "geometry": {
        "type": "Point",
        "coordinates": [
          133.9291978,
          34.2271843
        ]
      },
      "properties": {
        "内容": "バス停: 羽床上",
        "name": "羽床上",
        "operator": "事業者不明",
        "ref": "",
        "url": "",
        "url2": ""
      }
    },
    {
      "type": "Feature",
      "geometry": {
        "type": "Point",
        "coordinates": [
          133.9315514,
          34.2383519
        ]
      },
      "properties": {
        "内容": "バス停: 上ノ原",
        "name": "上ノ原",
        "operator": "事業者不明",
        "ref": "",
        "url": "",
        "url2": ""
      }
    },
    {
      "type": "Feature",
      "geometry": {
        "type": "Point",
        "coordinates": [
          133.9186406,
          34.2310131
        ]
      },
      "properties": {
        "内容": "バス停: 井手下",
        "name": "井手下",
        "operator": "事業者不明",
        "ref": "",
        "url": "",
        "url2": ""
      }
    },
    {
      "type": "Feature",
      "geometry": {
        "type": "Point",
        "coordinates": [
          133.9186124,
          34.2309266
        ]
      },
      "properties": {
        "内容": "バス停: 井手下 (琴参バス株式会社)",
        "name": "井手下",
        "operator": "琴参バス株式会社",
        "ref": "",
        "url": "",
        "url2": ""
      }
    },
    {
      "type": "Feature",
      "geometry": {
        "type": "Point",
        "coordinates": [
          133.9133473,
          34.2330632
        ]
      },
      "properties": {
        "内容": "バス停: 羽床下",
        "name": "羽床下",
        "operator": "事業者不明",
        "ref": "",
        "url": "",
        "url2": ""
      }
    },
    {
      "type": "Feature",
      "geometry": {
        "type": "Point",
        "coordinates": [
          133.9135149,
          34.2331054
        ]
      },
      "properties": {
        "内容": "バス停: 羽床下",
        "name": "羽床下",
        "operator": "事業者不明",
        "ref": "",
        "url": "",
        "url2": ""
      }
    },
    {
      "type": "Feature",
      "geometry": {
        "type": "Point",
        "coordinates": [
          133.9056051,
          34.2369471
        ]
      },
      "properties": {
        "内容": "バス停: 羽床小学校前",
        "name": "羽床小学校前",
        "operator": "事業者不明",
        "ref": "",
        "url": "",
        "url2": ""
      }
    },
    {
      "type": "Feature",
      "geometry": {
        "type": "Point",
        "coordinates": [
          133.9056694,
          34.2370469
        ]
      },
      "properties": {
        "内容": "バス停: 羽床小学校前",
        "name": "羽床小学校前",
        "operator": "事業者不明",
        "ref": "",
        "url": "",
        "url2": ""
      }
    },
    {
      "type": "Feature",
      "geometry": {
        "type": "Point",
        "coordinates": [
          133.9027874,
          34.238537
        ]
      },
      "properties": {
        "内容": "バス停: 堤下",
        "name": "堤下",
        "operator": "事業者不明",
        "ref": "",
        "url": "",
        "url2": ""
      }
    },
    {
      "type": "Feature",
      "geometry": {
        "type": "Point",
        "coordinates": [
          133.9027204,
          34.2384528
        ]
      },
      "properties": {
        "内容": "バス停: 堤下",
        "name": "堤下",
        "operator": "事業者不明",
        "ref": "",
        "url": "",
        "url2": ""
      }
    },
    {
      "type": "Feature",
      "geometry": {
        "type": "Point",
        "coordinates": [
          133.8929638,
          34.2380924
        ]
      },
      "properties": {
        "内容": "バス停: 住吉神社前",
        "name": "住吉神社前",
        "operator": "事業者不明",
        "ref": "",
        "url": "",
        "url2": ""
      }
    },
    {
      "type": "Feature",
      "geometry": {
        "type": "Point",
        "coordinates": [
          133.8929035,
          34.2383009
        ]
      },
      "properties": {
        "内容": "バス停: 住吉神社前",
        "name": "住吉神社前",
        "operator": "事業者不明",
        "ref": "",
        "url": "",
        "url2": ""
      }
    },
    {
      "type": "Feature",
      "geometry": {
        "type": "Point",
        "coordinates": [
          133.8819909,
          34.2365258
        ]
      },
      "properties": {
        "内容": "バス停: 綾歌中学校前",
        "name": "綾歌中学校前",
        "operator": "事業者不明",
        "ref": "",
        "url": "",
        "url2": ""
      }
    },
    {
      "type": "Feature",
      "geometry": {
        "type": "Point",
        "coordinates": [
          133.879762,
          34.2405437
        ]
      },
      "properties": {
        "内容": "バス停: 行末",
        "name": "行末",
        "operator": "事業者不明",
        "ref": "",
        "url": "",
        "url2": ""
      }
    },
    {
      "type": "Feature",
      "geometry": {
        "type": "Point",
        "coordinates": [
          133.8798022,
          34.2406823
        ]
      },
      "properties": {
        "内容": "バス停: 行末",
        "name": "行末",
        "operator": "事業者不明",
        "ref": "",
        "url": "",
        "url2": ""
      }
    },
    {
      "type": "Feature",
      "geometry": {
        "type": "Point",
        "coordinates": [
          133.8761571,
          34.2457122
        ]
      },
      "properties": {
        "内容": "バス停: 沖",
        "name": "沖",
        "operator": "事業者不明",
        "ref": "",
        "url": "",
        "url2": ""
      }
    },
    {
      "type": "Feature",
      "geometry": {
        "type": "Point",
        "coordinates": [
          133.875972,
          34.2457576
        ]
      },
      "properties": {
        "内容": "バス停: 沖",
        "name": "沖",
        "operator": "事業者不明",
        "ref": "",
        "url": "",
        "url2": ""
      }
    },
    {
      "type": "Feature",
      "geometry": {
        "type": "Point",
        "coordinates": [
          133.871651,
          34.2490113
        ]
      },
      "properties": {
        "内容": "バス停: 富士見坂団地前",
        "name": "富士見坂団地前",
        "operator": "事業者不明",
        "ref": "",
        "url": "",
        "url2": ""
      }
    },
    {
      "type": "Feature",
      "geometry": {
        "type": "Point",
        "coordinates": [
          133.8730377,
          34.2496554
        ]
      },
      "properties": {
        "内容": "バス停: 富士見坂団地前",
        "name": "富士見坂団地前",
        "operator": "事業者不明",
        "ref": "",
        "url": "",
        "url2": ""
      }
    },
    {
      "type": "Feature",
      "geometry": {
        "type": "Point",
        "coordinates": [
          133.8682097,
          34.2534842
        ]
      },
      "properties": {
        "内容": "バス停: 堂の元",
        "name": "堂の元",
        "operator": "事業者不明",
        "ref": "",
        "url": "",
        "url2": ""
      }
    },
    {
      "type": "Feature",
      "geometry": {
        "type": "Point",
        "coordinates": [
          133.8615216,
          34.2549474
        ]
      },
      "properties": {
        "内容": "バス停: 岡下所",
        "name": "岡下所",
        "operator": "事業者不明",
        "ref": "",
        "url": "",
        "url2": ""
      }
    },
    {
      "type": "Feature",
      "geometry": {
        "type": "Point",
        "coordinates": [
          133.8765648,
          34.2100731
        ]
      },
      "properties": {
        "内容": "バス停: ニューレオマワールド",
        "name": "ニューレオマワールド",
        "operator": "事業者不明",
        "ref": "",
        "url": "",
        "url2": ""
      }
    },
    {
      "type": "Feature",
      "geometry": {
        "type": "Point",
        "coordinates": [
          133.857438,
          34.209177
        ]
      },
      "properties": {
        "内容": "バス停: 打越",
        "name": "打越",
        "operator": "事業者不明",
        "ref": "",
        "url": "",
        "url2": ""
      }
    },
    {
      "type": "Feature",
      "geometry": {
        "type": "Point",
        "coordinates": [
          133.8574862,
          34.2154641
        ]
      },
      "properties": {
        "内容": "バス停: 市地",
        "name": "市地",
        "operator": "事業者不明",
        "ref": "",
        "url": "",
        "url2": ""
      }
    },
    {
      "type": "Feature",
      "geometry": {
        "type": "Point",
        "coordinates": [
          133.8576002,
          34.2154531
        ]
      },
      "properties": {
        "内容": "バス停: 市地",
        "name": "市地",
        "operator": "事業者不明",
        "ref": "",
        "url": "",
        "url2": ""
      }
    },
    {
      "type": "Feature",
      "geometry": {
        "type": "Point",
        "coordinates": [
          133.85848,
          34.2173838
        ]
      },
      "properties": {
        "内容": "バス停: 岡田上",
        "name": "岡田上",
        "operator": "事業者不明",
        "ref": "",
        "url": "",
        "url2": ""
      }
    },
    {
      "type": "Feature",
      "geometry": {
        "type": "Point",
        "coordinates": [
          133.8612346,
          34.2207927
        ]
      },
      "properties": {
        "内容": "バス停: 琴電岡田駅前",
        "name": "琴電岡田駅前",
        "operator": "事業者不明",
        "ref": "",
        "url": "",
        "url2": ""
      }
    },
    {
      "type": "Feature",
      "geometry": {
        "type": "Point",
        "coordinates": [
          133.8596153,
          34.2232495
        ]
      },
      "properties": {
        "内容": "バス停: 岡田中央",
        "name": "岡田中央",
        "operator": "事業者不明",
        "ref": "",
        "url": "",
        "url2": ""
      }
    },
    {
      "type": "Feature",
      "geometry": {
        "type": "Point",
        "coordinates": [
          133.8596595,
          34.2230526
        ]
      },
      "properties": {
        "内容": "バス停: 岡田中央",
        "name": "岡田中央",
        "operator": "事業者不明",
        "ref": "",
        "url": "",
        "url2": ""
      }
    },
    {
      "type": "Feature",
      "geometry": {
        "type": "Point",
        "coordinates": [
          133.858991,
          34.2244709
        ]
      },
      "properties": {
        "内容": "バス停: 岡田コミュニティセンター",
        "name": "岡田コミュニティセンター",
        "operator": "事業者不明",
        "ref": "",
        "url": "",
        "url2": ""
      }
    },
    {
      "type": "Feature",
      "geometry": {
        "type": "Point",
        "coordinates": [
          133.8582963,
          34.2256685
        ]
      },
      "properties": {
        "内容": "バス停: 岡田小学校前",
        "name": "岡田小学校前",
        "operator": "事業者不明",
        "ref": "",
        "url": "",
        "url2": ""
      }
    },
    {
      "type": "Feature",
      "geometry": {
        "type": "Point",
        "coordinates": [
          133.8569431,
          34.2325232
        ]
      },
      "properties": {
        "内容": "バス停: 遠田",
        "name": "遠田",
        "operator": "事業者不明",
        "ref": "",
        "url": "",
        "url2": ""
      }
    },
    {
      "type": "Feature",
      "geometry": {
        "type": "Point",
        "coordinates": [
          133.856919,
          34.2327262
        ]
      },
      "properties": {
        "内容": "バス停: 下土居",
        "name": "下土居",
        "operator": "事業者不明",
        "ref": "",
        "url": "",
        "url2": ""
      }
    },
    {
      "type": "Feature",
      "geometry": {
        "type": "Point",
        "coordinates": [
          133.8589118,
          34.2411635
        ]
      },
      "properties": {
        "内容": "バス停: 遠田",
        "name": "遠田",
        "operator": "事業者不明",
        "ref": "",
        "url": "",
        "url2": ""
      }
    },
    {
      "type": "Feature",
      "geometry": {
        "type": "Point",
        "coordinates": [
          133.8612212,
          34.2450825
        ]
      },
      "properties": {
        "内容": "バス停: 切池",
        "name": "切池",
        "operator": "事業者不明",
        "ref": "",
        "url": "",
        "url2": ""
      }
    },
    {
      "type": "Feature",
      "geometry": {
        "type": "Point",
        "coordinates": [
          133.8610992,
          34.245108
        ]
      },
      "properties": {
        "内容": "バス停: 切池",
        "name": "切池",
        "operator": "事業者不明",
        "ref": "",
        "url": "",
        "url2": ""
      }
    },
    {
      "type": "Feature",
      "geometry": {
        "type": "Point",
        "coordinates": [
          133.8557133,
          34.2567963
        ]
      },
      "properties": {
        "内容": "バス停: 島田",
        "name": "島田",
        "operator": "事業者不明",
        "ref": "",
        "url": "",
        "url2": ""
      }
    },
    {
      "type": "Feature",
      "geometry": {
        "type": "Point",
        "coordinates": [
          133.8559681,
          34.2563119
        ]
      },
      "properties": {
        "内容": "バス停: 島田",
        "name": "島田",
        "operator": "事業者不明",
        "ref": "",
        "url": "",
        "url2": ""
      }
    },
    {
      "type": "Feature",
      "geometry": {
        "type": "Point",
        "coordinates": [
          133.8587093,
          34.2484415
        ]
      },
      "properties": {
        "内容": "バス停: 四反地",
        "name": "四反地",
        "operator": "事業者不明",
        "ref": "",
        "url": "",
        "url2": ""
      }
    },
    {
      "type": "Feature",
      "geometry": {
        "type": "Point",
        "coordinates": [
          133.8586476,
          34.2486532
        ]
      },
      "properties": {
        "内容": "バス停: 四反地",
        "name": "四反地",
        "operator": "事業者不明",
        "ref": "",
        "url": "",
        "url2": ""
      }
    },
    {
      "type": "Feature",
      "geometry": {
        "type": "Point",
        "coordinates": [
          133.8558327,
          34.2529067
        ]
      },
      "properties": {
        "内容": "バス停: 吉馴病院前",
        "name": "吉馴病院前",
        "operator": "事業者不明",
        "ref": "",
        "url": "",
        "url2": ""
      }
    },
    {
      "type": "Feature",
      "geometry": {
        "type": "Point",
        "coordinates": [
          133.8557214,
          34.2529521
        ]
      },
      "properties": {
        "内容": "バス停: 吉馴病院前",
        "name": "吉馴病院前",
        "operator": "事業者不明",
        "ref": "",
        "url": "",
        "url2": ""
      }
    },
    {
      "type": "Feature",
      "geometry": {
        "type": "Point",
        "coordinates": [
          133.855433,
          34.2646261
        ]
      },
      "properties": {
        "内容": "バス停: 山の谷",
        "name": "山の谷",
        "operator": "事業者不明",
        "ref": "",
        "url": "",
        "url2": ""
      }
    },
    {
      "type": "Feature",
      "geometry": {
        "type": "Point",
        "coordinates": [
          133.8557938,
          34.2710454
        ]
      },
      "properties": {
        "内容": "バス停: 北岡",
        "name": "北岡",
        "operator": "事業者不明",
        "ref": "",
        "url": "",
        "url2": ""
      }
    },
    {
      "type": "Feature",
      "geometry": {
        "type": "Point",
        "coordinates": [
          133.8556342,
          34.271164
        ]
      },
      "properties": {
        "内容": "バス停: 北岡",
        "name": "北岡",
        "operator": "事業者不明",
        "ref": "",
        "url": "",
        "url2": ""
      }
    },
    {
      "type": "Feature",
      "geometry": {
        "type": "Point",
        "coordinates": [
          133.8569662,
          34.2738014
        ]
      },
      "properties": {
        "内容": "バス停: 三本松",
        "name": "三本松",
        "operator": "事業者不明",
        "ref": "",
        "url": "",
        "url2": ""
      }
    },
    {
      "type": "Feature",
      "geometry": {
        "type": "Point",
        "coordinates": [
          133.8571081,
          34.27313
        ]
      },
      "properties": {
        "内容": "バス停: 三本松",
        "name": "三本松",
        "operator": "事業者不明",
        "ref": "",
        "url": "",
        "url2": ""
      }
    },
    {
      "type": "Feature",
      "geometry": {
        "type": "Point",
        "coordinates": [
          133.8570383,
          34.2777601
        ]
      },
      "properties": {
        "内容": "バス停: 三の池",
        "name": "三の池",
        "operator": "事業者不明",
        "ref": "",
        "url": "",
        "url2": ""
      }
    },
    {
      "type": "Feature",
      "geometry": {
        "type": "Point",
        "coordinates": [
          133.8569498,
          34.2785525
        ]
      },
      "properties": {
        "内容": "バス停: 三の池",
        "name": "三の池",
        "operator": "事業者不明",
        "ref": "",
        "url": "",
        "url2": ""
      }
    },
    {
      "type": "Feature",
      "geometry": {
        "type": "Point",
        "coordinates": [
          133.8550763,
          34.2846117
        ]
      },
      "properties": {
        "内容": "バス停: 川津",
        "name": "川津",
        "operator": "事業者不明",
        "ref": "",
        "url": "",
        "url2": ""
      }
    },
    {
      "type": "Feature",
      "geometry": {
        "type": "Point",
        "coordinates": [
          133.8548242,
          34.2849375
        ]
      },
      "properties": {
        "内容": "バス停: 川津",
        "name": "川津",
        "operator": "事業者不明",
        "ref": "",
        "url": "",
        "url2": ""
      }
    },
    {
      "type": "Feature",
      "geometry": {
        "type": "Point",
        "coordinates": [
          133.8546176,
          34.2872478
        ]
      },
      "properties": {
        "内容": "バス停: 永井整形外科前",
        "name": "永井整形外科前",
        "operator": "事業者不明",
        "ref": "",
        "url": "",
        "url2": ""
      }
    },
    {
      "type": "Feature",
      "geometry": {
        "type": "Point",
        "coordinates": [
          133.8543843,
          34.2873597
        ]
      },
      "properties": {
        "内容": "バス停: 永井整形外科前",
        "name": "永井整形外科前",
        "operator": "事業者不明",
        "ref": "",
        "url": "",
        "url2": ""
      }
    },
    {
      "type": "Feature",
      "geometry": {
        "type": "Point",
        "coordinates": [
          133.8532854,
          34.2901003
        ]
      },
      "properties": {
        "内容": "バス停: 六反地",
        "name": "六反地",
        "operator": "事業者不明",
        "ref": "",
        "url": "",
        "url2": ""
      }
    },
    {
      "type": "Feature",
      "geometry": {
        "type": "Point",
        "coordinates": [
          133.8535192,
          34.2901619
        ]
      },
      "properties": {
        "内容": "バス停: 六反地",
        "name": "六反地",
        "operator": "事業者不明",
        "ref": "",
        "url": "",
        "url2": ""
      }
    },
    {
      "type": "Feature",
      "geometry": {
        "type": "Point",
        "coordinates": [
          133.8516208,
          34.2922169
        ]
      },
      "properties": {
        "内容": "バス停: 川津公民館前",
        "name": "川津公民館前",
        "operator": "事業者不明",
        "ref": "",
        "url": "",
        "url2": ""
      }
    },
    {
      "type": "Feature",
      "geometry": {
        "type": "Point",
        "coordinates": [
          133.8521151,
          34.2919386
        ]
      },
      "properties": {
        "内容": "バス停: 川津公民館前",
        "name": "川津公民館前",
        "operator": "事業者不明",
        "ref": "",
        "url": "",
        "url2": ""
      }
    },
    {
      "type": "Feature",
      "geometry": {
        "type": "Point",
        "coordinates": [
          133.8505601,
          34.2936953
        ]
      },
      "properties": {
        "内容": "バス停: 堀口医院前",
        "name": "堀口医院前",
        "operator": "事業者不明",
        "ref": "",
        "url": "",
        "url2": ""
      }
    },
    {
      "type": "Feature",
      "geometry": {
        "type": "Point",
        "coordinates": [
          133.8505849,
          34.2939856
        ]
      },
      "properties": {
        "内容": "バス停: 堀口医院前",
        "name": "堀口医院前",
        "operator": "事業者不明",
        "ref": "",
        "url": "",
        "url2": ""
      }
    },
    {
      "type": "Feature",
      "geometry": {
        "type": "Point",
        "coordinates": [
          133.8484955,
          34.297675
        ]
      },
      "properties": {
        "内容": "バス停: 連尺",
        "name": "連尺",
        "operator": "事業者不明",
        "ref": "",
        "url": "",
        "url2": ""
      }
    },
    {
      "type": "Feature",
      "geometry": {
        "type": "Point",
        "coordinates": [
          133.8487503,
          34.2973842
        ]
      },
      "properties": {
        "内容": "バス停: 連尺",
        "name": "連尺",
        "operator": "事業者不明",
        "ref": "",
        "url": "",
        "url2": ""
      }
    },
    {
      "type": "Feature",
      "geometry": {
        "type": "Point",
        "coordinates": [
          133.850125,
          34.3074729
        ]
      },
      "properties": {
        "内容": "バス停: 福江",
        "name": "福江",
        "operator": "事業者不明",
        "ref": "",
        "url": "",
        "url2": ""
      }
    },
    {
      "type": "Feature",
      "geometry": {
        "type": "Point",
        "coordinates": [
          133.8498844,
          34.3076091
        ]
      },
      "properties": {
        "内容": "バス停: 福江",
        "name": "福江",
        "operator": "事業者不明",
        "ref": "",
        "url": "",
        "url2": ""
      }
    },
    {
      "type": "Feature",
      "geometry": {
        "type": "Point",
        "coordinates": [
          133.8502508,
          34.3099965
        ]
      },
      "properties": {
        "内容": "バス停: 新浜",
        "name": "新浜",
        "operator": "事業者不明",
        "ref": "",
        "url": "",
        "url2": ""
      }
    },
    {
      "type": "Feature",
      "geometry": {
        "type": "Point",
        "coordinates": [
          133.850518,
          34.3102493
        ]
      },
      "properties": {
        "内容": "バス停: 富士見町",
        "name": "富士見町",
        "operator": "事業者不明",
        "ref": "",
        "url": "",
        "url2": ""
      }
    },
    {
      "type": "Feature",
      "geometry": {
        "type": "Point",
        "coordinates": [
          133.8504342,
          34.3112894
        ]
      },
      "properties": {
        "内容": "バス停: 富士見町",
        "name": "富士見町",
        "operator": "事業者不明",
        "ref": "",
        "url": "",
        "url2": ""
      }
    },
    {
      "type": "Feature",
      "geometry": {
        "type": "Point",
        "coordinates": [
          133.8506782,
          34.3112505
        ]
      },
      "properties": {
        "内容": "バス停: 富士見町",
        "name": "富士見町",
        "operator": "事業者不明",
        "ref": "",
        "url": "",
        "url2": ""
      }
    },
    {
      "type": "Feature",
      "geometry": {
        "type": "Point",
        "coordinates": [
          133.8562782,
          34.3144208
        ]
      },
      "properties": {
        "内容": "バス停: 坂出駅前",
        "name": "坂出駅前",
        "operator": "事業者不明",
        "ref": "",
        "url": "",
        "url2": ""
      }
    },
    {
      "type": "Feature",
      "geometry": {
        "type": "Point",
        "coordinates": [
          133.8562775,
          34.3144692
        ]
      },
      "properties": {
        "内容": "バス停: 元町・京町",
        "name": "元町・京町",
        "operator": "事業者不明",
        "ref": "",
        "url": "",
        "url2": ""
      }
    },
    {
      "type": "Feature",
      "geometry": {
        "type": "Point",
        "coordinates": [
          133.8561428,
          34.3148165
        ]
      },
      "properties": {
        "内容": "バス停: 坂出駅",
        "name": "坂出駅",
        "operator": "事業者不明",
        "ref": "",
        "url": "",
        "url2": ""
      }
    },
    {
      "type": "Feature",
      "geometry": {
        "type": "Point",
        "coordinates": [
          133.8561427,
          34.3147884
        ]
      },
      "properties": {
        "内容": "バス停: 元町・京町",
        "name": "元町・京町",
        "operator": "事業者不明",
        "ref": "",
        "url": "",
        "url2": ""
      }
    },
    {
      "type": "Feature",
      "geometry": {
        "type": "Point",
        "coordinates": [
          133.8556491,
          34.3178852
        ]
      },
      "properties": {
        "内容": "バス停: 元町・京町三丁目",
        "name": "元町・京町三丁目",
        "operator": "事業者不明",
        "ref": "",
        "url": "",
        "url2": ""
      }
    },
    {
      "type": "Feature",
      "geometry": {
        "type": "Point",
        "coordinates": [
          133.8511589,
          34.3148182
        ]
      },
      "properties": {
        "内容": "バス停: 中通町",
        "name": "中通町",
        "operator": "事業者不明",
        "ref": "",
        "url": "",
        "url2": ""
      }
    },
    {
      "type": "Feature",
      "geometry": {
        "type": "Point",
        "coordinates": [
          133.8504535,
          34.3171643
        ]
      },
      "properties": {
        "内容": "バス停: 市立病院",
        "name": "市立病院",
        "operator": "事業者不明",
        "ref": "",
        "url": "",
        "url2": ""
      }
    },
    {
      "type": "Feature",
      "geometry": {
        "type": "Point",
        "coordinates": [
          133.853137,
          34.318488
        ]
      },
      "properties": {
        "内容": "バス停: 港町",
        "name": "港町",
        "operator": "事業者不明",
        "ref": "",
        "url": "",
        "url2": ""
      }
    },
    {
      "type": "Feature",
      "geometry": {
        "type": "Point",
        "coordinates": [
          133.8521688,
          34.3183152
        ]
      },
      "properties": {
        "内容": "バス停: 港町",
        "name": "港町",
        "operator": "事業者不明",
        "ref": "",
        "url": "",
        "url2": ""
      }
    },
    {
      "type": "Feature",
      "geometry": {
        "type": "Point",
        "coordinates": [
          133.8508961,
          34.3148382
        ]
      },
      "properties": {
        "内容": "バス停: 中通町",
        "name": "中通町",
        "operator": "事業者不明",
        "ref": "",
        "url": "",
        "url2": ""
      }
    },
    {
      "type": "Feature",
      "geometry": {
        "type": "Point",
        "coordinates": [
          133.8505608,
          34.3171754
        ]
      },
      "properties": {
        "内容": "バス停: 市立病院",
        "name": "市立病院",
        "operator": "事業者不明",
        "ref": "",
        "url": "",
        "url2": ""
      }
    },
    {
      "type": "Feature",
      "geometry": {
        "type": "Point",
        "coordinates": [
          133.8559506,
          34.3136755
        ]
      },
      "properties": {
        "内容": "バス停: 坂出駅前",
        "name": "坂出駅前",
        "operator": "事業者不明",
        "ref": "3",
        "url": "",
        "url2": ""
      }
    },
    {
      "type": "Feature",
      "geometry": {
        "type": "Point",
        "coordinates": [
          133.8551714,
          34.3208908
        ]
      },
      "properties": {
        "内容": "バス停: 坂出中央埠頭",
        "name": "坂出中央埠頭",
        "operator": "事業者不明",
        "ref": "",
        "url": "",
        "url2": ""
      }
    },
    {
      "type": "Feature",
      "geometry": {
        "type": "Point",
        "coordinates": [
          133.8549477,
          34.3210312
        ]
      },
      "properties": {
        "内容": "バス停: 両景橋東詰",
        "name": "両景橋東詰",
        "operator": "事業者不明",
        "ref": "",
        "url": "",
        "url2": ""
      }
    },
    {
      "type": "Feature",
      "geometry": {
        "type": "Point",
        "coordinates": [
          133.8544805,
          34.3240538
        ]
      },
      "properties": {
        "内容": "バス停: 坂出中央埠頭",
        "name": "坂出中央埠頭",
        "operator": "事業者不明",
        "ref": "",
        "url": "",
        "url2": ""
      }
    },
    {
      "type": "Feature",
      "geometry": {
        "type": "Point",
        "coordinates": [
          133.8542995,
          34.3241262
        ]
      },
      "properties": {
        "内容": "バス停: 坂出中央埠頭",
        "name": "坂出中央埠頭",
        "operator": "事業者不明",
        "ref": "",
        "url": "",
        "url2": ""
      }
    },
    {
      "type": "Feature",
      "geometry": {
        "type": "Point",
        "coordinates": [
          133.9253327,
          34.3734455
        ]
      },
      "properties": {
        "内容": "バス停: 木沢",
        "name": "木沢",
        "operator": "事業者不明",
        "ref": "",
        "url": "",
        "url2": ""
      }
    },
    {
      "type": "Feature",
      "geometry": {
        "type": "Point",
        "coordinates": [
          133.9235021,
          34.369921
        ]
      },
      "properties": {
        "内容": "バス停: 王越",
        "name": "王越",
        "operator": "事業者不明",
        "ref": "",
        "url": "",
        "url2": ""
      }
    },
    {
      "type": "Feature",
      "geometry": {
        "type": "Point",
        "coordinates": [
          133.923423,
          34.3699896
        ]
      },
      "properties": {
        "内容": "バス停: 王越",
        "name": "王越",
        "operator": "事業者不明",
        "ref": "",
        "url": "",
        "url2": ""
      }
    },
    {
      "type": "Feature",
      "geometry": {
        "type": "Point",
        "coordinates": [
          133.9213,
          34.3688195
        ]
      },
      "properties": {
        "内容": "バス停: 番屋",
        "name": "番屋",
        "operator": "事業者不明",
        "ref": "",
        "url": "",
        "url2": ""
      }
    },
    {
      "type": "Feature",
      "geometry": {
        "type": "Point",
        "coordinates": [
          133.9147232,
          34.366693
        ]
      },
      "properties": {
        "内容": "バス停: 交流の里おうごし",
        "name": "交流の里おうごし",
        "operator": "事業者不明",
        "ref": "",
        "url": "",
        "url2": ""
      }
    },
    {
      "type": "Feature",
      "geometry": {
        "type": "Point",
        "coordinates": [
          133.9063936,
          34.3681476
        ]
      },
      "properties": {
        "内容": "バス停: 南条",
        "name": "南条",
        "operator": "事業者不明",
        "ref": "",
        "url": "",
        "url2": ""
      }
    },
    {
      "type": "Feature",
      "geometry": {
        "type": "Point",
        "coordinates": [
          133.9083235,
          34.3672476
        ]
      },
      "properties": {
        "内容": "バス停: 東分",
        "name": "東分",
        "operator": "事業者不明",
        "ref": "",
        "url": "",
        "url2": ""
      }
    },
    {
      "type": "Feature",
      "geometry": {
        "type": "Point",
        "coordinates": [
          133.9043418,
          34.3702553
        ]
      },
      "properties": {
        "内容": "バス停: 妙見神社",
        "name": "妙見神社",
        "operator": "事業者不明",
        "ref": "",
        "url": "",
        "url2": ""
      }
    },
    {
      "type": "Feature",
      "geometry": {
        "type": "Point",
        "coordinates": [
          133.8992362,
          34.3772454
        ]
      },
      "properties": {
        "内容": "バス停: 西脇",
        "name": "西脇",
        "operator": "事業者不明",
        "ref": "",
        "url": "",
        "url2": ""
      }
    },
    {
      "type": "Feature",
      "geometry": {
        "type": "Point",
        "coordinates": [
          133.8885409,
          34.3756039
        ]
      },
      "properties": {
        "内容": "バス停: 馬返",
        "name": "馬返",
        "operator": "事業者不明",
        "ref": "",
        "url": "",
        "url2": ""
      }
    },
    {
      "type": "Feature",
      "geometry": {
        "type": "Point",
        "coordinates": [
          133.8922933,
          34.3655661
        ]
      },
      "properties": {
        "内容": "バス停: 相模坊",
        "name": "相模坊",
        "operator": "事業者不明",
        "ref": "",
        "url": "",
        "url2": ""
      }
    },
    {
      "type": "Feature",
      "geometry": {
        "type": "Point",
        "coordinates": [
          133.8924207,
          34.3655727
        ]
      },
      "properties": {
        "内容": "バス停: 相模坊",
        "name": "相模坊",
        "operator": "事業者不明",
        "ref": "",
        "url": "",
        "url2": ""
      }
    },
    {
      "type": "Feature",
      "geometry": {
        "type": "Point",
        "coordinates": [
          133.8938355,
          34.3620125
        ]
      },
      "properties": {
        "内容": "バス停: 新地",
        "name": "新地",
        "operator": "事業者不明",
        "ref": "",
        "url": "",
        "url2": ""
      }
    },
    {
      "type": "Feature",
      "geometry": {
        "type": "Point",
        "coordinates": [
          133.893857,
          34.3622306
        ]
      },
      "properties": {
        "内容": "バス停: 新地",
        "name": "新地",
        "operator": "事業者不明",
        "ref": "",
        "url": "",
        "url2": ""
      }
    },
    {
      "type": "Feature",
      "geometry": {
        "type": "Point",
        "coordinates": [
          133.9013444,
          34.3527215
        ]
      },
      "properties": {
        "内容": "バス停: 北須賀",
        "name": "北須賀",
        "operator": "事業者不明",
        "ref": "",
        "url": "",
        "url2": ""
      }
    },
    {
      "type": "Feature",
      "geometry": {
        "type": "Point",
        "coordinates": [
          133.9014235,
          34.3527303
        ]
      },
      "properties": {
        "内容": "バス停: 北須賀",
        "name": "北須賀",
        "operator": "事業者不明",
        "ref": "",
        "url": "",
        "url2": ""
      }
    },
    {
      "type": "Feature",
      "geometry": {
        "type": "Point",
        "coordinates": [
          133.9019881,
          34.3497586
        ]
      },
      "properties": {
        "内容": "バス停: 須賀",
        "name": "須賀",
        "operator": "事業者不明",
        "ref": "",
        "url": "",
        "url2": ""
      }
    },
    {
      "type": "Feature",
      "geometry": {
        "type": "Point",
        "coordinates": [
          133.9019211,
          34.3496899
        ]
      },
      "properties": {
        "内容": "バス停: 大屋冨",
        "name": "大屋冨",
        "operator": "事業者不明",
        "ref": "",
        "url": "",
        "url2": ""
      }
    },
    {
      "type": "Feature",
      "geometry": {
        "type": "Point",
        "coordinates": [
          133.9026627,
          34.3455289
        ]
      },
      "properties": {
        "内容": "バス停: 須賀",
        "name": "須賀",
        "operator": "事業者不明",
        "ref": "",
        "url": "",
        "url2": ""
      }
    },
    {
      "type": "Feature",
      "geometry": {
        "type": "Point",
        "coordinates": [
          133.9027378,
          34.3455355
        ]
      },
      "properties": {
        "内容": "バス停: 須賀",
        "name": "須賀",
        "operator": "事業者不明",
        "ref": "",
        "url": "",
        "url2": ""
      }
    },
    {
      "type": "Feature",
      "geometry": {
        "type": "Point",
        "coordinates": [
          133.9061346,
          34.3386551
        ]
      },
      "properties": {
        "内容": "バス停: 高屋局前",
        "name": "高屋局前",
        "operator": "事業者不明",
        "ref": "",
        "url": "",
        "url2": ""
      }
    },
    {
      "type": "Feature",
      "geometry": {
        "type": "Point",
        "coordinates": [
          133.906572,
          34.3377277
        ]
      },
      "properties": {
        "内容": "バス停: 松山小学校前",
        "name": "松山小学校前",
        "operator": "事業者不明",
        "ref": "",
        "url": "",
        "url2": ""
      }
    },
    {
      "type": "Feature",
      "geometry": {
        "type": "Point",
        "coordinates": [
          133.9066458,
          34.3377509
        ]
      },
      "properties": {
        "内容": "バス停: 高屋",
        "name": "高屋",
        "operator": "事業者不明",
        "ref": "",
        "url": "",
        "url2": ""
      }
    },
    {
      "type": "Feature",
      "geometry": {
        "type": "Point",
        "coordinates": [
          133.9067799,
          34.3354199
        ]
      },
      "properties": {
        "内容": "バス停: 高屋",
        "name": "高屋",
        "operator": "事業者不明",
        "ref": "",
        "url": "",
        "url2": ""
      }
    },
    {
      "type": "Feature",
      "geometry": {
        "type": "Point",
        "coordinates": [
          133.906859,
          34.3354033
        ]
      },
      "properties": {
        "内容": "バス停: 高屋",
        "name": "高屋",
        "operator": "事業者不明",
        "ref": "",
        "url": "",
        "url2": ""
      }
    },
    {
      "type": "Feature",
      "geometry": {
        "type": "Point",
        "coordinates": [
          133.9082465,
          34.3302003
        ]
      },
      "properties": {
        "内容": "バス停: 高屋南",
        "name": "高屋南",
        "operator": "事業者不明",
        "ref": "",
        "url": "",
        "url2": ""
      }
    },
    {
      "type": "Feature",
      "geometry": {
        "type": "Point",
        "coordinates": [
          133.9082784,
          34.330409
        ]
      },
      "properties": {
        "内容": "バス停: 高屋南",
        "name": "高屋南",
        "operator": "事業者不明",
        "ref": "",
        "url": "",
        "url2": ""
      }
    },
    {
      "type": "Feature",
      "geometry": {
        "type": "Point",
        "coordinates": [
          133.9002071,
          34.3267971
        ]
      },
      "properties": {
        "内容": "バス停: 白峰中学校前",
        "name": "白峰中学校前",
        "operator": "事業者不明",
        "ref": "",
        "url": "",
        "url2": ""
      }
    },
    {
      "type": "Feature",
      "geometry": {
        "type": "Point",
        "coordinates": [
          133.8696421,
          34.3188698
        ]
      },
      "properties": {
        "内容": "バス停: 坂江橋",
        "name": "坂江橋",
        "operator": "事業者不明",
        "ref": "",
        "url": "",
        "url2": ""
      }
    },
    {
      "type": "Feature",
      "geometry": {
        "type": "Point",
        "coordinates": [
          133.8236609,
          34.386081
        ]
      },
      "properties": {
        "内容": "バス停: 造船所前",
        "name": "造船所前",
        "operator": "事業者不明",
        "ref": "",
        "url": "",
        "url2": ""
      }
    },
    {
      "type": "Feature",
      "geometry": {
        "type": "Point",
        "coordinates": [
          133.8240847,
          34.3878518
        ]
      },
      "properties": {
        "内容": "バス停: 大津",
        "name": "大津",
        "operator": "事業者不明",
        "ref": "",
        "url": "",
        "url2": ""
      }
    },
    {
      "type": "Feature",
      "geometry": {
        "type": "Point",
        "coordinates": [
          133.8243878,
          34.3888755
        ]
      },
      "properties": {
        "内容": "バス停: 駐在所前",
        "name": "駐在所前",
        "operator": "事業者不明",
        "ref": "",
        "url": "",
        "url2": ""
      }
    },
    {
      "type": "Feature",
      "geometry": {
        "type": "Point",
        "coordinates": [
          133.8211825,
          34.385438
        ]
      },
      "properties": {
        "内容": "バス停: 与島小学校前",
        "name": "与島小学校前",
        "operator": "事業者不明",
        "ref": "",
        "url": "",
        "url2": ""
      }
    },
    {
      "type": "Feature",
      "geometry": {
        "type": "Point",
        "coordinates": [
          133.8190502,
          34.3867064
        ]
      },
      "properties": {
        "内容": "バス停: 穴部",
        "name": "穴部",
        "operator": "事業者不明",
        "ref": "",
        "url": "",
        "url2": ""
      }
    },
    {
      "type": "Feature",
      "geometry": {
        "type": "Point",
        "coordinates": [
          133.8190945,
          34.3868247
        ]
      },
      "properties": {
        "内容": "バス停: 穴部",
        "name": "穴部",
        "operator": "事業者不明",
        "ref": "",
        "url": "",
        "url2": ""
      }
    },
    {
      "type": "Feature",
      "geometry": {
        "type": "Point",
        "coordinates": [
          133.8184346,
          34.3901688
        ]
      },
      "properties": {
        "内容": "バス停: 塩浜",
        "name": "塩浜",
        "operator": "事業者不明",
        "ref": "",
        "url": "",
        "url2": ""
      }
    },
    {
      "type": "Feature",
      "geometry": {
        "type": "Point",
        "coordinates": [
          133.8179813,
          34.39166
        ]
      },
      "properties": {
        "内容": "バス停: 与島第二駐車場",
        "name": "与島第二駐車場",
        "operator": "事業者不明",
        "ref": "",
        "url": "",
        "url2": ""
      }
    },
    {
      "type": "Feature",
      "geometry": {
        "type": "Point",
        "coordinates": [
          133.802631,
          34.4200535
        ]
      },
      "properties": {
        "内容": "バス停: 櫃石島",
        "name": "櫃石島",
        "operator": "事業者不明",
        "ref": "",
        "url": "",
        "url2": ""
      }
    },
    {
      "type": "Feature",
      "geometry": {
        "type": "Point",
        "coordinates": [
          133.8072177,
          34.4201841
        ]
      },
      "properties": {
        "内容": "バス停: 櫃石学校前",
        "name": "櫃石学校前",
        "operator": "事業者不明",
        "ref": "",
        "url": "",
        "url2": ""
      }
    },
    {
      "type": "Feature",
      "geometry": {
        "type": "Point",
        "coordinates": [
          133.8071385,
          34.420215
        ]
      },
      "properties": {
        "内容": "バス停: 櫃石学校前",
        "name": "櫃石学校前",
        "operator": "事業者不明",
        "ref": "",
        "url": "",
        "url2": ""
      }
    },
    {
      "type": "Feature",
      "geometry": {
        "type": "Point",
        "coordinates": [
          133.8611005,
          34.3151583
        ]
      },
      "properties": {
        "内容": "バス停: 坂出市役所前",
        "name": "坂出市役所前",
        "operator": "事業者不明",
        "ref": "",
        "url": "",
        "url2": ""
      }
    },
    {
      "type": "Feature",
      "geometry": {
        "type": "Point",
        "coordinates": [
          133.862692,
          34.3173249
        ]
      },
      "properties": {
        "内容": "バス停: 回生病院前",
        "name": "回生病院前",
        "operator": "事業者不明",
        "ref": "",
        "url": "",
        "url2": ""
      }
    },
    {
      "type": "Feature",
      "geometry": {
        "type": "Point",
        "coordinates": [
          133.8625543,
          34.3176351
        ]
      },
      "properties": {
        "内容": "バス停: 回生病院前",
        "name": "回生病院前",
        "operator": "事業者不明",
        "ref": "",
        "url": "",
        "url2": ""
      }
    },
    {
      "type": "Feature",
      "geometry": {
        "type": "Point",
        "coordinates": [
          133.8317893,
          34.2221079
        ]
      },
      "properties": {
        "内容": "バス停: 上代",
        "name": "上代",
        "operator": "事業者不明",
        "ref": "",
        "url": "",
        "url2": ""
      }
    },
    {
      "type": "Feature",
      "geometry": {
        "type": "Point",
        "coordinates": [
          133.8315701,
          34.2494215
        ]
      },
      "properties": {
        "内容": "バス停: 岸の上",
        "name": "岸の上",
        "operator": "事業者不明",
        "ref": "",
        "url": "",
        "url2": ""
      }
    },
    {
      "type": "Feature",
      "geometry": {
        "type": "Point",
        "coordinates": [
          133.8014509,
          34.2888545
        ]
      },
      "properties": {
        "内容": "バス停: 丸亀城前",
        "name": "丸亀城前",
        "operator": "事業者不明",
        "ref": "",
        "url": "",
        "url2": ""
      }
    },
    {
      "type": "Feature",
      "geometry": {
        "type": "Point",
        "coordinates": [
          133.8014109,
          34.2886855
        ]
      },
      "properties": {
        "内容": "バス停: 丸亀城前",
        "name": "丸亀城前",
        "operator": "事業者不明",
        "ref": "",
        "url": "",
        "url2": ""
      }
    },
    {
      "type": "Feature",
      "geometry": {
        "type": "Point",
        "coordinates": [
          133.8045797,
          34.2889808
        ]
      },
      "properties": {
        "内容": "バス停: 労災病院",
        "name": "労災病院",
        "operator": "事業者不明",
        "ref": "",
        "url": "",
        "url2": ""
      }
    },
    {
      "type": "Feature",
      "geometry": {
        "type": "Point",
        "coordinates": [
          133.8066798,
          34.2898196
        ]
      },
      "properties": {
        "内容": "バス停: 城東町",
        "name": "城東町",
        "operator": "事業者不明",
        "ref": "",
        "url": "",
        "url2": ""
      }
    },
    {
      "type": "Feature",
      "geometry": {
        "type": "Point",
        "coordinates": [
          133.8070594,
          34.2897309
        ]
      },
      "properties": {
        "内容": "バス停: 城東町",
        "name": "城東町",
        "operator": "事業者不明",
        "ref": "",
        "url": "",
        "url2": ""
      }
    },
    {
      "type": "Feature",
      "geometry": {
        "type": "Point",
        "coordinates": [
          133.8109003,
          34.2872268
        ]
      },
      "properties": {
        "内容": "バス停: 高津",
        "name": "高津",
        "operator": "事業者不明",
        "ref": "",
        "url": "",
        "url2": ""
      }
    },
    {
      "type": "Feature",
      "geometry": {
        "type": "Point",
        "coordinates": [
          133.8106683,
          34.2873143
        ]
      },
      "properties": {
        "内容": "バス停: 高津",
        "name": "高津",
        "operator": "事業者不明",
        "ref": "",
        "url": "",
        "url2": ""
      }
    },
    {
      "type": "Feature",
      "geometry": {
        "type": "Point",
        "coordinates": [
          133.8131225,
          34.283969
        ]
      },
      "properties": {
        "内容": "バス停: 高津団地",
        "name": "高津団地",
        "operator": "事業者不明",
        "ref": "",
        "url": "",
        "url2": ""
      }
    },
    {
      "type": "Feature",
      "geometry": {
        "type": "Point",
        "coordinates": [
          133.813388,
          34.2839236
        ]
      },
      "properties": {
        "内容": "バス停: 高津団地",
        "name": "高津団地",
        "operator": "事業者不明",
        "ref": "",
        "url": "",
        "url2": ""
      }
    },
    {
      "type": "Feature",
      "geometry": {
        "type": "Point",
        "coordinates": [
          133.8156103,
          34.2812774
        ]
      },
      "properties": {
        "内容": "バス停: 西村下",
        "name": "西村下",
        "operator": "事業者不明",
        "ref": "",
        "url": "",
        "url2": ""
      }
    },
    {
      "type": "Feature",
      "geometry": {
        "type": "Point",
        "coordinates": [
          133.8157792,
          34.2811888
        ]
      },
      "properties": {
        "内容": "バス停: 西村下",
        "name": "西村下",
        "operator": "事業者不明",
        "ref": "",
        "url": "",
        "url2": ""
      }
    },
    {
      "type": "Feature",
      "geometry": {
        "type": "Point",
        "coordinates": [
          133.8177131,
          34.2777136
        ]
      },
      "properties": {
        "内容": "バス停: 西村",
        "name": "西村",
        "operator": "事業者不明",
        "ref": "",
        "url": "",
        "url2": ""
      }
    },
    {
      "type": "Feature",
      "geometry": {
        "type": "Point",
        "coordinates": [
          133.8177976,
          34.2777413
        ]
      },
      "properties": {
        "内容": "バス停: 西村",
        "name": "西村",
        "operator": "事業者不明",
        "ref": "",
        "url": "",
        "url2": ""
      }
    },
    {
      "type": "Feature",
      "geometry": {
        "type": "Point",
        "coordinates": [
          133.8197717,
          34.2738371
        ]
      },
      "properties": {
        "内容": "バス停: 高熊",
        "name": "高熊",
        "operator": "事業者不明",
        "ref": "",
        "url": "",
        "url2": ""
      }
    },
    {
      "type": "Feature",
      "geometry": {
        "type": "Point",
        "coordinates": [
          133.8196751,
          34.2738072
        ]
      },
      "properties": {
        "内容": "バス停: 高熊",
        "name": "高熊",
        "operator": "事業者不明",
        "ref": "",
        "url": "",
        "url2": ""
      }
    },
    {
      "type": "Feature",
      "geometry": {
        "type": "Point",
        "coordinates": [
          133.820516,
          34.2704968
        ]
      },
      "properties": {
        "内容": "バス停: 双子山",
        "name": "双子山",
        "operator": "事業者不明",
        "ref": "",
        "url": "",
        "url2": ""
      }
    },
    {
      "type": "Feature",
      "geometry": {
        "type": "Point",
        "coordinates": [
          133.8206528,
          34.2699859
        ]
      },
      "properties": {
        "内容": "バス停: 双子山",
        "name": "双子山",
        "operator": "事業者不明",
        "ref": "",
        "url": "",
        "url2": ""
      }
    },
    {
      "type": "Feature",
      "geometry": {
        "type": "Point",
        "coordinates": [
          133.8222957,
          34.2664737
        ]
      },
      "properties": {
        "内容": "バス停: 川西・原",
        "name": "川西・原",
        "operator": "事業者不明",
        "ref": "",
        "url": "",
        "url2": ""
      }
    },
    {
      "type": "Feature",
      "geometry": {
        "type": "Point",
        "coordinates": [
          133.8220891,
          34.2666632
        ]
      },
      "properties": {
        "内容": "バス停: 川西・原",
        "name": "川西・原",
        "operator": "事業者不明",
        "ref": "",
        "url": "",
        "url2": ""
      }
    },
    {
      "type": "Feature",
      "geometry": {
        "type": "Point",
        "coordinates": [
          133.824428,
          34.2627131
        ]
      },
      "properties": {
        "内容": "バス停: 春日の辻",
        "name": "春日の辻",
        "operator": "事業者不明",
        "ref": "",
        "url": "",
        "url2": ""
      }
    },
    {
      "type": "Feature",
      "geometry": {
        "type": "Point",
        "coordinates": [
          133.8246185,
          34.262569
        ]
      },
      "properties": {
        "内容": "バス停: 春日の辻",
        "name": "春日の辻",
        "operator": "事業者不明",
        "ref": "",
        "url": "",
        "url2": ""
      }
    },
    {
      "type": "Feature",
      "geometry": {
        "type": "Point",
        "coordinates": [
          133.8279659,
          34.2566689
        ]
      },
      "properties": {
        "内容": "バス停: 城辰小学校",
        "name": "城辰小学校",
        "operator": "事業者不明",
        "ref": "",
        "url": "",
        "url2": ""
      }
    },
    {
      "type": "Feature",
      "geometry": {
        "type": "Point",
        "coordinates": [
          133.8281536,
          34.2565525
        ]
      },
      "properties": {
        "内容": "バス停: 城辰小学校",
        "name": "城辰小学校",
        "operator": "事業者不明",
        "ref": "",
        "url": "",
        "url2": ""
      }
    },
    {
      "type": "Feature",
      "geometry": {
        "type": "Point",
        "coordinates": [
          133.830003,
          34.2529566
        ]
      },
      "properties": {
        "内容": "バス停: 川西ふれあい会館",
        "name": "川西ふれあい会館",
        "operator": "事業者不明",
        "ref": "",
        "url": "",
        "url2": ""
      }
    },
    {
      "type": "Feature",
      "geometry": {
        "type": "Point",
        "coordinates": [
          133.8299172,
          34.2528657
        ]
      },
      "properties": {
        "内容": "バス停: 川西ふれあい会館",
        "name": "川西ふれあい会館",
        "operator": "事業者不明",
        "ref": "",
        "url": "",
        "url2": ""
      }
    },
    {
      "type": "Feature",
      "geometry": {
        "type": "Point",
        "coordinates": [
          133.8314849,
          34.249396
        ]
      },
      "properties": {
        "内容": "バス停: 岸の上",
        "name": "岸の上",
        "operator": "事業者不明",
        "ref": "",
        "url": "",
        "url2": ""
      }
    },
    {
      "type": "Feature",
      "geometry": {
        "type": "Point",
        "coordinates": [
          133.8329615,
          34.24617
        ]
      },
      "properties": {
        "内容": "バス停: 城辰保育所通り",
        "name": "城辰保育所通り",
        "operator": "事業者不明",
        "ref": "",
        "url": "",
        "url2": ""
      }
    },
    {
      "type": "Feature",
      "geometry": {
        "type": "Point",
        "coordinates": [
          133.8329212,
          34.2464572
        ]
      },
      "properties": {
        "内容": "バス停: 城辰保育所通り",
        "name": "城辰保育所通り",
        "operator": "事業者不明",
        "ref": "",
        "url": "",
        "url2": ""
      }
    },
    {
      "type": "Feature",
      "geometry": {
        "type": "Point",
        "coordinates": [
          133.8338037,
          34.2439351
        ]
      },
      "properties": {
        "内容": "バス停: 西小川",
        "name": "西小川",
        "operator": "事業者不明",
        "ref": "",
        "url": "",
        "url2": ""
      }
    },
    {
      "type": "Feature",
      "geometry": {
        "type": "Point",
        "coordinates": [
          133.8341095,
          34.2421247
        ]
      },
      "properties": {
        "内容": "バス停: フジグラン",
        "name": "フジグラン",
        "operator": "事業者不明",
        "ref": "",
        "url": "",
        "url2": ""
      }
    },
    {
      "type": "Feature",
      "geometry": {
        "type": "Point",
        "coordinates": [
          133.8346499,
          34.2389417
        ]
      },
      "properties": {
        "内容": "バス停: 剱来松木自治会館前",
        "name": "剱来松木自治会館前",
        "operator": "事業者不明",
        "ref": "",
        "url": "",
        "url2": ""
      }
    },
    {
      "type": "Feature",
      "geometry": {
        "type": "Point",
        "coordinates": [
          133.8240699,
          34.2219671
        ]
      },
      "properties": {
        "内容": "バス停: 丸亀南",
        "name": "丸亀南",
        "operator": "事業者不明",
        "ref": "",
        "url": "",
        "url2": ""
      }
    },
    {
      "type": "Feature",
      "geometry": {
        "type": "Point",
        "coordinates": [
          133.8223889,
          34.2245835
        ]
      },
      "properties": {
        "内容": "バス停: 丸亀浄水場",
        "name": "丸亀浄水場",
        "operator": "事業者不明",
        "ref": "",
        "url": "",
        "url2": ""
      }
    },
    {
      "type": "Feature",
      "geometry": {
        "type": "Point",
        "coordinates": [
          133.8195652,
          34.2315154
        ]
      },
      "properties": {
        "内容": "バス停: 願誓寺",
        "name": "願誓寺",
        "operator": "事業者不明",
        "ref": "",
        "url": "",
        "url2": ""
      }
    },
    {
      "type": "Feature",
      "geometry": {
        "type": "Point",
        "coordinates": [
          133.8263082,
          34.234947
        ]
      },
      "properties": {
        "内容": "バス停: 八尺",
        "name": "八尺",
        "operator": "事業者不明",
        "ref": "",
        "url": "",
        "url2": ""
      }
    },
    {
      "type": "Feature",
      "geometry": {
        "type": "Point",
        "coordinates": [
          133.8263807,
          34.234988
        ]
      },
      "properties": {
        "内容": "バス停: 八尺",
        "name": "八尺",
        "operator": "事業者不明",
        "ref": "",
        "url": "",
        "url2": ""
      }
    },
    {
      "type": "Feature",
      "geometry": {
        "type": "Point",
        "coordinates": [
          133.8239184,
          34.2386512
        ]
      },
      "properties": {
        "内容": "バス停: 田井",
        "name": "田井",
        "operator": "事業者不明",
        "ref": "",
        "url": "",
        "url2": ""
      }
    },
    {
      "type": "Feature",
      "geometry": {
        "type": "Point",
        "coordinates": [
          133.8238567,
          34.2386301
        ]
      },
      "properties": {
        "内容": "バス停: 田井",
        "name": "田井",
        "operator": "事業者不明",
        "ref": "",
        "url": "",
        "url2": ""
      }
    },
    {
      "type": "Feature",
      "geometry": {
        "type": "Point",
        "coordinates": [
          133.8230728,
          34.2445509
        ]
      },
      "properties": {
        "内容": "バス停: 立の外",
        "name": "立の外",
        "operator": "事業者不明",
        "ref": "",
        "url": "",
        "url2": ""
      }
    },
    {
      "type": "Feature",
      "geometry": {
        "type": "Point",
        "coordinates": [
          133.8231593,
          34.2445659
        ]
      },
      "properties": {
        "内容": "バス停: 立の外",
        "name": "立の外",
        "operator": "事業者不明",
        "ref": "",
        "url": "",
        "url2": ""
      }
    },
    {
      "type": "Feature",
      "geometry": {
        "type": "Point",
        "coordinates": [
          133.8212,
          34.2481644
        ]
      },
      "properties": {
        "内容": "バス停: 郡家郵便局",
        "name": "郡家郵便局",
        "operator": "事業者不明",
        "ref": "",
        "url": "",
        "url2": ""
      }
    },
    {
      "type": "Feature",
      "geometry": {
        "type": "Point",
        "coordinates": [
          133.8212925,
          34.2481333
        ]
      },
      "properties": {
        "内容": "バス停: 郡家郵便局",
        "name": "郡家郵便局",
        "operator": "事業者不明",
        "ref": "",
        "url": "",
        "url2": ""
      }
    },
    {
      "type": "Feature",
      "geometry": {
        "type": "Point",
        "coordinates": [
          133.817807,
          34.2474771
        ]
      },
      "properties": {
        "内容": "バス停: 宝幢寺池",
        "name": "宝幢寺池",
        "operator": "事業者不明",
        "ref": "",
        "url": "",
        "url2": ""
      }
    },
    {
      "type": "Feature",
      "geometry": {
        "type": "Point",
        "coordinates": [
          133.8176715,
          34.2473706
        ]
      },
      "properties": {
        "内容": "バス停: 宝幢寺池",
        "name": "宝幢寺池",
        "operator": "事業者不明",
        "ref": "",
        "url": "",
        "url2": ""
      }
    },
    {
      "type": "Feature",
      "geometry": {
        "type": "Point",
        "coordinates": [
          133.8129334,
          34.2456113
        ]
      },
      "properties": {
        "内容": "バス停: 下所",
        "name": "下所",
        "operator": "事業者不明",
        "ref": "",
        "url": "",
        "url2": ""
      }
    },
    {
      "type": "Feature",
      "geometry": {
        "type": "Point",
        "coordinates": [
          133.8129716,
          34.245562
        ]
      },
      "properties": {
        "内容": "バス停: 下所",
        "name": "下所",
        "operator": "事業者不明",
        "ref": "",
        "url": "",
        "url2": ""
      }
    },
    {
      "type": "Feature",
      "geometry": {
        "type": "Point",
        "coordinates": [
          133.810384,
          34.2483772
        ]
      },
      "properties": {
        "内容": "バス停: 籠池",
        "name": "籠池",
        "operator": "事業者不明",
        "ref": "",
        "url": "",
        "url2": ""
      }
    },
    {
      "type": "Feature",
      "geometry": {
        "type": "Point",
        "coordinates": [
          133.810569,
          34.2483007
        ]
      },
      "properties": {
        "内容": "バス停: 籠池",
        "name": "籠池",
        "operator": "事業者不明",
        "ref": "",
        "url": "",
        "url2": ""
      }
    },
    {
      "type": "Feature",
      "geometry": {
        "type": "Point",
        "coordinates": [
          133.8081256,
          34.2530065
        ]
      },
      "properties": {
        "内容": "バス停: 両宮",
        "name": "両宮",
        "operator": "事業者不明",
        "ref": "",
        "url": "",
        "url2": ""
      }
    },
    {
      "type": "Feature",
      "geometry": {
        "type": "Point",
        "coordinates": [
          133.8082288,
          34.2530353
        ]
      },
      "properties": {
        "内容": "バス停: 両宮",
        "name": "両宮",
        "operator": "事業者不明",
        "ref": "",
        "url": "",
        "url2": ""
      }
    },
    {
      "type": "Feature",
      "geometry": {
        "type": "Point",
        "coordinates": [
          133.8080518,
          34.2583448
        ]
      },
      "properties": {
        "内容": "バス停: 郡家原",
        "name": "郡家原",
        "operator": "事業者不明",
        "ref": "",
        "url": "",
        "url2": ""
      }
    },
    {
      "type": "Feature",
      "geometry": {
        "type": "Point",
        "coordinates": [
          133.8077031,
          34.2595253
        ]
      },
      "properties": {
        "内容": "バス停: 郡家原",
        "name": "郡家原",
        "operator": "事業者不明",
        "ref": "",
        "url": "",
        "url2": ""
      }
    },
    {
      "type": "Feature",
      "geometry": {
        "type": "Point",
        "coordinates": [
          133.8054071,
          34.266753
        ]
      },
      "properties": {
        "内容": "バス停: 三船病院",
        "name": "三船病院",
        "operator": "事業者不明",
        "ref": "",
        "url": "",
        "url2": ""
      }
    },
    {
      "type": "Feature",
      "geometry": {
        "type": "Point",
        "coordinates": [
          133.8055909,
          34.2666754
        ]
      },
      "properties": {
        "内容": "バス停: 三船病院",
        "name": "三船病院",
        "operator": "事業者不明",
        "ref": "",
        "url": "",
        "url2": ""
      }
    },
    {
      "type": "Feature",
      "geometry": {
        "type": "Point",
        "coordinates": [
          133.802973,
          34.2715685
        ]
      },
      "properties": {
        "内容": "バス停: 亀山学園",
        "name": "亀山学園",
        "operator": "事業者不明",
        "ref": "",
        "url": "",
        "url2": ""
      }
    },
    {
      "type": "Feature",
      "geometry": {
        "type": "Point",
        "coordinates": [
          133.8030723,
          34.2716117
        ]
      },
      "properties": {
        "内容": "バス停: 亀山学園",
        "name": "亀山学園",
        "operator": "事業者不明",
        "ref": "",
        "url": "",
        "url2": ""
      }
    },
    {
      "type": "Feature",
      "geometry": {
        "type": "Point",
        "coordinates": [
          133.8011411,
          34.2745796
        ]
      },
      "properties": {
        "内容": "バス停: ぽかぽか温泉前",
        "name": "ぽかぽか温泉前",
        "operator": "事業者不明",
        "ref": "",
        "url": "",
        "url2": ""
      }
    },
    {
      "type": "Feature",
      "geometry": {
        "type": "Point",
        "coordinates": [
          133.7981705,
          34.2771639
        ]
      },
      "properties": {
        "内容": "バス停: 蓮池公園",
        "name": "蓮池公園",
        "operator": "事業者不明",
        "ref": "",
        "url": "",
        "url2": ""
      }
    },
    {
      "type": "Feature",
      "geometry": {
        "type": "Point",
        "coordinates": [
          133.7976556,
          34.276837
        ]
      },
      "properties": {
        "内容": "バス停: 蓮池公園",
        "name": "蓮池公園",
        "operator": "事業者不明",
        "ref": "",
        "url": "",
        "url2": ""
      }
    },
    {
      "type": "Feature",
      "geometry": {
        "type": "Point",
        "coordinates": [
          133.7977494,
          34.2881198
        ]
      },
      "properties": {
        "内容": "バス停: 丸亀通町",
        "name": "丸亀通町",
        "operator": "事業者不明",
        "ref": "3",
        "url": "",
        "url2": ""
      }
    },
    {
      "type": "Feature",
      "geometry": {
        "type": "Point",
        "coordinates": [
          133.7969515,
          34.2892899
        ]
      },
      "properties": {
        "内容": "バス停: 丸亀通町",
        "name": "丸亀通町",
        "operator": "事業者不明",
        "ref": "3",
        "url": "",
        "url2": ""
      }
    },
    {
      "type": "Feature",
      "geometry": {
        "type": "Point",
        "coordinates": [
          133.7968697,
          34.2894462
        ]
      },
      "properties": {
        "内容": "バス停: 丸亀通町",
        "name": "丸亀通町",
        "operator": "事業者不明",
        "ref": "2",
        "url": "",
        "url2": ""
      }
    },
    {
      "type": "Feature",
      "geometry": {
        "type": "Point",
        "coordinates": [
          133.7967852,
          34.2895902
        ]
      },
      "properties": {
        "内容": "バス停: 丸亀通町",
        "name": "丸亀通町",
        "operator": "事業者不明",
        "ref": "1",
        "url": "",
        "url2": ""
      }
    },
    {
      "type": "Feature",
      "geometry": {
        "type": "Point",
        "coordinates": [
          133.7909983,
          34.2949994
        ]
      },
      "properties": {
        "内容": "バス停: 丸亀港",
        "name": "丸亀港",
        "operator": "事業者不明",
        "ref": "",
        "url": "",
        "url2": ""
      }
    },
    {
      "type": "Feature",
      "geometry": {
        "type": "Point",
        "coordinates": [
          133.7908427,
          34.294831
        ]
      },
      "properties": {
        "内容": "バス停: 丸亀港",
        "name": "丸亀港",
        "operator": "事業者不明",
        "ref": "",
        "url": "",
        "url2": ""
      }
    },
    {
      "type": "Feature",
      "geometry": {
        "type": "Point",
        "coordinates": [
          133.8349664,
          34.2708094
        ]
      },
      "properties": {
        "内容": "バス停: 珠光園",
        "name": "珠光園",
        "operator": "事業者不明",
        "ref": "",
        "url": "",
        "url2": ""
      }
    },
    {
      "type": "Feature",
      "geometry": {
        "type": "Point",
        "coordinates": [
          133.8348564,
          34.2707983
        ]
      },
      "properties": {
        "内容": "バス停: 珠光園",
        "name": "珠光園",
        "operator": "事業者不明",
        "ref": "",
        "url": "",
        "url2": ""
      }
    },
    {
      "type": "Feature",
      "geometry": {
        "type": "Point",
        "coordinates": [
          133.8361325,
          34.2688277
        ]
      },
      "properties": {
        "内容": "バス停: 山根東",
        "name": "山根東",
        "operator": "事業者不明",
        "ref": "",
        "url": "",
        "url2": ""
      }
    },
    {
      "type": "Feature",
      "geometry": {
        "type": "Point",
        "coordinates": [
          133.8359039,
          34.2690738
        ]
      },
      "properties": {
        "内容": "バス停: 山根東",
        "name": "山根東",
        "operator": "事業者不明",
        "ref": "",
        "url": "",
        "url2": ""
      }
    },
    {
      "type": "Feature",
      "geometry": {
        "type": "Point",
        "coordinates": [
          133.8840254,
          34.2337385
        ]
      },
      "properties": {
        "内容": "バス停: 琴電栗熊駅",
        "name": "琴電栗熊駅",
        "operator": "事業者不明",
        "ref": "",
        "url": "",
        "url2": ""
      }
    },
    {
      "type": "Feature",
      "geometry": {
        "type": "Point",
        "coordinates": [
          133.8797446,
          34.2204234
        ]
      },
      "properties": {
        "内容": "バス停: 定連",
        "name": "定連",
        "operator": "事業者不明",
        "ref": "",
        "url": "",
        "url2": ""
      }
    },
    {
      "type": "Feature",
      "geometry": {
        "type": "Point",
        "coordinates": [
          133.8798706,
          34.2204495
        ]
      },
      "properties": {
        "内容": "バス停: 定連",
        "name": "定連",
        "operator": "事業者不明",
        "ref": "",
        "url": "",
        "url2": ""
      }
    },
    {
      "type": "Feature",
      "geometry": {
        "type": "Point",
        "coordinates": [
          133.877572,
          34.2324878
        ]
      },
      "properties": {
        "内容": "バス停: 綾歌市民総合センター",
        "name": "綾歌市民総合センター",
        "operator": "事業者不明",
        "ref": "",
        "url": "",
        "url2": ""
      }
    },
    {
      "type": "Feature",
      "geometry": {
        "type": "Point",
        "coordinates": [
          133.8777262,
          34.2324479
        ]
      },
      "properties": {
        "内容": "バス停: 綾歌市民総合センター",
        "name": "綾歌市民総合センター",
        "operator": "事業者不明",
        "ref": "",
        "url": "",
        "url2": ""
      }
    },
    {
      "type": "Feature",
      "geometry": {
        "type": "Point",
        "coordinates": [
          133.8788111,
          34.2308135
        ]
      },
      "properties": {
        "内容": "バス停: アイレックス",
        "name": "アイレックス",
        "operator": "事業者不明",
        "ref": "",
        "url": "",
        "url2": ""
      }
    },
    {
      "type": "Feature",
      "geometry": {
        "type": "Point",
        "coordinates": [
          133.8786542,
          34.2308734
        ]
      },
      "properties": {
        "内容": "バス停: アイレックス",
        "name": "アイレックス",
        "operator": "事業者不明",
        "ref": "",
        "url": "",
        "url2": ""
      }
    },
    {
      "type": "Feature",
      "geometry": {
        "type": "Point",
        "coordinates": [
          133.8820861,
          34.2365635
        ]
      },
      "properties": {
        "内容": "バス停: 綾歌中学校前",
        "name": "綾歌中学校前",
        "operator": "事業者不明",
        "ref": "",
        "url": "",
        "url2": ""
      }
    },
    {
      "type": "Feature",
      "geometry": {
        "type": "Point",
        "coordinates": [
          133.8739255,
          34.2494858
        ]
      },
      "properties": {
        "内容": "バス停: 旭東",
        "name": "旭東",
        "operator": "事業者不明",
        "ref": "",
        "url": "",
        "url2": ""
      }
    },
    {
      "type": "Feature",
      "geometry": {
        "type": "Point",
        "coordinates": [
          133.873833,
          34.2495556
        ]
      },
      "properties": {
        "内容": "バス停: 旭東",
        "name": "旭東",
        "operator": "事業者不明",
        "ref": "",
        "url": "",
        "url2": ""
      }
    },
    {
      "type": "Feature",
      "geometry": {
        "type": "Point",
        "coordinates": [
          133.8682312,
          34.2535662
        ]
      },
      "properties": {
        "内容": "バス停: 堂の元",
        "name": "堂の元",
        "operator": "事業者不明",
        "ref": "",
        "url": "",
        "url2": ""
      }
    },
    {
      "type": "Feature",
      "geometry": {
        "type": "Point",
        "coordinates": [
          133.8615015,
          34.2548743
        ]
      },
      "properties": {
        "内容": "バス停: 岡下所",
        "name": "岡下所",
        "operator": "事業者不明",
        "ref": "",
        "url": "",
        "url2": ""
      }
    },
    {
      "type": "Feature",
      "geometry": {
        "type": "Point",
        "coordinates": [
          133.8593812,
          34.2597315
        ]
      },
      "properties": {
        "内容": "バス停: 飯山総合保健福祉センター",
        "name": "飯山総合保健福祉センター",
        "operator": "事業者不明",
        "ref": "",
        "url": "",
        "url2": ""
      }
    },
    {
      "type": "Feature",
      "geometry": {
        "type": "Point",
        "coordinates": [
          133.8592806,
          34.2592283
        ]
      },
      "properties": {
        "内容": "バス停: 飯山総合保健福祉センター",
        "name": "飯山総合保健福祉センター",
        "operator": "事業者不明",
        "ref": "",
        "url": "",
        "url2": ""
      }
    },
    {
      "type": "Feature",
      "geometry": {
        "type": "Point",
        "coordinates": [
          133.8543051,
          34.2655538
        ]
      },
      "properties": {
        "内容": "バス停: 山の谷",
        "name": "山の谷",
        "operator": "事業者不明",
        "ref": "",
        "url": "",
        "url2": ""
      }
    },
    {
      "type": "Feature",
      "geometry": {
        "type": "Point",
        "coordinates": [
          133.8543072,
          34.2656136
        ]
      },
      "properties": {
        "内容": "バス停: 山の谷",
        "name": "山の谷",
        "operator": "事業者不明",
        "ref": "",
        "url": "",
        "url2": ""
      }
    },
    {
      "type": "Feature",
      "geometry": {
        "type": "Point",
        "coordinates": [
          133.837029,
          34.2658087
        ]
      },
      "properties": {
        "内容": "バス停: 山根西",
        "name": "山根西",
        "operator": "事業者不明",
        "ref": "",
        "url": "",
        "url2": ""
      }
    },
    {
      "type": "Feature",
      "geometry": {
        "type": "Point",
        "coordinates": [
          133.8336508,
          34.2647114
        ]
      },
      "properties": {
        "内容": "バス停: 高柳",
        "name": "高柳",
        "operator": "事業者不明",
        "ref": "",
        "url": "",
        "url2": ""
      }
    },
    {
      "type": "Feature",
      "geometry": {
        "type": "Point",
        "coordinates": [
          133.8111109,
          34.2666643
        ]
      },
      "properties": {
        "内容": "バス停: 南中学校",
        "name": "南中学校",
        "operator": "事業者不明",
        "ref": "",
        "url": "",
        "url2": ""
      }
    },
    {
      "type": "Feature",
      "geometry": {
        "type": "Point",
        "coordinates": [
          133.814477,
          34.2618784
        ]
      },
      "properties": {
        "内容": "バス停: 大林",
        "name": "大林",
        "operator": "事業者不明",
        "ref": "",
        "url": "",
        "url2": ""
      }
    },
    {
      "type": "Feature",
      "geometry": {
        "type": "Point",
        "coordinates": [
          133.8143764,
          34.261833
        ]
      },
      "properties": {
        "内容": "バス停: 大林",
        "name": "大林",
        "operator": "事業者不明",
        "ref": "",
        "url": "",
        "url2": ""
      }
    },
    {
      "type": "Feature",
      "geometry": {
        "type": "Point",
        "coordinates": [
          133.8112235,
          34.2667264
        ]
      },
      "properties": {
        "内容": "バス停: 南中学校",
        "name": "南中学校",
        "operator": "事業者不明",
        "ref": "",
        "url": "",
        "url2": ""
      }
    },
    {
      "type": "Feature",
      "geometry": {
        "type": "Point",
        "coordinates": [
          133.8056338,
          34.2737551
        ]
      },
      "properties": {
        "内容": "バス停: 弘友",
        "name": "弘友",
        "operator": "事業者不明",
        "ref": "",
        "url": "",
        "url2": ""
      }
    },
    {
      "type": "Feature",
      "geometry": {
        "type": "Point",
        "coordinates": [
          133.8059355,
          34.2733772
        ]
      },
      "properties": {
        "内容": "バス停: 弘友",
        "name": "弘友",
        "operator": "事業者不明",
        "ref": "",
        "url": "",
        "url2": ""
      }
    },
    {
      "type": "Feature",
      "geometry": {
        "type": "Point",
        "coordinates": [
          133.8042846,
          34.2766021
        ]
      },
      "properties": {
        "内容": "バス停: 山北八幡",
        "name": "山北八幡",
        "operator": "事業者不明",
        "ref": "",
        "url": "",
        "url2": ""
      }
    },
    {
      "type": "Feature",
      "geometry": {
        "type": "Point",
        "coordinates": [
          133.8041505,
          34.2766098
        ]
      },
      "properties": {
        "内容": "バス停: 山北八幡",
        "name": "山北八幡",
        "operator": "事業者不明",
        "ref": "",
        "url": "",
        "url2": ""
      }
    },
    {
      "type": "Feature",
      "geometry": {
        "type": "Point",
        "coordinates": [
          133.8011663,
          34.28318
        ]
      },
      "properties": {
        "内容": "バス停: 番丁",
        "name": "番丁",
        "operator": "事業者不明",
        "ref": "",
        "url": "",
        "url2": ""
      }
    },
    {
      "type": "Feature",
      "geometry": {
        "type": "Point",
        "coordinates": [
          133.8011047,
          34.2831431
        ]
      },
      "properties": {
        "内容": "バス停: 番丁",
        "name": "番丁",
        "operator": "事業者不明",
        "ref": "",
        "url": "",
        "url2": ""
      }
    },
    {
      "type": "Feature",
      "geometry": {
        "type": "Point",
        "coordinates": [
          133.8062346,
          34.3013278
        ]
      },
      "properties": {
        "内容": "バス停: 中讃保健福祉事務所",
        "name": "中讃保健福祉事務所",
        "operator": "事業者不明",
        "ref": "",
        "url": "",
        "url2": ""
      }
    },
    {
      "type": "Feature",
      "geometry": {
        "type": "Point",
        "coordinates": [
          133.8064183,
          34.3013521
        ]
      },
      "properties": {
        "内容": "バス停: 中讃保健福祉事務所",
        "name": "中讃保健福祉事務所",
        "operator": "事業者不明",
        "ref": "",
        "url": "",
        "url2": ""
      }
    },
    {
      "type": "Feature",
      "geometry": {
        "type": "Point",
        "coordinates": [
          133.8004585,
          34.2997047
        ]
      },
      "properties": {
        "内容": "バス停: 富士見町",
        "name": "富士見町",
        "operator": "事業者不明",
        "ref": "",
        "url": "",
        "url2": ""
      }
    },
    {
      "type": "Feature",
      "geometry": {
        "type": "Point",
        "coordinates": [
          133.8789137,
          34.2694678
        ]
      },
      "properties": {
        "内容": "バス停: 三谷団地前",
        "name": "三谷団地前",
        "operator": "事業者不明",
        "ref": "",
        "url": "",
        "url2": ""
      }
    },
    {
      "type": "Feature",
      "geometry": {
        "type": "Point",
        "coordinates": [
          133.8718683,
          34.2697166
        ]
      },
      "properties": {
        "内容": "バス停: 青石",
        "name": "青石",
        "operator": "事業者不明",
        "ref": "",
        "url": "",
        "url2": ""
      }
    },
    {
      "type": "Feature",
      "geometry": {
        "type": "Point",
        "coordinates": [
          133.8710314,
          34.2697753
        ]
      },
      "properties": {
        "内容": "バス停: 青石",
        "name": "青石",
        "operator": "事業者不明",
        "ref": "",
        "url": "",
        "url2": ""
      }
    },
    {
      "type": "Feature",
      "geometry": {
        "type": "Point",
        "coordinates": [
          133.8668217,
          34.27141
        ]
      },
      "properties": {
        "内容": "バス停: 亀山団地",
        "name": "亀山団地",
        "operator": "事業者不明",
        "ref": "",
        "url": "",
        "url2": ""
      }
    },
    {
      "type": "Feature",
      "geometry": {
        "type": "Point",
        "coordinates": [
          133.8667184,
          34.2714012
        ]
      },
      "properties": {
        "内容": "バス停: いもじ原",
        "name": "いもじ原",
        "operator": "事業者不明",
        "ref": "",
        "url": "",
        "url2": ""
      }
    },
    {
      "type": "Feature",
      "geometry": {
        "type": "Point",
        "coordinates": [
          133.8664696,
          34.2770082
        ]
      },
      "properties": {
        "内容": "バス停: 亀山団地",
        "name": "亀山団地",
        "operator": "事業者不明",
        "ref": "",
        "url": "",
        "url2": ""
      }
    },
    {
      "type": "Feature",
      "geometry": {
        "type": "Point",
        "coordinates": [
          133.8665038,
          34.2770642
        ]
      },
      "properties": {
        "内容": "バス停: 亀山団地",
        "name": "亀山団地",
        "operator": "事業者不明",
        "ref": "",
        "url": "",
        "url2": ""
      }
    },
    {
      "type": "Feature",
      "geometry": {
        "type": "Point",
        "coordinates": [
          133.8633777,
          34.2762873
        ]
      },
      "properties": {
        "内容": "バス停: 久米氏",
        "name": "久米氏",
        "operator": "事業者不明",
        "ref": "",
        "url": "",
        "url2": ""
      }
    },
    {
      "type": "Feature",
      "geometry": {
        "type": "Point",
        "coordinates": [
          133.8634823,
          34.2762109
        ]
      },
      "properties": {
        "内容": "バス停: 久米氏",
        "name": "久米氏",
        "operator": "事業者不明",
        "ref": "",
        "url": "",
        "url2": ""
      }
    },
    {
      "type": "Feature",
      "geometry": {
        "type": "Point",
        "coordinates": [
          133.8599847,
          34.273979
        ]
      },
      "properties": {
        "内容": "バス停: 県営団地",
        "name": "県営団地",
        "operator": "事業者不明",
        "ref": "",
        "url": "",
        "url2": ""
      }
    },
    {
      "type": "Feature",
      "geometry": {
        "type": "Point",
        "coordinates": [
          133.8600947,
          34.2733328
        ]
      },
      "properties": {
        "内容": "バス停: 県営団地",
        "name": "県営団地",
        "operator": "事業者不明",
        "ref": "",
        "url": "",
        "url2": ""
      }
    },
    {
      "type": "Feature",
      "geometry": {
        "type": "Point",
        "coordinates": [
          133.861472,
          34.271195
        ]
      },
      "properties": {
        "内容": "バス停: 久保",
        "name": "久保",
        "operator": "事業者不明",
        "ref": "",
        "url": "",
        "url2": ""
      }
    },
    {
      "type": "Feature",
      "geometry": {
        "type": "Point",
        "coordinates": [
          133.8615565,
          34.2713059
        ]
      },
      "properties": {
        "内容": "バス停: 久保",
        "name": "久保",
        "operator": "事業者不明",
        "ref": "",
        "url": "",
        "url2": ""
      }
    },
    {
      "type": "Feature",
      "geometry": {
        "type": "Point",
        "coordinates": [
          133.8654605,
          34.2651182
        ]
      },
      "properties": {
        "内容": "バス停: 峯道",
        "name": "峯道",
        "operator": "事業者不明",
        "ref": "",
        "url": "",
        "url2": ""
      }
    },
    {
      "type": "Feature",
      "geometry": {
        "type": "Point",
        "coordinates": [
          133.865266,
          34.2656048
        ]
      },
      "properties": {
        "内容": "バス停: 峯道",
        "name": "峯道",
        "operator": "事業者不明",
        "ref": "",
        "url": "",
        "url2": ""
      }
    },
    {
      "type": "Feature",
      "geometry": {
        "type": "Point",
        "coordinates": [
          133.8643366,
          34.2636829
        ]
      },
      "properties": {
        "内容": "バス停: 楠見",
        "name": "楠見",
        "operator": "事業者不明",
        "ref": "",
        "url": "",
        "url2": ""
      }
    },
    {
      "type": "Feature",
      "geometry": {
        "type": "Point",
        "coordinates": [
          133.8606754,
          34.2646084
        ]
      },
      "properties": {
        "内容": "バス停: 飯山市民総合センター",
        "name": "飯山市民総合センター",
        "operator": "事業者不明",
        "ref": "",
        "url": "",
        "url2": ""
      }
    },
    {
      "type": "Feature",
      "geometry": {
        "type": "Point",
        "coordinates": [
          133.8574755,
          34.2660935
        ]
      },
      "properties": {
        "内容": "バス停: JA飯山坂本支店前",
        "name": "JA飯山坂本支店前",
        "operator": "事業者不明",
        "ref": "",
        "url": "",
        "url2": ""
      }
    },
    {
      "type": "Feature",
      "geometry": {
        "type": "Point",
        "coordinates": [
          133.8574983,
          34.2661955
        ]
      },
      "properties": {
        "内容": "バス停: JA飯山坂本支店前",
        "name": "JA飯山坂本支店前",
        "operator": "事業者不明",
        "ref": "",
        "url": "",
        "url2": ""
      }
    },
    {
      "type": "Feature",
      "geometry": {
        "type": "Point",
        "coordinates": [
          133.8533878,
          34.2543123
        ]
      },
      "properties": {
        "内容": "バス停: 共進",
        "name": "共進",
        "operator": "事業者不明",
        "ref": "",
        "url": "",
        "url2": ""
      }
    },
    {
      "type": "Feature",
      "geometry": {
        "type": "Point",
        "coordinates": [
          133.8533892,
          34.254177
        ]
      },
      "properties": {
        "内容": "バス停: 共進",
        "name": "共進",
        "operator": "事業者不明",
        "ref": "",
        "url": "",
        "url2": ""
      }
    },
    {
      "type": "Feature",
      "geometry": {
        "type": "Point",
        "coordinates": [
          133.8469063,
          34.2549219
        ]
      },
      "properties": {
        "内容": "バス停: 樋の口",
        "name": "樋の口",
        "operator": "事業者不明",
        "ref": "",
        "url": "",
        "url2": ""
      }
    },
    {
      "type": "Feature",
      "geometry": {
        "type": "Point",
        "coordinates": [
          133.8467655,
          34.2549596
        ]
      },
      "properties": {
        "内容": "バス停: 樋の口",
        "name": "樋の口",
        "operator": "事業者不明",
        "ref": "",
        "url": "",
        "url2": ""
      }
    },
    {
      "type": "Feature",
      "geometry": {
        "type": "Point",
        "coordinates": [
          133.8407439,
          34.2620231
        ]
      },
      "properties": {
        "内容": "バス停: 飯山総合学習センター",
        "name": "飯山総合学習センター",
        "operator": "事業者不明",
        "ref": "",
        "url": "",
        "url2": ""
      }
    },
    {
      "type": "Feature",
      "geometry": {
        "type": "Point",
        "coordinates": [
          133.8407137,
          34.2622254
        ]
      },
      "properties": {
        "内容": "バス停: 飯山総合学習センター",
        "name": "飯山総合学習センター",
        "operator": "事業者不明",
        "ref": "",
        "url": "",
        "url2": ""
      }
    },
    {
      "type": "Feature",
      "geometry": {
        "type": "Point",
        "coordinates": [
          133.8442697,
          34.2599077
        ]
      },
      "properties": {
        "内容": "バス停: 真時",
        "name": "真時",
        "operator": "事業者不明",
        "ref": "",
        "url": "",
        "url2": ""
      }
    },
    {
      "type": "Feature",
      "geometry": {
        "type": "Point",
        "coordinates": [
          133.8443823,
          34.2599066
        ]
      },
      "properties": {
        "内容": "バス停: 真時",
        "name": "真時",
        "operator": "事業者不明",
        "ref": "",
        "url": "",
        "url2": ""
      }
    },
    {
      "type": "Feature",
      "geometry": {
        "type": "Point",
        "coordinates": [
          133.8470169,
          34.2658796
        ]
      },
      "properties": {
        "内容": "バス停: 国持",
        "name": "国持",
        "operator": "事業者不明",
        "ref": "",
        "url": "",
        "url2": ""
      }
    },
    {
      "type": "Feature",
      "geometry": {
        "type": "Point",
        "coordinates": [
          133.8470518,
          34.2658298
        ]
      },
      "properties": {
        "内容": "バス停: 国持",
        "name": "国持",
        "operator": "事業者不明",
        "ref": "",
        "url": "",
        "url2": ""
      }
    },
    {
      "type": "Feature",
      "geometry": {
        "type": "Point",
        "coordinates": [
          133.8407587,
          34.2629004
        ]
      },
      "properties": {
        "内容": "バス停: 飯山総合学習センター",
        "name": "飯山総合学習センター",
        "operator": "事業者不明",
        "ref": "",
        "url": "",
        "url2": ""
      }
    },
    {
      "type": "Feature",
      "geometry": {
        "type": "Point",
        "coordinates": [
          133.8407895,
          34.2628571
        ]
      },
      "properties": {
        "内容": "バス停: 飯山総合学習センター",
        "name": "飯山総合学習センター",
        "operator": "事業者不明",
        "ref": "",
        "url": "",
        "url2": ""
      }
    },
    {
      "type": "Feature",
      "geometry": {
        "type": "Point",
        "coordinates": [
          133.8388905,
          34.2651226
        ]
      },
      "properties": {
        "内容": "バス停: 丸亀自動車学校",
        "name": "丸亀自動車学校",
        "operator": "事業者不明",
        "ref": "",
        "url": "",
        "url2": ""
      }
    },
    {
      "type": "Feature",
      "geometry": {
        "type": "Point",
        "coordinates": [
          133.8388006,
          34.2651005
        ]
      },
      "properties": {
        "内容": "バス停: 丸亀自動車学校",
        "name": "丸亀自動車学校",
        "operator": "事業者不明",
        "ref": "",
        "url": "",
        "url2": ""
      }
    },
    {
      "type": "Feature",
      "geometry": {
        "type": "Point",
        "coordinates": [
          133.8343931,
          34.2745597
        ]
      },
      "properties": {
        "内容": "バス停: 飯野山登山口",
        "name": "飯野山登山口",
        "operator": "事業者不明",
        "ref": "",
        "url": "",
        "url2": ""
      }
    },
    {
      "type": "Feature",
      "geometry": {
        "type": "Point",
        "coordinates": [
          133.8344186,
          34.2744627
        ]
      },
      "properties": {
        "内容": "バス停: 飯野山登山口",
        "name": "飯野山登山口",
        "operator": "事業者不明",
        "ref": "",
        "url": "",
        "url2": ""
      }
    },
    {
      "type": "Feature",
      "geometry": {
        "type": "Point",
        "coordinates": [
          133.8339847,
          34.2805992
        ]
      },
      "properties": {
        "内容": "バス停: ふれあいセンターいいの",
        "name": "ふれあいセンターいいの",
        "operator": "事業者不明",
        "ref": "",
        "url": "",
        "url2": ""
      }
    },
    {
      "type": "Feature",
      "geometry": {
        "type": "Point",
        "coordinates": [
          133.8339069,
          34.2805682
        ]
      },
      "properties": {
        "内容": "バス停: ふれあいセンターいいの",
        "name": "ふれあいセンターいいの",
        "operator": "事業者不明",
        "ref": "",
        "url": "",
        "url2": ""
      }
    },
    {
      "type": "Feature",
      "geometry": {
        "type": "Point",
        "coordinates": [
          133.8321246,
          34.2850993
        ]
      },
      "properties": {
        "内容": "バス停: 西分",
        "name": "西分",
        "operator": "事業者不明",
        "ref": "",
        "url": "",
        "url2": ""
      }
    },
    {
      "type": "Feature",
      "geometry": {
        "type": "Point",
        "coordinates": [
          133.8323861,
          34.2848555
        ]
      },
      "properties": {
        "内容": "バス停: 西分",
        "name": "西分",
        "operator": "事業者不明",
        "ref": "",
        "url": "",
        "url2": ""
      }
    },
    {
      "type": "Feature",
      "geometry": {
        "type": "Point",
        "coordinates": [
          133.8304684,
          34.2873653
        ]
      },
      "properties": {
        "内容": "バス停: 吉岡",
        "name": "吉岡",
        "operator": "事業者不明",
        "ref": "",
        "url": "",
        "url2": ""
      }
    },
    {
      "type": "Feature",
      "geometry": {
        "type": "Point",
        "coordinates": [
          133.830514,
          34.2875027
        ]
      },
      "properties": {
        "内容": "バス停: 吉岡",
        "name": "吉岡",
        "operator": "事業者不明",
        "ref": "",
        "url": "",
        "url2": ""
      }
    },
    {
      "type": "Feature",
      "geometry": {
        "type": "Point",
        "coordinates": [
          133.8255492,
          34.2874096
        ]
      },
      "properties": {
        "内容": "バス停: 吉岡西",
        "name": "吉岡西",
        "operator": "事業者不明",
        "ref": "",
        "url": "",
        "url2": ""
      }
    },
    {
      "type": "Feature",
      "geometry": {
        "type": "Point",
        "coordinates": [
          133.8255854,
          34.2873542
        ]
      },
      "properties": {
        "内容": "バス停: 吉岡西",
        "name": "吉岡西",
        "operator": "事業者不明",
        "ref": "",
        "url": "",
        "url2": ""
      }
    },
    {
      "type": "Feature",
      "geometry": {
        "type": "Point",
        "coordinates": [
          133.8215031,
          34.2859015
        ]
      },
      "properties": {
        "内容": "バス停: 長友団地",
        "name": "長友団地",
        "operator": "事業者不明",
        "ref": "",
        "url": "",
        "url2": ""
      }
    },
    {
      "type": "Feature",
      "geometry": {
        "type": "Point",
        "coordinates": [
          133.8215017,
          34.2859746
        ]
      },
      "properties": {
        "内容": "バス停: 長友団地",
        "name": "長友団地",
        "operator": "事業者不明",
        "ref": "",
        "url": "",
        "url2": ""
      }
    },
    {
      "type": "Feature",
      "geometry": {
        "type": "Point",
        "coordinates": [
          133.8170037,
          34.2874783
        ]
      },
      "properties": {
        "内容": "バス停: 土器団地",
        "name": "土器団地",
        "operator": "事業者不明",
        "ref": "",
        "url": "",
        "url2": ""
      }
    },
    {
      "type": "Feature",
      "geometry": {
        "type": "Point",
        "coordinates": [
          133.8171324,
          34.2875492
        ]
      },
      "properties": {
        "内容": "バス停: 土器団地",
        "name": "土器団地",
        "operator": "事業者不明",
        "ref": "",
        "url": "",
        "url2": ""
      }
    },
    {
      "type": "Feature",
      "geometry": {
        "type": "Point",
        "coordinates": [
          133.8144287,
          34.2920278
        ]
      },
      "properties": {
        "内容": "バス停: 土器本村",
        "name": "土器本村",
        "operator": "事業者不明",
        "ref": "",
        "url": "",
        "url2": ""
      }
    },
    {
      "type": "Feature",
      "geometry": {
        "type": "Point",
        "coordinates": [
          133.8147761,
          34.2918228
        ]
      },
      "properties": {
        "内容": "バス停: 土器本村",
        "name": "土器本村",
        "operator": "事業者不明",
        "ref": "",
        "url": "",
        "url2": ""
      }
    },
    {
      "type": "Feature",
      "geometry": {
        "type": "Point",
        "coordinates": [
          133.812865,
          34.2946404
        ]
      },
      "properties": {
        "内容": "バス停: 田潮八幡口",
        "name": "田潮八幡口",
        "operator": "事業者不明",
        "ref": "",
        "url": "",
        "url2": ""
      }
    },
    {
      "type": "Feature",
      "geometry": {
        "type": "Point",
        "coordinates": [
          133.813561,
          34.2938405
        ]
      },
      "properties": {
        "内容": "バス停: 蓬莱橋",
        "name": "蓬莱橋",
        "operator": "事業者不明",
        "ref": "",
        "url": "",
        "url2": ""
      }
    },
    {
      "type": "Feature",
      "geometry": {
        "type": "Point",
        "coordinates": [
          133.8103142,
          34.2972474
        ]
      },
      "properties": {
        "内容": "バス停: 東新開",
        "name": "東新開",
        "operator": "事業者不明",
        "ref": "",
        "url": "",
        "url2": ""
      }
    },
    {
      "type": "Feature",
      "geometry": {
        "type": "Point",
        "coordinates": [
          133.8104993,
          34.2973305
        ]
      },
      "properties": {
        "内容": "バス停: 蓬莱橋",
        "name": "蓬莱橋",
        "operator": "事業者不明",
        "ref": "",
        "url": "",
        "url2": ""
      }
    },
    {
      "type": "Feature",
      "geometry": {
        "type": "Point",
        "coordinates": [
          133.8072471,
          34.2948587
        ]
      },
      "properties": {
        "内容": "バス停: 蓬莱橋",
        "name": "蓬莱橋",
        "operator": "事業者不明",
        "ref": "",
        "url": "",
        "url2": ""
      }
    },
    {
      "type": "Feature",
      "geometry": {
        "type": "Point",
        "coordinates": [
          133.8072176,
          34.2950681
        ]
      },
      "properties": {
        "内容": "バス停: 蓬莱橋",
        "name": "蓬莱橋",
        "operator": "事業者不明",
        "ref": "",
        "url": "",
        "url2": ""
      }
    },
    {
      "type": "Feature",
      "geometry": {
        "type": "Point",
        "coordinates": [
          133.8035506,
          34.2923148
        ]
      },
      "properties": {
        "内容": "バス停: 渡場",
        "name": "渡場",
        "operator": "事業者不明",
        "ref": "",
        "url": "",
        "url2": ""
      }
    },
    {
      "type": "Feature",
      "geometry": {
        "type": "Point",
        "coordinates": [
          133.8022636,
          34.2920311
        ]
      },
      "properties": {
        "内容": "バス停: 渡場",
        "name": "渡場",
        "operator": "事業者不明",
        "ref": "",
        "url": "",
        "url2": ""
      }
    },
    {
      "type": "Feature",
      "geometry": {
        "type": "Point",
        "coordinates": [
          133.8038139,
          34.2959777
        ]
      },
      "properties": {
        "内容": "バス停: 御供所児童遊園前",
        "name": "御供所児童遊園前",
        "operator": "事業者不明",
        "ref": "",
        "url": "",
        "url2": ""
      }
    },
    {
      "type": "Feature",
      "geometry": {
        "type": "Point",
        "coordinates": [
          133.804066,
          34.2961893
        ]
      },
      "properties": {
        "内容": "バス停: 御供所児童遊園前",
        "name": "御供所児童遊園前",
        "operator": "事業者不明",
        "ref": "",
        "url": "",
        "url2": ""
      }
    },
    {
      "type": "Feature",
      "geometry": {
        "type": "Point",
        "coordinates": [
          133.7982108,
          34.2975426
        ]
      },
      "properties": {
        "内容": "バス停: 城北こども園前",
        "name": "城北こども園前",
        "operator": "事業者不明",
        "ref": "",
        "url": "",
        "url2": ""
      }
    },
    {
      "type": "Feature",
      "geometry": {
        "type": "Point",
        "coordinates": [
          133.7981236,
          34.2974983
        ]
      },
      "properties": {
        "内容": "バス停: 城北こども園前",
        "name": "城北こども園前",
        "operator": "事業者不明",
        "ref": "",
        "url": "",
        "url2": ""
      }
    },
    {
      "type": "Feature",
      "geometry": {
        "type": "Point",
        "coordinates": [
          133.7996471,
          34.2990079
        ]
      },
      "properties": {
        "内容": "バス停: 富士見町",
        "name": "富士見町",
        "operator": "事業者不明",
        "ref": "",
        "url": "",
        "url2": ""
      }
    },
    {
      "type": "Feature",
      "geometry": {
        "type": "Point",
        "coordinates": [
          133.7940661,
          34.3073028
        ]
      },
      "properties": {
        "内容": "バス停: ボートレース丸亀前",
        "name": "ボートレース丸亀前",
        "operator": "事業者不明",
        "ref": "",
        "url": "",
        "url2": ""
      }
    },
    {
      "type": "Feature",
      "geometry": {
        "type": "Point",
        "coordinates": [
          133.8042605,
          34.3016236
        ]
      },
      "properties": {
        "内容": "バス停: 新聞放送会館前",
        "name": "新聞放送会館前",
        "operator": "事業者不明",
        "ref": "",
        "url": "",
        "url2": ""
      }
    },
    {
      "type": "Feature",
      "geometry": {
        "type": "Point",
        "coordinates": [
          133.80486,
          34.3016557
        ]
      },
      "properties": {
        "内容": "バス停: 新聞放送会館前",
        "name": "新聞放送会館前",
        "operator": "事業者不明",
        "ref": "",
        "url": "",
        "url2": ""
      }
    },
    {
      "type": "Feature",
      "geometry": {
        "type": "Point",
        "coordinates": [
          133.8106515,
          34.3092796
        ]
      },
      "properties": {
        "内容": "バス停: 宇多津浜二番丁",
        "name": "宇多津浜二番丁",
        "operator": "事業者不明",
        "ref": "",
        "url": "",
        "url2": ""
      }
    },
    {
      "type": "Feature",
      "geometry": {
        "type": "Point",
        "coordinates": [
          133.8138306,
          34.3067085
        ]
      },
      "properties": {
        "内容": "バス停: 宇多津駅北口",
        "name": "宇多津駅北口",
        "operator": "事業者不明",
        "ref": "",
        "url": "",
        "url2": ""
      }
    },
    {
      "type": "Feature",
      "geometry": {
        "type": "Point",
        "coordinates": [
          133.7778568,
          34.2824808
        ]
      },
      "properties": {
        "内容": "バス停: 中讃テレビ",
        "name": "中讃テレビ",
        "operator": "事業者不明",
        "ref": "",
        "url": "",
        "url2": ""
      }
    },
    {
      "type": "Feature",
      "geometry": {
        "type": "Point",
        "coordinates": [
          133.7779762,
          34.2826027
        ]
      },
      "properties": {
        "内容": "バス停: 中讃テレビ",
        "name": "中讃テレビ",
        "operator": "事業者不明",
        "ref": "",
        "url": "",
        "url2": ""
      }
    },
    {
      "type": "Feature",
      "geometry": {
        "type": "Point",
        "coordinates": [
          133.7803124,
          34.2848178
        ]
      },
      "properties": {
        "内容": "バス停: 塩屋別院",
        "name": "塩屋別院",
        "operator": "事業者不明",
        "ref": "",
        "url": "",
        "url2": ""
      }
    },
    {
      "type": "Feature",
      "geometry": {
        "type": "Point",
        "coordinates": [
          133.7804586,
          34.2848012
        ]
      },
      "properties": {
        "内容": "バス停: 塩屋別院",
        "name": "塩屋別院",
        "operator": "事業者不明",
        "ref": "",
        "url": "",
        "url2": ""
      }
    },
    {
      "type": "Feature",
      "geometry": {
        "type": "Point",
        "coordinates": [
          133.7854367,
          34.2867547
        ]
      },
      "properties": {
        "内容": "バス停: 塩屋橋",
        "name": "塩屋橋",
        "operator": "事業者不明",
        "ref": "",
        "url": "",
        "url2": ""
      }
    },
    {
      "type": "Feature",
      "geometry": {
        "type": "Point",
        "coordinates": [
          133.7855239,
          34.2868744
        ]
      },
      "properties": {
        "内容": "バス停: 塩屋橋",
        "name": "塩屋橋",
        "operator": "事業者不明",
        "ref": "",
        "url": "",
        "url2": ""
      }
    },
    {
      "type": "Feature",
      "geometry": {
        "type": "Point",
        "coordinates": [
          133.7909406,
          34.2884545
        ]
      },
      "properties": {
        "内容": "バス停: 幸町",
        "name": "幸町",
        "operator": "事業者不明",
        "ref": "",
        "url": "",
        "url2": ""
      }
    },
    {
      "type": "Feature",
      "geometry": {
        "type": "Point",
        "coordinates": [
          133.7908065,
          34.2884955
        ]
      },
      "properties": {
        "内容": "バス停: 幸町",
        "name": "幸町",
        "operator": "事業者不明",
        "ref": "",
        "url": "",
        "url2": ""
      }
    },
    {
      "type": "Feature",
      "geometry": {
        "type": "Point",
        "coordinates": [
          133.7982953,
          34.2586796
        ]
      },
      "properties": {
        "内容": "バス停: 黒嶋 (琴参バス株式会社)",
        "name": "黒嶋",
        "operator": "琴参バス株式会社",
        "ref": "",
        "url": "",
        "url2": ""
      }
    },
    {
      "type": "Feature",
      "geometry": {
        "type": "Point",
        "coordinates": [
          133.7982121,
          34.2585854
        ]
      },
      "properties": {
        "内容": "バス停: 黒嶋 (琴参バス株式会社)",
        "name": "黒嶋",
        "operator": "琴参バス株式会社",
        "ref": "",
        "url": "",
        "url2": ""
      }
    },
    {
      "type": "Feature",
      "geometry": {
        "type": "Point",
        "coordinates": [
          133.7993641,
          34.2567592
        ]
      },
      "properties": {
        "内容": "バス停: まつねクリニック前 (琴参バス株式会社)",
        "name": "まつねクリニック前",
        "operator": "琴参バス株式会社",
        "ref": "",
        "url": "",
        "url2": ""
      }
    },
    {
      "type": "Feature",
      "geometry": {
        "type": "Point",
        "coordinates": [
          133.7995854,
          34.2564826
        ]
      },
      "properties": {
        "内容": "バス停: まつねクリニック前 (琴参バス株式会社)",
        "name": "まつねクリニック前",
        "operator": "琴参バス株式会社",
        "ref": "",
        "url": "",
        "url2": ""
      }
    },
    {
      "type": "Feature",
      "geometry": {
        "type": "Point",
        "coordinates": [
          133.8002781,
          34.25491
        ]
      },
      "properties": {
        "内容": "バス停: きむら (琴参バス株式会社)",
        "name": "きむら",
        "operator": "琴参バス株式会社",
        "ref": "",
        "url": "",
        "url2": ""
      }
    },
    {
      "type": "Feature",
      "geometry": {
        "type": "Point",
        "coordinates": [
          133.8003156,
          34.2549232
        ]
      },
      "properties": {
        "内容": "バス停: きむら (琴参バス株式会社)",
        "name": "きむら",
        "operator": "琴参バス株式会社",
        "ref": "",
        "url": "",
        "url2": ""
      }
    },
    {
      "type": "Feature",
      "geometry": {
        "type": "Point",
        "coordinates": [
          133.7965143,
          34.2495844
        ]
      },
      "properties": {
        "内容": "バス停: 竜川 (琴参バス株式会社)",
        "name": "竜川",
        "operator": "琴参バス株式会社",
        "ref": "",
        "url": "",
        "url2": ""
      }
    },
    {
      "type": "Feature",
      "geometry": {
        "type": "Point",
        "coordinates": [
          133.7964553,
          34.2495168
        ]
      },
      "properties": {
        "内容": "バス停: 竜川 (琴参バス株式会社)",
        "name": "竜川",
        "operator": "琴参バス株式会社",
        "ref": "",
        "url": "",
        "url2": ""
      }
    },
    {
      "type": "Feature",
      "geometry": {
        "type": "Point",
        "coordinates": [
          133.7992501,
          34.2447089
        ]
      },
      "properties": {
        "内容": "バス停: 木徳 (琴参バス株式会社)",
        "name": "木徳",
        "operator": "琴参バス株式会社",
        "ref": "",
        "url": "",
        "url2": ""
      }
    },
    {
      "type": "Feature",
      "geometry": {
        "type": "Point",
        "coordinates": [
          133.7992005,
          34.2449528
        ]
      },
      "properties": {
        "内容": "バス停: 名称不明バス停 (市民バス)",
        "name": "名称不明バス停",
        "operator": "市民バス",
        "ref": "",
        "url": "",
        "url2": ""
      }
    },
    {
      "type": "Feature",
      "geometry": {
        "type": "Point",
        "coordinates": [
          133.7991656,
          34.2447721
        ]
      },
      "properties": {
        "内容": "バス停: 木徳 (琴参バス株式会社)",
        "name": "木徳",
        "operator": "琴参バス株式会社",
        "ref": "",
        "url": "",
        "url2": ""
      }
    },
    {
      "type": "Feature",
      "geometry": {
        "type": "Point",
        "coordinates": [
          133.7893836,
          34.2473595
        ]
      },
      "properties": {
        "内容": "バス停: 善通寺ンタ一バスターミナル (高速バス)",
        "name": "善通寺ンタ一バスターミナル",
        "operator": "高速バス",
        "ref": "",
        "url": "",
        "url2": ""
      }
    },
    {
      "type": "Feature",
      "geometry": {
        "type": "Point",
        "coordinates": [
          133.7904699,
          34.2459965
        ]
      },
      "properties": {
        "内容": "バス停: 善通寺インタ一バスターミナル",
        "name": "善通寺インタ一バスターミナル",
        "operator": "事業者不明",
        "ref": "",
        "url": "",
        "url2": ""
      }
    },
    {
      "type": "Feature",
      "geometry": {
        "type": "Point",
        "coordinates": [
          133.785021,
          34.2548044
        ]
      },
      "properties": {
        "内容": "バス停: 善通寺原田東",
        "name": "善通寺原田東",
        "operator": "事業者不明",
        "ref": "",
        "url": "",
        "url2": ""
      }
    },
    {
      "type": "Feature",
      "geometry": {
        "type": "Point",
        "coordinates": [
          133.7833258,
          34.2572541
        ]
      },
      "properties": {
        "内容": "バス停: 善通寺原田西三分一",
        "name": "善通寺原田西三分一",
        "operator": "事業者不明",
        "ref": "",
        "url": "",
        "url2": ""
      }
    },
    {
      "type": "Feature",
      "geometry": {
        "type": "Point",
        "coordinates": [
          133.7838556,
          34.2565553
        ]
      },
      "properties": {
        "内容": "バス停: 原田西三分一",
        "name": "原田西三分一",
        "operator": "事業者不明",
        "ref": "",
        "url": "",
        "url2": ""
      }
    },
    {
      "type": "Feature",
      "geometry": {
        "type": "Point",
        "coordinates": [
          133.7840286,
          34.2566534
        ]
      },
      "properties": {
        "内容": "バス停: 原田西三分一 ・善通寺原田東",
        "name": "原田西三分一 ・善通寺原田東",
        "operator": "事業者不明",
        "ref": "",
        "url": "",
        "url2": ""
      }
    },
    {
      "type": "Feature",
      "geometry": {
        "type": "Point",
        "coordinates": [
          133.7937395,
          34.2638369
        ]
      },
      "properties": {
        "内容": "バス停: ボートピア丸亀",
        "name": "ボートピア丸亀",
        "operator": "事業者不明",
        "ref": "",
        "url": "",
        "url2": ""
      }
    },
    {
      "type": "Feature",
      "geometry": {
        "type": "Point",
        "coordinates": [
          133.7927645,
          34.2628815
        ]
      },
      "properties": {
        "内容": "バス停: ボートピア丸亀",
        "name": "ボートピア丸亀",
        "operator": "事業者不明",
        "ref": "",
        "url": "",
        "url2": ""
      }
    },
    {
      "type": "Feature",
      "geometry": {
        "type": "Point",
        "coordinates": [
          133.7939863,
          34.2665247
        ]
      },
      "properties": {
        "内容": "バス停: 田村団地",
        "name": "田村団地",
        "operator": "事業者不明",
        "ref": "",
        "url": "",
        "url2": ""
      }
    },
    {
      "type": "Feature",
      "geometry": {
        "type": "Point",
        "coordinates": [
          133.793702,
          34.2666278
        ]
      },
      "properties": {
        "内容": "バス停: 田村団地",
        "name": "田村団地",
        "operator": "事業者不明",
        "ref": "",
        "url": "",
        "url2": ""
      }
    },
    {
      "type": "Feature",
      "geometry": {
        "type": "Point",
        "coordinates": [
          133.7879822,
          34.2697321
        ]
      },
      "properties": {
        "内容": "バス停: 先代池",
        "name": "先代池",
        "operator": "事業者不明",
        "ref": "",
        "url": "",
        "url2": ""
      }
    },
    {
      "type": "Feature",
      "geometry": {
        "type": "Point",
        "coordinates": [
          133.7880358,
          34.2698684
        ]
      },
      "properties": {
        "内容": "バス停: 先代池",
        "name": "先代池",
        "operator": "事業者不明",
        "ref": "",
        "url": "",
        "url2": ""
      }
    },
    {
      "type": "Feature",
      "geometry": {
        "type": "Point",
        "coordinates": [
          133.7844041,
          34.2728873
        ]
      },
      "properties": {
        "内容": "バス停: ゆめタウン前",
        "name": "ゆめタウン前",
        "operator": "事業者不明",
        "ref": "",
        "url": "",
        "url2": ""
      }
    },
    {
      "type": "Feature",
      "geometry": {
        "type": "Point",
        "coordinates": [
          133.784219,
          34.2725449
        ]
      },
      "properties": {
        "内容": "バス停: ゆめタウン前",
        "name": "ゆめタウン前",
        "operator": "事業者不明",
        "ref": "",
        "url": "",
        "url2": ""
      }
    },
    {
      "type": "Feature",
      "geometry": {
        "type": "Point",
        "coordinates": [
          133.7806691,
          34.2783353
        ]
      },
      "properties": {
        "内容": "バス停: 今津町",
        "name": "今津町",
        "operator": "事業者不明",
        "ref": "",
        "url": "",
        "url2": ""
      }
    },
    {
      "type": "Feature",
      "geometry": {
        "type": "Point",
        "coordinates": [
          133.780354,
          34.2784694
        ]
      },
      "properties": {
        "内容": "バス停: 今津町",
        "name": "今津町",
        "operator": "事業者不明",
        "ref": "",
        "url": "",
        "url2": ""
      }
    },
    {
      "type": "Feature",
      "geometry": {
        "type": "Point",
        "coordinates": [
          133.79233,
          34.2781447
        ]
      },
      "properties": {
        "内容": "バス停: 城西高校前",
        "name": "城西高校前",
        "operator": "事業者不明",
        "ref": "",
        "url": "",
        "url2": ""
      }
    },
    {
      "type": "Feature",
      "geometry": {
        "type": "Point",
        "coordinates": [
          133.7923649,
          34.2780604
        ]
      },
      "properties": {
        "内容": "バス停: 城西高校前",
        "name": "城西高校前",
        "operator": "事業者不明",
        "ref": "",
        "url": "",
        "url2": ""
      }
    },
    {
      "type": "Feature",
      "geometry": {
        "type": "Point",
        "coordinates": [
          133.7942076,
          34.2788783
        ]
      },
      "properties": {
        "内容": "バス停: 津森町",
        "name": "津森町",
        "operator": "事業者不明",
        "ref": "",
        "url": "",
        "url2": ""
      }
    },
    {
      "type": "Feature",
      "geometry": {
        "type": "Point",
        "coordinates": [
          133.7942679,
          34.2787874
        ]
      },
      "properties": {
        "内容": "バス停: 津森町",
        "name": "津森町",
        "operator": "事業者不明",
        "ref": "",
        "url": "",
        "url2": ""
      }
    },
    {
      "type": "Feature",
      "geometry": {
        "type": "Point",
        "coordinates": [
          133.5832748,
          34.2463103
        ]
      },
      "properties": {
        "内容": "バス停: 飛谷",
        "name": "飛谷",
        "operator": "事業者不明",
        "ref": "",
        "url": "",
        "url2": ""
      }
    },
    {
      "type": "Feature",
      "geometry": {
        "type": "Point",
        "coordinates": [
          134.4077818,
          34.2224388
        ]
      },
      "properties": {
        "内容": "バス停: 引田東",
        "name": "引田東",
        "operator": "事業者不明",
        "ref": "",
        "url": "",
        "url2": ""
      }
    },
    {
      "type": "Feature",
      "geometry": {
        "type": "Point",
        "coordinates": [
          134.4133616,
          34.2198836
        ]
      },
      "properties": {
        "内容": "バス停: 大川橋",
        "name": "大川橋",
        "operator": "事業者不明",
        "ref": "",
        "url": "",
        "url2": ""
      }
    },
    {
      "type": "Feature",
      "geometry": {
        "type": "Point",
        "coordinates": [
          133.7918378,
          34.2365527
        ]
      },
      "properties": {
        "内容": "バス停: 市民体育館前",
        "name": "市民体育館前",
        "operator": "事業者不明",
        "ref": "",
        "url": "",
        "url2": ""
      }
    },
    {
      "type": "Feature",
      "geometry": {
        "type": "Point",
        "coordinates": [
          133.7837349,
          34.2277044
        ]
      },
      "properties": {
        "内容": "バス停: 市民会館前",
        "name": "市民会館前",
        "operator": "事業者不明",
        "ref": "",
        "url": "",
        "url2": ""
      }
    },
    {
      "type": "Feature",
      "geometry": {
        "type": "Point",
        "coordinates": [
          133.7835632,
          34.227746
        ]
      },
      "properties": {
        "内容": "バス停: 市民会館前",
        "name": "市民会館前",
        "operator": "事業者不明",
        "ref": "",
        "url": "",
        "url2": ""
      }
    },
    {
      "type": "Feature",
      "geometry": {
        "type": "Point",
        "coordinates": [
          134.3142586,
          34.4782767
        ]
      },
      "properties": {
        "内容": "バス停: 安田 (小豆島オリーブバス)",
        "name": "安田",
        "operator": "小豆島オリーブバス",
        "ref": "",
        "url": "",
        "url2": ""
      }
    },
    {
      "type": "Feature",
      "geometry": {
        "type": "Point",
        "coordinates": [
          134.3026124,
          34.4590689
        ]
      },
      "properties": {
        "内容": "バス停: 堀越 (小豆島オリーブバス)",
        "name": "堀越",
        "operator": "小豆島オリーブバス",
        "ref": "",
        "url": "",
        "url2": ""
      }
    },
    {
      "type": "Feature",
      "geometry": {
        "type": "Point",
        "coordinates": [
          133.7990292,
          34.2893476
        ]
      },
      "properties": {
        "内容": "バス停: 丸亀市役所前（マルタス前）",
        "name": "丸亀市役所前（マルタス前）",
        "operator": "事業者不明",
        "ref": "",
        "url": "",
        "url2": ""
      }
    },
    {
      "type": "Feature",
      "geometry": {
        "type": "Point",
        "coordinates": [
          133.7865013,
          34.228939
        ]
      },
      "properties": {
        "内容": "バス停: 善通寺市役所 (善通寺市市民バス)",
        "name": "善通寺市役所",
        "operator": "善通寺市市民バス",
        "ref": "",
        "url": "",
        "url2": ""
      }
    },
    {
      "type": "Feature",
      "geometry": {
        "type": "Point",
        "coordinates": [
          134.0034199,
          34.2412034
        ]
      },
      "properties": {
        "内容": "バス停: 南原",
        "name": "南原",
        "operator": "事業者不明",
        "ref": "",
        "url": "",
        "url2": ""
      }
    },
    {
      "type": "Feature",
      "geometry": {
        "type": "Point",
        "coordinates": [
          133.9994495,
          34.2415232
        ]
      },
      "properties": {
        "内容": "バス停: 池西",
        "name": "池西",
        "operator": "事業者不明",
        "ref": "",
        "url": "",
        "url2": ""
      }
    },
    {
      "type": "Feature",
      "geometry": {
        "type": "Point",
        "coordinates": [
          133.9185762,
          34.2309466
        ]
      },
      "properties": {
        "内容": "バス停: 井手下 (綾川町)",
        "name": "井手下",
        "operator": "綾川町",
        "ref": "",
        "url": "",
        "url2": ""
      }
    },
    {
      "type": "Feature",
      "geometry": {
        "type": "Point",
        "coordinates": [
          133.8500538,
          34.1874762
        ]
      },
      "properties": {
        "内容": "バス停: 満濃中学校前",
        "name": "満濃中学校前",
        "operator": "事業者不明",
        "ref": "",
        "url": "",
        "url2": ""
      }
    },
    {
      "type": "Feature",
      "geometry": {
        "type": "Point",
        "coordinates": [
          134.0637639,
          34.3512865
        ]
      },
      "properties": {
        "内容": "バス停: 朝日町二丁目",
        "name": "朝日町二丁目",
        "operator": "事業者不明",
        "ref": "",
        "url": "",
        "url2": ""
      }
    },
    {
      "type": "Feature",
      "geometry": {
        "type": "Point",
        "coordinates": [
          134.0744536,
          34.3546159
        ]
      },
      "properties": {
        "内容": "バス停: 名称不明バス停",
        "name": "名称不明バス停",
        "operator": "事業者不明",
        "ref": "",
        "url": "",
        "url2": ""
      }
    },
    {
      "type": "Feature",
      "geometry": {
        "type": "Point",
        "coordinates": [
          134.1059024,
          34.3374132
        ]
      },
      "properties": {
        "内容": "バス停: 馬場先",
        "name": "馬場先",
        "operator": "事業者不明",
        "ref": "",
        "url": "",
        "url2": ""
      }
    },
    {
      "type": "Feature",
      "geometry": {
        "type": "Point",
        "coordinates": [
          134.1866738,
          34.4852992
        ]
      },
      "properties": {
        "内容": "バス停: 土庄本町 (小豆島オリーブバス)",
        "name": "土庄本町",
        "operator": "小豆島オリーブバス",
        "ref": "",
        "url": "",
        "url2": ""
      }
    },
    {
      "type": "Feature",
      "geometry": {
        "type": "Point",
        "coordinates": [
          134.1866265,
          34.4849999
        ]
      },
      "properties": {
        "内容": "バス停: 土庄本町 (小豆島オリーブバス)",
        "name": "土庄本町",
        "operator": "小豆島オリーブバス",
        "ref": "",
        "url": "",
        "url2": ""
      }
    },
    {
      "type": "Feature",
      "geometry": {
        "type": "Point",
        "coordinates": [
          133.7860941,
          34.2256952
        ]
      },
      "properties": {
        "内容": "バス停: 支え合いセンターここ家前",
        "name": "支え合いセンターここ家前",
        "operator": "事業者不明",
        "ref": "",
        "url": "",
        "url2": ""
      }
    },
    {
      "type": "Feature",
      "geometry": {
        "type": "Point",
        "coordinates": [
          133.7957771,
          34.2230319
        ]
      },
      "properties": {
        "内容": "バス停: 南生野 (琴参バス)",
        "name": "南生野",
        "operator": "琴参バス",
        "ref": "",
        "url": "",
        "url2": ""
      }
    },
    {
      "type": "Feature",
      "geometry": {
        "type": "Point",
        "coordinates": [
          133.7919419,
          34.2491536
        ]
      },
      "properties": {
        "内容": "バス停: JA善通寺東支店前",
        "name": "JA善通寺東支店前",
        "operator": "事業者不明",
        "ref": "",
        "url": "",
        "url2": ""
      }
    },
    {
      "type": "Feature",
      "geometry": {
        "type": "Point",
        "coordinates": [
          133.7866019,
          34.2226029
        ]
      },
      "properties": {
        "内容": "バス停: 生野プラザ前",
        "name": "生野プラザ前",
        "operator": "事業者不明",
        "ref": "",
        "url": "",
        "url2": ""
      }
    },
    {
      "type": "Feature",
      "geometry": {
        "type": "Point",
        "coordinates": [
          133.7919017,
          34.2492227
        ]
      },
      "properties": {
        "内容": "バス停: JA善通寺東支店前",
        "name": "JA善通寺東支店前",
        "operator": "事業者不明",
        "ref": "",
        "url": "",
        "url2": ""
      }
    },
    {
      "type": "Feature",
      "geometry": {
        "type": "Point",
        "coordinates": [
          133.7822015,
          34.224515
        ]
      },
      "properties": {
        "内容": "バス停: 護国神社前",
        "name": "護国神社前",
        "operator": "事業者不明",
        "ref": "",
        "url": "",
        "url2": ""
      }
    },
    {
      "type": "Feature",
      "geometry": {
        "type": "Point",
        "coordinates": [
          133.8187172,
          34.1886967
        ]
      },
      "properties": {
        "内容": "バス停: 八千代前 (琴空バス)",
        "name": "八千代前",
        "operator": "琴空バス",
        "ref": "",
        "url": "",
        "url2": ""
      }
    },
    {
      "type": "Feature",
      "geometry": {
        "type": "Point",
        "coordinates": [
          133.8193806,
          34.190828
        ]
      },
      "properties": {
        "内容": "バス停: 琴電前 (琴参バス)",
        "name": "琴電前",
        "operator": "琴参バス",
        "ref": "",
        "url": "",
        "url2": ""
      }
    },
    {
      "type": "Feature",
      "geometry": {
        "type": "Point",
        "coordinates": [
          134.1985208,
          34.4839271
        ]
      },
      "properties": {
        "内容": "バス停: 双子浦 (小豆島オリーブバス)",
        "name": "双子浦",
        "operator": "小豆島オリーブバス",
        "ref": "",
        "url": "",
        "url2": ""
      }
    },
    {
      "type": "Feature",
      "geometry": {
        "type": "Point",
        "coordinates": [
          134.1985575,
          34.4840941
        ]
      },
      "properties": {
        "内容": "バス停: 双子浦 (小豆島オリーブバス)",
        "name": "双子浦",
        "operator": "小豆島オリーブバス",
        "ref": "",
        "url": "",
        "url2": ""
      }
    },
    {
      "type": "Feature",
      "geometry": {
        "type": "Point",
        "coordinates": [
          134.2052747,
          34.4840345
        ]
      },
      "properties": {
        "内容": "バス停: 入部 (小豆島オリーブバス)",
        "name": "入部",
        "operator": "小豆島オリーブバス",
        "ref": "",
        "url": "",
        "url2": ""
      }
    },
    {
      "type": "Feature",
      "geometry": {
        "type": "Point",
        "coordinates": [
          134.204986,
          34.4841126
        ]
      },
      "properties": {
        "内容": "バス停: 入部 (小豆島オリーブバス)",
        "name": "入部",
        "operator": "小豆島オリーブバス",
        "ref": "",
        "url": "",
        "url2": ""
      }
    },
    {
      "type": "Feature",
      "geometry": {
        "type": "Point",
        "coordinates": [
          134.2113204,
          34.4830751
        ]
      },
      "properties": {
        "内容": "バス停: 西蒲生 (小豆島オリーブバス)",
        "name": "西蒲生",
        "operator": "小豆島オリーブバス",
        "ref": "",
        "url": "",
        "url2": ""
      }
    },
    {
      "type": "Feature",
      "geometry": {
        "type": "Point",
        "coordinates": [
          134.2101988,
          34.4835013
        ]
      },
      "properties": {
        "内容": "バス停: 西蒲生 (小豆島オリーブバス)",
        "name": "西蒲生",
        "operator": "小豆島オリーブバス",
        "ref": "",
        "url": "",
        "url2": ""
      }
    },
    {
      "type": "Feature",
      "geometry": {
        "type": "Point",
        "coordinates": [
          134.2161942,
          34.4817189
        ]
      },
      "properties": {
        "内容": "バス停: 小豆島中央高校前 (小豆島オリーブバス)",
        "name": "小豆島中央高校前",
        "operator": "小豆島オリーブバス",
        "ref": "",
        "url": "",
        "url2": ""
      }
    },
    {
      "type": "Feature",
      "geometry": {
        "type": "Point",
        "coordinates": [
          134.216116,
          34.4818819
        ]
      },
      "properties": {
        "内容": "バス停: 小豆島中央高校前 (小豆島オリーブバス)",
        "name": "小豆島中央高校前",
        "operator": "小豆島オリーブバス",
        "ref": "",
        "url": "",
        "url2": ""
      }
    },
    {
      "type": "Feature",
      "geometry": {
        "type": "Point",
        "coordinates": [
          134.2202786,
          34.4804663
        ]
      },
      "properties": {
        "内容": "バス停: 井上誠耕園らしく園前 (小豆島オリーブバス)",
        "name": "井上誠耕園らしく園前",
        "operator": "小豆島オリーブバス",
        "ref": "",
        "url": "",
        "url2": ""
      }
    },
    {
      "type": "Feature",
      "geometry": {
        "type": "Point",
        "coordinates": [
          134.2202806,
          34.4806265
        ]
      },
      "properties": {
        "内容": "バス停: 井上誠耕園らしく園前 (小豆島オリーブバス)",
        "name": "井上誠耕園らしく園前",
        "operator": "小豆島オリーブバス",
        "ref": "",
        "url": "",
        "url2": ""
      }
    },
    {
      "type": "Feature",
      "geometry": {
        "type": "Point",
        "coordinates": [
          134.2256558,
          34.4797097
        ]
      },
      "properties": {
        "内容": "バス停: 池田港ターミナル前 (小豆島オリーブバス)",
        "name": "池田港ターミナル前",
        "operator": "小豆島オリーブバス",
        "ref": "",
        "url": "",
        "url2": ""
      }
    },
    {
      "type": "Feature",
      "geometry": {
        "type": "Point",
        "coordinates": [
          134.2247877,
          34.4806323
        ]
      },
      "properties": {
        "内容": "バス停: 池田内科クリニック（池田港前） (小豆島オリーブバス)",
        "name": "池田内科クリニック（池田港前）",
        "operator": "小豆島オリーブバス",
        "ref": "",
        "url": "",
        "url2": ""
      }
    },
    {
      "type": "Feature",
      "geometry": {
        "type": "Point",
        "coordinates": [
          134.2289675,
          34.481338
        ]
      },
      "properties": {
        "内容": "バス停: 東洋オリーブショップ前 (小豆島オリーブバス)",
        "name": "東洋オリーブショップ前",
        "operator": "小豆島オリーブバス",
        "ref": "",
        "url": "",
        "url2": ""
      }
    },
    {
      "type": "Feature",
      "geometry": {
        "type": "Point",
        "coordinates": [
          134.2290058,
          34.4815246
        ]
      },
      "properties": {
        "内容": "バス停: 東洋オリーブショップ前 (小豆島オリーブバス)",
        "name": "東洋オリーブショップ前",
        "operator": "小豆島オリーブバス",
        "ref": "",
        "url": "",
        "url2": ""
      }
    },
    {
      "type": "Feature",
      "geometry": {
        "type": "Point",
        "coordinates": [
          134.2328522,
          34.4828049
        ]
      },
      "properties": {
        "内容": "バス停: 迎地 (小豆島オリーブバス)",
        "name": "迎地",
        "operator": "小豆島オリーブバス",
        "ref": "",
        "url": "",
        "url2": ""
      }
    },
    {
      "type": "Feature",
      "geometry": {
        "type": "Point",
        "coordinates": [
          134.2325616,
          34.4827812
        ]
      },
      "properties": {
        "内容": "バス停: 迎地 (小豆島オリーブバス)",
        "name": "迎地",
        "operator": "小豆島オリーブバス",
        "ref": "",
        "url": "",
        "url2": ""
      }
    },
    {
      "type": "Feature",
      "geometry": {
        "type": "Point",
        "coordinates": [
          134.2341608,
          34.4828503
        ]
      },
      "properties": {
        "内容": "バス停: 小豆島中央病院 (小豆島オリーブバス)",
        "name": "小豆島中央病院",
        "operator": "小豆島オリーブバス",
        "ref": "",
        "url": "",
        "url2": ""
      }
    },
    {
      "type": "Feature",
      "geometry": {
        "type": "Point",
        "coordinates": [
          134.1910939,
          34.4858475
        ]
      },
      "properties": {
        "内容": "バス停: 合同庁舎前 (小豆島オリーブバス)",
        "name": "合同庁舎前",
        "operator": "小豆島オリーブバス",
        "ref": "",
        "url": "",
        "url2": ""
      }
    },
    {
      "type": "Feature",
      "geometry": {
        "type": "Point",
        "coordinates": [
          134.1908444,
          34.48573
        ]
      },
      "properties": {
        "内容": "バス停: 合同庁舎前 (小豆島オリーブバス)",
        "name": "合同庁舎前",
        "operator": "小豆島オリーブバス",
        "ref": "",
        "url": "",
        "url2": ""
      }
    },
    {
      "type": "Feature",
      "geometry": {
        "type": "Point",
        "coordinates": [
          134.189405,
          34.4835381
        ]
      },
      "properties": {
        "内容": "バス停: 王子前 (小豆島オリーブバス)",
        "name": "王子前",
        "operator": "小豆島オリーブバス",
        "ref": "",
        "url": "",
        "url2": ""
      }
    },
    {
      "type": "Feature",
      "geometry": {
        "type": "Point",
        "coordinates": [
          134.1893004,
          34.4836018
        ]
      },
      "properties": {
        "内容": "バス停: 王子前 (小豆島オリーブバス)",
        "name": "王子前",
        "operator": "小豆島オリーブバス",
        "ref": "",
        "url": "",
        "url2": ""
      }
    },
    {
      "type": "Feature",
      "geometry": {
        "type": "Point",
        "coordinates": [
          134.1866408,
          34.4796951
        ]
      },
      "properties": {
        "内容": "バス停: 国際ホテル（エンジェルロード前） (小豆島オリーブバス)",
        "name": "国際ホテル（エンジェルロード前）",
        "operator": "小豆島オリーブバス",
        "ref": "",
        "url": "",
        "url2": ""
      }
    },
    {
      "type": "Feature",
      "geometry": {
        "type": "Point",
        "coordinates": [
          134.1864782,
          34.4798016
        ]
      },
      "properties": {
        "内容": "バス停: 国際ホテル（エンジェルロード前） (小豆島オリーブバス)",
        "name": "国際ホテル（エンジェルロード前）",
        "operator": "小豆島オリーブバス",
        "ref": "",
        "url": "",
        "url2": ""
      }
    },
    {
      "type": "Feature",
      "geometry": {
        "type": "Point",
        "coordinates": [
          134.1839234,
          34.4795588
        ]
      },
      "properties": {
        "内容": "バス停: 銀波浦 (小豆島オリーブバス)",
        "name": "銀波浦",
        "operator": "小豆島オリーブバス",
        "ref": "",
        "url": "",
        "url2": ""
      }
    },
    {
      "type": "Feature",
      "geometry": {
        "type": "Point",
        "coordinates": [
          134.1837879,
          34.4796108
        ]
      },
      "properties": {
        "内容": "バス停: 銀波浦 (小豆島オリーブバス)",
        "name": "銀波浦",
        "operator": "小豆島オリーブバス",
        "ref": "",
        "url": "",
        "url2": ""
      }
    },
    {
      "type": "Feature",
      "geometry": {
        "type": "Point",
        "coordinates": [
          134.180835,
          34.4779511
        ]
      },
      "properties": {
        "内容": "バス停: 平井クリニック前 (小豆島オリーブバス)",
        "name": "平井クリニック前",
        "operator": "小豆島オリーブバス",
        "ref": "",
        "url": "",
        "url2": ""
      }
    },
    {
      "type": "Feature",
      "geometry": {
        "type": "Point",
        "coordinates": [
          134.1808618,
          34.4780318
        ]
      },
      "properties": {
        "内容": "バス停: 平井クリニック前 (小豆島オリーブバス)",
        "name": "平井クリニック前",
        "operator": "小豆島オリーブバス",
        "ref": "",
        "url": "",
        "url2": ""
      }
    },
    {
      "type": "Feature",
      "geometry": {
        "type": "Point",
        "coordinates": [
          134.2168404,
          34.5109894
        ]
      },
      "properties": {
        "内容": "バス停: 小豆島大観音前（しあわせの駅） (小豆島オリーブバス)",
        "name": "小豆島大観音前（しあわせの駅）",
        "operator": "小豆島オリーブバス",
        "ref": "",
        "url": "",
        "url2": ""
      }
    },
    {
      "type": "Feature",
      "geometry": {
        "type": "Point",
        "coordinates": [
          134.2168918,
          34.5111844
        ]
      },
      "properties": {
        "内容": "バス停: 小豆島大観音前（しあわせの駅） (小豆島オリーブバス)",
        "name": "小豆島大観音前（しあわせの駅）",
        "operator": "小豆島オリーブバス",
        "ref": "",
        "url": "",
        "url2": ""
      }
    },
    {
      "type": "Feature",
      "geometry": {
        "type": "Point",
        "coordinates": [
          134.3433627,
          34.5438121
        ]
      },
      "properties": {
        "内容": "バス停: 福田港 (小豆島オリーブバス)",
        "name": "福田港",
        "operator": "小豆島オリーブバス",
        "ref": "",
        "url": "",
        "url2": ""
      }
    },
    {
      "type": "Feature",
      "geometry": {
        "type": "Point",
        "coordinates": [
          134.3436423,
          34.5427957
        ]
      },
      "properties": {
        "内容": "バス停: 福田港 (小豆島オリーブバス)",
        "name": "福田港",
        "operator": "小豆島オリーブバス",
        "ref": "",
        "url": "",
        "url2": ""
      }
    },
    {
      "type": "Feature",
      "geometry": {
        "type": "Point",
        "coordinates": [
          134.3435981,
          34.5426553
        ]
      },
      "properties": {
        "内容": "バス停: 福田港 (小豆島オリーブバス)",
        "name": "福田港",
        "operator": "小豆島オリーブバス",
        "ref": "",
        "url": "",
        "url2": ""
      }
    },
    {
      "type": "Feature",
      "geometry": {
        "type": "Point",
        "coordinates": [
          134.3468169,
          34.551195
        ]
      },
      "properties": {
        "内容": "バス停: 荒浜 (小豆島オリーブバス)",
        "name": "荒浜",
        "operator": "小豆島オリーブバス",
        "ref": "",
        "url": "",
        "url2": ""
      }
    },
    {
      "type": "Feature",
      "geometry": {
        "type": "Point",
        "coordinates": [
          134.346874,
          34.55118
        ]
      },
      "properties": {
        "内容": "バス停: 荒浜 (小豆島オリーブバス)",
        "name": "荒浜",
        "operator": "小豆島オリーブバス",
        "ref": "",
        "url": "",
        "url2": ""
      }
    },
    {
      "type": "Feature",
      "geometry": {
        "type": "Point",
        "coordinates": [
          134.3429554,
          34.5574487
        ]
      },
      "properties": {
        "内容": "バス停: 吉田 (小豆島オリーブバス)",
        "name": "吉田",
        "operator": "小豆島オリーブバス",
        "ref": "",
        "url": "",
        "url2": ""
      }
    },
    {
      "type": "Feature",
      "geometry": {
        "type": "Point",
        "coordinates": [
          134.3431541,
          34.5575111
        ]
      },
      "properties": {
        "内容": "バス停: 吉田 (小豆島オリーブバス)",
        "name": "吉田",
        "operator": "小豆島オリーブバス",
        "ref": "",
        "url": "",
        "url2": ""
      }
    },
    {
      "type": "Feature",
      "geometry": {
        "type": "Point",
        "coordinates": [
          134.3230819,
          34.5610208
        ]
      },
      "properties": {
        "内容": "バス停: 灘山 (小豆島オリーブバス)",
        "name": "灘山",
        "operator": "小豆島オリーブバス",
        "ref": "",
        "url": "",
        "url2": ""
      }
    },
    {
      "type": "Feature",
      "geometry": {
        "type": "Point",
        "coordinates": [
          134.3230605,
          34.5610992
        ]
      },
      "properties": {
        "内容": "バス停: 灘山 (小豆島オリーブバス)",
        "name": "灘山",
        "operator": "小豆島オリーブバス",
        "ref": "",
        "url": "",
        "url2": ""
      }
    },
    {
      "type": "Feature",
      "geometry": {
        "type": "Point",
        "coordinates": [
          134.3047808,
          34.5467912
        ]
      },
      "properties": {
        "内容": "バス停: 小部 (小豆島オリーブバス)",
        "name": "小部",
        "operator": "小豆島オリーブバス",
        "ref": "",
        "url": "",
        "url2": ""
      }
    },
    {
      "type": "Feature",
      "geometry": {
        "type": "Point",
        "coordinates": [
          134.304375,
          34.5469895
        ]
      },
      "properties": {
        "内容": "バス停: 小部 (小豆島オリーブバス)",
        "name": "小部",
        "operator": "小豆島オリーブバス",
        "ref": "",
        "url": "",
        "url2": ""
      }
    },
    {
      "type": "Feature",
      "geometry": {
        "type": "Point",
        "coordinates": [
          134.3004027,
          34.5473884
        ]
      },
      "properties": {
        "内容": "バス停: 小部不動尊登山口 (小豆島オリーブバス)",
        "name": "小部不動尊登山口",
        "operator": "小豆島オリーブバス",
        "ref": "",
        "url": "",
        "url2": ""
      }
    },
    {
      "type": "Feature",
      "geometry": {
        "type": "Point",
        "coordinates": [
          134.3004979,
          34.5474801
        ]
      },
      "properties": {
        "内容": "バス停: 小部不動尊登山口 (小豆島オリーブバス)",
        "name": "小部不動尊登山口",
        "operator": "小豆島オリーブバス",
        "ref": "",
        "url": "",
        "url2": ""
      }
    },
    {
      "type": "Feature",
      "geometry": {
        "type": "Point",
        "coordinates": [
          134.283323,
          34.545758
        ]
      },
      "properties": {
        "内容": "バス停: 大部向町 (小豆島オリーブバス)",
        "name": "大部向町",
        "operator": "小豆島オリーブバス",
        "ref": "",
        "url": "",
        "url2": ""
      }
    },
    {
      "type": "Feature",
      "geometry": {
        "type": "Point",
        "coordinates": [
          134.2833001,
          34.5458197
        ]
      },
      "properties": {
        "内容": "バス停: 大部向町 (小豆島オリーブバス)",
        "name": "大部向町",
        "operator": "小豆島オリーブバス",
        "ref": "",
        "url": "",
        "url2": ""
      }
    },
    {
      "type": "Feature",
      "geometry": {
        "type": "Point",
        "coordinates": [
          134.280758,
          34.54579
        ]
      },
      "properties": {
        "内容": "バス停: 大部 (小豆島オリーブバス)",
        "name": "大部",
        "operator": "小豆島オリーブバス",
        "ref": "",
        "url": "",
        "url2": ""
      }
    },
    {
      "type": "Feature",
      "geometry": {
        "type": "Point",
        "coordinates": [
          134.2807579,
          34.545861
        ]
      },
      "properties": {
        "内容": "バス停: 大部 (小豆島オリーブバス)",
        "name": "大部",
        "operator": "小豆島オリーブバス",
        "ref": "",
        "url": "",
        "url2": ""
      }
    },
    {
      "type": "Feature",
      "geometry": {
        "type": "Point",
        "coordinates": [
          134.276037,
          34.546474
        ]
      },
      "properties": {
        "内容": "バス停: 中ノ口 (小豆島オリーブバス)",
        "name": "中ノ口",
        "operator": "小豆島オリーブバス",
        "ref": "",
        "url": "",
        "url2": ""
      }
    },
    {
      "type": "Feature",
      "geometry": {
        "type": "Point",
        "coordinates": [
          134.2760713,
          34.546539
        ]
      },
      "properties": {
        "内容": "バス停: 中ノ口 (小豆島オリーブバス)",
        "name": "中ノ口",
        "operator": "小豆島オリーブバス",
        "ref": "",
        "url": "",
        "url2": ""
      }
    },
    {
      "type": "Feature",
      "geometry": {
        "type": "Point",
        "coordinates": [
          134.2676545,
          34.5474775
        ]
      },
      "properties": {
        "内容": "バス停: 田井 (小豆島オリーブバス)",
        "name": "田井",
        "operator": "小豆島オリーブバス",
        "ref": "",
        "url": "",
        "url2": ""
      }
    },
    {
      "type": "Feature",
      "geometry": {
        "type": "Point",
        "coordinates": [
          134.2676545,
          34.5475425
        ]
      },
      "properties": {
        "内容": "バス停: 田井 (小豆島オリーブバス)",
        "name": "田井",
        "operator": "小豆島オリーブバス",
        "ref": "",
        "url": "",
        "url2": ""
      }
    },
    {
      "type": "Feature",
      "geometry": {
        "type": "Point",
        "coordinates": [
          134.2614412,
          34.5468313
        ]
      },
      "properties": {
        "内容": "バス停: タカラ学園前 (小豆島オリーブバス)",
        "name": "タカラ学園前",
        "operator": "小豆島オリーブバス",
        "ref": "",
        "url": "",
        "url2": ""
      }
    },
    {
      "type": "Feature",
      "geometry": {
        "type": "Point",
        "coordinates": [
          134.261386,
          34.5469313
        ]
      },
      "properties": {
        "内容": "バス停: タカラ学園前 (小豆島オリーブバス)",
        "name": "タカラ学園前",
        "operator": "小豆島オリーブバス",
        "ref": "",
        "url": "",
        "url2": ""
      }
    },
    {
      "type": "Feature",
      "geometry": {
        "type": "Point",
        "coordinates": [
          134.2425788,
          34.5338978
        ]
      },
      "properties": {
        "内容": "バス停: 大坂城残石記念公園 (小豆島オリーブバス)",
        "name": "大坂城残石記念公園",
        "operator": "小豆島オリーブバス",
        "ref": "",
        "url": "",
        "url2": ""
      }
    },
    {
      "type": "Feature",
      "geometry": {
        "type": "Point",
        "coordinates": [
          134.2424188,
          34.5339312
        ]
      },
      "properties": {
        "内容": "バス停: 大坂城残石記念公園 (小豆島オリーブバス)",
        "name": "大坂城残石記念公園",
        "operator": "小豆島オリーブバス",
        "ref": "",
        "url": "",
        "url2": ""
      }
    },
    {
      "type": "Feature",
      "geometry": {
        "type": "Point",
        "coordinates": [
          134.2091771,
          34.520944
        ]
      },
      "properties": {
        "内容": "バス停: 馬越浜 (小豆島オリーブバス)",
        "name": "馬越浜",
        "operator": "小豆島オリーブバス",
        "ref": "",
        "url": "",
        "url2": ""
      }
    },
    {
      "type": "Feature",
      "geometry": {
        "type": "Point",
        "coordinates": [
          134.2091416,
          34.5210153
        ]
      },
      "properties": {
        "内容": "バス停: 馬越浜 (小豆島オリーブバス)",
        "name": "馬越浜",
        "operator": "小豆島オリーブバス",
        "ref": "",
        "url": "",
        "url2": ""
      }
    },
    {
      "type": "Feature",
      "geometry": {
        "type": "Point",
        "coordinates": [
          134.2032254,
          34.5197338
        ]
      },
      "properties": {
        "内容": "バス停: 元目 (小豆島オリーブバス)",
        "name": "元目",
        "operator": "小豆島オリーブバス",
        "ref": "",
        "url": "",
        "url2": ""
      }
    },
    {
      "type": "Feature",
      "geometry": {
        "type": "Point",
        "coordinates": [
          134.2031958,
          34.5198118
        ]
      },
      "properties": {
        "内容": "バス停: 元目 (小豆島オリーブバス)",
        "name": "元目",
        "operator": "小豆島オリーブバス",
        "ref": "",
        "url": "",
        "url2": ""
      }
    },
    {
      "type": "Feature",
      "geometry": {
        "type": "Point",
        "coordinates": [
          134.1929114,
          34.518706
        ]
      },
      "properties": {
        "内容": "バス停: 目島 (小豆島オリーブバス)",
        "name": "目島",
        "operator": "小豆島オリーブバス",
        "ref": "",
        "url": "",
        "url2": ""
      }
    },
    {
      "type": "Feature",
      "geometry": {
        "type": "Point",
        "coordinates": [
          134.192561,
          34.5188027
        ]
      },
      "properties": {
        "内容": "バス停: 目島 (小豆島オリーブバス)",
        "name": "目島",
        "operator": "小豆島オリーブバス",
        "ref": "",
        "url": "",
        "url2": ""
      }
    },
    {
      "type": "Feature",
      "geometry": {
        "type": "Point",
        "coordinates": [
          134.1874737,
          34.515994
        ]
      },
      "properties": {
        "内容": "バス停: 渦江 (小豆島オリーブバス)",
        "name": "渦江",
        "operator": "小豆島オリーブバス",
        "ref": "",
        "url": "",
        "url2": ""
      }
    },
    {
      "type": "Feature",
      "geometry": {
        "type": "Point",
        "coordinates": [
          134.1875594,
          34.516079
        ]
      },
      "properties": {
        "内容": "バス停: 渦江 (小豆島オリーブバス)",
        "name": "渦江",
        "operator": "小豆島オリーブバス",
        "ref": "",
        "url": "",
        "url2": ""
      }
    },
    {
      "type": "Feature",
      "geometry": {
        "type": "Point",
        "coordinates": [
          134.1806739,
          34.5164036
        ]
      },
      "properties": {
        "内容": "バス停: 長浜 (小豆島オリーブバス)",
        "name": "長浜",
        "operator": "小豆島オリーブバス",
        "ref": "",
        "url": "",
        "url2": ""
      }
    },
    {
      "type": "Feature",
      "geometry": {
        "type": "Point",
        "coordinates": [
          134.1806876,
          34.5164814
        ]
      },
      "properties": {
        "内容": "バス停: 長浜 (小豆島オリーブバス)",
        "name": "長浜",
        "operator": "小豆島オリーブバス",
        "ref": "",
        "url": "",
        "url2": ""
      }
    },
    {
      "type": "Feature",
      "geometry": {
        "type": "Point",
        "coordinates": [
          134.1721266,
          34.522245
        ]
      },
      "properties": {
        "内容": "バス停: 蕪崎 (小豆島オリーブバス)",
        "name": "蕪崎",
        "operator": "小豆島オリーブバス",
        "ref": "",
        "url": "",
        "url2": ""
      }
    },
    {
      "type": "Feature",
      "geometry": {
        "type": "Point",
        "coordinates": [
          134.1720523,
          34.522375
        ]
      },
      "properties": {
        "内容": "バス停: 蕪崎 (小豆島オリーブバス)",
        "name": "蕪崎",
        "operator": "小豆島オリーブバス",
        "ref": "",
        "url": "",
        "url2": ""
      }
    },
    {
      "type": "Feature",
      "geometry": {
        "type": "Point",
        "coordinates": [
          134.166263,
          34.5178037
        ]
      },
      "properties": {
        "内容": "バス停: 小江 (小豆島オリーブバス)",
        "name": "小江",
        "operator": "小豆島オリーブバス",
        "ref": "",
        "url": "",
        "url2": ""
      }
    },
    {
      "type": "Feature",
      "geometry": {
        "type": "Point",
        "coordinates": [
          134.1661729,
          34.5177564
        ]
      },
      "properties": {
        "内容": "バス停: 小江 (小豆島オリーブバス)",
        "name": "小江",
        "operator": "小豆島オリーブバス",
        "ref": "",
        "url": "",
        "url2": ""
      }
    },
    {
      "type": "Feature",
      "geometry": {
        "type": "Point",
        "coordinates": [
          134.1675783,
          34.5149774
        ]
      },
      "properties": {
        "内容": "バス停: 四海公民館前 (小豆島オリーブバス)",
        "name": "四海公民館前",
        "operator": "小豆島オリーブバス",
        "ref": "",
        "url": "",
        "url2": ""
      }
    },
    {
      "type": "Feature",
      "geometry": {
        "type": "Point",
        "coordinates": [
          134.1674411,
          34.5147124
        ]
      },
      "properties": {
        "内容": "バス停: 四海公民館前 (小豆島オリーブバス)",
        "name": "四海公民館前",
        "operator": "小豆島オリーブバス",
        "ref": "",
        "url": "",
        "url2": ""
      }
    },
    {
      "type": "Feature",
      "geometry": {
        "type": "Point",
        "coordinates": [
          134.1663417,
          34.5120618
        ]
      },
      "properties": {
        "内容": "バス停: 伊喜末 (小豆島オリーブバス)",
        "name": "伊喜末",
        "operator": "小豆島オリーブバス",
        "ref": "",
        "url": "",
        "url2": ""
      }
    },
    {
      "type": "Feature",
      "geometry": {
        "type": "Point",
        "coordinates": [
          134.1662451,
          34.512095
        ]
      },
      "properties": {
        "内容": "バス停: 伊喜末 (小豆島オリーブバス)",
        "name": "伊喜末",
        "operator": "小豆島オリーブバス",
        "ref": "",
        "url": "",
        "url2": ""
      }
    },
    {
      "type": "Feature",
      "geometry": {
        "type": "Point",
        "coordinates": [
          134.1664099,
          34.50669
        ]
      },
      "properties": {
        "内容": "バス停: 馬場崎 (小豆島オリーブバス)",
        "name": "馬場崎",
        "operator": "小豆島オリーブバス",
        "ref": "",
        "url": "",
        "url2": ""
      }
    },
    {
      "type": "Feature",
      "geometry": {
        "type": "Point",
        "coordinates": [
          134.1662727,
          34.506605
        ]
      },
      "properties": {
        "内容": "バス停: 馬場崎 (小豆島オリーブバス)",
        "name": "馬場崎",
        "operator": "小豆島オリーブバス",
        "ref": "",
        "url": "",
        "url2": ""
      }
    },
    {
      "type": "Feature",
      "geometry": {
        "type": "Point",
        "coordinates": [
          134.1681733,
          34.4997747
        ]
      },
      "properties": {
        "内容": "バス停: グリーンプラザ前 (小豆島オリーブバス)",
        "name": "グリーンプラザ前",
        "operator": "小豆島オリーブバス",
        "ref": "",
        "url": "",
        "url2": ""
      }
    },
    {
      "type": "Feature",
      "geometry": {
        "type": "Point",
        "coordinates": [
          134.1680362,
          34.4997847
        ]
      },
      "properties": {
        "内容": "バス停: グリーンプラザ前 (小豆島オリーブバス)",
        "name": "グリーンプラザ前",
        "operator": "小豆島オリーブバス",
        "ref": "",
        "url": "",
        "url2": ""
      }
    },
    {
      "type": "Feature",
      "geometry": {
        "type": "Point",
        "coordinates": [
          134.1735886,
          34.4936
        ]
      },
      "properties": {
        "内容": "バス停: 大谷 (小豆島オリーブバス)",
        "name": "大谷",
        "operator": "小豆島オリーブバス",
        "ref": "",
        "url": "",
        "url2": ""
      }
    },
    {
      "type": "Feature",
      "geometry": {
        "type": "Point",
        "coordinates": [
          134.173539,
          34.493545
        ]
      },
      "properties": {
        "内容": "バス停: 大谷 (小豆島オリーブバス)",
        "name": "大谷",
        "operator": "小豆島オリーブバス",
        "ref": "",
        "url": "",
        "url2": ""
      }
    },
    {
      "type": "Feature",
      "geometry": {
        "type": "Point",
        "coordinates": [
          134.179076,
          34.48982
        ]
      },
      "properties": {
        "内容": "バス停: 本覚寺前 (小豆島オリーブバス)",
        "name": "本覚寺前",
        "operator": "小豆島オリーブバス",
        "ref": "",
        "url": "",
        "url2": ""
      }
    },
    {
      "type": "Feature",
      "geometry": {
        "type": "Point",
        "coordinates": [
          134.178996,
          34.489785
        ]
      },
      "properties": {
        "内容": "バス停: 本覚寺前 (小豆島オリーブバス)",
        "name": "本覚寺前",
        "operator": "小豆島オリーブバス",
        "ref": "",
        "url": "",
        "url2": ""
      }
    },
    {
      "type": "Feature",
      "geometry": {
        "type": "Point",
        "coordinates": [
          134.18341,
          34.488152
        ]
      },
      "properties": {
        "内容": "バス停: 渕崎 (小豆島オリーブバス)",
        "name": "渕崎",
        "operator": "小豆島オリーブバス",
        "ref": "",
        "url": "",
        "url2": ""
      }
    },
    {
      "type": "Feature",
      "geometry": {
        "type": "Point",
        "coordinates": [
          134.1833871,
          34.488092
        ]
      },
      "properties": {
        "内容": "バス停: 渕崎 (小豆島オリーブバス)",
        "name": "渕崎",
        "operator": "小豆島オリーブバス",
        "ref": "",
        "url": "",
        "url2": ""
      }
    },
    {
      "type": "Feature",
      "geometry": {
        "type": "Point",
        "coordinates": [
          134.2590618,
          34.5455119
        ]
      },
      "properties": {
        "内容": "バス停: 琴塚 (小豆島オリーブバス)",
        "name": "琴塚",
        "operator": "小豆島オリーブバス",
        "ref": "",
        "url": "",
        "url2": ""
      }
    },
    {
      "type": "Feature",
      "geometry": {
        "type": "Point",
        "coordinates": [
          134.2590068,
          34.5455693
        ]
      },
      "properties": {
        "内容": "バス停: 琴塚 (小豆島オリーブバス)",
        "name": "琴塚",
        "operator": "小豆島オリーブバス",
        "ref": "",
        "url": "",
        "url2": ""
      }
    },
    {
      "type": "Feature",
      "geometry": {
        "type": "Point",
        "coordinates": [
          134.2412746,
          34.531499
        ]
      },
      "properties": {
        "内容": "バス停: 小海 (小豆島オリーブバス)",
        "name": "小海",
        "operator": "小豆島オリーブバス",
        "ref": "",
        "url": "",
        "url2": ""
      }
    },
    {
      "type": "Feature",
      "geometry": {
        "type": "Point",
        "coordinates": [
          134.241282,
          34.53173
        ]
      },
      "properties": {
        "内容": "バス停: 小海 (小豆島オリーブバス)",
        "name": "小海",
        "operator": "小豆島オリーブバス",
        "ref": "",
        "url": "",
        "url2": ""
      }
    },
    {
      "type": "Feature",
      "geometry": {
        "type": "Point",
        "coordinates": [
          134.2288428,
          34.5266583
        ]
      },
      "properties": {
        "内容": "バス停: 見目 (小豆島オリーブバス)",
        "name": "見目",
        "operator": "小豆島オリーブバス",
        "ref": "",
        "url": "",
        "url2": ""
      }
    },
    {
      "type": "Feature",
      "geometry": {
        "type": "Point",
        "coordinates": [
          134.2285706,
          34.526727
        ]
      },
      "properties": {
        "内容": "バス停: 見目 (小豆島オリーブバス)",
        "name": "見目",
        "operator": "小豆島オリーブバス",
        "ref": "",
        "url": "",
        "url2": ""
      }
    },
    {
      "type": "Feature",
      "geometry": {
        "type": "Point",
        "coordinates": [
          134.22359,
          34.528
        ]
      },
      "properties": {
        "内容": "バス停: 屋形崎 (小豆島オリーブバス)",
        "name": "屋形崎",
        "operator": "小豆島オリーブバス",
        "ref": "",
        "url": "",
        "url2": ""
      }
    },
    {
      "type": "Feature",
      "geometry": {
        "type": "Point",
        "coordinates": [
          134.2238634,
          34.528237
        ]
      },
      "properties": {
        "内容": "バス停: 屋形崎 (小豆島オリーブバス)",
        "name": "屋形崎",
        "operator": "小豆島オリーブバス",
        "ref": "",
        "url": "",
        "url2": ""
      }
    },
    {
      "type": "Feature",
      "geometry": {
        "type": "Point",
        "coordinates": [
          134.2180474,
          34.5178383
        ]
      },
      "properties": {
        "内容": "バス停: 東馬越 (小豆島オリーブバス)",
        "name": "東馬越",
        "operator": "小豆島オリーブバス",
        "ref": "",
        "url": "",
        "url2": ""
      }
    },
    {
      "type": "Feature",
      "geometry": {
        "type": "Point",
        "coordinates": [
          134.2179826,
          34.51766
        ]
      },
      "properties": {
        "内容": "バス停: 東馬越 (小豆島オリーブバス)",
        "name": "東馬越",
        "operator": "小豆島オリーブバス",
        "ref": "",
        "url": "",
        "url2": ""
      }
    },
    {
      "type": "Feature",
      "geometry": {
        "type": "Point",
        "coordinates": [
          134.217564,
          34.512535
        ]
      },
      "properties": {
        "内容": "バス停: 馬越 (小豆島オリーブバス)",
        "name": "馬越",
        "operator": "小豆島オリーブバス",
        "ref": "",
        "url": "",
        "url2": ""
      }
    },
    {
      "type": "Feature",
      "geometry": {
        "type": "Point",
        "coordinates": [
          134.217425,
          34.51249
        ]
      },
      "properties": {
        "内容": "バス停: 馬越 (小豆島オリーブバス)",
        "name": "馬越",
        "operator": "小豆島オリーブバス",
        "ref": "",
        "url": "",
        "url2": ""
      }
    },
    {
      "type": "Feature",
      "geometry": {
        "type": "Point",
        "coordinates": [
          134.2146237,
          34.502644
        ]
      },
      "properties": {
        "内容": "バス停: 黒岩 (小豆島オリーブバス)",
        "name": "黒岩",
        "operator": "小豆島オリーブバス",
        "ref": "",
        "url": "",
        "url2": ""
      }
    },
    {
      "type": "Feature",
      "geometry": {
        "type": "Point",
        "coordinates": [
          134.214422,
          34.502469
        ]
      },
      "properties": {
        "内容": "バス停: 黒岩 (小豆島オリーブバス)",
        "name": "黒岩",
        "operator": "小豆島オリーブバス",
        "ref": "",
        "url": "",
        "url2": ""
      }
    },
    {
      "type": "Feature",
      "geometry": {
        "type": "Point",
        "coordinates": [
          134.2049123,
          34.4948814
        ]
      },
      "properties": {
        "内容": "バス停: 上庄 (小豆島オリーブバス)",
        "name": "上庄",
        "operator": "小豆島オリーブバス",
        "ref": "",
        "url": "",
        "url2": ""
      }
    },
    {
      "type": "Feature",
      "geometry": {
        "type": "Point",
        "coordinates": [
          134.204871,
          34.494959
        ]
      },
      "properties": {
        "内容": "バス停: 上庄 (小豆島オリーブバス)",
        "name": "上庄",
        "operator": "小豆島オリーブバス",
        "ref": "",
        "url": "",
        "url2": ""
      }
    },
    {
      "type": "Feature",
      "geometry": {
        "type": "Point",
        "coordinates": [
          134.197829,
          34.491268
        ]
      },
      "properties": {
        "内容": "バス停: 北山 (小豆島オリーブバス)",
        "name": "北山",
        "operator": "小豆島オリーブバス",
        "ref": "",
        "url": "",
        "url2": ""
      }
    },
    {
      "type": "Feature",
      "geometry": {
        "type": "Point",
        "coordinates": [
          134.194054,
          34.488638
        ]
      },
      "properties": {
        "内容": "バス停: 土庄中学校前 (小豆島オリーブバス)",
        "name": "土庄中学校前",
        "operator": "小豆島オリーブバス",
        "ref": "",
        "url": "",
        "url2": ""
      }
    },
    {
      "type": "Feature",
      "geometry": {
        "type": "Point",
        "coordinates": [
          134.1936,
          34.4883
        ]
      },
      "properties": {
        "内容": "バス停: 土庄中学校前 (小豆島オリーブバス)",
        "name": "土庄中学校前",
        "operator": "小豆島オリーブバス",
        "ref": "",
        "url": "",
        "url2": ""
      }
    },
    {
      "type": "Feature",
      "geometry": {
        "type": "Point",
        "coordinates": [
          134.1922442,
          34.4878599
        ]
      },
      "properties": {
        "内容": "バス停: 八幡橋前 (小豆島オリーブバス)",
        "name": "八幡橋前",
        "operator": "小豆島オリーブバス",
        "ref": "",
        "url": "",
        "url2": ""
      }
    },
    {
      "type": "Feature",
      "geometry": {
        "type": "Point",
        "coordinates": [
          134.192183,
          34.4879318
        ]
      },
      "properties": {
        "内容": "バス停: 八幡橋前 (小豆島オリーブバス)",
        "name": "八幡橋前",
        "operator": "小豆島オリーブバス",
        "ref": "",
        "url": "",
        "url2": ""
      }
    },
    {
      "type": "Feature",
      "geometry": {
        "type": "Point",
        "coordinates": [
          134.1878679,
          34.4873399
        ]
      },
      "properties": {
        "内容": "バス停: オリーブタウン前 (小豆島オリーブバス)",
        "name": "オリーブタウン前",
        "operator": "小豆島オリーブバス",
        "ref": "",
        "url": "",
        "url2": ""
      }
    },
    {
      "type": "Feature",
      "geometry": {
        "type": "Point",
        "coordinates": [
          134.1807566,
          34.4848864
        ]
      },
      "properties": {
        "内容": "バス停: 西本町 (小豆島オリーブバス)",
        "name": "西本町",
        "operator": "小豆島オリーブバス",
        "ref": "",
        "url": "",
        "url2": ""
      }
    },
    {
      "type": "Feature",
      "geometry": {
        "type": "Point",
        "coordinates": [
          134.1807042,
          34.4850185
        ]
      },
      "properties": {
        "内容": "バス停: 西本町 (小豆島オリーブバス)",
        "name": "西本町",
        "operator": "小豆島オリーブバス",
        "ref": "",
        "url": "",
        "url2": ""
      }
    },
    {
      "type": "Feature",
      "geometry": {
        "type": "Point",
        "coordinates": [
          134.1743053,
          34.4891315
        ]
      },
      "properties": {
        "内容": "バス停: 平和の群像前 (小豆島オリーブバス)",
        "name": "平和の群像前",
        "operator": "小豆島オリーブバス",
        "ref": "",
        "url": "",
        "url2": ""
      }
    },
    {
      "type": "Feature",
      "geometry": {
        "type": "Point",
        "coordinates": [
          134.1720787,
          34.4890145
        ]
      },
      "properties": {
        "内容": "バス停: 土庄港 (小豆島オリーブバス)",
        "name": "土庄港",
        "operator": "小豆島オリーブバス",
        "ref": "",
        "url": "",
        "url2": "Q11423466"
      }
    },
    {
      "type": "Feature",
      "geometry": {
        "type": "Point",
        "coordinates": [
          134.3184277,
          34.4636806
        ]
      },
      "properties": {
        "内容": "バス停: 芦ノ浦 (小豆島オリーブバス)",
        "name": "芦ノ浦",
        "operator": "小豆島オリーブバス",
        "ref": "",
        "url": "",
        "url2": ""
      }
    },
    {
      "type": "Feature",
      "geometry": {
        "type": "Point",
        "coordinates": [
          134.3534905,
          34.5233619
        ]
      },
      "properties": {
        "内容": "バス停: 当浜 (小豆島オリーブバス)",
        "name": "当浜",
        "operator": "小豆島オリーブバス",
        "ref": "",
        "url": "",
        "url2": ""
      }
    },
    {
      "type": "Feature",
      "geometry": {
        "type": "Point",
        "coordinates": [
          134.2260265,
          34.5065383
        ]
      },
      "properties": {
        "内容": "バス停: 肥土山 (小豆島オリーブバス)",
        "name": "肥土山",
        "operator": "小豆島オリーブバス",
        "ref": "",
        "url": "",
        "url2": ""
      }
    },
    {
      "type": "Feature",
      "geometry": {
        "type": "Point",
        "coordinates": [
          134.3229019,
          34.4560415
        ]
      },
      "properties": {
        "内容": "バス停: 坂手東 (小豆島オリーブバス)",
        "name": "坂手東",
        "operator": "小豆島オリーブバス",
        "ref": "",
        "url": "",
        "url2": ""
      }
    },
    {
      "type": "Feature",
      "geometry": {
        "type": "Point",
        "coordinates": [
          134.3165705,
          34.4616803
        ]
      },
      "properties": {
        "内容": "バス停: ベイリゾートホテル前 (小豆島オリーブバス)",
        "name": "ベイリゾートホテル前",
        "operator": "小豆島オリーブバス",
        "ref": "",
        "url": "",
        "url2": ""
      }
    },
    {
      "type": "Feature",
      "geometry": {
        "type": "Point",
        "coordinates": [
          134.3570571,
          34.5299087
        ]
      },
      "properties": {
        "内容": "バス停: ゴルフ場前 (小豆島オリーブバス)",
        "name": "ゴルフ場前",
        "operator": "小豆島オリーブバス",
        "ref": "",
        "url": "",
        "url2": ""
      }
    },
    {
      "type": "Feature",
      "geometry": {
        "type": "Point",
        "coordinates": [
          134.2395899,
          34.5034038
        ]
      },
      "properties": {
        "内容": "バス停: 春日神社前 (小豆島オリーブバス)",
        "name": "春日神社前",
        "operator": "小豆島オリーブバス",
        "ref": "",
        "url": "",
        "url2": ""
      }
    },
    {
      "type": "Feature",
      "geometry": {
        "type": "Point",
        "coordinates": [
          134.3140776,
          34.4596809
        ]
      },
      "properties": {
        "内容": "バス停: 海水浴場前 (小豆島オリーブバス)",
        "name": "海水浴場前",
        "operator": "小豆島オリーブバス",
        "ref": "",
        "url": "",
        "url2": ""
      }
    },
    {
      "type": "Feature",
      "geometry": {
        "type": "Point",
        "coordinates": [
          134.344364,
          34.5409452
        ]
      },
      "properties": {
        "内容": "バス停: 福田西 (小豆島オリーブバス)",
        "name": "福田西",
        "operator": "小豆島オリーブバス",
        "ref": "",
        "url": "",
        "url2": ""
      }
    },
    {
      "type": "Feature",
      "geometry": {
        "type": "Point",
        "coordinates": [
          134.3031976,
          34.4787261
        ]
      },
      "properties": {
        "内容": "バス停: 草壁本町 (小豆島オリーブバス)",
        "name": "草壁本町",
        "operator": "小豆島オリーブバス",
        "ref": "",
        "url": "",
        "url2": ""
      }
    },
    {
      "type": "Feature",
      "geometry": {
        "type": "Point",
        "coordinates": [
          134.2838189,
          34.4561927
        ]
      },
      "properties": {
        "内容": "バス停: 切谷 (小豆島オリーブバス)",
        "name": "切谷",
        "operator": "小豆島オリーブバス",
        "ref": "",
        "url": "",
        "url2": ""
      }
    },
    {
      "type": "Feature",
      "geometry": {
        "type": "Point",
        "coordinates": [
          134.2496349,
          34.4771654
        ]
      },
      "properties": {
        "内容": "バス停: 丸山 (小豆島オリーブバス)",
        "name": "丸山",
        "operator": "小豆島オリーブバス",
        "ref": "",
        "url": "",
        "url2": ""
      }
    },
    {
      "type": "Feature",
      "geometry": {
        "type": "Point",
        "coordinates": [
          134.1728872,
          34.4755597
        ]
      },
      "properties": {
        "内容": "バス停: 鹿島中 (小豆島オリーブバス)",
        "name": "鹿島中",
        "operator": "小豆島オリーブバス",
        "ref": "",
        "url": "",
        "url2": ""
      }
    },
    {
      "type": "Feature",
      "geometry": {
        "type": "Point",
        "coordinates": [
          134.3114306,
          34.4790889
        ]
      },
      "properties": {
        "内容": "バス停: 小豆島中学校前 (小豆島オリーブバス)",
        "name": "小豆島中学校前",
        "operator": "小豆島オリーブバス",
        "ref": "",
        "url": "",
        "url2": ""
      }
    },
    {
      "type": "Feature",
      "geometry": {
        "type": "Point",
        "coordinates": [
          134.3490609,
          34.5062556
        ]
      },
      "properties": {
        "内容": "バス停: 天狗岩 (小豆島オリーブバス)",
        "name": "天狗岩",
        "operator": "小豆島オリーブバス",
        "ref": "",
        "url": "",
        "url2": ""
      }
    },
    {
      "type": "Feature",
      "geometry": {
        "type": "Point",
        "coordinates": [
          134.2862773,
          34.451367
        ]
      },
      "properties": {
        "内容": "バス停: 田ノ浦 (小豆島オリーブバス)",
        "name": "田ノ浦",
        "operator": "小豆島オリーブバス",
        "ref": "",
        "url": "",
        "url2": ""
      }
    },
    {
      "type": "Feature",
      "geometry": {
        "type": "Point",
        "coordinates": [
          134.2586759,
          34.471576
        ]
      },
      "properties": {
        "内容": "バス停: 赤坂 (小豆島オリーブバス)",
        "name": "赤坂",
        "operator": "小豆島オリーブバス",
        "ref": "",
        "url": "",
        "url2": ""
      }
    },
    {
      "type": "Feature",
      "geometry": {
        "type": "Point",
        "coordinates": [
          134.1440612,
          34.4756304
        ]
      },
      "properties": {
        "内容": "バス停: 小瀬 (小豆島オリーブバス)",
        "name": "小瀬",
        "operator": "小豆島オリーブバス",
        "ref": "",
        "url": "",
        "url2": ""
      }
    },
    {
      "type": "Feature",
      "geometry": {
        "type": "Point",
        "coordinates": [
          134.167136,
          34.489243
        ]
      },
      "properties": {
        "内容": "バス停: 畝木 (小豆島オリーブバス)",
        "name": "畝木",
        "operator": "小豆島オリーブバス",
        "ref": "",
        "url": "",
        "url2": ""
      }
    },
    {
      "type": "Feature",
      "geometry": {
        "type": "Point",
        "coordinates": [
          134.2709765,
          34.4702628
        ]
      },
      "properties": {
        "内容": "バス停: オリーブヶ丘 (小豆島オリーブバス)",
        "name": "オリーブヶ丘",
        "operator": "小豆島オリーブバス",
        "ref": "",
        "url": "",
        "url2": ""
      }
    },
    {
      "type": "Feature",
      "geometry": {
        "type": "Point",
        "coordinates": [
          134.3427436,
          34.4912431
        ]
      },
      "properties": {
        "内容": "バス停: 橘 (小豆島オリーブバス)",
        "name": "橘",
        "operator": "小豆島オリーブバス",
        "ref": "",
        "url": "",
        "url2": ""
      }
    },
    {
      "type": "Feature",
      "geometry": {
        "type": "Point",
        "coordinates": [
          134.1451059,
          34.4791312
        ]
      },
      "properties": {
        "内容": "バス停: 変電所前 (小豆島オリーブバス)",
        "name": "変電所前",
        "operator": "小豆島オリーブバス",
        "ref": "",
        "url": "",
        "url2": ""
      }
    },
    {
      "type": "Feature",
      "geometry": {
        "type": "Point",
        "coordinates": [
          134.3172757,
          34.4598709
        ]
      },
      "properties": {
        "内容": "バス停: 古江 (小豆島オリーブバス)",
        "name": "古江",
        "operator": "小豆島オリーブバス",
        "ref": "",
        "url": "",
        "url2": ""
      }
    },
    {
      "type": "Feature",
      "geometry": {
        "type": "Point",
        "coordinates": [
          134.3025751,
          34.4962327
        ]
      },
      "properties": {
        "内容": "バス停: 内海ダム前 (小豆島オリーブバス)",
        "name": "内海ダム前",
        "operator": "小豆島オリーブバス",
        "ref": "",
        "url": "",
        "url2": ""
      }
    },
    {
      "type": "Feature",
      "geometry": {
        "type": "Point",
        "coordinates": [
          134.2748373,
          34.4698164
        ]
      },
      "properties": {
        "内容": "バス停: オリーブ公園口 (小豆島オリーブバス)",
        "name": "オリーブ公園口",
        "operator": "小豆島オリーブバス",
        "ref": "",
        "url": "",
        "url2": ""
      }
    },
    {
      "type": "Feature",
      "geometry": {
        "type": "Point",
        "coordinates": [
          134.3496754,
          34.4921077
        ]
      },
      "properties": {
        "内容": "バス停: 南風台 (小豆島オリーブバス)",
        "name": "南風台",
        "operator": "小豆島オリーブバス",
        "ref": "",
        "url": "",
        "url2": ""
      }
    },
    {
      "type": "Feature",
      "geometry": {
        "type": "Point",
        "coordinates": [
          134.2179611,
          34.5014047
        ]
      },
      "properties": {
        "内容": "バス停: 下黒岩 (小豆島オリーブバス)",
        "name": "下黒岩",
        "operator": "小豆島オリーブバス",
        "ref": "",
        "url": "",
        "url2": ""
      }
    },
    {
      "type": "Feature",
      "geometry": {
        "type": "Point",
        "coordinates": [
          134.3169759,
          34.4575808
        ]
      },
      "properties": {
        "内容": "バス停: 見晴 (小豆島オリーブバス)",
        "name": "見晴",
        "operator": "小豆島オリーブバス",
        "ref": "",
        "url": "",
        "url2": ""
      }
    },
    {
      "type": "Feature",
      "geometry": {
        "type": "Point",
        "coordinates": [
          134.1528433,
          34.4860903
        ]
      },
      "properties": {
        "内容": "バス停: やさい工房前 (小豆島オリーブバス)",
        "name": "やさい工房前",
        "operator": "小豆島オリーブバス",
        "ref": "",
        "url": "",
        "url2": ""
      }
    },
    {
      "type": "Feature",
      "geometry": {
        "type": "Point",
        "coordinates": [
          134.3475174,
          34.502691
        ]
      },
      "properties": {
        "内容": "バス停: 岩ケ谷 (小豆島オリーブバス)",
        "name": "岩ケ谷",
        "operator": "小豆島オリーブバス",
        "ref": "",
        "url": "",
        "url2": ""
      }
    },
    {
      "type": "Feature",
      "geometry": {
        "type": "Point",
        "coordinates": [
          134.2234413,
          34.5048111
        ]
      },
      "properties": {
        "内容": "バス停: 常盤橋 (小豆島オリーブバス)",
        "name": "常盤橋",
        "operator": "小豆島オリーブバス",
        "ref": "",
        "url": "",
        "url2": ""
      }
    },
    {
      "type": "Feature",
      "geometry": {
        "type": "Point",
        "coordinates": [
          134.3207771,
          34.4578233
        ]
      },
      "properties": {
        "内容": "バス停: 坂手港 (小豆島オリーブバス)",
        "name": "坂手港",
        "operator": "小豆島オリーブバス",
        "ref": "",
        "url": "",
        "url2": ""
      }
    },
    {
      "type": "Feature",
      "geometry": {
        "type": "Point",
        "coordinates": [
          134.3535574,
          34.5233542
        ]
      },
      "properties": {
        "内容": "バス停: 当浜 (小豆島オリーブバス)",
        "name": "当浜",
        "operator": "小豆島オリーブバス",
        "ref": "",
        "url": "",
        "url2": ""
      }
    },
    {
      "type": "Feature",
      "geometry": {
        "type": "Point",
        "coordinates": [
          134.3027317,
          34.483052
        ]
      },
      "properties": {
        "内容": "バス停: 草壁公民館前 (小豆島オリーブバス)",
        "name": "草壁公民館前",
        "operator": "小豆島オリーブバス",
        "ref": "",
        "url": "",
        "url2": ""
      }
    },
    {
      "type": "Feature",
      "geometry": {
        "type": "Point",
        "coordinates": [
          134.1594095,
          34.4645127
        ]
      },
      "properties": {
        "内容": "バス停: 柳 (小豆島オリーブバス)",
        "name": "柳",
        "operator": "小豆島オリーブバス",
        "ref": "",
        "url": "",
        "url2": ""
      }
    },
    {
      "type": "Feature",
      "geometry": {
        "type": "Point",
        "coordinates": [
          134.2994066,
          34.4791957
        ]
      },
      "properties": {
        "内容": "バス停: 草壁港 (小豆島オリーブバス)",
        "name": "草壁港",
        "operator": "小豆島オリーブバス",
        "ref": "",
        "url": "",
        "url2": ""
      }
    },
    {
      "type": "Feature",
      "geometry": {
        "type": "Point",
        "coordinates": [
          134.303085,
          34.4890957
        ]
      },
      "properties": {
        "内容": "バス停: 神懸通 (小豆島オリーブバス)",
        "name": "神懸通",
        "operator": "小豆島オリーブバス",
        "ref": "",
        "url": "",
        "url2": ""
      }
    },
    {
      "type": "Feature",
      "geometry": {
        "type": "Point",
        "coordinates": [
          134.2409631,
          34.4832673
        ]
      },
      "properties": {
        "内容": "バス停: 池田大池前 (小豆島オリーブバス)",
        "name": "池田大池前",
        "operator": "小豆島オリーブバス",
        "ref": "",
        "url": "",
        "url2": ""
      }
    },
    {
      "type": "Feature",
      "geometry": {
        "type": "Point",
        "coordinates": [
          134.3161971,
          34.4788885
        ]
      },
      "properties": {
        "内容": "バス停: 牟礼病院前 (小豆島オリーブバス)",
        "name": "牟礼病院前",
        "operator": "小豆島オリーブバス",
        "ref": "",
        "url": "",
        "url2": ""
      }
    },
    {
      "type": "Feature",
      "geometry": {
        "type": "Point",
        "coordinates": [
          134.151823,
          34.462263
        ]
      },
      "properties": {
        "内容": "バス停: 堀神社前 (小豆島オリーブバス)",
        "name": "堀神社前",
        "operator": "小豆島オリーブバス",
        "ref": "",
        "url": "",
        "url2": ""
      }
    },
    {
      "type": "Feature",
      "geometry": {
        "type": "Point",
        "coordinates": [
          134.3186695,
          34.4745993
        ]
      },
      "properties": {
        "内容": "バス停: 馬木 (小豆島オリーブバス)",
        "name": "馬木",
        "operator": "小豆島オリーブバス",
        "ref": "",
        "url": "",
        "url2": ""
      }
    },
    {
      "type": "Feature",
      "geometry": {
        "type": "Point",
        "coordinates": [
          134.2963765,
          34.5079727
        ]
      },
      "properties": {
        "内容": "バス停: 紅雲亭 (小豆島オリーブバス)",
        "name": "紅雲亭",
        "operator": "小豆島オリーブバス",
        "ref": "",
        "url": "",
        "url2": ""
      }
    },
    {
      "type": "Feature",
      "geometry": {
        "type": "Point",
        "coordinates": [
          134.2497784,
          34.4765728
        ]
      },
      "properties": {
        "内容": "バス停: 丸山 (小豆島オリーブバス)",
        "name": "丸山",
        "operator": "小豆島オリーブバス",
        "ref": "",
        "url": "",
        "url2": ""
      }
    },
    {
      "type": "Feature",
      "geometry": {
        "type": "Point",
        "coordinates": [
          134.3198955,
          34.4820783
        ]
      },
      "properties": {
        "内容": "バス停: 安田上 (小豆島オリーブバス)",
        "name": "安田上",
        "operator": "小豆島オリーブバス",
        "ref": "",
        "url": "",
        "url2": ""
      }
    },
    {
      "type": "Feature",
      "geometry": {
        "type": "Point",
        "coordinates": [
          134.1432582,
          34.4719767
        ]
      },
      "properties": {
        "内容": "バス停: 戸形 (小豆島オリーブバス)",
        "name": "戸形",
        "operator": "小豆島オリーブバス",
        "ref": "",
        "url": "",
        "url2": ""
      }
    },
    {
      "type": "Feature",
      "geometry": {
        "type": "Point",
        "coordinates": [
          134.319514,
          34.466564
        ]
      },
      "properties": {
        "内容": "バス停: 丸金前 (小豆島オリーブバス)",
        "name": "丸金前",
        "operator": "小豆島オリーブバス",
        "ref": "",
        "url": "",
        "url2": ""
      }
    },
    {
      "type": "Feature",
      "geometry": {
        "type": "Point",
        "coordinates": [
          134.3491053,
          34.5060767
        ]
      },
      "properties": {
        "内容": "バス停: 天狗岩 (小豆島オリーブバス)",
        "name": "天狗岩",
        "operator": "小豆島オリーブバス",
        "ref": "",
        "url": "",
        "url2": ""
      }
    },
    {
      "type": "Feature",
      "geometry": {
        "type": "Point",
        "coordinates": [
          134.3419126,
          34.488314
        ]
      },
      "properties": {
        "内容": "バス停: 橘上 (小豆島オリーブバス)",
        "name": "橘上",
        "operator": "小豆島オリーブバス",
        "ref": "",
        "url": "",
        "url2": ""
      }
    },
    {
      "type": "Feature",
      "geometry": {
        "type": "Point",
        "coordinates": [
          134.1441644,
          34.4755231
        ]
      },
      "properties": {
        "内容": "バス停: 小瀬 (小豆島オリーブバス)",
        "name": "小瀬",
        "operator": "小豆島オリーブバス",
        "ref": "",
        "url": "",
        "url2": ""
      }
    },
    {
      "type": "Feature",
      "geometry": {
        "type": "Point",
        "coordinates": [
          134.3185692,
          34.4643477
        ]
      },
      "properties": {
        "内容": "バス停: 芦ノ浦 (小豆島オリーブバス)",
        "name": "芦ノ浦",
        "operator": "小豆島オリーブバス",
        "ref": "",
        "url": "",
        "url2": ""
      }
    },
    {
      "type": "Feature",
      "geometry": {
        "type": "Point",
        "coordinates": [
          134.3428522,
          34.4911931
        ]
      },
      "properties": {
        "内容": "バス停: 橘 (小豆島オリーブバス)",
        "name": "橘",
        "operator": "小豆島オリーブバス",
        "ref": "",
        "url": "",
        "url2": ""
      }
    },
    {
      "type": "Feature",
      "geometry": {
        "type": "Point",
        "coordinates": [
          134.235856,
          34.5027992
        ]
      },
      "properties": {
        "内容": "バス停: 西中山 (小豆島オリーブバス)",
        "name": "西中山",
        "operator": "小豆島オリーブバス",
        "ref": "",
        "url": "",
        "url2": ""
      }
    },
    {
      "type": "Feature",
      "geometry": {
        "type": "Point",
        "coordinates": [
          134.3170598,
          34.4592416
        ]
      },
      "properties": {
        "内容": "バス停: 古江 (小豆島オリーブバス)",
        "name": "古江",
        "operator": "小豆島オリーブバス",
        "ref": "",
        "url": "",
        "url2": ""
      }
    },
    {
      "type": "Feature",
      "geometry": {
        "type": "Point",
        "coordinates": [
          134.3167569,
          34.4619051
        ]
      },
      "properties": {
        "内容": "バス停: ベイリゾートホテル前 (小豆島オリーブバス)",
        "name": "ベイリゾートホテル前",
        "operator": "小豆島オリーブバス",
        "ref": "",
        "url": "",
        "url2": ""
      }
    },
    {
      "type": "Feature",
      "geometry": {
        "type": "Point",
        "coordinates": [
          134.3470368,
          34.537862
        ]
      },
      "properties": {
        "内容": "バス停: 金神前 (小豆島オリーブバス)",
        "name": "金神前",
        "operator": "小豆島オリーブバス",
        "ref": "",
        "url": "",
        "url2": ""
      }
    },
    {
      "type": "Feature",
      "geometry": {
        "type": "Point",
        "coordinates": [
          134.2396535,
          34.5033303
        ]
      },
      "properties": {
        "内容": "バス停: 春日神社前 (小豆島オリーブバス)",
        "name": "春日神社前",
        "operator": "小豆島オリーブバス",
        "ref": "",
        "url": "",
        "url2": ""
      }
    },
    {
      "type": "Feature",
      "geometry": {
        "type": "Point",
        "coordinates": [
          134.2366924,
          34.4710697
        ]
      },
      "properties": {
        "内容": "バス停: 小豆島ふるさと村 (小豆島オリーブバス)",
        "name": "小豆島ふるさと村",
        "operator": "小豆島オリーブバス",
        "ref": "",
        "url": "",
        "url2": ""
      }
    },
    {
      "type": "Feature",
      "geometry": {
        "type": "Point",
        "coordinates": [
          134.3445785,
          34.5408142
        ]
      },
      "properties": {
        "内容": "バス停: 福田西 (小豆島オリーブバス)",
        "name": "福田西",
        "operator": "小豆島オリーブバス",
        "ref": "",
        "url": "",
        "url2": ""
      }
    },
    {
      "type": "Feature",
      "geometry": {
        "type": "Point",
        "coordinates": [
          134.3027942,
          34.4808794
        ]
      },
      "properties": {
        "内容": "バス停: 草壁本町 (小豆島オリーブバス)",
        "name": "草壁本町",
        "operator": "小豆島オリーブバス",
        "ref": "",
        "url": "",
        "url2": ""
      }
    },
    {
      "type": "Feature",
      "geometry": {
        "type": "Point",
        "coordinates": [
          134.2443954,
          34.5000432
        ]
      },
      "properties": {
        "内容": "バス停: 奥中山 (小豆島オリーブバス)",
        "name": "奥中山",
        "operator": "小豆島オリーブバス",
        "ref": "",
        "url": "",
        "url2": ""
      }
    },
    {
      "type": "Feature",
      "geometry": {
        "type": "Point",
        "coordinates": [
          134.2837411,
          34.4562038
        ]
      },
      "properties": {
        "内容": "バス停: 切谷 (小豆島オリーブバス)",
        "name": "切谷",
        "operator": "小豆島オリーブバス",
        "ref": "",
        "url": "",
        "url2": ""
      }
    },
    {
      "type": "Feature",
      "geometry": {
        "type": "Point",
        "coordinates": [
          134.171685,
          34.474407
        ]
      },
      "properties": {
        "内容": "バス停: 鹿島 (小豆島オリーブバス)",
        "name": "鹿島",
        "operator": "小豆島オリーブバス",
        "ref": "",
        "url": "",
        "url2": ""
      }
    },
    {
      "type": "Feature",
      "geometry": {
        "type": "Point",
        "coordinates": [
          134.3116427,
          34.4789538
        ]
      },
      "properties": {
        "内容": "バス停: 小豆島中学校前 (小豆島オリーブバス)",
        "name": "小豆島中学校前",
        "operator": "小豆島オリーブバス",
        "ref": "",
        "url": "",
        "url2": ""
      }
    },
    {
      "type": "Feature",
      "geometry": {
        "type": "Point",
        "coordinates": [
          134.3028168,
          34.4830148
        ]
      },
      "properties": {
        "内容": "バス停: 草壁公民館前 (小豆島オリーブバス)",
        "name": "草壁公民館前",
        "operator": "小豆島オリーブバス",
        "ref": "",
        "url": "",
        "url2": ""
      }
    },
    {
      "type": "Feature",
      "geometry": {
        "type": "Point",
        "coordinates": [
          134.2854097,
          34.4459124
        ]
      },
      "properties": {
        "内容": "バス停: 二十四の瞳映画村 (小豆島オリーブバス)",
        "name": "二十四の瞳映画村",
        "operator": "小豆島オリーブバス",
        "ref": "",
        "url": "",
        "url2": ""
      }
    },
    {
      "type": "Feature",
      "geometry": {
        "type": "Point",
        "coordinates": [
          134.2660055,
          34.4703519
        ]
      },
      "properties": {
        "内容": "バス停: 竹生 (小豆島オリーブバス)",
        "name": "竹生",
        "operator": "小豆島オリーブバス",
        "ref": "",
        "url": "",
        "url2": ""
      }
    },
    {
      "type": "Feature",
      "geometry": {
        "type": "Point",
        "coordinates": [
          134.1595112,
          34.4645763
        ]
      },
      "properties": {
        "内容": "バス停: 柳 (小豆島オリーブバス)",
        "name": "柳",
        "operator": "小豆島オリーブバス",
        "ref": "",
        "url": "",
        "url2": ""
      }
    },
    {
      "type": "Feature",
      "geometry": {
        "type": "Point",
        "coordinates": [
          134.2397856,
          34.484587
        ]
      },
      "properties": {
        "内容": "バス停: 上地 (小豆島オリーブバス)",
        "name": "上地",
        "operator": "小豆島オリーブバス",
        "ref": "",
        "url": "",
        "url2": ""
      }
    },
    {
      "type": "Feature",
      "geometry": {
        "type": "Point",
        "coordinates": [
          134.3162238,
          34.4788372
        ]
      },
      "properties": {
        "内容": "バス停: 牟礼病院前 (小豆島オリーブバス)",
        "name": "牟礼病院前",
        "operator": "小豆島オリーブバス",
        "ref": "",
        "url": "",
        "url2": ""
      }
    },
    {
      "type": "Feature",
      "geometry": {
        "type": "Point",
        "coordinates": [
          134.2709207,
          34.4701203
        ]
      },
      "properties": {
        "内容": "バス停: オリーブヶ丘 (小豆島オリーブバス)",
        "name": "オリーブヶ丘",
        "operator": "小豆島オリーブバス",
        "ref": "",
        "url": "",
        "url2": ""
      }
    },
    {
      "type": "Feature",
      "geometry": {
        "type": "Point",
        "coordinates": [
          134.210837,
          34.4984847
        ]
      },
      "properties": {
        "内容": "バス停: 妙見 (小豆島オリーブバス)",
        "name": "妙見",
        "operator": "小豆島オリーブバス",
        "ref": "",
        "url": "",
        "url2": ""
      }
    },
    {
      "type": "Feature",
      "geometry": {
        "type": "Point",
        "coordinates": [
          134.320515,
          34.470415
        ]
      },
      "properties": {
        "内容": "バス停: 苗羽 (小豆島オリーブバス)",
        "name": "苗羽",
        "operator": "小豆島オリーブバス",
        "ref": "",
        "url": "",
        "url2": ""
      }
    },
    {
      "type": "Feature",
      "geometry": {
        "type": "Point",
        "coordinates": [
          134.3027681,
          34.4961114
        ]
      },
      "properties": {
        "内容": "バス停: 内海ダム前 (小豆島オリーブバス)",
        "name": "内海ダム前",
        "operator": "小豆島オリーブバス",
        "ref": "",
        "url": "",
        "url2": ""
      }
    },
    {
      "type": "Feature",
      "geometry": {
        "type": "Point",
        "coordinates": [
          134.278128,
          34.4707684
        ]
      },
      "properties": {
        "内容": "バス停: 水木 (小豆島オリーブバス)",
        "name": "水木",
        "operator": "小豆島オリーブバス",
        "ref": "",
        "url": "",
        "url2": ""
      }
    },
    {
      "type": "Feature",
      "geometry": {
        "type": "Point",
        "coordinates": [
          134.3479083,
          34.499314
        ]
      },
      "properties": {
        "内容": "バス停: 岩ケ谷漁港 (小豆島オリーブバス)",
        "name": "岩ケ谷漁港",
        "operator": "小豆島オリーブバス",
        "ref": "",
        "url": "",
        "url2": ""
      }
    },
    {
      "type": "Feature",
      "geometry": {
        "type": "Point",
        "coordinates": [
          134.2179973,
          34.501083
        ]
      },
      "properties": {
        "内容": "バス停: 下黒岩 (小豆島オリーブバス)",
        "name": "下黒岩",
        "operator": "小豆島オリーブバス",
        "ref": "",
        "url": "",
        "url2": ""
      }
    },
    {
      "type": "Feature",
      "geometry": {
        "type": "Point",
        "coordinates": [
          134.3169824,
          34.4575114
        ]
      },
      "properties": {
        "内容": "バス停: 見晴 (小豆島オリーブバス)",
        "name": "見晴",
        "operator": "小豆島オリーブバス",
        "ref": "",
        "url": "",
        "url2": ""
      }
    },
    {
      "type": "Feature",
      "geometry": {
        "type": "Point",
        "coordinates": [
          134.3085532,
          34.479548
        ]
      },
      "properties": {
        "内容": "バス停: 小豆島町役場前 (小豆島オリーブバス)",
        "name": "小豆島町役場前",
        "operator": "小豆島オリーブバス",
        "ref": "",
        "url": "",
        "url2": ""
      }
    },
    {
      "type": "Feature",
      "geometry": {
        "type": "Point",
        "coordinates": [
          134.3475978,
          34.5026692
        ]
      },
      "properties": {
        "内容": "バス停: 岩ケ谷 (小豆島オリーブバス)",
        "name": "岩ケ谷",
        "operator": "小豆島オリーブバス",
        "ref": "",
        "url": "",
        "url2": ""
      }
    },
    {
      "type": "Feature",
      "geometry": {
        "type": "Point",
        "coordinates": [
          134.2259179,
          34.5066033
        ]
      },
      "properties": {
        "内容": "バス停: 肥土山 (小豆島オリーブバス)",
        "name": "肥土山",
        "operator": "小豆島オリーブバス",
        "ref": "",
        "url": "",
        "url2": ""
      }
    },
    {
      "type": "Feature",
      "geometry": {
        "type": "Point",
        "coordinates": [
          134.3228847,
          34.4559965
        ]
      },
      "properties": {
        "内容": "バス停: 坂手東 (小豆島オリーブバス)",
        "name": "坂手東",
        "operator": "小豆島オリーブバス",
        "ref": "",
        "url": "",
        "url2": ""
      }
    },
    {
      "type": "Feature",
      "geometry": {
        "type": "Point",
        "coordinates": [
          134.3569528,
          34.5299263
        ]
      },
      "properties": {
        "内容": "バス停: ゴルフ場前 (小豆島オリーブバス)",
        "name": "ゴルフ場前",
        "operator": "小豆島オリーブバス",
        "ref": "",
        "url": "",
        "url2": ""
      }
    },
    {
      "type": "Feature",
      "geometry": {
        "type": "Point",
        "coordinates": [
          134.235885,
          34.502735
        ]
      },
      "properties": {
        "内容": "バス停: 西中山 (小豆島オリーブバス)",
        "name": "西中山",
        "operator": "小豆島オリーブバス",
        "ref": "",
        "url": "",
        "url2": ""
      }
    },
    {
      "type": "Feature",
      "geometry": {
        "type": "Point",
        "coordinates": [
          134.3140038,
          34.4596388
        ]
      },
      "properties": {
        "内容": "バス停: 海水浴場前 (小豆島オリーブバス)",
        "name": "海水浴場前",
        "operator": "小豆島オリーブバス",
        "ref": "",
        "url": "",
        "url2": ""
      }
    },
    {
      "type": "Feature",
      "geometry": {
        "type": "Point",
        "coordinates": [
          134.3471341,
          34.5379071
        ]
      },
      "properties": {
        "内容": "バス停: 金神前 (小豆島オリーブバス)",
        "name": "金神前",
        "operator": "小豆島オリーブバス",
        "ref": "",
        "url": "",
        "url2": ""
      }
    },
    {
      "type": "Feature",
      "geometry": {
        "type": "Point",
        "coordinates": [
          134.3022462,
          34.5043922
        ]
      },
      "properties": {
        "内容": "バス停: 猪谷 (小豆島オリーブバス)",
        "name": "猪谷",
        "operator": "小豆島オリーブバス",
        "ref": "",
        "url": "",
        "url2": ""
      }
    },
    {
      "type": "Feature",
      "geometry": {
        "type": "Point",
        "coordinates": [
          134.3026621,
          34.4591662
        ]
      },
      "properties": {
        "内容": "バス停: 堀越 (小豆島オリーブバス)",
        "name": "堀越",
        "operator": "小豆島オリーブバス",
        "ref": "",
        "url": "",
        "url2": ""
      }
    },
    {
      "type": "Feature",
      "geometry": {
        "type": "Point",
        "coordinates": [
          134.2418933,
          34.4830346
        ]
      },
      "properties": {
        "内容": "バス停: 池田大池前 (小豆島オリーブバス)",
        "name": "池田大池前",
        "operator": "小豆島オリーブバス",
        "ref": "",
        "url": "",
        "url2": ""
      }
    },
    {
      "type": "Feature",
      "geometry": {
        "type": "Point",
        "coordinates": [
          134.1501721,
          34.4651863
        ]
      },
      "properties": {
        "内容": "バス停: 千軒 (小豆島オリーブバス)",
        "name": "千軒",
        "operator": "小豆島オリーブバス",
        "ref": "",
        "url": "",
        "url2": ""
      }
    },
    {
      "type": "Feature",
      "geometry": {
        "type": "Point",
        "coordinates": [
          134.3028617,
          34.4807969
        ]
      },
      "properties": {
        "内容": "バス停: 草壁本町 (小豆島オリーブバス)",
        "name": "草壁本町",
        "operator": "小豆島オリーブバス",
        "ref": "",
        "url": "",
        "url2": ""
      }
    },
    {
      "type": "Feature",
      "geometry": {
        "type": "Point",
        "coordinates": [
          134.321279,
          34.4565815
        ]
      },
      "properties": {
        "内容": "バス停: 坂手港ターミナル前 (小豆島オリーブバス)",
        "name": "坂手港ターミナル前",
        "operator": "小豆島オリーブバス",
        "ref": "",
        "url": "",
        "url2": ""
      }
    },
    {
      "type": "Feature",
      "geometry": {
        "type": "Point",
        "coordinates": [
          134.2587573,
          34.4716859
        ]
      },
      "properties": {
        "内容": "バス停: 赤坂 (小豆島オリーブバス)",
        "name": "赤坂",
        "operator": "小豆島オリーブバス",
        "ref": "",
        "url": "",
        "url2": ""
      }
    },
    {
      "type": "Feature",
      "geometry": {
        "type": "Point",
        "coordinates": [
          134.3417904,
          34.4861251
        ]
      },
      "properties": {
        "内容": "バス停: 橘新団地前 (小豆島オリーブバス)",
        "name": "橘新団地前",
        "operator": "小豆島オリーブバス",
        "ref": "",
        "url": "",
        "url2": ""
      }
    },
    {
      "type": "Feature",
      "geometry": {
        "type": "Point",
        "coordinates": [
          134.1433279,
          34.4718717
        ]
      },
      "properties": {
        "内容": "バス停: 戸形 (小豆島オリーブバス)",
        "name": "戸形",
        "operator": "小豆島オリーブバス",
        "ref": "",
        "url": "",
        "url2": ""
      }
    },
    {
      "type": "Feature",
      "geometry": {
        "type": "Point",
        "coordinates": [
          134.3194388,
          34.4665799
        ]
      },
      "properties": {
        "内容": "バス停: 丸金前 (小豆島オリーブバス)",
        "name": "丸金前",
        "operator": "小豆島オリーブバス",
        "ref": "",
        "url": "",
        "url2": ""
      }
    },
    {
      "type": "Feature",
      "geometry": {
        "type": "Point",
        "coordinates": [
          134.1670408,
          34.4893097
        ]
      },
      "properties": {
        "内容": "バス停: 畝木 (小豆島オリーブバス)",
        "name": "畝木",
        "operator": "小豆島オリーブバス",
        "ref": "",
        "url": "",
        "url2": ""
      }
    },
    {
      "type": "Feature",
      "geometry": {
        "type": "Point",
        "coordinates": [
          134.2671681,
          34.4703975
        ]
      },
      "properties": {
        "内容": "バス停: 竹生 (小豆島オリーブバス)",
        "name": "竹生",
        "operator": "小豆島オリーブバス",
        "ref": "",
        "url": "",
        "url2": ""
      }
    },
    {
      "type": "Feature",
      "geometry": {
        "type": "Point",
        "coordinates": [
          134.3420142,
          34.4883373
        ]
      },
      "properties": {
        "内容": "バス停: 橘上 (小豆島オリーブバス)",
        "name": "橘上",
        "operator": "小豆島オリーブバス",
        "ref": "",
        "url": "",
        "url2": ""
      }
    },
    {
      "type": "Feature",
      "geometry": {
        "type": "Point",
        "coordinates": [
          134.3173801,
          34.4599122
        ]
      },
      "properties": {
        "内容": "バス停: 古江 (小豆島オリーブバス)",
        "name": "古江",
        "operator": "小豆島オリーブバス",
        "ref": "",
        "url": "",
        "url2": ""
      }
    },
    {
      "type": "Feature",
      "geometry": {
        "type": "Point",
        "coordinates": [
          134.3495725,
          34.4921377
        ]
      },
      "properties": {
        "内容": "バス停: 南風台 (小豆島オリーブバス)",
        "name": "南風台",
        "operator": "小豆島オリーブバス",
        "ref": "",
        "url": "",
        "url2": ""
      }
    },
    {
      "type": "Feature",
      "geometry": {
        "type": "Point",
        "coordinates": [
          134.299471,
          34.4793021
        ]
      },
      "properties": {
        "内容": "バス停: 草壁港 (小豆島オリーブバス)",
        "name": "草壁港",
        "operator": "小豆島オリーブバス",
        "ref": "",
        "url": "",
        "url2": ""
      }
    },
    {
      "type": "Feature",
      "geometry": {
        "type": "Point",
        "coordinates": [
          134.2107799,
          34.498338
        ]
      },
      "properties": {
        "内容": "バス停: 妙見 (小豆島オリーブバス)",
        "name": "妙見",
        "operator": "小豆島オリーブバス",
        "ref": "",
        "url": "",
        "url2": ""
      }
    },
    {
      "type": "Feature",
      "geometry": {
        "type": "Point",
        "coordinates": [
          134.3170066,
          34.4592984
        ]
      },
      "properties": {
        "内容": "バス停: 古江 (小豆島オリーブバス)",
        "name": "古江",
        "operator": "小豆島オリーブバス",
        "ref": "",
        "url": "",
        "url2": ""
      }
    },
    {
      "type": "Feature",
      "geometry": {
        "type": "Point",
        "coordinates": [
          134.1761477,
          34.4769801
        ]
      },
      "properties": {
        "内容": "バス停: 鹿島海水浴場前 (小豆島オリーブバス)",
        "name": "鹿島海水浴場前",
        "operator": "小豆島オリーブバス",
        "ref": "",
        "url": "",
        "url2": ""
      }
    },
    {
      "type": "Feature",
      "geometry": {
        "type": "Point",
        "coordinates": [
          134.3479826,
          34.499374
        ]
      },
      "properties": {
        "内容": "バス停: 岩ケ谷漁港 (小豆島オリーブバス)",
        "name": "岩ケ谷漁港",
        "operator": "小豆島オリーブバス",
        "ref": "",
        "url": "",
        "url2": ""
      }
    },
    {
      "type": "Feature",
      "geometry": {
        "type": "Point",
        "coordinates": [
          134.2437136,
          34.5024759
        ]
      },
      "properties": {
        "内容": "バス停: 中山 (小豆島オリーブバス)",
        "name": "中山",
        "operator": "小豆島オリーブバス",
        "ref": "",
        "url": "",
        "url2": ""
      }
    },
    {
      "type": "Feature",
      "geometry": {
        "type": "Point",
        "coordinates": [
          134.3208165,
          34.4578786
        ]
      },
      "properties": {
        "内容": "バス停: 坂手港 (小豆島オリーブバス)",
        "name": "坂手港",
        "operator": "小豆島オリーブバス",
        "ref": "",
        "url": "",
        "url2": ""
      }
    },
    {
      "type": "Feature",
      "geometry": {
        "type": "Point",
        "coordinates": [
          134.2366026,
          34.4710556
        ]
      },
      "properties": {
        "内容": "バス停: 小豆島ふるさと村 (小豆島オリーブバス)",
        "name": "小豆島ふるさと村",
        "operator": "小豆島オリーブバス",
        "ref": "",
        "url": "",
        "url2": ""
      }
    },
    {
      "type": "Feature",
      "geometry": {
        "type": "Point",
        "coordinates": [
          134.2863712,
          34.4513997
        ]
      },
      "properties": {
        "内容": "バス停: 田ノ浦 (小豆島オリーブバス)",
        "name": "田ノ浦",
        "operator": "小豆島オリーブバス",
        "ref": "",
        "url": "",
        "url2": ""
      }
    },
    {
      "type": "Feature",
      "geometry": {
        "type": "Point",
        "coordinates": [
          134.1716028,
          34.4744383
        ]
      },
      "properties": {
        "内容": "バス停: 鹿島 (小豆島オリーブバス)",
        "name": "鹿島",
        "operator": "小豆島オリーブバス",
        "ref": "",
        "url": "",
        "url2": ""
      }
    },
    {
      "type": "Feature",
      "geometry": {
        "type": "Point",
        "coordinates": [
          134.3143263,
          34.4783381
        ]
      },
      "properties": {
        "内容": "バス停: 安田 (小豆島オリーブバス)",
        "name": "安田",
        "operator": "小豆島オリーブバス",
        "ref": "",
        "url": "",
        "url2": ""
      }
    },
    {
      "type": "Feature",
      "geometry": {
        "type": "Point",
        "coordinates": [
          134.3030091,
          34.4891002
        ]
      },
      "properties": {
        "内容": "バス停: 神懸通 (小豆島オリーブバス)",
        "name": "神懸通",
        "operator": "小豆島オリーブバス",
        "ref": "",
        "url": "",
        "url2": ""
      }
    },
    {
      "type": "Feature",
      "geometry": {
        "type": "Point",
        "coordinates": [
          134.2853496,
          34.4459846
        ]
      },
      "properties": {
        "内容": "バス停: 二十四の瞳映画村 (小豆島オリーブバス)",
        "name": "二十四の瞳映画村",
        "operator": "小豆島オリーブバス",
        "ref": "",
        "url": "",
        "url2": ""
      }
    },
    {
      "type": "Feature",
      "geometry": {
        "type": "Point",
        "coordinates": [
          134.1517468,
          34.4622047
        ]
      },
      "properties": {
        "内容": "バス停: 堀神社前 (小豆島オリーブバス)",
        "name": "堀神社前",
        "operator": "小豆島オリーブバス",
        "ref": "",
        "url": "",
        "url2": ""
      }
    },
    {
      "type": "Feature",
      "geometry": {
        "type": "Point",
        "coordinates": [
          134.3189089,
          34.4742451
        ]
      },
      "properties": {
        "内容": "バス停: 馬木 (小豆島オリーブバス)",
        "name": "馬木",
        "operator": "小豆島オリーブバス",
        "ref": "",
        "url": "",
        "url2": ""
      }
    },
    {
      "type": "Feature",
      "geometry": {
        "type": "Point",
        "coordinates": [
          134.3023698,
          34.5043613
        ]
      },
      "properties": {
        "内容": "バス停: 猪谷 (小豆島オリーブバス)",
        "name": "猪谷",
        "operator": "小豆島オリーブバス",
        "ref": "",
        "url": "",
        "url2": ""
      }
    },
    {
      "type": "Feature",
      "geometry": {
        "type": "Point",
        "coordinates": [
          134.319752,
          34.4821395
        ]
      },
      "properties": {
        "内容": "バス停: 安田上 (小豆島オリーブバス)",
        "name": "安田上",
        "operator": "小豆島オリーブバス",
        "ref": "",
        "url": "",
        "url2": ""
      }
    },
    {
      "type": "Feature",
      "geometry": {
        "type": "Point",
        "coordinates": [
          134.2747129,
          34.4699307
        ]
      },
      "properties": {
        "内容": "バス停: オリーブ公園口 (小豆島オリーブバス)",
        "name": "オリーブ公園口",
        "operator": "小豆島オリーブバス",
        "ref": "",
        "url": "",
        "url2": ""
      }
    },
    {
      "type": "Feature",
      "geometry": {
        "type": "Point",
        "coordinates": [
          134.1502712,
          34.465273
        ]
      },
      "properties": {
        "内容": "バス停: 千軒 (小豆島オリーブバス)",
        "name": "千軒",
        "operator": "小豆島オリーブバス",
        "ref": "",
        "url": "",
        "url2": ""
      }
    },
    {
      "type": "Feature",
      "geometry": {
        "type": "Point",
        "coordinates": [
          134.320391,
          34.470322
        ]
      },
      "properties": {
        "内容": "バス停: 苗羽 (小豆島オリーブバス)",
        "name": "苗羽",
        "operator": "小豆島オリーブバス",
        "ref": "",
        "url": "",
        "url2": ""
      }
    },
    {
      "type": "Feature",
      "geometry": {
        "type": "Point",
        "coordinates": [
          134.15275,
          34.486192
        ]
      },
      "properties": {
        "内容": "バス停: やさい工房前 (小豆島オリーブバス)",
        "name": "やさい工房前",
        "operator": "小豆島オリーブバス",
        "ref": "",
        "url": "",
        "url2": ""
      }
    },
    {
      "type": "Feature",
      "geometry": {
        "type": "Point",
        "coordinates": [
          134.3418481,
          34.4860355
        ]
      },
      "properties": {
        "内容": "バス停: 橘新団地前 (小豆島オリーブバス)",
        "name": "橘新団地前",
        "operator": "小豆島オリーブバス",
        "ref": "",
        "url": "",
        "url2": ""
      }
    },
    {
      "type": "Feature",
      "geometry": {
        "type": "Point",
        "coordinates": [
          134.2774296,
          34.4700158
        ]
      },
      "properties": {
        "内容": "バス停: 水木 (小豆島オリーブバス)",
        "name": "水木",
        "operator": "小豆島オリーブバス",
        "ref": "",
        "url": "",
        "url2": ""
      }
    },
    {
      "type": "Feature",
      "geometry": {
        "type": "Point",
        "coordinates": [
          134.2233265,
          34.5048601
        ]
      },
      "properties": {
        "内容": "バス停: 常盤橋 (小豆島オリーブバス)",
        "name": "常盤橋",
        "operator": "小豆島オリーブバス",
        "ref": "",
        "url": "",
        "url2": ""
      }
    },
    {
      "type": "Feature",
      "geometry": {
        "type": "Point",
        "coordinates": [
          133.6547072,
          34.1264259
        ]
      },
      "properties": {
        "内容": "バス停: 駅通り交差点 (観音寺市のりあいバス)",
        "name": "駅通り交差点",
        "operator": "観音寺市のりあいバス",
        "ref": "",
        "url": "",
        "url2": ""
      }
    },
    {
      "type": "Feature",
      "geometry": {
        "type": "Point",
        "coordinates": [
          133.6523589,
          34.1294078
        ]
      },
      "properties": {
        "内容": "バス停: 茶屋ガーデン (三豊中央観光バス)",
        "name": "茶屋ガーデン",
        "operator": "三豊中央観光バス",
        "ref": "",
        "url": "",
        "url2": ""
      }
    },
    {
      "type": "Feature",
      "geometry": {
        "type": "Point",
        "coordinates": [
          133.6524621,
          34.1294006
        ]
      },
      "properties": {
        "内容": "バス停: 茶屋ガーデン (三豊中央観光バス)",
        "name": "茶屋ガーデン",
        "operator": "三豊中央観光バス",
        "ref": "",
        "url": "",
        "url2": ""
      }
    },
    {
      "type": "Feature",
      "geometry": {
        "type": "Point",
        "coordinates": [
          133.7139366,
          34.2103086
        ]
      },
      "properties": {
        "内容": "バス停: 三野保育所前",
        "name": "三野保育所前",
        "operator": "事業者不明",
        "ref": "",
        "url": "",
        "url2": ""
      }
    },
    {
      "type": "Feature",
      "geometry": {
        "type": "Point",
        "coordinates": [
          133.9674246,
          34.3052403
        ]
      },
      "properties": {
        "内容": "バス停: 端岡駅前 (国分寺町コミバス)",
        "name": "端岡駅前",
        "operator": "国分寺町コミバス",
        "ref": "",
        "url": "",
        "url2": ""
      }
    },
    {
      "type": "Feature",
      "geometry": {
        "type": "Point",
        "coordinates": [
          133.9732661,
          34.3072514
        ]
      },
      "properties": {
        "内容": "バス停: 西大谷 (国分寺町コミバス)",
        "name": "西大谷",
        "operator": "国分寺町コミバス",
        "ref": "",
        "url": "",
        "url2": ""
      }
    },
    {
      "type": "Feature",
      "geometry": {
        "type": "Point",
        "coordinates": [
          133.9723082,
          34.3066533
        ]
      },
      "properties": {
        "内容": "バス停: 西大谷 (国分寺町コミバス)",
        "name": "西大谷",
        "operator": "国分寺町コミバス",
        "ref": "",
        "url": "",
        "url2": ""
      }
    },
    {
      "type": "Feature",
      "geometry": {
        "type": "Point",
        "coordinates": [
          133.9685474,
          34.3061487
        ]
      },
      "properties": {
        "内容": "バス停: 端岡駅北 (国分寺町コミバス)",
        "name": "端岡駅北",
        "operator": "国分寺町コミバス",
        "ref": "",
        "url": "",
        "url2": ""
      }
    },
    {
      "type": "Feature",
      "geometry": {
        "type": "Point",
        "coordinates": [
          133.9670569,
          34.305859
        ]
      },
      "properties": {
        "内容": "バス停: 端岡駅北 (国分寺町コミバス)",
        "name": "端岡駅北",
        "operator": "国分寺町コミバス",
        "ref": "",
        "url": "",
        "url2": ""
      }
    },
    {
      "type": "Feature",
      "geometry": {
        "type": "Point",
        "coordinates": [
          134.2564245,
          34.2842933
        ]
      },
      "properties": {
        "内容": "バス停: 琴林",
        "name": "琴林",
        "operator": "事業者不明",
        "ref": "",
        "url": "",
        "url2": ""
      }
    },
    {
      "type": "Feature",
      "geometry": {
        "type": "Point",
        "coordinates": [
          134.123044,
          34.241896
        ]
      },
      "properties": {
        "内容": "バス停: 石塚",
        "name": "石塚",
        "operator": "事業者不明",
        "ref": "",
        "url": "",
        "url2": ""
      }
    },
    {
      "type": "Feature",
      "geometry": {
        "type": "Point",
        "coordinates": [
          134.1060059,
          34.3416767
        ]
      },
      "properties": {
        "内容": "バス停: ことでん屋島駅",
        "name": "ことでん屋島駅",
        "operator": "事業者不明",
        "ref": "",
        "url": "",
        "url2": ""
      }
    },
    {
      "type": "Feature",
      "geometry": {
        "type": "Point",
        "coordinates": [
          134.1022828,
          34.358225
        ]
      },
      "properties": {
        "内容": "バス停: 屋島山上",
        "name": "屋島山上",
        "operator": "事業者不明",
        "ref": "",
        "url": "",
        "url2": ""
      }
    },
    {
      "type": "Feature",
      "geometry": {
        "type": "Point",
        "coordinates": [
          134.0479293,
          34.3372197
        ]
      },
      "properties": {
        "内容": "バス停: 中新町",
        "name": "中新町",
        "operator": "事業者不明",
        "ref": "",
        "url": "",
        "url2": ""
      }
    },
    {
      "type": "Feature",
      "geometry": {
        "type": "Point",
        "coordinates": [
          134.0014307,
          34.4511272
        ]
      },
      "properties": {
        "内容": "バス停: 積浦",
        "name": "積浦",
        "operator": "事業者不明",
        "ref": "",
        "url": "",
        "url2": ""
      }
    },
    {
      "type": "Feature",
      "geometry": {
        "type": "Point",
        "coordinates": [
          133.9987361,
          34.4609918
        ]
      },
      "properties": {
        "内容": "バス停: 直島港",
        "name": "直島港",
        "operator": "事業者不明",
        "ref": "",
        "url": "",
        "url2": ""
      }
    },
    {
      "type": "Feature",
      "geometry": {
        "type": "Point",
        "coordinates": [
          134.2958868,
          34.2026015
        ]
      },
      "properties": {
        "内容": "バス停: 名称不明バス停",
        "name": "名称不明バス停",
        "operator": "事業者不明",
        "ref": "",
        "url": "",
        "url2": ""
      }
    },
    {
      "type": "Feature",
      "geometry": {
        "type": "Point",
        "coordinates": [
          133.7990484,
          34.2893051
        ]
      },
      "properties": {
        "内容": "バス停: 丸亀市役所前(マルタス前）",
        "name": "丸亀市役所前(マルタス前）",
        "operator": "事業者不明",
        "ref": "",
        "url": "",
        "url2": ""
      }
    },
    {
      "type": "Feature",
      "geometry": {
        "type": "Point",
        "coordinates": [
          133.7990092,
          34.2893838
        ]
      },
      "properties": {
        "内容": "バス停: 丸亀市役所前(マルタス前）",
        "name": "丸亀市役所前(マルタス前）",
        "operator": "事業者不明",
        "ref": "",
        "url": "",
        "url2": ""
      }
    },
    {
      "type": "Feature",
      "geometry": {
        "type": "Point",
        "coordinates": [
          134.095601,
          34.4897109
        ]
      },
      "properties": {
        "内容": "バス停: 名称不明バス停",
        "name": "名称不明バス停",
        "operator": "事業者不明",
        "ref": "",
        "url": "",
        "url2": ""
      }
    },
    {
      "type": "Feature",
      "geometry": {
        "type": "Point",
        "coordinates": [
          134.0875298,
          34.4852954
        ]
      },
      "properties": {
        "内容": "バス停: 唐櫃岡集会所前",
        "name": "唐櫃岡集会所前",
        "operator": "事業者不明",
        "ref": "5",
        "url": "",
        "url2": ""
      }
    },
    {
      "type": "Feature",
      "geometry": {
        "type": "Point",
        "coordinates": [
          134.0875661,
          34.4852887
        ]
      },
      "properties": {
        "内容": "バス停: 唐櫃岡集会所前",
        "name": "唐櫃岡集会所前",
        "operator": "事業者不明",
        "ref": "",
        "url": "",
        "url2": ""
      }
    },
    {
      "type": "Feature",
      "geometry": {
        "type": "Point",
        "coordinates": [
          134.0858253,
          34.4857874
        ]
      },
      "properties": {
        "内容": "バス停: 清水前",
        "name": "清水前",
        "operator": "事業者不明",
        "ref": "4",
        "url": "",
        "url2": ""
      }
    },
    {
      "type": "Feature",
      "geometry": {
        "type": "Point",
        "coordinates": [
          133.8192532,
          34.1879813
        ]
      },
      "properties": {
        "内容": "バス停: こんぴらさん入口 (琴空バス)",
        "name": "こんぴらさん入口",
        "operator": "琴空バス",
        "ref": "",
        "url": "",
        "url2": ""
      }
    },
    {
      "type": "Feature",
      "geometry": {
        "type": "Point",
        "coordinates": [
          134.1562618,
          34.169072
        ]
      },
      "properties": {
        "内容": "バス停: 中山",
        "name": "中山",
        "operator": "事業者不明",
        "ref": "",
        "url": "",
        "url2": ""
      }
    },
    {
      "type": "Feature",
      "geometry": {
        "type": "Point",
        "coordinates": [
          134.0462408,
          34.3173568
        ]
      },
      "properties": {
        "内容": "バス停: 三条",
        "name": "三条",
        "operator": "事業者不明",
        "ref": "",
        "url": "",
        "url2": ""
      }
    }
  ]
}