{
"type": "FeatureCollection",
"name": "geo_37_居宅介護支援",
"crs": { "type": "name", "properties": { "name": "urn:ogc:def:crs:OGC:1.3:CRS84" } },
"features": [
{ "type": "Feature", "properties": { "内容": "指定居宅介護支援センター　ゆうの季節【居宅介護支援】香川県高松市新田町乙8番地ハイ・フォロー高松東2階", "url": "https://www.kaigokensaku.mhlw.go.jp/37/index.php?action_kouhyou_detail_004_kani=true&JigyosyoCd=3770105686-00&ServiceCd=430&Type=search", "url2": "http://www.high-follow.com" }, "geometry": { "type": "Point", "coordinates": [ 134.111424545507788, 34.318677811480015 ] } },
{ "type": "Feature", "properties": { "内容": "香川県高齢者生活協同組合「ひだまり」【居宅介護支援】高松市香川町川東下1190-1", "url": "https://www.kaigokensaku.mhlw.go.jp/37/index.php?action_kouhyou_detail_004_kani=true&JigyosyoCd=3770100596-00&ServiceCd=430&Type=search", "url2": null }, "geometry": { "type": "Point", "coordinates": [ 134.030565854760653, 34.246835485425834 ] } },
{ "type": "Feature", "properties": { "内容": "花音【居宅介護支援】香川県高松市香南町由佐1382番地28", "url": "https://www.kaigokensaku.mhlw.go.jp/37/index.php?action_kouhyou_detail_004_kani=true&JigyosyoCd=3770109944-00&ServiceCd=430&Type=search", "url2": null }, "geometry": { "type": "Point", "coordinates": [ 134.010279099999906, 34.238233 ] } },
{ "type": "Feature", "properties": { "内容": "ハッピー居宅介護支援事業所【居宅介護支援】香川県高松市多肥上町７１８－１", "url": "https://www.kaigokensaku.mhlw.go.jp/37/index.php?action_kouhyou_detail_004_kani=true&JigyosyoCd=3770100950-00&ServiceCd=430&Type=search", "url2": "http://wwwb.pikara.ne.jp/kashimura-iin/" }, "geometry": { "type": "Point", "coordinates": [ 134.051784399999974, 34.2897182 ] } },
{ "type": "Feature", "properties": { "内容": "アシスト・ケア高松【居宅介護支援】香川県高松市藤塚町1-6-9", "url": "https://www.kaigokensaku.mhlw.go.jp/37/index.php?action_kouhyou_detail_004_kani=true&JigyosyoCd=3770109688-00&ServiceCd=430&Type=search", "url2": "https://sun-walk.co.jp/" }, "geometry": { "type": "Point", "coordinates": [ 134.083350200000041, 34.3069219 ] } },
{ "type": "Feature", "properties": { "内容": "アシスト・ケア東高松【居宅介護支援】香川県高松市高松町2310-2", "url": "https://www.kaigokensaku.mhlw.go.jp/37/index.php?action_kouhyou_detail_004_kani=true&JigyosyoCd=3770110918-00&ServiceCd=430&Type=search", "url2": null }, "geometry": { "type": "Point", "coordinates": [ 134.118178, 34.3401097 ] } },
{ "type": "Feature", "properties": { "内容": "居宅介護支援事業所　まほら【居宅介護支援】屋島西町2075-8", "url": "https://www.kaigokensaku.mhlw.go.jp/37/index.php?action_kouhyou_detail_004_kani=true&JigyosyoCd=3770110959-00&ServiceCd=430&Type=search", "url2": null }, "geometry": { "type": "Point", "coordinates": [ 134.0931158, 34.3434771 ] } },
{ "type": "Feature", "properties": { "内容": "ゆとり介護サポート甘草【居宅介護支援】香川県高松市国分寺町新居3102番地5合同会社介護サポート甘草", "url": "https://www.kaigokensaku.mhlw.go.jp/37/index.php?action_kouhyou_detail_004_kani=true&JigyosyoCd=3770108300-00&ServiceCd=430&Type=search", "url2": null }, "geometry": { "type": "Point", "coordinates": [ 133.96715370000004, 34.3112676 ] } },
{ "type": "Feature", "properties": { "内容": "上之町ライフケアプランセンター【居宅介護支援】高松市上之町２－７－４", "url": "https://www.kaigokensaku.mhlw.go.jp/37/index.php?action_kouhyou_detail_004_kani=true&JigyosyoCd=3770109217-00&ServiceCd=430&Type=search", "url2": null }, "geometry": { "type": "Point", "coordinates": [ 134.046975100000026, 34.3210316 ] } },
{ "type": "Feature", "properties": { "内容": "サンライズ屋島居宅介護支援事業所【居宅介護支援】香川県高松市新田町甲2723番地2", "url": "https://www.kaigokensaku.mhlw.go.jp/37/index.php?action_kouhyou_detail_004_kani=true&JigyosyoCd=3770100240-00&ServiceCd=430&Type=search", "url2": "http://www.netwave.or.jp/~rise/" }, "geometry": { "type": "Point", "coordinates": [ 134.099303100000043, 34.3292505 ] } },
{ "type": "Feature", "properties": { "内容": "指定居宅介護支援事業所シルバーロード【居宅介護支援】高松市香南町由佐113番地1", "url": "https://www.kaigokensaku.mhlw.go.jp/37/index.php?action_kouhyou_detail_004_kani=true&JigyosyoCd=3771400102-00&ServiceCd=430&Type=search", "url2": "http:www.iwaki-hospital.or.jp" }, "geometry": { "type": "Point", "coordinates": [ 134.0216941, 34.2369138 ] } },
{ "type": "Feature", "properties": { "内容": "ヴィヴァンケアセンター【居宅介護支援】香川県高松市木太町3836-7木太三宅病院", "url": "https://www.kaigokensaku.mhlw.go.jp/37/index.php?action_kouhyou_detail_004_kani=true&JigyosyoCd=3770110371-00&ServiceCd=430&Type=search", "url2": "http://vivant.jp.net/" }, "geometry": { "type": "Point", "coordinates": [ 134.08017, 34.3210031 ] } },
{ "type": "Feature", "properties": { "内容": "居宅介護支援事業所あおば【居宅介護支援】香川県高松市福岡町４丁目２０番８", "url": "https://www.kaigokensaku.mhlw.go.jp/37/index.php?action_kouhyou_detail_004_kani=true&JigyosyoCd=3770107039-00&ServiceCd=430&Type=search", "url2": null }, "geometry": { "type": "Point", "coordinates": [ 134.069508600000063, 34.3410854 ] } },
{ "type": "Feature", "properties": { "内容": "介護支援センターこすもす【居宅介護支援】香川県高松市太田下町1868-2こすもす", "url": "https://www.kaigokensaku.mhlw.go.jp/37/index.php?action_kouhyou_detail_004_kani=true&JigyosyoCd=3770102030-00&ServiceCd=430&Type=search", "url2": "http://kaigo-cosmos.com/" }, "geometry": { "type": "Point", "coordinates": [ 134.043545499999937, 34.3070857 ] } },
{ "type": "Feature", "properties": { "内容": "ライフプランおりづる【居宅介護支援】林町２５５９－６", "url": "https://www.kaigokensaku.mhlw.go.jp/37/index.php?action_kouhyou_detail_004_kani=true&JigyosyoCd=3770110058-00&ServiceCd=430&Type=search", "url2": null }, "geometry": { "type": "Point", "coordinates": [ 134.071454499999959, 34.3028306 ] } },
{ "type": "Feature", "properties": { "内容": "ケアサポート向日葵【居宅介護支援】一宮町651-11", "url": "https://www.kaigokensaku.mhlw.go.jp/37/index.php?action_kouhyou_detail_004_kani=true&JigyosyoCd=3770110785-00&ServiceCd=430&Type=search", "url2": "https://hp.kaipoke.biz/w1z/144479/base_0001.html" }, "geometry": { "type": "Point", "coordinates": [ 134.023739197592676, 34.28846704405936 ] } },
{ "type": "Feature", "properties": { "内容": "夕凪Japan【居宅介護支援】高松市林町1986番地１", "url": "https://www.kaigokensaku.mhlw.go.jp/37/index.php?action_kouhyou_detail_004_kani=true&JigyosyoCd=3770105280-00&ServiceCd=430&Type=search", "url2": "http:yunagi-gr.com/group/" }, "geometry": { "type": "Point", "coordinates": [ 134.071268300000042, 34.3074829 ] } },
{ "type": "Feature", "properties": { "内容": "ケアプランセンターみやけ【居宅介護支援】香川県高松市天神前5－5", "url": "https://www.kaigokensaku.mhlw.go.jp/37/index.php?action_kouhyou_detail_004_kani=true&JigyosyoCd=3770101438-00&ServiceCd=430&Type=search", "url2": "http://www.miyake.or.jp" }, "geometry": { "type": "Point", "coordinates": [ 134.045068600000036, 34.3400936 ] } },
{ "type": "Feature", "properties": { "内容": "一宮の里居宅介護支援事業所【居宅介護支援】高松市一宮町875番地", "url": "https://www.kaigokensaku.mhlw.go.jp/37/index.php?action_kouhyou_detail_004_kani=true&JigyosyoCd=3770102899-00&ServiceCd=430&Type=search", "url2": "https://www.kishokai.com/ichinomiya/" }, "geometry": { "type": "Point", "coordinates": [ 134.0293772, 34.2915428 ] } },
{ "type": "Feature", "properties": { "内容": "たかまつ介護センター【居宅介護支援】高松市中間町415-1", "url": "https://www.kaigokensaku.mhlw.go.jp/37/index.php?action_kouhyou_detail_004_kani=true&JigyosyoCd=3770101941-00&ServiceCd=430&Type=search", "url2": null }, "geometry": { "type": "Point", "coordinates": [ 133.995366099999956, 34.2915283 ] } },
{ "type": "Feature", "properties": { "内容": "やまぶき居宅介護支援事業所【居宅介護支援】高松市三谷町２７１番地１", "url": "https://www.kaigokensaku.mhlw.go.jp/37/index.php?action_kouhyou_detail_004_kani=true&JigyosyoCd=3770105413-00&ServiceCd=430&Type=search", "url2": "http://www.sumire-fukushi.jp" }, "geometry": { "type": "Point", "coordinates": [ 134.07556790000001, 34.2772952 ] } },
{ "type": "Feature", "properties": { "内容": "ヌーベル木太居宅介護支援センター【居宅介護支援】香川県高松市木太町2924番地7", "url": "https://www.kaigokensaku.mhlw.go.jp/37/index.php?action_kouhyou_detail_004_kani=true&JigyosyoCd=3770105504-00&ServiceCd=430&Type=search", "url2": null }, "geometry": { "type": "Point", "coordinates": [ 134.084979800000042, 34.3288782 ] } },
{ "type": "Feature", "properties": { "内容": "高松ケアプランセンターあした【居宅介護支援】香川県高松市屋島西町2484番地18ウエストコーストヤシマA203号室", "url": "https://www.kaigokensaku.mhlw.go.jp/37/index.php?action_kouhyou_detail_004_kani=true&JigyosyoCd=3770110363-00&ServiceCd=430&Type=search", "url2": null }, "geometry": { "type": "Point", "coordinates": [ 134.088713191615426, 34.350521331987999 ] } },
{ "type": "Feature", "properties": { "内容": "居宅介護支援事業所うみなみ【居宅介護支援】香川県高松市東山崎町448‐3", "url": "https://www.kaigokensaku.mhlw.go.jp/37/index.php?action_kouhyou_detail_004_kani=true&JigyosyoCd=3770110934-00&ServiceCd=430&Type=search", "url2": null }, "geometry": { "type": "Point", "coordinates": [ 134.11265549999996, 34.2826867 ] } },
{ "type": "Feature", "properties": { "内容": "居宅介護支援事業所ひまわりの集い【居宅介護支援】香川県高松市六条町795-6", "url": "https://www.kaigokensaku.mhlw.go.jp/37/index.php?action_kouhyou_detail_004_kani=true&JigyosyoCd=3770109373-00&ServiceCd=430&Type=search", "url2": null }, "geometry": { "type": "Point", "coordinates": [ 134.078562, 34.2976508 ] } },
{ "type": "Feature", "properties": { "内容": "居宅介護支援事業所愛の手こくぶんじ【居宅介護支援】香川県高松市国分寺町新名2081番地", "url": "https://www.kaigokensaku.mhlw.go.jp/37/index.php?action_kouhyou_detail_004_kani=true&JigyosyoCd=3770105983-00&ServiceCd=430&Type=search", "url2": "http://www.junshinkai.com" }, "geometry": { "type": "Point", "coordinates": [ 133.952729600000026, 34.2729293 ] } },
{ "type": "Feature", "properties": { "内容": "吉開介護支援事務所【居宅介護支援】香川県高松市香西東町519番地9サンライズ石井201", "url": "https://www.kaigokensaku.mhlw.go.jp/37/index.php?action_kouhyou_detail_004_kani=true&JigyosyoCd=3770110132-00&ServiceCd=430&Type=search", "url2": "https://www.yoshigai.com" }, "geometry": { "type": "Point", "coordinates": [ 134.007868, 34.3458813 ] } },
{ "type": "Feature", "properties": { "内容": "ケアプランセンターきづき【居宅介護支援】香川県高松市伏石町1600-1アゼール三条103号", "url": "https://www.kaigokensaku.mhlw.go.jp/37/index.php?action_kouhyou_detail_004_kani=true&JigyosyoCd=3770111510-00&ServiceCd=430&Type=search", "url2": "株式会社RestLifeで検索" }, "geometry": { "type": "Point", "coordinates": [ 134.051552, 34.3213276 ] } },
{ "type": "Feature", "properties": { "内容": "医療法人社団　有史会　高畠病院【居宅介護支援】香川県高松市国分寺町新名481-9", "url": "https://www.kaigokensaku.mhlw.go.jp/37/index.php?action_kouhyou_detail_004_kani=true&JigyosyoCd=3710119128-00&ServiceCd=430&Type=search", "url2": "http://www.takabatakehospital.com" }, "geometry": { "type": "Point", "coordinates": [ 133.95820377790983, 34.292059472375882 ] } },
{ "type": "Feature", "properties": { "内容": "ニチイケアセンター古高松【居宅介護支援】香川県高松市高松町1718-2", "url": "https://www.kaigokensaku.mhlw.go.jp/37/index.php?action_kouhyou_detail_004_kani=true&JigyosyoCd=3770700130-00&ServiceCd=430&Type=search", "url2": "http://www.nichiigakkan.co.jp" }, "geometry": { "type": "Point", "coordinates": [ 134.112851299999988, 34.336272 ] } },
{ "type": "Feature", "properties": { "内容": "高松南居宅介護支援事業所【居宅介護支援】香川県高松市香川町浅野737番地13", "url": "https://www.kaigokensaku.mhlw.go.jp/37/index.php?action_kouhyou_detail_004_kani=true&JigyosyoCd=3770110637-00&ServiceCd=430&Type=search", "url2": "http://hp.kaipoke.biz/v4e/" }, "geometry": { "type": "Point", "coordinates": [ 134.041120122090149, 34.261307666423079 ] } },
{ "type": "Feature", "properties": { "内容": "三好内科医院　介護支援センター【居宅介護支援】高松市川島本町４４０", "url": "https://www.kaigokensaku.mhlw.go.jp/37/index.php?action_kouhyou_detail_004_kani=true&JigyosyoCd=3770100745-00&ServiceCd=430&Type=search", "url2": null }, "geometry": { "type": "Point", "coordinates": [ 134.083077025270057, 34.276238683627014 ] } },
{ "type": "Feature", "properties": { "内容": "居宅介護支援事業所　ステップ【居宅介護支援】香川県高松市仏生山町甲759番地1ﾘﾌﾞﾚｱﾝｼﾞｭ　N-3", "url": "https://www.kaigokensaku.mhlw.go.jp/37/index.php?action_kouhyou_detail_004_kani=true&JigyosyoCd=3770109068-00&ServiceCd=430&Type=search", "url2": null }, "geometry": { "type": "Point", "coordinates": [ 134.041987024606328, 34.280324737130861 ] } },
{ "type": "Feature", "properties": { "内容": "ケアサポート亀【居宅介護支援】高松市仏生山町甲１８５－４", "url": "https://www.kaigokensaku.mhlw.go.jp/37/index.php?action_kouhyou_detail_004_kani=true&JigyosyoCd=3770106551-00&ServiceCd=430&Type=search", "url2": "http://care.firstplan.jp" }, "geometry": { "type": "Point", "coordinates": [ 134.042151699999977, 34.2856963 ] } },
{ "type": "Feature", "properties": { "内容": "介護支援センターみたに【居宅介護支援】香川県高松市三谷町283番地", "url": "https://www.kaigokensaku.mhlw.go.jp/37/index.php?action_kouhyou_detail_004_kani=true&JigyosyoCd=3770108466-00&ServiceCd=430&Type=search", "url2": null }, "geometry": { "type": "Point", "coordinates": [ 134.074212499999931, 34.277759 ] } },
{ "type": "Feature", "properties": { "内容": "ケアサポートあるん【居宅介護支援】香川県高松市勅使町1440番地2", "url": "https://www.kaigokensaku.mhlw.go.jp/37/index.php?action_kouhyou_detail_004_kani=true&JigyosyoCd=3770110801-00&ServiceCd=430&Type=search", "url2": null }, "geometry": { "type": "Point", "coordinates": [ 134.021012399999989, 34.3098583 ] } },
{ "type": "Feature", "properties": { "内容": "ケアマネワークスVOICE【居宅介護支援】香川県高松市川島東町５６２番地３", "url": "https://www.kaigokensaku.mhlw.go.jp/37/index.php?action_kouhyou_detail_004_kani=true&JigyosyoCd=3770111981-00&ServiceCd=430&Type=search", "url2": "https://www.cmws-voice.com" }, "geometry": { "type": "Point", "coordinates": [ 134.10061730000001, 34.273614 ] } },
{ "type": "Feature", "properties": { "内容": "光華指定居宅介護支援事業所【居宅介護支援】香川県高松市伏石町2103番地21KOHKAビル3F", "url": "https://www.kaigokensaku.mhlw.go.jp/37/index.php?action_kouhyou_detail_004_kani=true&JigyosyoCd=3770100984-00&ServiceCd=430&Type=search", "url2": "http://s-kohka.jp/" }, "geometry": { "type": "Point", "coordinates": [ 134.059405599999963, 34.3096855 ] } },
{ "type": "Feature", "properties": { "内容": "ケアプラン　木かげ【居宅介護支援】香川県高松市屋島西町1929-2", "url": "https://www.kaigokensaku.mhlw.go.jp/37/index.php?action_kouhyou_detail_004_kani=true&JigyosyoCd=3770106940-00&ServiceCd=430&Type=search", "url2": "centrapis.web.fc2.com" }, "geometry": { "type": "Point", "coordinates": [ 134.104374499999949, 34.3393772 ] } },
{ "type": "Feature", "properties": { "内容": "介護支援事業所ひざし松島【居宅介護支援】香川県高松市松島町３丁目２５番１号", "url": "https://www.kaigokensaku.mhlw.go.jp/37/index.php?action_kouhyou_detail_004_kani=true&JigyosyoCd=3770109415-00&ServiceCd=430&Type=search", "url2": null }, "geometry": { "type": "Point", "coordinates": [ 134.070078100000046, 34.3378052 ] } },
{ "type": "Feature", "properties": { "内容": "ケアサポートセンター木太【居宅介護支援】高松市木太町３７４９番地３", "url": "https://www.kaigokensaku.mhlw.go.jp/37/index.php?action_kouhyou_detail_004_kani=true&JigyosyoCd=3770103467-00&ServiceCd=430&Type=search", "url2": null }, "geometry": { "type": "Point", "coordinates": [ 134.078816700000061, 34.3236009 ] } },
{ "type": "Feature", "properties": { "内容": "ケアサポートブーケ【居宅介護支援】香川県高松市鬼無町122番地", "url": "https://www.kaigokensaku.mhlw.go.jp/37/index.php?action_kouhyou_detail_004_kani=true&JigyosyoCd=3770106833-00&ServiceCd=430&Type=search", "url2": null }, "geometry": { "type": "Point", "coordinates": [ 133.996996158335833, 34.328045855949178 ] } },
{ "type": "Feature", "properties": { "内容": "居宅介護支援事業所　えみのわ高松【居宅介護支援】香川県高松市太田上町974-6シャンボール一階", "url": "https://www.kaigokensaku.mhlw.go.jp/37/index.php?action_kouhyou_detail_004_kani=true&JigyosyoCd=3770109779-00&ServiceCd=430&Type=search", "url2": null }, "geometry": { "type": "Point", "coordinates": [ 134.041676400000028, 34.3005197 ] } },
{ "type": "Feature", "properties": { "内容": "ケアテラスギャラリーケアプランセンター【居宅介護支援】香川県高松市田町1-2", "url": "https://www.kaigokensaku.mhlw.go.jp/37/index.php?action_kouhyou_detail_004_kani=true&JigyosyoCd=3770103715-00&ServiceCd=430&Type=search", "url2": null }, "geometry": { "type": "Point", "coordinates": [ 134.0489268, 34.3384689 ] } },
{ "type": "Feature", "properties": { "内容": "老人介護支援センター　玉藻荘【居宅介護支援】高松市北浜町７－１０", "url": "https://www.kaigokensaku.mhlw.go.jp/37/index.php?action_kouhyou_detail_004_kani=true&JigyosyoCd=3770104127-00&ServiceCd=430&Type=search", "url2": "https://sanuki-sha.or.jp/" }, "geometry": { "type": "Point", "coordinates": [ 134.0560901, 34.3502513 ] } },
{ "type": "Feature", "properties": { "内容": "ノア　居宅介護支援事業所【居宅介護支援】香川県高松市十川西町418番地4", "url": "https://www.kaigokensaku.mhlw.go.jp/37/index.php?action_kouhyou_detail_004_kani=true&JigyosyoCd=3770104911-00&ServiceCd=430&Type=search", "url2": null }, "geometry": { "type": "Point", "coordinates": [ 134.102026707221313, 34.275040605842577 ] } },
{ "type": "Feature", "properties": { "内容": "居宅介護支援事業所　テラビーチリゾート屋島【居宅介護支援】香川県高松市屋島西町2277－6", "url": "https://www.kaigokensaku.mhlw.go.jp/37/index.php?action_kouhyou_detail_004_kani=true&JigyosyoCd=3770108672-00&ServiceCd=430&Type=search", "url2": "https://www.lucksay.com" }, "geometry": { "type": "Point", "coordinates": [ 134.0894015, 34.3586321 ] } },
{ "type": "Feature", "properties": { "内容": "老人介護支援センター新番丁【居宅介護支援】高松市番町２－１４－２", "url": "https://www.kaigokensaku.mhlw.go.jp/37/index.php?action_kouhyou_detail_004_kani=true&JigyosyoCd=3770110223-00&ServiceCd=430&Type=search", "url2": "www.sanuki-sha.or.jp" }, "geometry": { "type": "Point", "coordinates": [ 134.040084112477757, 34.345330293144166 ] } },
{ "type": "Feature", "properties": { "内容": "ひふみ居宅介護支援事業所【居宅介護支援】香川県高松市宮脇町１丁目９番６号グリーンヒルズ宮脇２０１号室", "url": "https://www.kaigokensaku.mhlw.go.jp/37/index.php?action_kouhyou_detail_004_kani=true&JigyosyoCd=3770110876-00&ServiceCd=430&Type=search", "url2": null }, "geometry": { "type": "Point", "coordinates": [ 134.032714199999987, 34.3398047 ] } },
{ "type": "Feature", "properties": { "内容": "屋島やすらぎ【居宅介護支援】高松市屋島東町１４１４番地", "url": "https://www.kaigokensaku.mhlw.go.jp/37/index.php?action_kouhyou_detail_004_kani=true&JigyosyoCd=3770102543-00&ServiceCd=430&Type=search", "url2": "https://yashima-yasuragi.jp" }, "geometry": { "type": "Point", "coordinates": [ 134.116214698147587, 34.346478881703966 ] } },
{ "type": "Feature", "properties": { "内容": "居宅介護支援事務所　うちんく【居宅介護支援】高松市川島本町276-1", "url": "https://www.kaigokensaku.mhlw.go.jp/37/index.php?action_kouhyou_detail_004_kani=true&JigyosyoCd=3771300369-00&ServiceCd=430&Type=search", "url2": "http://www.uchinku.co.jp" }, "geometry": { "type": "Point", "coordinates": [ 134.085936100000026, 34.2796035 ] } },
{ "type": "Feature", "properties": { "内容": "マーブル【居宅介護支援】香川県高松市多肥下町1577番地5アルファ明里102", "url": "https://www.kaigokensaku.mhlw.go.jp/37/index.php?action_kouhyou_detail_004_kani=true&JigyosyoCd=3770111106-00&ServiceCd=430&Type=search", "url2": null }, "geometry": { "type": "Point", "coordinates": [ 134.055649, 34.2996449 ] } },
{ "type": "Feature", "properties": { "内容": "竜雲舜虹苑老人介護支援センター【居宅介護支援】高松市仏生山町甲３１００－２", "url": "https://www.kaigokensaku.mhlw.go.jp/37/index.php?action_kouhyou_detail_004_kani=true&JigyosyoCd=3770100141-00&ServiceCd=430&Type=search", "url2": null }, "geometry": { "type": "Point", "coordinates": [ 134.04741, 34.2650823 ] } },
{ "type": "Feature", "properties": { "内容": "おりいぶ荘老人介護支援センター【居宅介護支援】香川県高松市太田下町2020番地1", "url": "https://www.kaigokensaku.mhlw.go.jp/37/index.php?action_kouhyou_detail_004_kani=true&JigyosyoCd=3770101545-00&ServiceCd=430&Type=search", "url2": "https://hatsukikai.or.jp/" }, "geometry": { "type": "Point", "coordinates": [ 134.0389735, 34.3043471 ] } },
{ "type": "Feature", "properties": { "内容": "指定居宅介護支援事業所　吉祥【居宅介護支援】高松市高松町897番地9", "url": "https://www.kaigokensaku.mhlw.go.jp/37/index.php?action_kouhyou_detail_004_kani=true&JigyosyoCd=3770103681-00&ServiceCd=430&Type=search", "url2": "http://kisshoh.jp/" }, "geometry": { "type": "Point", "coordinates": [ 134.118350723907838, 34.321957609157266 ] } },
{ "type": "Feature", "properties": { "内容": "居宅介護支援　てと手【居宅介護支援】高松市東山崎町971番地2", "url": "https://www.kaigokensaku.mhlw.go.jp/37/index.php?action_kouhyou_detail_004_kani=true&JigyosyoCd=3770108979-00&ServiceCd=430&Type=search", "url2": null }, "geometry": { "type": "Point", "coordinates": [ 134.0927154, 34.31581 ] } },
{ "type": "Feature", "properties": { "内容": "ウェルネス第１事業所【居宅介護支援】高松市藤塚町３丁目１９番４０", "url": "https://www.kaigokensaku.mhlw.go.jp/37/index.php?action_kouhyou_detail_004_kani=true&JigyosyoCd=3770107070-00&ServiceCd=430&Type=search", "url2": "http://wellnesskagawa.net/4_company/index.html" }, "geometry": { "type": "Point", "coordinates": [ 134.053602, 34.3322057 ] } },
{ "type": "Feature", "properties": { "内容": "ウェルネス第２事業所【居宅介護支援】高松市藤塚町３丁目１９番４０", "url": "https://www.kaigokensaku.mhlw.go.jp/37/index.php?action_kouhyou_detail_004_kani=true&JigyosyoCd=3770107088-00&ServiceCd=430&Type=search", "url2": "http://wellnesskagawa.net" }, "geometry": { "type": "Point", "coordinates": [ 134.053602, 34.3322057 ] } },
{ "type": "Feature", "properties": { "内容": "ケアプラスたなか居宅介護支援事業所【居宅介護支援】香川県高松市十川西町６８６番地１０", "url": "https://www.kaigokensaku.mhlw.go.jp/37/index.php?action_kouhyou_detail_004_kani=true&JigyosyoCd=3770108847-00&ServiceCd=430&Type=search", "url2": null }, "geometry": { "type": "Point", "coordinates": [ 134.107935699999985, 34.2697889 ] } },
{ "type": "Feature", "properties": { "内容": "ケアサポート空港通り【居宅介護支援】香川県高松市香川町大野587-1", "url": "https://www.kaigokensaku.mhlw.go.jp/37/index.php?action_kouhyou_detail_004_kani=true&JigyosyoCd=3770109365-00&ServiceCd=430&Type=search", "url2": "http://www.akiyama-clinic.com/" }, "geometry": { "type": "Point", "coordinates": [ 134.025438642505605, 34.258422869161095 ] } },
{ "type": "Feature", "properties": { "内容": "インクルージョンオフィス高松居宅介護支援事業所【居宅介護支援】香川県高松市宮脇町1丁目7－25", "url": "https://www.kaigokensaku.mhlw.go.jp/37/index.php?action_kouhyou_detail_004_kani=true&JigyosyoCd=3770111270-00&ServiceCd=430&Type=search", "url2": null }, "geometry": { "type": "Point", "coordinates": [ 134.0343076, 34.3398482 ] } },
{ "type": "Feature", "properties": { "内容": "社会福祉法人　高松市社会福祉協議会香川【居宅介護支援】高松市香川町大野450番地香川社会福祉センター", "url": "https://www.kaigokensaku.mhlw.go.jp/37/index.php?action_kouhyou_detail_004_kani=true&JigyosyoCd=3770104010-00&ServiceCd=430&Type=search", "url2": null }, "geometry": { "type": "Point", "coordinates": [ 134.0291456, 34.2561056 ] } },
{ "type": "Feature", "properties": { "内容": "渡の里介護支援センター【居宅介護支援】高松市香川町浅野2061番地", "url": "https://www.kaigokensaku.mhlw.go.jp/37/index.php?action_kouhyou_detail_004_kani=true&JigyosyoCd=3770104747-00&ServiceCd=430&Type=search", "url2": "http://www.jinsenkai.jp/watashi/" }, "geometry": { "type": "Point", "coordinates": [ 134.041880399999968, 34.2513122 ] } },
{ "type": "Feature", "properties": { "内容": "鮎の里　介護支援センター【居宅介護支援】高松市香川町川東上150番地1", "url": "https://www.kaigokensaku.mhlw.go.jp/37/index.php?action_kouhyou_detail_004_kani=true&JigyosyoCd=3771400086-00&ServiceCd=430&Type=search", "url2": "www.jinsenkai.jp" }, "geometry": { "type": "Point", "coordinates": [ 134.034368500000028, 34.2137707 ] } },
{ "type": "Feature", "properties": { "内容": "扇ケアプランセンター【居宅介護支援】香川県高松市松島町２丁目１２番８号", "url": "https://www.kaigokensaku.mhlw.go.jp/37/index.php?action_kouhyou_detail_004_kani=true&JigyosyoCd=3770107344-00&ServiceCd=430&Type=search", "url2": "https://ryouyounet.org" }, "geometry": { "type": "Point", "coordinates": [ 134.065260351589899, 34.338714125643754 ] } },
{ "type": "Feature", "properties": { "内容": "笑麻居宅介護支援事業所【居宅介護支援】香川県高松市太田下町2349-5", "url": "https://www.kaigokensaku.mhlw.go.jp/37/index.php?action_kouhyou_detail_004_kani=true&JigyosyoCd=3770111312-00&ServiceCd=430&Type=search", "url2": "https://ema-25.jimdosite.com" }, "geometry": { "type": "Point", "coordinates": [ 134.046038556730679, 34.308958416632464 ] } },
{ "type": "Feature", "properties": { "内容": "スマイル居宅介護支援事業所【居宅介護支援】高松市西春日町1510－1", "url": "https://www.kaigokensaku.mhlw.go.jp/37/index.php?action_kouhyou_detail_004_kani=true&JigyosyoCd=3770100216-00&ServiceCd=430&Type=search", "url2": "http://www.samariya.or.jp/" }, "geometry": { "type": "Point", "coordinates": [ 134.02019580000001, 34.3155429 ] } },
{ "type": "Feature", "properties": { "内容": "ケアサービス優悠【居宅介護支援】高松市三谷町4874番地", "url": "https://www.kaigokensaku.mhlw.go.jp/37/index.php?action_kouhyou_detail_004_kani=true&JigyosyoCd=3770104424-00&ServiceCd=430&Type=search", "url2": "http://yu-yu.site" }, "geometry": { "type": "Point", "coordinates": [ 134.075493056730977, 34.283134946172758 ] } },
{ "type": "Feature", "properties": { "内容": "居宅介護支援事業所　瑞穂【居宅介護支援】高松市香南町由佐210-2", "url": "https://www.kaigokensaku.mhlw.go.jp/37/index.php?action_kouhyou_detail_004_kani=true&JigyosyoCd=3770107948-00&ServiceCd=430&Type=search", "url2": "https://ayada-clinic-yuusyoukai.com/" }, "geometry": { "type": "Point", "coordinates": [ 134.026519846865881, 34.229889898673115 ] } },
{ "type": "Feature", "properties": { "内容": "ナウラ居宅介護支援事業所【居宅介護支援】香川県高松市松福町一丁目12番3号", "url": "https://www.kaigokensaku.mhlw.go.jp/37/index.php?action_kouhyou_detail_004_kani=true&JigyosyoCd=3770111064-00&ServiceCd=430&Type=search", "url2": "https://hatsukikai.or.jp" }, "geometry": { "type": "Point", "coordinates": [ 134.0599796, 34.342531 ] } },
{ "type": "Feature", "properties": { "内容": "居宅介護支援センター　カインド【居宅介護支援】香川町浅野964-12", "url": "https://www.kaigokensaku.mhlw.go.jp/37/index.php?action_kouhyou_detail_004_kani=true&JigyosyoCd=3770111866-00&ServiceCd=430&Type=search", "url2": null }, "geometry": { "type": "Point", "coordinates": [ 134.0308308, 34.255409 ] } },
{ "type": "Feature", "properties": { "内容": "訪問看護ステーションやしま【居宅介護支援】香川県高松市屋島西町2105番17", "url": "https://www.kaigokensaku.mhlw.go.jp/37/index.php?action_kouhyou_detail_004_kani=true&JigyosyoCd=3760190052-00&ServiceCd=430&Type=search", "url2": null }, "geometry": { "type": "Point", "coordinates": [ 134.090375268725552, 34.343388323731574 ] } },
{ "type": "Feature", "properties": { "内容": "たちばな介護サポート【居宅介護支援】7610442香川県高松市川島本町686番地11", "url": "https://www.kaigokensaku.mhlw.go.jp/37/index.php?action_kouhyou_detail_004_kani=true&JigyosyoCd=3770110348-00&ServiceCd=430&Type=search", "url2": null }, "geometry": { "type": "Point", "coordinates": [ 134.081155599999988, 34.2725764 ] } },
{ "type": "Feature", "properties": { "内容": "弘恩苑老人介護支援センター【居宅介護支援】香川県高松市前田西町683番地7", "url": "https://www.kaigokensaku.mhlw.go.jp/37/index.php?action_kouhyou_detail_004_kani=true&JigyosyoCd=3770100083-00&ServiceCd=430&Type=search", "url2": "https://www.kouzenkai.jp/" }, "geometry": { "type": "Point", "coordinates": [ 134.108777199999963, 34.3069363 ] } },
{ "type": "Feature", "properties": { "内容": "さくら荘老人介護支援センター【居宅介護支援】香川県高松市林町７６番地１４", "url": "https://www.kaigokensaku.mhlw.go.jp/37/index.php?action_kouhyou_detail_004_kani=true&JigyosyoCd=3770100174-00&ServiceCd=430&Type=search", "url2": "https://hatsukikai.or.jp" }, "geometry": { "type": "Point", "coordinates": [ 134.0662774, 34.2942428 ] } },
{ "type": "Feature", "properties": { "内容": "居宅介護支援事業所　なでしこ香川【居宅介護支援】高松市多肥上町1423番地1", "url": "https://www.kaigokensaku.mhlw.go.jp/37/index.php?action_kouhyou_detail_004_kani=true&JigyosyoCd=3770100752-00&ServiceCd=430&Type=search", "url2": "http//www.saiseikai.or.jp" }, "geometry": { "type": "Point", "coordinates": [ 134.058122799999978, 34.2945788 ] } },
{ "type": "Feature", "properties": { "内容": "社会福祉法人　高松市社会福祉協議会牟礼【居宅介護支援】香川県高松市牟礼町牟礼216番地1", "url": "https://www.kaigokensaku.mhlw.go.jp/37/index.php?action_kouhyou_detail_004_kani=true&JigyosyoCd=3770104002-00&ServiceCd=430&Type=search", "url2": "http://www.takamatsushi-shakyo.or.jp/" }, "geometry": { "type": "Point", "coordinates": [ 134.137257299999987, 34.3402576 ] } },
{ "type": "Feature", "properties": { "内容": "ケアセンターだんし【居宅介護支援】高松市檀紙町６６－１複合施設　檀紙　１階", "url": "https://www.kaigokensaku.mhlw.go.jp/37/index.php?action_kouhyou_detail_004_kani=true&JigyosyoCd=3770106478-00&ServiceCd=430&Type=search", "url2": "http://kaigodanshi.com" }, "geometry": { "type": "Point", "coordinates": [ 133.996543400000064, 34.2972693 ] } },
{ "type": "Feature", "properties": { "内容": "ケアプランセンターステップ木太【居宅介護支援】香川県高松市三条町207番地8", "url": "https://www.kaigokensaku.mhlw.go.jp/37/index.php?action_kouhyou_detail_004_kani=true&JigyosyoCd=3770109712-00&ServiceCd=430&Type=search", "url2": null }, "geometry": { "type": "Point", "coordinates": [ 134.048695299999963, 34.3128723 ] } },
{ "type": "Feature", "properties": { "内容": "介護サポート杏【居宅介護支援】香川県高松市前田東町731番地1", "url": "https://www.kaigokensaku.mhlw.go.jp/37/index.php?action_kouhyou_detail_004_kani=true&JigyosyoCd=3770111080-00&ServiceCd=430&Type=search", "url2": null }, "geometry": { "type": "Point", "coordinates": [ 134.112759399999987, 34.2944008 ] } },
{ "type": "Feature", "properties": { "内容": "エールケアライフ【居宅介護支援】香川県高松市太田上町247番地1－2－604", "url": "https://www.kaigokensaku.mhlw.go.jp/37/index.php?action_kouhyou_detail_004_kani=true&JigyosyoCd=3770111528-00&ServiceCd=430&Type=search", "url2": null }, "geometry": { "type": "Point", "coordinates": [ 134.039613, 34.2935079 ] } },
{ "type": "Feature", "properties": { "内容": "介護プランセンター　縁【居宅介護支援】香川県高松市十川西町934番地19", "url": "https://www.kaigokensaku.mhlw.go.jp/37/index.php?action_kouhyou_detail_004_kani=true&JigyosyoCd=3770111437-00&ServiceCd=430&Type=search", "url2": null }, "geometry": { "type": "Point", "coordinates": [ 134.0998382, 34.267628 ] } },
{ "type": "Feature", "properties": { "内容": "居宅介護支援事業所なつめWEST【居宅介護支援】香川県高松市一宮町1644-1", "url": "https://www.kaigokensaku.mhlw.go.jp/37/index.php?action_kouhyou_detail_004_kani=true&JigyosyoCd=3770109977-00&ServiceCd=430&Type=search", "url2": null }, "geometry": { "type": "Point", "coordinates": [ 134.022679592614054, 34.285872268677657 ] } },
{ "type": "Feature", "properties": { "内容": "社会福祉法人　高松市社会福祉協議会【居宅介護支援】高松市福岡町二丁目24番10号", "url": "https://www.kaigokensaku.mhlw.go.jp/37/index.php?action_kouhyou_detail_004_kani=true&JigyosyoCd=3770100042-00&ServiceCd=430&Type=search", "url2": "http://www.takamatsushi-shakyo.or.jp/" }, "geometry": { "type": "Point", "coordinates": [ 134.064209, 34.344401800000036 ] } },
{ "type": "Feature", "properties": { "内容": "老人介護支援センターさぬき【居宅介護支援】高松市中野町26-29", "url": "https://www.kaigokensaku.mhlw.go.jp/37/index.php?action_kouhyou_detail_004_kani=true&JigyosyoCd=3770100067-00&ServiceCd=430&Type=search", "url2": "http://www.sanuki-sha.or.jp" }, "geometry": { "type": "Point", "coordinates": [ 134.044471495834102, 34.333528467058684 ] } },
{ "type": "Feature", "properties": { "内容": "岡本荘老人介護支援センター【居宅介護支援】香川県高松市岡本町527番地１", "url": "https://www.kaigokensaku.mhlw.go.jp/37/index.php?action_kouhyou_detail_004_kani=true&JigyosyoCd=3770100109-00&ServiceCd=430&Type=search", "url2": "http://www.koutouen.com/okamotosou/" }, "geometry": { "type": "Point", "coordinates": [ 133.994914900000026, 34.266109 ] } },
{ "type": "Feature", "properties": { "内容": "介護支援センターほのぼの【居宅介護支援】香川県高松市栗林町1丁目3番23号", "url": "https://www.kaigokensaku.mhlw.go.jp/37/index.php?action_kouhyou_detail_004_kani=true&JigyosyoCd=3770100182-00&ServiceCd=430&Type=search", "url2": "http://www.kagawa.coop/" }, "geometry": { "type": "Point", "coordinates": [ 134.046977268122873, 34.331710843074845 ] } },
{ "type": "Feature", "properties": { "内容": "はなぞの園老人介護支援センター【居宅介護支援】高松市上福岡町2004番地1", "url": "https://www.kaigokensaku.mhlw.go.jp/37/index.php?action_kouhyou_detail_004_kani=true&JigyosyoCd=3770100232-00&ServiceCd=430&Type=search", "url2": "http://www.hanazono.or.jp" }, "geometry": { "type": "Point", "coordinates": [ 134.060776499999946, 34.3309392 ] } },
{ "type": "Feature", "properties": { "内容": "西岡医院　介護支援センター【居宅介護支援】香川県高松市寺井町1385番地10", "url": "https://www.kaigokensaku.mhlw.go.jp/37/index.php?action_kouhyou_detail_004_kani=true&JigyosyoCd=3770100372-00&ServiceCd=430&Type=search", "url2": "http://www.jinsenkai.jp" }, "geometry": { "type": "Point", "coordinates": [ 134.023519699999952, 34.2820158 ] } },
{ "type": "Feature", "properties": { "内容": "さつき荘居宅支援事業所【居宅介護支援】高松市三谷町１６８０番地１", "url": "https://www.kaigokensaku.mhlw.go.jp/37/index.php?action_kouhyou_detail_004_kani=true&JigyosyoCd=3770101222-00&ServiceCd=430&Type=search", "url2": null }, "geometry": { "type": "Point", "coordinates": [ 134.059942, 34.2798723 ] } },
{ "type": "Feature", "properties": { "内容": "高松さんさん荘　老人介護支援センター【居宅介護支援】高松市西植田町4212-1", "url": "https://www.kaigokensaku.mhlw.go.jp/37/index.php?action_kouhyou_detail_004_kani=true&JigyosyoCd=3770103103-00&ServiceCd=430&Type=search", "url2": "http://www.sansan-kai.com/" }, "geometry": { "type": "Point", "coordinates": [ 134.070722, 34.2316879 ] } },
{ "type": "Feature", "properties": { "内容": "法寿苑老人介護支援センター【居宅介護支援】香川県高松市木太町3308番地", "url": "https://www.kaigokensaku.mhlw.go.jp/37/index.php?action_kouhyou_detail_004_kani=true&JigyosyoCd=3770103657-00&ServiceCd=430&Type=search", "url2": "https:/www.kouzenkai.jp/" }, "geometry": { "type": "Point", "coordinates": [ 134.075244699999985, 34.3278117 ] } },
{ "type": "Feature", "properties": { "内容": "どき介護ステーション　高松営業所【居宅介護支援】高松市藤塚町一丁目11番27号", "url": "https://www.kaigokensaku.mhlw.go.jp/37/index.php?action_kouhyou_detail_004_kani=true&JigyosyoCd=3770103954-00&ServiceCd=430&Type=search", "url2": "http://kaigostation.co.jp/" }, "geometry": { "type": "Point", "coordinates": [ 134.069562200000064, 34.3222316 ] } },
{ "type": "Feature", "properties": { "内容": "社会福祉法人　高松市社会福祉協議会国分寺【居宅介護支援】香川県高松市国分寺町新居1150番地1国分寺社会福祉センター", "url": "https://www.kaigokensaku.mhlw.go.jp/37/index.php?action_kouhyou_detail_004_kani=true&JigyosyoCd=3770103996-00&ServiceCd=430&Type=search", "url2": "http://www.takamatsushi-shakyo.or.jp/" }, "geometry": { "type": "Point", "coordinates": [ 133.965400215344317, 34.297638600001648 ] } },
{ "type": "Feature", "properties": { "内容": "介護支援センター協同【居宅介護支援】高松市木太町４７０５番地4", "url": "https://www.kaigokensaku.mhlw.go.jp/37/index.php?action_kouhyou_detail_004_kani=true&JigyosyoCd=3770105736-00&ServiceCd=430&Type=search", "url2": "http://www.t-kyodo.com/" }, "geometry": { "type": "Point", "coordinates": [ 134.085979899999984, 34.3236148 ] } },
{ "type": "Feature", "properties": { "内容": "ケアプラン　笑んでる【居宅介護支援】香川県　高松市　香西南町　516番地3", "url": "https://www.kaigokensaku.mhlw.go.jp/37/index.php?action_kouhyou_detail_004_kani=true&JigyosyoCd=3770105793-00&ServiceCd=430&Type=search", "url2": null }, "geometry": { "type": "Point", "coordinates": [ 134.000714156127998, 34.343386804286155 ] } },
{ "type": "Feature", "properties": { "内容": "あなぶきケアサービス【居宅介護支援】高松市伏石町２１７１番地１アルファリビング高松伏石南内", "url": "https://www.kaigokensaku.mhlw.go.jp/37/index.php?action_kouhyou_detail_004_kani=true&JigyosyoCd=3770105942-00&ServiceCd=430&Type=search", "url2": null }, "geometry": { "type": "Point", "coordinates": [ 134.057164400000033, 34.3070163 ] } },
{ "type": "Feature", "properties": { "内容": "居宅介護支援事業所ココロココ【居宅介護支援】高松市多肥下町１５０８－１２", "url": "https://www.kaigokensaku.mhlw.go.jp/37/index.php?action_kouhyou_detail_004_kani=true&JigyosyoCd=3770106965-00&ServiceCd=430&Type=search", "url2": "http://cocolococo.co.jp" }, "geometry": { "type": "Point", "coordinates": [ 134.0573839, 34.3044249 ] } },
{ "type": "Feature", "properties": { "内容": "あじの里介護支援サービスセンター【居宅介護支援】香川県高松市庵治町４１５１番地７", "url": "https://www.kaigokensaku.mhlw.go.jp/37/index.php?action_kouhyou_detail_004_kani=true&JigyosyoCd=3771300302-00&ServiceCd=430&Type=search", "url2": "http://care-net.biz/37/aji-sato/" }, "geometry": { "type": "Point", "coordinates": [ 134.143857300000036, 34.3795414 ] } },
{ "type": "Feature", "properties": { "内容": "さんさん荘老人介護支援事業所【居宅介護支援】香川県高松市香川町川内原１００３番地１", "url": "https://www.kaigokensaku.mhlw.go.jp/37/index.php?action_kouhyou_detail_004_kani=true&JigyosyoCd=3771400078-00&ServiceCd=430&Type=search", "url2": "https://www.sansan-kai.com/" }, "geometry": { "type": "Point", "coordinates": [ 134.0504075, 34.2317736 ] } },
{ "type": "Feature", "properties": { "内容": "ケアセンター松縄【居宅介護支援】香川県高松市松縄町48番地17", "url": "https://www.kaigokensaku.mhlw.go.jp/37/index.php?action_kouhyou_detail_004_kani=true&JigyosyoCd=3770107336-00&ServiceCd=430&Type=search", "url2": "http://www.koutouen.com/matsunawa/" }, "geometry": { "type": "Point", "coordinates": [ 134.061595860713169, 34.322779724704006 ] } },
{ "type": "Feature", "properties": { "内容": "さんさん浅野居宅介護支援事業所【居宅介護支援】香川県高松市香川町浅野６６７番地１", "url": "https://www.kaigokensaku.mhlw.go.jp/37/index.php?action_kouhyou_detail_004_kani=true&JigyosyoCd=3770108219-00&ServiceCd=430&Type=search", "url2": "http//www.sansan-kai.com/" }, "geometry": { "type": "Point", "coordinates": [ 134.037083336290038, 34.261125529974585 ] } },
{ "type": "Feature", "properties": { "内容": "ヨハネの里老人介護支援センター【居宅介護支援】高松市鶴市町241番地", "url": "https://www.kaigokensaku.mhlw.go.jp/37/index.php?action_kouhyou_detail_004_kani=true&JigyosyoCd=3770108391-00&ServiceCd=430&Type=search", "url2": "http://www.bokuyoukai.or.jp/qhm/" }, "geometry": { "type": "Point", "coordinates": [ 134.007704147646308, 34.328059698136776 ] } },
{ "type": "Feature", "properties": { "内容": "セントケア高松【居宅介護支援】高松市勅使町634-1", "url": "https://www.kaigokensaku.mhlw.go.jp/37/index.php?action_kouhyou_detail_004_kani=true&JigyosyoCd=3770109159-00&ServiceCd=430&Type=search", "url2": "https://www.saint-care.com/" }, "geometry": { "type": "Point", "coordinates": [ 134.014416200000028, 34.3076381 ] } },
{ "type": "Feature", "properties": { "内容": "介護支援センター　かけはし【居宅介護支援】香川県高松市前田西町98番地1", "url": "https://www.kaigokensaku.mhlw.go.jp/37/index.php?action_kouhyou_detail_004_kani=true&JigyosyoCd=3770109563-00&ServiceCd=430&Type=search", "url2": null }, "geometry": { "type": "Point", "coordinates": [ 138.252924, 36.204824 ] } },
{ "type": "Feature", "properties": { "内容": "きたまち苑居宅介護支援事業所【居宅介護支援】木太町5113番地15", "url": "https://www.kaigokensaku.mhlw.go.jp/37/index.php?action_kouhyou_detail_004_kani=true&JigyosyoCd=3770109647-00&ServiceCd=430&Type=search", "url2": "https://hatsukikai.or.jp" }, "geometry": { "type": "Point", "coordinates": [ 134.067197171688804, 34.308494612623711 ] } },
{ "type": "Feature", "properties": { "内容": "ケアプランセンターこはる【居宅介護支援】香川県高松市川島東町1328番地5", "url": "https://www.kaigokensaku.mhlw.go.jp/37/index.php?action_kouhyou_detail_004_kani=true&JigyosyoCd=3770110629-00&ServiceCd=430&Type=search", "url2": null }, "geometry": { "type": "Point", "coordinates": [ 134.0984264, 34.2697668 ] } },
{ "type": "Feature", "properties": { "内容": "福祉プラザ居宅介護支援事業所【居宅介護支援】香川県高松市国分寺町新居1500番地1", "url": "https://www.kaigokensaku.mhlw.go.jp/37/index.php?action_kouhyou_detail_004_kani=true&JigyosyoCd=3770111601-00&ServiceCd=430&Type=search", "url2": "https://fukushiplaza.co.jp/" }, "geometry": { "type": "Point", "coordinates": [ 133.960296373517906, 34.301627960573065 ] } },
{ "type": "Feature", "properties": { "内容": "介護支援センターこすもす【居宅介護支援】香川県高松市太田下町1868番地2", "url": "https://www.kaigokensaku.mhlw.go.jp/37/index.php?action_kouhyou_detail_004_kani=true&JigyosyoCd=3770111858-00&ServiceCd=430&Type=search", "url2": "https://kaigo-cosmos.com" }, "geometry": { "type": "Point", "coordinates": [ 134.0435285, 34.3070314 ] } },
{ "type": "Feature", "properties": { "内容": "あすなろケアプランセンター【居宅介護支援】香川県高松市元山町901番地1", "url": "https://www.kaigokensaku.mhlw.go.jp/37/index.php?action_kouhyou_detail_004_kani=true&JigyosyoCd=3770111924-00&ServiceCd=430&Type=search", "url2": null }, "geometry": { "type": "Point", "coordinates": [ 134.085018840492808, 34.310457838127917 ] } },
{ "type": "Feature", "properties": { "内容": "ハピネス老人介護支援センター　居宅介護支援事業所【居宅介護支援】香川県高松市中山町775番地1高齢者複合施設　五色の里", "url": "https://www.kaigokensaku.mhlw.go.jp/37/index.php?action_kouhyou_detail_004_kani=true&JigyosyoCd=3770100125-00&ServiceCd=430&Type=search", "url2": "http://www.shinboukai.net/" }, "geometry": { "type": "Point", "coordinates": [ 133.973377806221009, 34.356830683128834 ] } },
{ "type": "Feature", "properties": { "内容": "香色苑老人介護支援センター【居宅介護支援】香川県高松市高松町1350番地22", "url": "https://www.kaigokensaku.mhlw.go.jp/37/index.php?action_kouhyou_detail_004_kani=true&JigyosyoCd=3770100190-00&ServiceCd=430&Type=search", "url2": "https://www.kouzenkai.jp/" }, "geometry": { "type": "Point", "coordinates": [ 134.1200172, 34.3326058 ] } },
{ "type": "Feature", "properties": { "内容": "すみれ荘老人介護支援センター【居宅介護支援】高松市十川西町1234番地1", "url": "https://www.kaigokensaku.mhlw.go.jp/37/index.php?action_kouhyou_detail_004_kani=true&JigyosyoCd=3770100224-00&ServiceCd=430&Type=search", "url2": "https://hatsukikai.or.jp/" }, "geometry": { "type": "Point", "coordinates": [ 134.099728899999945, 34.2599762 ] } },
{ "type": "Feature", "properties": { "内容": "居宅介護支援事業所きなし【居宅介護支援】香川県高松市鬼無町藤井392-1", "url": "https://www.kaigokensaku.mhlw.go.jp/37/index.php?action_kouhyou_detail_004_kani=true&JigyosyoCd=3770100315-00&ServiceCd=430&Type=search", "url2": "http://www.obayashihp.or.jp/" }, "geometry": { "type": "Point", "coordinates": [ 134.002845123417728, 34.332366403922776 ] } },
{ "type": "Feature", "properties": { "内容": "社会福祉法人　高松市社会福祉協議会香南【居宅介護支援】香川県高松市香南町横井１０２８番地香南社会福祉センター", "url": "https://www.kaigokensaku.mhlw.go.jp/37/index.php?action_kouhyou_detail_004_kani=true&JigyosyoCd=3770103988-00&ServiceCd=430&Type=search", "url2": null }, "geometry": { "type": "Point", "coordinates": [ 134.007551703704848, 34.238801027391929 ] } },
{ "type": "Feature", "properties": { "内容": "サンピース介護サービス【居宅介護支援】香川県高松市錦町2-6-13", "url": "https://www.kaigokensaku.mhlw.go.jp/37/index.php?action_kouhyou_detail_004_kani=true&JigyosyoCd=3770104432-00&ServiceCd=430&Type=search", "url2": null }, "geometry": { "type": "Point", "coordinates": [ 134.040997425378464, 34.346947979764337 ] } },
{ "type": "Feature", "properties": { "内容": "ケアプランセンターとびら【居宅介護支援】香川県高松市春日町７４０番地5", "url": "https://www.kaigokensaku.mhlw.go.jp/37/index.php?action_kouhyou_detail_004_kani=true&JigyosyoCd=3770111775-00&ServiceCd=430&Type=search", "url2": null }, "geometry": { "type": "Point", "coordinates": [ 134.0915726, 34.3255837 ] } },
{ "type": "Feature", "properties": { "内容": "豆の樹支援センター【居宅介護支援】香川県高松市木太町３２０３番地２０６", "url": "https://www.kaigokensaku.mhlw.go.jp/37/index.php?action_kouhyou_detail_004_kani=true&JigyosyoCd=3770110439-00&ServiceCd=430&Type=search", "url2": null }, "geometry": { "type": "Point", "coordinates": [ 134.076743, 34.3296461 ] } },
{ "type": "Feature", "properties": { "内容": "香川県ケアマネジメントセンター株式会社【居宅介護支援】香川県高松市木太町3396番地11", "url": "https://www.kaigokensaku.mhlw.go.jp/37/index.php?action_kouhyou_detail_004_kani=true&JigyosyoCd=3770100034-00&ServiceCd=430&Type=search", "url2": "http://www.k-care.co.jp" }, "geometry": { "type": "Point", "coordinates": [ 134.077386711106129, 34.328700398562049 ] } },
{ "type": "Feature", "properties": { "内容": "シオンの丘居宅介護支援事業所【居宅介護支援】高松市香西北町260番地", "url": "https://www.kaigokensaku.mhlw.go.jp/37/index.php?action_kouhyou_detail_004_kani=true&JigyosyoCd=3770100133-00&ServiceCd=430&Type=search", "url2": "http://www.bokuyoukai.or.jp/qhm/" }, "geometry": { "type": "Point", "coordinates": [ 133.995138900000029, 34.354258 ] } },
{ "type": "Feature", "properties": { "内容": "居宅介護支援センター　フローラ【居宅介護支援】香川県高松市東ハゼ町８３０－１", "url": "https://www.kaigokensaku.mhlw.go.jp/37/index.php?action_kouhyou_detail_004_kani=true&JigyosyoCd=3770100166-00&ServiceCd=430&Type=search", "url2": null }, "geometry": { "type": "Point", "coordinates": [ 134.03921420000006, 34.3204982 ] } },
{ "type": "Feature", "properties": { "内容": "居宅介護支援事業所　暖暖【居宅介護支援】高松市室新町１－８", "url": "https://www.kaigokensaku.mhlw.go.jp/37/index.php?action_kouhyou_detail_004_kani=true&JigyosyoCd=3770102360-00&ServiceCd=430&Type=search", "url2": null }, "geometry": { "type": "Point", "coordinates": [ 134.041919600000028, 34.3226619 ] } },
{ "type": "Feature", "properties": { "内容": "あおい介護サービス【居宅介護支援】高松市多肥下町1504－10", "url": "https://www.kaigokensaku.mhlw.go.jp/37/index.php?action_kouhyou_detail_004_kani=true&JigyosyoCd=3770104333-00&ServiceCd=430&Type=search", "url2": "aoi-service@proof.ocn.ne.jp" }, "geometry": { "type": "Point", "coordinates": [ 134.056848709787005, 34.30543215036915 ] } },
{ "type": "Feature", "properties": { "内容": "ハッピーライフ愛居宅介護支援事業所【居宅介護支援】香川県高松市円座町1300-2", "url": "https://www.kaigokensaku.mhlw.go.jp/37/index.php?action_kouhyou_detail_004_kani=true&JigyosyoCd=3770104804-00&ServiceCd=430&Type=search", "url2": null }, "geometry": { "type": "Point", "coordinates": [ 134.014537, 34.2843349 ] } },
{ "type": "Feature", "properties": { "内容": "あかねケアプランセンター【居宅介護支援】香川県高松市西町4-1", "url": "https://www.kaigokensaku.mhlw.go.jp/37/index.php?action_kouhyou_detail_004_kani=true&JigyosyoCd=3770104846-00&ServiceCd=430&Type=search", "url2": "http://www.sw-akane.jp" }, "geometry": { "type": "Point", "coordinates": [ 134.027888600000011, 34.3466316 ] } },
{ "type": "Feature", "properties": { "内容": "峰山居宅介護支援センター　灯り【居宅介護支援】高松市松並町８８０番地１", "url": "https://www.kaigokensaku.mhlw.go.jp/37/index.php?action_kouhyou_detail_004_kani=true&JigyosyoCd=3770105124-00&ServiceCd=430&Type=search", "url2": null }, "geometry": { "type": "Point", "coordinates": [ 134.0278813, 34.3193704 ] } },
{ "type": "Feature", "properties": { "内容": "健祥会イントロセンター香川【居宅介護支援】香川県高松市塩江町安原上東１３７番地", "url": "https://www.kaigokensaku.mhlw.go.jp/37/index.php?action_kouhyou_detail_004_kani=true&JigyosyoCd=3771400060-00&ServiceCd=430&Type=search", "url2": "https://www.kenshokai.group" }, "geometry": { "type": "Point", "coordinates": [ 134.0818203, 34.1712382 ] } },
{ "type": "Feature", "properties": { "内容": "両備ヘルシーケア高松ケアプランセンター【居宅介護支援】香川県高松市浜ノ町53番38号", "url": "https://www.kaigokensaku.mhlw.go.jp/37/index.php?action_kouhyou_detail_004_kani=true&JigyosyoCd=3770109209-00&ServiceCd=430&Type=search", "url2": "http://ryobi-hc.jp/" }, "geometry": { "type": "Point", "coordinates": [ 134.037681549598688, 34.352529354991731 ] } },
{ "type": "Feature", "properties": { "内容": "公益社団法人香川県看護協会　居宅介護支援事業所こくぶ【居宅介護支援】香川県高松市国分寺町国分152-4香川県看護協会研修センター内・訪問看護ステーションこくぶ１階", "url": "https://www.kaigokensaku.mhlw.go.jp/37/index.php?action_kouhyou_detail_004_kani=true&JigyosyoCd=3770109829-00&ServiceCd=430&Type=search", "url2": "https://kagawa-kango.com/vnst/kokubu/" }, "geometry": { "type": "Point", "coordinates": [ 133.955930904229717, 34.299446195787475 ] } },
{ "type": "Feature", "properties": { "内容": "指定居宅介護支援事業所　めぐみ【居宅介護支援】香川県高松市多肥上町１４１１番地１", "url": "https://www.kaigokensaku.mhlw.go.jp/37/index.php?action_kouhyou_detail_004_kani=true&JigyosyoCd=3770110645-00&ServiceCd=430&Type=search", "url2": null }, "geometry": { "type": "Point", "coordinates": [ 134.058945, 34.294493 ] } },
{ "type": "Feature", "properties": { "内容": "在宅生活支援センターずっといえ【居宅介護支援】香川県高松市福岡町4丁目18番21号", "url": "https://www.kaigokensaku.mhlw.go.jp/37/index.php?action_kouhyou_detail_004_kani=true&JigyosyoCd=3770111874-00&ServiceCd=430&Type=search", "url2": null }, "geometry": { "type": "Point", "coordinates": [ 134.070997202655036, 34.341309769628445 ] } },
{ "type": "Feature", "properties": { "内容": "ケアトライム【居宅介護支援】香川県高松市太田下町3030番地4アルファステイツ太田中央公園103", "url": "https://www.kaigokensaku.mhlw.go.jp/37/index.php?action_kouhyou_detail_004_kani=true&JigyosyoCd=3770110017-00&ServiceCd=430&Type=search", "url2": null }, "geometry": { "type": "Point", "coordinates": [ 134.053602381421371, 34.304590589706834 ] } },
{ "type": "Feature", "properties": { "内容": "大寿苑老人介護支援センター【居宅介護支援】香川県高松市鬼無町鬼無882番地2", "url": "https://www.kaigokensaku.mhlw.go.jp/37/index.php?action_kouhyou_detail_004_kani=true&JigyosyoCd=3770100117-00&ServiceCd=430&Type=search", "url2": "http://www.daijyuan.com" }, "geometry": { "type": "Point", "coordinates": [ 133.985907099999963, 34.3182532 ] } },
{ "type": "Feature", "properties": { "内容": "まごころ【居宅介護支援】高松市松並町８０２番地1", "url": "https://www.kaigokensaku.mhlw.go.jp/37/index.php?action_kouhyou_detail_004_kani=true&JigyosyoCd=3770100257-00&ServiceCd=430&Type=search", "url2": "http://www.jp-care.gr.jp" }, "geometry": { "type": "Point", "coordinates": [ 134.0249566, 34.3166817 ] } },
{ "type": "Feature", "properties": { "内容": "デコ・ラボ【居宅介護支援】香川県高松市上林町855-7", "url": "https://www.kaigokensaku.mhlw.go.jp/37/index.php?action_kouhyou_detail_004_kani=true&JigyosyoCd=3770109142-00&ServiceCd=430&Type=search", "url2": null }, "geometry": { "type": "Point", "coordinates": [ 134.068690800000013, 34.2892845 ] } },
{ "type": "Feature", "properties": { "内容": "医心館居宅介護支援事業所高松【居宅介護支援】香川県高松市木太町5013番地5", "url": "https://www.kaigokensaku.mhlw.go.jp/37/index.php?action_kouhyou_detail_004_kani=true&JigyosyoCd=3770112021-00&ServiceCd=430&Type=search", "url2": null }, "geometry": { "type": "Point", "coordinates": [ 134.0697384, 34.3175243 ] } },
{ "type": "Feature", "properties": { "内容": "ライフケアプラン　かりん【居宅介護支援】屋島西町　2492-15", "url": "https://www.kaigokensaku.mhlw.go.jp/37/index.php?action_kouhyou_detail_004_kani=true&JigyosyoCd=3770109951-00&ServiceCd=430&Type=search", "url2": null }, "geometry": { "type": "Point", "coordinates": [ 134.089859299999944, 34.3472901 ] } },
{ "type": "Feature", "properties": { "内容": "あん樹苑居宅介護支援事業所【居宅介護支援】高松市香川町浅野1414番地", "url": "https://www.kaigokensaku.mhlw.go.jp/37/index.php?action_kouhyou_detail_004_kani=true&JigyosyoCd=3770105801-00&ServiceCd=430&Type=search", "url2": "http://hatsukikai.or.jp" }, "geometry": { "type": "Point", "coordinates": [ 134.037194799999952, 34.2528091 ] } },
{ "type": "Feature", "properties": { "内容": "居宅介護支援事業所　栗林【居宅介護支援】香川県高松市藤塚町1丁目2番27号　２Ｆ", "url": "https://www.kaigokensaku.mhlw.go.jp/37/index.php?action_kouhyou_detail_004_kani=true&JigyosyoCd=3770106692-00&ServiceCd=430&Type=search", "url2": "riturin-ietune@amail.plala.or.jp" }, "geometry": { "type": "Point", "coordinates": [ 134.053997200000026, 34.3195374 ] } },
{ "type": "Feature", "properties": { "内容": "まゆみ居宅介護支援サービス【居宅介護支援】香川県高松市木太町2691番地1", "url": "https://www.kaigokensaku.mhlw.go.jp/37/index.php?action_kouhyou_detail_004_kani=true&JigyosyoCd=3770104713-00&ServiceCd=430&Type=search", "url2": "http://satokikai.jp/sato/" }, "geometry": { "type": "Point", "coordinates": [ 134.08149370000001, 34.3401188 ] } },
{ "type": "Feature", "properties": { "内容": "いきいきケア居宅介護支援事業所【居宅介護支援】三条町109-8東洋ビル3A", "url": "https://www.kaigokensaku.mhlw.go.jp/37/index.php?action_kouhyou_detail_004_kani=true&JigyosyoCd=3770106866-00&ServiceCd=430&Type=search", "url2": null }, "geometry": { "type": "Point", "coordinates": [ 134.041673599999967, 34.301503 ] } },
{ "type": "Feature", "properties": { "内容": "ケアサポート花暖【居宅介護支援】香川県高松市東山崎町40番37", "url": "https://www.kaigokensaku.mhlw.go.jp/37/index.php?action_kouhyou_detail_004_kani=true&JigyosyoCd=3770107716-00&ServiceCd=430&Type=search", "url2": "https://www.kadan0715.com/60011461/wp-admin" }, "geometry": { "type": "Point", "coordinates": [ 134.0912588, 34.3012719 ] } },
{ "type": "Feature", "properties": { "内容": "ザグザグ薬局仏生山店ケアプラン【居宅介護支援】香川県高松市仏生山町甲1344", "url": "https://www.kaigokensaku.mhlw.go.jp/37/index.php?action_kouhyou_detail_004_kani=true&JigyosyoCd=3770110967-00&ServiceCd=430&Type=search", "url2": "https://www.zagzag.co.jp/shops/detail/busyouzan" }, "geometry": { "type": "Point", "coordinates": [ 134.034652599999987, 34.2736565 ] } },
{ "type": "Feature", "properties": { "内容": "ケアセンター松本ひなた【居宅介護支援】香川県高松市高松町1824番地2", "url": "https://www.kaigokensaku.mhlw.go.jp/37/index.php?action_kouhyou_detail_004_kani=true&JigyosyoCd=3770109050-00&ServiceCd=430&Type=search", "url2": null }, "geometry": { "type": "Point", "coordinates": [ 134.113445, 34.3381337 ] } },
{ "type": "Feature", "properties": { "内容": "居宅介護支援事業所やまもも【居宅介護支援】香川県高松市国分寺町福家甲３１５８番地１３", "url": "https://www.kaigokensaku.mhlw.go.jp/37/index.php?action_kouhyou_detail_004_kani=true&JigyosyoCd=3770112013-00&ServiceCd=430&Type=search", "url2": "https://www.taiheiyo-kojanto.jp" }, "geometry": { "type": "Point", "coordinates": [ 133.9647321, 34.2857499 ] } },
{ "type": "Feature", "properties": { "内容": "サンフラワー介護支援センター【居宅介護支援】香川町大野901-1", "url": "https://www.kaigokensaku.mhlw.go.jp/37/index.php?action_kouhyou_detail_004_kani=true&JigyosyoCd=3771400037-00&ServiceCd=430&Type=search", "url2": "https://www.tanimoto-c.or.jp/connection/sunflower_shien/" }, "geometry": { "type": "Point", "coordinates": [ 134.027368486689255, 34.264266803149908 ] } },
{ "type": "Feature", "properties": { "内容": "居宅介護支援事業所らら【居宅介護支援】香川県高松市川島本町312番地5", "url": "https://www.kaigokensaku.mhlw.go.jp/37/index.php?action_kouhyou_detail_004_kani=true&JigyosyoCd=3770110504-00&ServiceCd=430&Type=search", "url2": null }, "geometry": { "type": "Point", "coordinates": [ 134.085564009559306, 34.281647001136434 ] } },
{ "type": "Feature", "properties": { "内容": "ケアマネジャー事務所「奏」【居宅介護支援】香川県高松市仏生山町乙41-7", "url": "https://www.kaigokensaku.mhlw.go.jp/37/index.php?action_kouhyou_detail_004_kani=true&JigyosyoCd=3770110553-00&ServiceCd=430&Type=search", "url2": null }, "geometry": { "type": "Point", "coordinates": [ 134.0495161, 34.2790341 ] } },
{ "type": "Feature", "properties": { "内容": "わかばケアサービス【居宅介護支援】高松市牟礼町牟礼2120番地1", "url": "https://www.kaigokensaku.mhlw.go.jp/37/index.php?action_kouhyou_detail_004_kani=true&JigyosyoCd=3771300237-00&ServiceCd=430&Type=search", "url2": null }, "geometry": { "type": "Point", "coordinates": [ 134.126917763801544, 34.342985165964123 ] } },
{ "type": "Feature", "properties": { "内容": "居宅介護支援事業所　ネムの木　円座【居宅介護支援】香川県高松市円座町95-2", "url": "https://www.kaigokensaku.mhlw.go.jp/37/index.php?action_kouhyou_detail_004_kani=true&JigyosyoCd=3770111239-00&ServiceCd=430&Type=search", "url2": null }, "geometry": { "type": "Point", "coordinates": [ 134.0080112, 34.2885522 ] } },
{ "type": "Feature", "properties": { "内容": "居宅介護支援事業所　らく楽八栗の里【居宅介護支援】香川県高松市牟礼町牟礼239番地", "url": "https://www.kaigokensaku.mhlw.go.jp/37/index.php?action_kouhyou_detail_004_kani=true&JigyosyoCd=3770110611-00&ServiceCd=430&Type=search", "url2": "http://www.rakuraku-group.jp/" }, "geometry": { "type": "Point", "coordinates": [ 134.1361661, 34.3398562 ] } },
{ "type": "Feature", "properties": { "内容": "介護サポートしらふじ【居宅介護支援】香川県高松市西庄294-1", "url": "https://www.kaigokensaku.mhlw.go.jp/37/index.php?action_kouhyou_detail_004_kani=true&JigyosyoCd=3770112179-00&ServiceCd=430&Type=search", "url2": null }, "geometry": { "type": "Point", "coordinates": [ 133.989023617465222, 34.248616488845457 ] } },
{ "type": "Feature", "properties": { "内容": "総合相談グレース【居宅介護支援】香川県高松市牟礼町大町2391番地45", "url": "https://www.kaigokensaku.mhlw.go.jp/37/index.php?action_kouhyou_detail_004_kani=true&JigyosyoCd=3770111569-00&ServiceCd=430&Type=search", "url2": null }, "geometry": { "type": "Point", "coordinates": [ 134.148754700000012, 34.3418322 ] } },
{ "type": "Feature", "properties": { "内容": "ケアサービス結【居宅介護支援】高松市木太町2768番地3", "url": "https://www.kaigokensaku.mhlw.go.jp/37/index.php?action_kouhyou_detail_004_kani=true&JigyosyoCd=3770102212-00&ServiceCd=430&Type=search", "url2": "https://care-net.biz/37/care-yui/" }, "geometry": { "type": "Point", "coordinates": [ 134.082177, 34.3369164 ] } },
{ "type": "Feature", "properties": { "内容": "指定居宅介護支援事業所　ハートケアみのり【居宅介護支援】香川県高松市小村町１１５－１　ニューマリッチふれんど１０２", "url": "https://www.kaigokensaku.mhlw.go.jp/37/index.php?action_kouhyou_detail_004_kani=true&JigyosyoCd=3770110751-00&ServiceCd=430&Type=search", "url2": null }, "geometry": { "type": "Point", "coordinates": [ 134.099304638032407, 34.28126194365246 ] } },
{ "type": "Feature", "properties": { "内容": "居宅介護支援事業所　つなぐ【居宅介護支援】香川県高松市香川町川東上2218-5", "url": "https://www.kaigokensaku.mhlw.go.jp/37/index.php?action_kouhyou_detail_004_kani=true&JigyosyoCd=3770111296-00&ServiceCd=430&Type=search", "url2": null }, "geometry": { "type": "Point", "coordinates": [ 134.0388058, 34.2412023 ] } },
{ "type": "Feature", "properties": { "内容": "社会福祉法人守里会　守里会介護計画作成所【居宅介護支援】香川県高松市牟礼町牟礼2321-14", "url": "https://www.kaigokensaku.mhlw.go.jp/37/index.php?action_kouhyou_detail_004_kani=true&JigyosyoCd=3771300047-00&ServiceCd=430&Type=search", "url2": "http://www.syurikai.com" }, "geometry": { "type": "Point", "coordinates": [ 134.1223493, 34.3402785 ] } },
{ "type": "Feature", "properties": { "内容": "西川クリニック　ケアセンター　おれんじ【居宅介護支援】香川県高松市瓦町1-4-5", "url": "https://www.kaigokensaku.mhlw.go.jp/37/index.php?action_kouhyou_detail_004_kani=true&JigyosyoCd=3770110421-00&ServiceCd=430&Type=search", "url2": "https://nishic.com/" }, "geometry": { "type": "Point", "coordinates": [ 134.052782774868774, 34.341725522687355 ] } },
{ "type": "Feature", "properties": { "内容": "ツクイ高松林町（居宅）【居宅介護支援】林町2564-11", "url": "https://www.kaigokensaku.mhlw.go.jp/37/index.php?action_kouhyou_detail_004_kani=true&JigyosyoCd=3770112005-00&ServiceCd=430&Type=search", "url2": "https://www.tsukui.net/home-care/2308/" }, "geometry": { "type": "Point", "coordinates": [ 134.0680893, 34.3030829 ] } },
{ "type": "Feature", "properties": { "内容": "居宅介護支援事業所ゆうあい【居宅介護支援】香川県高松市花ノ宮町1丁目8-21NMビル1階", "url": "https://www.kaigokensaku.mhlw.go.jp/37/index.php?action_kouhyou_detail_004_kani=true&JigyosyoCd=3770112047-00&ServiceCd=430&Type=search", "url2": "http://www.ai-cere-takamatsu.co.jp" }, "geometry": { "type": "Point", "coordinates": [ 134.0500712, 34.3254601 ] } },
{ "type": "Feature", "properties": { "内容": "居宅介護支援センターオアシス香西【居宅介護支援】高松市檀紙町1452-1", "url": "https://www.kaigokensaku.mhlw.go.jp/37/index.php?action_kouhyou_detail_004_kani=true&JigyosyoCd=3770112138-00&ServiceCd=430&Type=search", "url2": "https://x.gd/hajimekaigo" }, "geometry": { "type": "Point", "coordinates": [ 133.9995544, 34.307254 ] } },
{ "type": "Feature", "properties": { "内容": "ココロンケアプランセンター【居宅介護支援】香川県高松市出作町422-1", "url": "https://www.kaigokensaku.mhlw.go.jp/37/index.php?action_kouhyou_detail_004_kani=true&JigyosyoCd=3770112252-00&ServiceCd=430&Type=search", "url2": "http://www.jikeikai-ise.or.jp" }, "geometry": { "type": "Point", "coordinates": [ 134.0479186, 34.2868247 ] } },
{ "type": "Feature", "properties": { "内容": "福祉相談所こころ【居宅介護支援】香川県高松市林町2569番地7", "url": "https://www.kaigokensaku.mhlw.go.jp/37/index.php?action_kouhyou_detail_004_kani=true&JigyosyoCd=3770110892-00&ServiceCd=430&Type=search", "url2": "http://hp.kaipoke.biz/m2s/" }, "geometry": { "type": "Point", "coordinates": [ 134.0705672, 34.3024025 ] } },
{ "type": "Feature", "properties": { "内容": "居宅介護支援事業所しおり【居宅介護支援】香川県高松市十川東町１７２１番地", "url": "https://www.kaigokensaku.mhlw.go.jp/37/index.php?action_kouhyou_detail_004_kani=true&JigyosyoCd=3770111023-00&ServiceCd=430&Type=search", "url2": null }, "geometry": { "type": "Point", "coordinates": [ 134.1067438, 34.2559247 ] } },
{ "type": "Feature", "properties": { "内容": "居宅介護支援事業所あまね【居宅介護支援】香川県高松市瓦町2丁目7-14フォルテ瓦町駅前ビル2階", "url": "https://www.kaigokensaku.mhlw.go.jp/37/index.php?action_kouhyou_detail_004_kani=true&JigyosyoCd=3770108763-00&ServiceCd=430&Type=search", "url2": null }, "geometry": { "type": "Point", "coordinates": [ 134.051461968231933, 34.339595457353106 ] } },
{ "type": "Feature", "properties": { "内容": "居宅介護支援センターあんじゅ【居宅介護支援】香川県高松市福岡町2丁目11-14", "url": "https://www.kaigokensaku.mhlw.go.jp/37/index.php?action_kouhyou_detail_004_kani=true&JigyosyoCd=3770111692-00&ServiceCd=430&Type=search", "url2": null }, "geometry": { "type": "Point", "coordinates": [ 134.0654714, 34.3457899 ] } },
{ "type": "Feature", "properties": { "内容": "居宅介護支援事業所　なつめ【居宅介護支援】香川県高松市木太町1188-2", "url": "https://www.kaigokensaku.mhlw.go.jp/37/index.php?action_kouhyou_detail_004_kani=true&JigyosyoCd=3770108003-00&ServiceCd=430&Type=search", "url2": "http://hp.kaipoke.biz/m38/80265/base_0001.html" }, "geometry": { "type": "Point", "coordinates": [ 134.069744885381141, 34.320250179325726 ] } },
{ "type": "Feature", "properties": { "内容": "社会福祉法人　高松市社会福祉協議会塩江【居宅介護支援】高松市塩江町安原下第２号１６４５番地", "url": "https://www.kaigokensaku.mhlw.go.jp/37/index.php?action_kouhyou_detail_004_kani=true&JigyosyoCd=3770103814-00&ServiceCd=430&Type=search", "url2": "http://www.takamatsushi-shakyo.or.jp/" }, "geometry": { "type": "Point", "coordinates": [ 134.080370600000037, 34.171441 ] } },
{ "type": "Feature", "properties": { "内容": "ケアプランセンターおはな【居宅介護支援】丸亀市郡家町1822－2間嶋ビル１０１", "url": "https://www.kaigokensaku.mhlw.go.jp/37/index.php?action_kouhyou_detail_004_kani=true&JigyosyoCd=3770201915-00&ServiceCd=430&Type=search", "url2": "http://hp.kaipoke.biz/86s/100490/base_0001.html" }, "geometry": { "type": "Point", "coordinates": [ 133.816959200000014, 34.2588327 ] } },
{ "type": "Feature", "properties": { "内容": "ケアプランセンター正木【居宅介護支援】香川県丸亀市飯山町川原185-1", "url": "https://www.kaigokensaku.mhlw.go.jp/37/index.php?action_kouhyou_detail_004_kani=true&JigyosyoCd=3770201329-00&ServiceCd=430&Type=search", "url2": "koufukukai.or.jp" }, "geometry": { "type": "Point", "coordinates": [ 133.852071, 34.262832 ] } },
{ "type": "Feature", "properties": { "内容": "マイルドハート丸亀居宅介護支援事業所【居宅介護支援】香川県丸亀市今津町186番地1", "url": "https://www.kaigokensaku.mhlw.go.jp/37/index.php?action_kouhyou_detail_004_kani=true&JigyosyoCd=3770200206-00&ServiceCd=430&Type=search", "url2": "http://www.utazufukushikai.or.jp" }, "geometry": { "type": "Point", "coordinates": [ 133.784239620901531, 34.275531747600603 ] } },
{ "type": "Feature", "properties": { "内容": "田村クリニック・ケアセンターマリン【居宅介護支援】香川県丸亀市幸町一丁目4番１０号", "url": "https://www.kaigokensaku.mhlw.go.jp/37/index.php?action_kouhyou_detail_004_kani=true&JigyosyoCd=3770200701-00&ServiceCd=430&Type=search", "url2": null }, "geometry": { "type": "Point", "coordinates": [ 133.789478899999949, 34.287237 ] } },
{ "type": "Feature", "properties": { "内容": "アーチケアマネジメント【居宅介護支援】香川県丸亀市綾歌町栗熊東71番地1", "url": "https://www.kaigokensaku.mhlw.go.jp/37/index.php?action_kouhyou_detail_004_kani=true&JigyosyoCd=3770201964-00&ServiceCd=430&Type=search", "url2": "https://arch-care.co.jp" }, "geometry": { "type": "Point", "coordinates": [ 133.879997599999967, 34.2405002 ] } },
{ "type": "Feature", "properties": { "内容": "ことぶきケアマネジメントセンター【居宅介護支援】丸亀市宗古町5番地", "url": "https://www.kaigokensaku.mhlw.go.jp/37/index.php?action_kouhyou_detail_004_kani=true&JigyosyoCd=3770200040-00&ServiceCd=430&Type=search", "url2": "ｈｔｔｐ//yoshida-hp.jimdo.com/jinjukai@dance.ocn.ne.jp" }, "geometry": { "type": "Point", "coordinates": [ 133.796442847885146, 34.29265011925505 ] } },
{ "type": "Feature", "properties": { "内容": "たるみ荘老人介護支援センター【居宅介護支援】香川県丸亀市垂水町1353番地", "url": "https://www.kaigokensaku.mhlw.go.jp/37/index.php?action_kouhyou_detail_004_kani=true&JigyosyoCd=3770200016-00&ServiceCd=430&Type=search", "url2": "http://www.tarumisou.com/" }, "geometry": { "type": "Point", "coordinates": [ 133.829373300000043, 34.2339017 ] } },
{ "type": "Feature", "properties": { "内容": "セントケア丸亀【居宅介護支援】香川県丸亀市土器町東7丁目457", "url": "https://www.kaigokensaku.mhlw.go.jp/37/index.php?action_kouhyou_detail_004_kani=true&JigyosyoCd=3770200982-00&ServiceCd=430&Type=search", "url2": "http://www.saint-care.com" }, "geometry": { "type": "Point", "coordinates": [ 133.812117599999965, 34.2954833 ] } },
{ "type": "Feature", "properties": { "内容": "合同会社ひかり【居宅介護支援】香川県丸亀市綾歌町岡田下353番地1", "url": "https://www.kaigokensaku.mhlw.go.jp/37/index.php?action_kouhyou_detail_004_kani=true&JigyosyoCd=3770201717-00&ServiceCd=430&Type=search", "url2": "http://hikari-kaigosien.jimdo.com/" }, "geometry": { "type": "Point", "coordinates": [ 133.861577200000056, 34.2226476 ] } },
{ "type": "Feature", "properties": { "内容": "紅山ケアセンター【居宅介護支援】丸亀市飯山町上法軍寺２６００番地", "url": "https://www.kaigokensaku.mhlw.go.jp/37/index.php?action_kouhyou_detail_004_kani=true&JigyosyoCd=3771500141-00&ServiceCd=430&Type=search", "url2": "http://www.beniyama.jp/" }, "geometry": { "type": "Point", "coordinates": [ 133.866651199999978, 34.2386595 ] } },
{ "type": "Feature", "properties": { "内容": "珠光園老人介護支援センター【居宅介護支援】香川県丸亀市飯野町東二甲911番地1", "url": "https://www.kaigokensaku.mhlw.go.jp/37/index.php?action_kouhyou_detail_004_kani=true&JigyosyoCd=3770200057-00&ServiceCd=430&Type=search", "url2": "https://jukoen.jp" }, "geometry": { "type": "Point", "coordinates": [ 133.834458684239195, 34.269897854103924 ] } },
{ "type": "Feature", "properties": { "内容": "居宅介護支援事業所すこやか【居宅介護支援】香川県丸亀市郡家町2472番", "url": "https://www.kaigokensaku.mhlw.go.jp/37/index.php?action_kouhyou_detail_004_kani=true&JigyosyoCd=3770200578-00&ServiceCd=430&Type=search", "url2": "http://www,k-ih,com" }, "geometry": { "type": "Point", "coordinates": [ 133.809702199999947, 34.2558408 ] } },
{ "type": "Feature", "properties": { "内容": "ニチイケアセンター飯山【居宅介護支援】丸亀市飯山町上法軍寺922-1", "url": "https://www.kaigokensaku.mhlw.go.jp/37/index.php?action_kouhyou_detail_004_kani=true&JigyosyoCd=3770201402-00&ServiceCd=430&Type=search", "url2": null }, "geometry": { "type": "Point", "coordinates": [ 133.859315400000014, 34.2479973 ] } },
{ "type": "Feature", "properties": { "内容": "丸亀市社会福祉協議会【居宅介護支援】香川県丸亀市飯山町下法軍寺581番地1丸亀市飯山総合保健福祉センター", "url": "https://www.kaigokensaku.mhlw.go.jp/37/index.php?action_kouhyou_detail_004_kani=true&JigyosyoCd=3770200677-00&ServiceCd=430&Type=search", "url2": "http://www.marugame-shakyo.or.jp" }, "geometry": { "type": "Point", "coordinates": [ 133.858479100000068, 34.2589126 ] } },
{ "type": "Feature", "properties": { "内容": "青の山荘老人介護支援センター【居宅介護支援】香川県丸亀市土器町東四丁目77番地特別養護老人ホーム青の山荘", "url": "https://www.kaigokensaku.mhlw.go.jp/37/index.php?action_kouhyou_detail_004_kani=true&JigyosyoCd=3770200081-00&ServiceCd=430&Type=search", "url2": "https://houjyuen.web.fc2.com" }, "geometry": { "type": "Point", "coordinates": [ 133.820386099999951, 34.2925419 ] } },
{ "type": "Feature", "properties": { "内容": "指定居宅介護支援事業所　福寿荘【居宅介護支援】丸亀市柞原町１８７番地１", "url": "https://www.kaigokensaku.mhlw.go.jp/37/index.php?action_kouhyou_detail_004_kani=true&JigyosyoCd=3770200248-00&ServiceCd=430&Type=search", "url2": "https://www.mifune-hp.jp" }, "geometry": { "type": "Point", "coordinates": [ 133.805935800000043, 34.2663979 ] } },
{ "type": "Feature", "properties": { "内容": "居宅介護支援事業所　ネムの木【居宅介護支援】香川県丸亀市川西町南258-1", "url": "https://www.kaigokensaku.mhlw.go.jp/37/index.php?action_kouhyou_detail_004_kani=true&JigyosyoCd=3770201576-00&ServiceCd=430&Type=search", "url2": "http://www.koushi-f.or.jp" }, "geometry": { "type": "Point", "coordinates": [ 133.833397399999967, 34.2552686 ] } },
{ "type": "Feature", "properties": { "内容": "居宅介護支援事業所プランタン【居宅介護支援】香川県丸亀市今津町126‐12", "url": "https://www.kaigokensaku.mhlw.go.jp/37/index.php?action_kouhyou_detail_004_kani=true&JigyosyoCd=3770201774-00&ServiceCd=430&Type=search", "url2": null }, "geometry": { "type": "Point", "coordinates": [ 133.7852763, 34.2780584 ] } },
{ "type": "Feature", "properties": { "内容": "ケアファミ指定居宅介護支援事業所【居宅介護支援】城西町1-4-11第２大石ビル１階南側", "url": "https://www.kaigokensaku.mhlw.go.jp/37/index.php?action_kouhyou_detail_004_kani=true&JigyosyoCd=3770201089-00&ServiceCd=430&Type=search", "url2": null }, "geometry": { "type": "Point", "coordinates": [ 133.7971698, 34.2819404 ] } },
{ "type": "Feature", "properties": { "内容": "ケアプランセンター縁と縁【居宅介護支援】香川県丸亀市三条町1514番地19", "url": "https://www.kaigokensaku.mhlw.go.jp/37/index.php?action_kouhyou_detail_004_kani=true&JigyosyoCd=3770202038-00&ServiceCd=430&Type=search", "url2": null }, "geometry": { "type": "Point", "coordinates": [ 140.8526802, 38.2808126 ] } },
{ "type": "Feature", "properties": { "内容": "シャローム居宅介護相談室【居宅介護支援】香川県丸亀市垂水町16番地５０", "url": "https://www.kaigokensaku.mhlw.go.jp/37/index.php?action_kouhyou_detail_004_kani=true&JigyosyoCd=3770200339-00&ServiceCd=430&Type=search", "url2": null }, "geometry": { "type": "Point", "coordinates": [ 133.836276099999964, 34.2212752 ] } },
{ "type": "Feature", "properties": { "内容": "居宅介護支援事業所　えーる【居宅介護支援】香川県丸亀市通町９１番地２", "url": "https://www.kaigokensaku.mhlw.go.jp/37/index.php?action_kouhyou_detail_004_kani=true&JigyosyoCd=3770201170-00&ServiceCd=430&Type=search", "url2": null }, "geometry": { "type": "Point", "coordinates": [ 133.7979583, 34.2905616 ] } },
{ "type": "Feature", "properties": { "内容": "居宅介護支援事業所アニメイト【居宅介護支援】今津町739-6", "url": "https://www.kaigokensaku.mhlw.go.jp/37/index.php?action_kouhyou_detail_004_kani=true&JigyosyoCd=3770201113-00&ServiceCd=430&Type=search", "url2": "kamurogi@mxi.netwave.or.jp" }, "geometry": { "type": "Point", "coordinates": [ 133.783121199999982, 34.282718 ] } },
{ "type": "Feature", "properties": { "内容": "居宅　だん【居宅介護支援】香川県丸亀市垂水町2897番地1", "url": "https://www.kaigokensaku.mhlw.go.jp/37/index.php?action_kouhyou_detail_004_kani=true&JigyosyoCd=3770201832-00&ServiceCd=430&Type=search", "url2": "https://www.hide-dan.com/" }, "geometry": { "type": "Point", "coordinates": [ 133.8267088, 34.2304625 ] } },
{ "type": "Feature", "properties": { "内容": "りぼんケアプランサービス【居宅介護支援】香川県丸亀市郡家町1813-1-1号メゾンド新居", "url": "https://www.kaigokensaku.mhlw.go.jp/37/index.php?action_kouhyou_detail_004_kani=true&JigyosyoCd=3770201782-00&ServiceCd=430&Type=search", "url2": "moco704takushin@outlook.jp" }, "geometry": { "type": "Point", "coordinates": [ 133.817475105861092, 34.259131736575121 ] } },
{ "type": "Feature", "properties": { "内容": "居宅介護支援事業所　和幸【居宅介護支援】香川県丸亀市飯山町東小川1255番2", "url": "https://www.kaigokensaku.mhlw.go.jp/37/index.php?action_kouhyou_detail_004_kani=true&JigyosyoCd=3770201956-00&ServiceCd=430&Type=search", "url2": "https://www.wakou0501.com/feature.php" }, "geometry": { "type": "Point", "coordinates": [ 133.843732275020614, 34.247494670706793 ] } },
{ "type": "Feature", "properties": { "内容": "指定居宅介護支援事業所　ケアプラザまるがめ【居宅介護支援】香川県丸亀市津森町162番地4", "url": "https://www.kaigokensaku.mhlw.go.jp/37/index.php?action_kouhyou_detail_004_kani=true&JigyosyoCd=3770201584-00&ServiceCd=430&Type=search", "url2": "http://jyujin-mmc.jp" }, "geometry": { "type": "Point", "coordinates": [ 133.794988821426386, 34.278472189180583 ] } },
{ "type": "Feature", "properties": { "内容": "在宅支援　花花【居宅介護支援】香川県丸亀市西本町二丁目3番10号", "url": "https://www.kaigokensaku.mhlw.go.jp/37/index.php?action_kouhyou_detail_004_kani=true&JigyosyoCd=3770202087-00&ServiceCd=430&Type=search", "url2": null }, "geometry": { "type": "Point", "coordinates": [ 133.789350399999989, 34.2890348 ] } },
{ "type": "Feature", "properties": { "内容": "居宅介護支援事業所ベストパートナーズ【居宅介護支援】香川県丸亀市飯山町川原７２４－１ヴィラビアンカ102号", "url": "https://www.kaigokensaku.mhlw.go.jp/37/index.php?action_kouhyou_detail_004_kani=true&JigyosyoCd=3770201758-00&ServiceCd=430&Type=search", "url2": null }, "geometry": { "type": "Point", "coordinates": [ 133.8557351, 34.2624602 ] } },
{ "type": "Feature", "properties": { "内容": "居宅介護支援事業所　あるく【居宅介護支援】香川県丸亀市郡家町443番地8", "url": "https://www.kaigokensaku.mhlw.go.jp/37/index.php?action_kouhyou_detail_004_kani=true&JigyosyoCd=3770202095-00&ServiceCd=430&Type=search", "url2": null }, "geometry": { "type": "Point", "coordinates": [ 133.8152522, 34.2420007 ] } },
{ "type": "Feature", "properties": { "内容": "ケアセンター　フラワーガーデン坂出【居宅介護支援】香川県坂出市京町3丁目6番56号", "url": "https://www.kaigokensaku.mhlw.go.jp/37/index.php?action_kouhyou_detail_004_kani=true&JigyosyoCd=3770300667-00&ServiceCd=430&Type=search", "url2": null }, "geometry": { "type": "Point", "coordinates": [ 133.857913100000019, 34.317383 ] } },
{ "type": "Feature", "properties": { "内容": "指定居宅介護支援事業所　五色台【居宅介護支援】香川県坂出市加茂町194-1　介護老人保健施設五色台内", "url": "https://www.kaigokensaku.mhlw.go.jp/37/index.php?action_kouhyou_detail_004_kani=true&JigyosyoCd=3770300014-00&ServiceCd=430&Type=search", "url2": "http://www.goshikidai.or.jp" }, "geometry": { "type": "Point", "coordinates": [ 133.922638600000028, 34.3025945 ] } },
{ "type": "Feature", "properties": { "内容": "坂出聖マルチン病院居宅介護支援事業所【居宅介護支援】香川県坂出市谷町一丁目4-68", "url": "https://www.kaigokensaku.mhlw.go.jp/37/index.php?action_kouhyou_detail_004_kani=true&JigyosyoCd=3770300071-00&ServiceCd=430&Type=search", "url2": "sakaide-martinhp.jp" }, "geometry": { "type": "Point", "coordinates": [ 133.8597883, 34.311800499999983 ] } },
{ "type": "Feature", "properties": { "内容": "NPライフスクエア坂出居宅介護支援事業所【居宅介護支援】坂出市駒止町1‐3‐5ライフスクエア坂出", "url": "https://www.kaigokensaku.mhlw.go.jp/37/index.php?action_kouhyou_detail_004_kani=true&JigyosyoCd=3770300824-00&ServiceCd=430&Type=search", "url2": "http://www.np.medical.com" }, "geometry": { "type": "Point", "coordinates": [ 133.856416299999978, 34.3113478 ] } },
{ "type": "Feature", "properties": { "内容": "ケアマネジメントオフィス晴々【居宅介護支援】香川県坂出市旭町2丁目1番11号室町タウン東", "url": "https://www.kaigokensaku.mhlw.go.jp/37/index.php?action_kouhyou_detail_004_kani=true&JigyosyoCd=3770400715-00&ServiceCd=430&Type=search", "url2": null }, "geometry": { "type": "Point", "coordinates": [ 133.862758523711307, 34.316099950773847 ] } },
{ "type": "Feature", "properties": { "内容": "介護生活　けあまね【居宅介護支援】坂出市福江町２丁目４番９号", "url": "https://www.kaigokensaku.mhlw.go.jp/37/index.php?action_kouhyou_detail_004_kani=true&JigyosyoCd=3770200883-00&ServiceCd=430&Type=search", "url2": "http://hp.kaipoke.biz/s5k/index.html" }, "geometry": { "type": "Point", "coordinates": [ 133.857185733868391, 34.304020985872128 ] } },
{ "type": "Feature", "properties": { "内容": "医療法人社団響会　林内科呼吸器科医院【居宅介護支援】香川県坂出市白金町３丁目６番１１号", "url": "https://www.kaigokensaku.mhlw.go.jp/37/index.php?action_kouhyou_detail_004_kani=true&JigyosyoCd=3710311394-00&ServiceCd=430&Type=search", "url2": null }, "geometry": { "type": "Point", "coordinates": [ 133.845358499999946, 34.3164914 ] } },
{ "type": "Feature", "properties": { "内容": "愛生苑居宅介護支援事業所【居宅介護支援】香川県坂出市西庄町79番地1", "url": "https://www.kaigokensaku.mhlw.go.jp/37/index.php?action_kouhyou_detail_004_kani=true&JigyosyoCd=3770300055-00&ServiceCd=430&Type=search", "url2": "http://ryokusei.byouinnavi.jp" }, "geometry": { "type": "Point", "coordinates": [ 133.880992099999958, 34.3200524 ] } },
{ "type": "Feature", "properties": { "内容": "MIRAI病院　介護支援ステーション【居宅介護支援】香川県坂出市加茂町593番地1旧西山脳神経外科病院　１階", "url": "https://www.kaigokensaku.mhlw.go.jp/37/index.php?action_kouhyou_detail_004_kani=true&JigyosyoCd=3770300089-00&ServiceCd=430&Type=search", "url2": "https://www.mirai-hospital.com" }, "geometry": { "type": "Point", "coordinates": [ 133.909882924081444, 34.307017449987129 ] } },
{ "type": "Feature", "properties": { "内容": "居宅介護支援事業所レシ【居宅介護支援】駒止町一丁目３番５号ライフスクエア坂出３F", "url": "https://www.kaigokensaku.mhlw.go.jp/37/index.php?action_kouhyou_detail_004_kani=true&JigyosyoCd=3770301277-00&ServiceCd=430&Type=search", "url2": null }, "geometry": { "type": "Point", "coordinates": [ 133.8563533, 34.3114161 ] } },
{ "type": "Feature", "properties": { "内容": "松ケ浦荘居宅介護支援事業所【居宅介護支援】香川県坂出市大屋冨町３１００番地１３", "url": "https://www.kaigokensaku.mhlw.go.jp/37/index.php?action_kouhyou_detail_004_kani=true&JigyosyoCd=3770300063-00&ServiceCd=430&Type=search", "url2": "http://www.shouju.or.jp/" }, "geometry": { "type": "Point", "coordinates": [ 133.894061500000021, 34.3556199 ] } },
{ "type": "Feature", "properties": { "内容": "坂出市医師会介護支援ステーション【居宅介護支援】香川県坂出市久米町１丁目１７番１１号", "url": "https://www.kaigokensaku.mhlw.go.jp/37/index.php?action_kouhyou_detail_004_kani=true&JigyosyoCd=3770300253-00&ServiceCd=430&Type=search", "url2": "http://www.sakaide-med.jp/business_1.htm" }, "geometry": { "type": "Point", "coordinates": [ 133.8585213, 34.3196132 ] } },
{ "type": "Feature", "properties": { "内容": "きやまケアプランセンター【居宅介護支援】香川県坂出市川津町1493番地", "url": "https://www.kaigokensaku.mhlw.go.jp/37/index.php?action_kouhyou_detail_004_kani=true&JigyosyoCd=3770300998-00&ServiceCd=430&Type=search", "url2": "http://www.nagai-group.com" }, "geometry": { "type": "Point", "coordinates": [ 133.869985700000029, 34.2917282 ] } },
{ "type": "Feature", "properties": { "内容": "ケアセンター　星雲【居宅介護支援】香川県坂出市室町３丁目１－５大山ビル３F", "url": "https://www.kaigokensaku.mhlw.go.jp/37/index.php?action_kouhyou_detail_004_kani=true&JigyosyoCd=3770300741-00&ServiceCd=430&Type=search", "url2": null }, "geometry": { "type": "Point", "coordinates": [ 133.8601102, 34.3176469 ] } },
{ "type": "Feature", "properties": { "内容": "居宅介護支援センターふるさと【居宅介護支援】香川県善通寺市善通寺町１８４５番地３", "url": "https://www.kaigokensaku.mhlw.go.jp/37/index.php?action_kouhyou_detail_004_kani=true&JigyosyoCd=3770400608-00&ServiceCd=430&Type=search", "url2": null }, "geometry": { "type": "Point", "coordinates": [ 133.772645399999988, 34.2174443 ] } },
{ "type": "Feature", "properties": { "内容": "白百合荘老人介護支援センター【居宅介護支援】香川県善通寺市与北町1680番地1", "url": "https://www.kaigokensaku.mhlw.go.jp/37/index.php?action_kouhyou_detail_004_kani=true&JigyosyoCd=3770400079-00&ServiceCd=430&Type=search", "url2": "http://www.care-net.biz/37/sirayuri" }, "geometry": { "type": "Point", "coordinates": [ 133.807353, 34.2304937 ] } },
{ "type": "Feature", "properties": { "内容": "善通寺前田病院居宅介護支援事業所愛の手【居宅介護支援】香川県善通寺市中村町８９４－１", "url": "https://www.kaigokensaku.mhlw.go.jp/37/index.php?action_kouhyou_detail_004_kani=true&JigyosyoCd=3770400020-00&ServiceCd=430&Type=search", "url2": null }, "geometry": { "type": "Point", "coordinates": [ 133.7649649, 34.2431305 ] } },
{ "type": "Feature", "properties": { "内容": "居宅介護支援事業所　ふくくる【居宅介護支援】香川県善通寺市弘田町２９２番地２", "url": "https://www.kaigokensaku.mhlw.go.jp/37/index.php?action_kouhyou_detail_004_kani=true&JigyosyoCd=3770400772-00&ServiceCd=430&Type=search", "url2": null }, "geometry": { "type": "Point", "coordinates": [ 133.7621168, 34.2373765 ] } },
{ "type": "Feature", "properties": { "内容": "善通寺診療所【居宅介護支援】善通寺市上吉田町6-8-9", "url": "https://www.kaigokensaku.mhlw.go.jp/37/index.php?action_kouhyou_detail_004_kani=true&JigyosyoCd=3710410717-00&ServiceCd=430&Type=search", "url2": "http://www.kagawa.coop/hospi/hosupi" }, "geometry": { "type": "Point", "coordinates": [ 133.7846217, 34.2307046 ] } },
{ "type": "Feature", "properties": { "内容": "医療法人高樹会ふじた医院居宅介護支援事業所【居宅介護支援】香川県善通寺市上吉田町４丁目５番１号", "url": "https://www.kaigokensaku.mhlw.go.jp/37/index.php?action_kouhyou_detail_004_kani=true&JigyosyoCd=3770400335-00&ServiceCd=430&Type=search", "url2": "https://www.fujitaiin.or.jp/" }, "geometry": { "type": "Point", "coordinates": [ 133.7807913, 34.2288974 ] } },
{ "type": "Feature", "properties": { "内容": "大杉脳外科指定居宅介護支援事業所【居宅介護支援】香川県善通寺市大麻町２０７９番地1", "url": "https://www.kaigokensaku.mhlw.go.jp/37/index.php?action_kouhyou_detail_004_kani=true&JigyosyoCd=3770400061-00&ServiceCd=430&Type=search", "url2": "http://www.osugi-mao.jp" }, "geometry": { "type": "Point", "coordinates": [ 133.799843, 34.2159144 ] } },
{ "type": "Feature", "properties": { "内容": "善通寺市社会福祉協議会　指定居宅介護支援事業所【居宅介護支援】香川県善通寺市文京町二丁目1番4号", "url": "https://www.kaigokensaku.mhlw.go.jp/37/index.php?action_kouhyou_detail_004_kani=true&JigyosyoCd=3770400012-00&ServiceCd=430&Type=search", "url2": "http://www.zentuji.info/" }, "geometry": { "type": "Point", "coordinates": [ 133.7882826, 34.2271773 ] } },
{ "type": "Feature", "properties": { "内容": "老人介護支援センター仙遊荘【居宅介護支援】香川県善通寺市仙遊町２丁目３番４３号", "url": "https://www.kaigokensaku.mhlw.go.jp/37/index.php?action_kouhyou_detail_004_kani=true&JigyosyoCd=3770400442-00&ServiceCd=430&Type=search", "url2": "http://www.senyuso.or.jp" }, "geometry": { "type": "Point", "coordinates": [ 133.7702008, 34.2279322 ] } },
{ "type": "Feature", "properties": { "内容": "居宅介護支援事業所　しんちゃん家【居宅介護支援】香川県善通寺市生野町1658-1", "url": "https://www.kaigokensaku.mhlw.go.jp/37/index.php?action_kouhyou_detail_004_kani=true&JigyosyoCd=3770400681-00&ServiceCd=430&Type=search", "url2": null }, "geometry": { "type": "Point", "coordinates": [ 133.787127300000066, 34.2221138 ] } },
{ "type": "Feature", "properties": { "内容": "ひうち荘居宅介護支援事業所【居宅介護支援】香川県観音寺市大野原町内野々394番地1", "url": "https://www.kaigokensaku.mhlw.go.jp/37/index.php?action_kouhyou_detail_004_kani=true&JigyosyoCd=3771700279-00&ServiceCd=430&Type=search", "url2": "Email:hiuchisou@mc1.mcbnet.ne.jp" }, "geometry": { "type": "Point", "coordinates": [ 133.7004972, 34.0600311 ] } },
{ "type": "Feature", "properties": { "内容": "香川井下病院居宅介護支援事業所【居宅介護支援】香川県観音寺市大野原町花稲1473番地1", "url": "https://www.kaigokensaku.mhlw.go.jp/37/index.php?action_kouhyou_detail_004_kani=true&JigyosyoCd=3771700485-00&ServiceCd=430&Type=search", "url2": null }, "geometry": { "type": "Point", "coordinates": [ 133.646990784651507, 34.097503646641606 ] } },
{ "type": "Feature", "properties": { "内容": "社会福祉法人　観音寺市社会福祉協議会【居宅介護支援】香川県観音寺市坂本町一丁目1番6号観音寺市社会福祉センター", "url": "https://www.kaigokensaku.mhlw.go.jp/37/index.php?action_kouhyou_detail_004_kani=true&JigyosyoCd=3770500472-00&ServiceCd=430&Type=search", "url2": "http://www.kansyakyo-egao.jp" }, "geometry": { "type": "Point", "coordinates": [ 133.6619283, 34.1276941 ] } },
{ "type": "Feature", "properties": { "内容": "居宅介護支援事業所笑歩会豊浜【居宅介護支援】香川県観音寺市豊浜町姫浜101-2", "url": "https://www.kaigokensaku.mhlw.go.jp/37/index.php?action_kouhyou_detail_004_kani=true&JigyosyoCd=3770500811-00&ServiceCd=430&Type=search", "url2": "http://shouhokai.jp/" }, "geometry": { "type": "Point", "coordinates": [ 133.639487172352574, 34.083874560061403 ] } },
{ "type": "Feature", "properties": { "内容": "大興和居宅介護支援事業所【居宅介護支援】観音寺市植田町1930番地", "url": "https://www.kaigokensaku.mhlw.go.jp/37/index.php?action_kouhyou_detail_004_kani=true&JigyosyoCd=3770500506-00&ServiceCd=430&Type=search", "url2": "http://www.cl-ikeda.com/" }, "geometry": { "type": "Point", "coordinates": [ 133.668419399999948, 34.1256471 ] } },
{ "type": "Feature", "properties": { "内容": "はがみ苑老人介護支援センター【居宅介護支援】香川県観音寺市原町1273番地3", "url": "https://www.kaigokensaku.mhlw.go.jp/37/index.php?action_kouhyou_detail_004_kani=true&JigyosyoCd=3770500027-00&ServiceCd=430&Type=search", "url2": null }, "geometry": { "type": "Point", "coordinates": [ 133.692743, 34.1063827 ] } },
{ "type": "Feature", "properties": { "内容": "三豊総合病院企業団居宅介護支援事業所【居宅介護支援】香川県観音寺市豊浜町姫浜７０８番地", "url": "https://www.kaigokensaku.mhlw.go.jp/37/index.php?action_kouhyou_detail_004_kani=true&JigyosyoCd=3771700261-00&ServiceCd=430&Type=search", "url2": "http://www.mitoyo-hosp.jp/06-sukoyaka-top.html" }, "geometry": { "type": "Point", "coordinates": [ 133.641922300000033, 34.0821967 ] } },
{ "type": "Feature", "properties": { "内容": "老人介護支援センターケアネット24【居宅介護支援】観音寺市村黒町750番地", "url": "https://www.kaigokensaku.mhlw.go.jp/37/index.php?action_kouhyou_detail_004_kani=true&JigyosyoCd=3770500142-00&ServiceCd=430&Type=search", "url2": null }, "geometry": { "type": "Point", "coordinates": [ 133.6660723, 34.1329518 ] } },
{ "type": "Feature", "properties": { "内容": "楽陽荘介護保険支援センター　居宅介護支援事業所【居宅介護支援】香川県観音寺市柞田町甲１９３６番地", "url": "https://www.kaigokensaku.mhlw.go.jp/37/index.php?action_kouhyou_detail_004_kani=true&JigyosyoCd=3770500035-00&ServiceCd=430&Type=search", "url2": null }, "geometry": { "type": "Point", "coordinates": [ 133.660257468803366, 34.11827016605487 ] } },
{ "type": "Feature", "properties": { "内容": "居宅介護支援事業所　日協堂【居宅介護支援】香川県観音寺市柞田町甲４３番地１", "url": "https://www.kaigokensaku.mhlw.go.jp/37/index.php?action_kouhyou_detail_004_kani=true&JigyosyoCd=3770500282-00&ServiceCd=430&Type=search", "url2": "http://www.nikkyoudo.co.jp/" }, "geometry": { "type": "Point", "coordinates": [ 133.676997829808016, 34.112392095332858 ] } },
{ "type": "Feature", "properties": { "内容": "居宅介護支援事業所　おおとよ【居宅介護支援】香川県観音寺市大野原町大野原7010番地", "url": "https://www.kaigokensaku.mhlw.go.jp/37/index.php?action_kouhyou_detail_004_kani=true&JigyosyoCd=3770500738-00&ServiceCd=430&Type=search", "url2": "http;//www.ootoyo.jp/" }, "geometry": { "type": "Point", "coordinates": [ 133.664237, 34.0843048 ] } },
{ "type": "Feature", "properties": { "内容": "株式会社　スマイルケア【居宅介護支援】香川県さぬき市志度2260-6", "url": "https://www.kaigokensaku.mhlw.go.jp/37/index.php?action_kouhyou_detail_004_kani=true&JigyosyoCd=3770601072-00&ServiceCd=430&Type=search", "url2": "smilecare＠me.pikara.ne.jp" }, "geometry": { "type": "Point", "coordinates": [ 134.175602300000037, 34.3179165 ] } },
{ "type": "Feature", "properties": { "内容": "医療法人社団陶山医院　居宅介護支援事業所【居宅介護支援】香川県さぬき市大川町田面７１－１", "url": "https://www.kaigokensaku.mhlw.go.jp/37/index.php?action_kouhyou_detail_004_kani=true&JigyosyoCd=3770600108-00&ServiceCd=430&Type=search", "url2": null }, "geometry": { "type": "Point", "coordinates": [ 134.250823699999955, 34.2579678 ] } },
{ "type": "Feature", "properties": { "内容": "居宅介護支援事業所　ポタラの森【居宅介護支援】香川県さぬき市志度1102番地3", "url": "https://www.kaigokensaku.mhlw.go.jp/37/index.php?action_kouhyou_detail_004_kani=true&JigyosyoCd=3770600660-00&ServiceCd=430&Type=search", "url2": "http://www.potara.jp" }, "geometry": { "type": "Point", "coordinates": [ 134.179935173155172, 34.324676405763022 ] } },
{ "type": "Feature", "properties": { "内容": "ケアプランセンター花みずき【居宅介護支援】香川県さぬき市寒川町石田東甲926番地3", "url": "https://www.kaigokensaku.mhlw.go.jp/37/index.php?action_kouhyou_detail_004_kani=true&JigyosyoCd=3770601353-00&ServiceCd=430&Type=search", "url2": null }, "geometry": { "type": "Point", "coordinates": [ 134.2147211, 34.2379133 ] } },
{ "type": "Feature", "properties": { "内容": "ケアプランセンター憩【居宅介護支援】香川県さぬき市長尾西204番地10", "url": "https://www.kaigokensaku.mhlw.go.jp/37/index.php?action_kouhyou_detail_004_kani=true&JigyosyoCd=3771300476-00&ServiceCd=430&Type=search", "url2": "http://www.sanuki-hyunet.com" }, "geometry": { "type": "Point", "coordinates": [ 134.176008844844091, 34.276111784002275 ] } },
{ "type": "Feature", "properties": { "内容": "さぬき市社会福祉協議会【居宅介護支援】香川県さぬき市鴨庄4610-44志度社会福祉センター", "url": "https://www.kaigokensaku.mhlw.go.jp/37/index.php?action_kouhyou_detail_004_kani=true&JigyosyoCd=3770600264-00&ServiceCd=430&Type=search", "url2": "https://sanuki-syakyo.jp" }, "geometry": { "type": "Point", "coordinates": [ 134.194537867360651, 34.32571569469895 ] } },
{ "type": "Feature", "properties": { "内容": "さわやか荘在宅介護支援センター【居宅介護支援】香川県さぬき市津田町津田２２０７番地", "url": "https://www.kaigokensaku.mhlw.go.jp/37/index.php?action_kouhyou_detail_004_kani=true&JigyosyoCd=3771100181-00&ServiceCd=430&Type=search", "url2": "https://sawayakakaigo.or.jp/" }, "geometry": { "type": "Point", "coordinates": [ 134.2389743, 34.2944693 ] } },
{ "type": "Feature", "properties": { "内容": "香東園老人介護支援センター【居宅介護支援】香川県さぬき市寒川町石田西680番地1", "url": "https://www.kaigokensaku.mhlw.go.jp/37/index.php?action_kouhyou_detail_004_kani=true&JigyosyoCd=3771100058-00&ServiceCd=430&Type=search", "url2": "http://www.koutouen.com/" }, "geometry": { "type": "Point", "coordinates": [ 134.19546170000001, 34.2759431 ] } },
{ "type": "Feature", "properties": { "内容": "さざんか荘老人介護支援センター【居宅介護支援】香川県さぬき市大川町田面360番地", "url": "https://www.kaigokensaku.mhlw.go.jp/37/index.php?action_kouhyou_detail_004_kani=true&JigyosyoCd=3771100249-00&ServiceCd=430&Type=search", "url2": "sazanka-sou@rapid.ocn.ne.jp" }, "geometry": { "type": "Point", "coordinates": [ 134.2559539, 34.2532461 ] } },
{ "type": "Feature", "properties": { "内容": "（有）介護支援センターさぬき【居宅介護支援】さぬき市大川町富田西1598番地", "url": "https://www.kaigokensaku.mhlw.go.jp/37/index.php?action_kouhyou_detail_004_kani=true&JigyosyoCd=3771100652-00&ServiceCd=430&Type=search", "url2": null }, "geometry": { "type": "Point", "coordinates": [ 134.227305800000067, 34.2610146 ] } },
{ "type": "Feature", "properties": { "内容": "志度玉浦園老人介護支援センター居宅介護支援事業所【居宅介護支援】香川県さぬき市志度1610-1", "url": "https://www.kaigokensaku.mhlw.go.jp/37/index.php?action_kouhyou_detail_004_kani=true&JigyosyoCd=3771100108-00&ServiceCd=430&Type=search", "url2": "http://www.tamauraen.or.jp" }, "geometry": { "type": "Point", "coordinates": [ 134.1943278, 34.319239 ] } },
{ "type": "Feature", "properties": { "内容": "ヌーベルさんがわ　居宅介護支援センター【居宅介護支援】香川県さぬき市寒川町石田東甲１７０番地", "url": "https://www.kaigokensaku.mhlw.go.jp/37/index.php?action_kouhyou_detail_004_kani=true&JigyosyoCd=3771100553-00&ServiceCd=430&Type=search", "url2": "http//www.yu.-sho.or.jp" }, "geometry": { "type": "Point", "coordinates": [ 134.20266901139226, 34.267831846331795 ] } },
{ "type": "Feature", "properties": { "内容": "岡ケアマネジャー事務所【居宅介護支援】香川県さぬき市造田是弘770番地8ドミールサニー長尾302", "url": "https://www.kaigokensaku.mhlw.go.jp/37/index.php?action_kouhyou_detail_004_kani=true&JigyosyoCd=3770601288-00&ServiceCd=430&Type=search", "url2": null }, "geometry": { "type": "Point", "coordinates": [ 134.183745255881121, 34.282735879341395 ] } },
{ "type": "Feature", "properties": { "内容": "みつばケアプランセンター【居宅介護支援】香川県さぬき市寒川町神前1904番地1", "url": "https://www.kaigokensaku.mhlw.go.jp/37/index.php?action_kouhyou_detail_004_kani=true&JigyosyoCd=3770601262-00&ServiceCd=430&Type=search", "url2": "https://sites.google.com/view/mitsuba-llc" }, "geometry": { "type": "Point", "coordinates": [ 134.207028333791555, 34.277911193964286 ] } },
{ "type": "Feature", "properties": { "内容": "ケアプランセンターゆたか【居宅介護支援】香川県さぬき市長尾西1602-1高齢者複合施設　ハーティヴィラ亀鶴", "url": "https://www.kaigokensaku.mhlw.go.jp/37/index.php?action_kouhyou_detail_004_kani=true&JigyosyoCd=3771100603-00&ServiceCd=430&Type=search", "url2": "http://nagaofukusikai,jp" }, "geometry": { "type": "Point", "coordinates": [ 134.17379548073427, 34.254458285182984 ] } },
{ "type": "Feature", "properties": { "内容": "かがやきケアサービス【居宅介護支援】さぬき市志度2120番地1ＧＲＡＣＥⅡ　101号室", "url": "https://www.kaigokensaku.mhlw.go.jp/37/index.php?action_kouhyou_detail_004_kani=true&JigyosyoCd=3770600686-00&ServiceCd=430&Type=search", "url2": "https://r.goope.jp/kagayaki-care/" }, "geometry": { "type": "Point", "coordinates": [ 134.183621887076782, 34.318114454491287 ] } },
{ "type": "Feature", "properties": { "内容": "ケアマネジメントセンター祥【居宅介護支援】さぬき市造田是弘405-7カトレアハイツ１０５号", "url": "https://www.kaigokensaku.mhlw.go.jp/37/index.php?action_kouhyou_detail_004_kani=true&JigyosyoCd=3770600850-00&ServiceCd=430&Type=search", "url2": null }, "geometry": { "type": "Point", "coordinates": [ 134.181649200000038, 34.2792339 ] } },
{ "type": "Feature", "properties": { "内容": "ファミリーケア居宅介護支援事業所【居宅介護支援】香川県さぬき市志度868番地6", "url": "https://www.kaigokensaku.mhlw.go.jp/37/index.php?action_kouhyou_detail_004_kani=true&JigyosyoCd=3770600710-00&ServiceCd=430&Type=search", "url2": null }, "geometry": { "type": "Point", "coordinates": [ 134.177841, 34.322490800000011 ] } },
{ "type": "Feature", "properties": { "内容": "介護老人保健施設リリックケアセンター【居宅介護支援】東かがわ市湊1867番地2", "url": "https://www.kaigokensaku.mhlw.go.jp/37/index.php?action_kouhyou_detail_004_kani=true&JigyosyoCd=3751180013-00&ServiceCd=430&Type=search", "url2": "http://lily1989.zuishou.net/" }, "geometry": { "type": "Point", "coordinates": [ 134.360980813908327, 34.242786717796115 ] } },
{ "type": "Feature", "properties": { "内容": "居宅介護支援事業所このみ【居宅介護支援】香川県東かがわ市湊1104-2", "url": "https://www.kaigokensaku.mhlw.go.jp/37/index.php?action_kouhyou_detail_004_kani=true&JigyosyoCd=3770700148-00&ServiceCd=430&Type=search", "url2": null }, "geometry": { "type": "Point", "coordinates": [ 134.346207700000036, 34.2442749 ] } },
{ "type": "Feature", "properties": { "内容": "ケアサポート出晴（ではれ）【居宅介護支援】香川県東かがわ市三本松1896番地2カンポアルディアビルド２階", "url": "https://www.kaigokensaku.mhlw.go.jp/37/index.php?action_kouhyou_detail_004_kani=true&JigyosyoCd=3770700593-00&ServiceCd=430&Type=search", "url2": null }, "geometry": { "type": "Point", "coordinates": [ 134.341810799999962, 34.2484576 ] } },
{ "type": "Feature", "properties": { "内容": "ケアプランセンター優暖【居宅介護支援】香川県東かがわ市松原475番地4", "url": "https://www.kaigokensaku.mhlw.go.jp/37/index.php?action_kouhyou_detail_004_kani=true&JigyosyoCd=3770700650-00&ServiceCd=430&Type=search", "url2": null }, "geometry": { "type": "Point", "coordinates": [ 134.370206084655763, 34.248507236463674 ] } },
{ "type": "Feature", "properties": { "内容": "居宅介護支援事業所すずらんの里【居宅介護支援】香川県東かがわ市三本松1530番地1石原ビル１F", "url": "https://www.kaigokensaku.mhlw.go.jp/37/index.php?action_kouhyou_detail_004_kani=true&JigyosyoCd=3770700411-00&ServiceCd=430&Type=search", "url2": null }, "geometry": { "type": "Point", "coordinates": [ 134.344393800000034, 34.2519989 ] } },
{ "type": "Feature", "properties": { "内容": "ケアプランセンターひとつ【居宅介護支援】香川県東かがわ市引田897番地50", "url": "https://www.kaigokensaku.mhlw.go.jp/37/index.php?action_kouhyou_detail_004_kani=true&JigyosyoCd=3770700627-00&ServiceCd=430&Type=search", "url2": null }, "geometry": { "type": "Point", "coordinates": [ 134.3945656, 34.2279008 ] } },
{ "type": "Feature", "properties": { "内容": "居宅介護支援ゆうゆう【居宅介護支援】東かがわ市三本松1199番地1エーアイビル３階", "url": "https://www.kaigokensaku.mhlw.go.jp/37/index.php?action_kouhyou_detail_004_kani=true&JigyosyoCd=3770102725-00&ServiceCd=430&Type=search", "url2": "https://idm-hcg.co.jp" }, "geometry": { "type": "Point", "coordinates": [ 134.332545031877089, 34.248770335473687 ] } },
{ "type": "Feature", "properties": { "内容": "居宅介護支援センターたんぽぽの家【居宅介護支援】香川県東かがわ市湊263-1", "url": "https://www.kaigokensaku.mhlw.go.jp/37/index.php?action_kouhyou_detail_004_kani=true&JigyosyoCd=3770700288-00&ServiceCd=430&Type=search", "url2": "https://www.tanpoponoie.jp" }, "geometry": { "type": "Point", "coordinates": [ 134.350721, 34.2500605 ] } },
{ "type": "Feature", "properties": { "内容": "絹島荘老人介護支援センター【居宅介護支援】香川県東かがわ市馬篠1227番地20", "url": "https://www.kaigokensaku.mhlw.go.jp/37/index.php?action_kouhyou_detail_004_kani=true&JigyosyoCd=3771100066-00&ServiceCd=430&Type=search", "url2": "http://koutouen.com/kinujima/kinujima_index.htm" }, "geometry": { "type": "Point", "coordinates": [ 134.299378700000034, 34.2739173 ] } },
{ "type": "Feature", "properties": { "内容": "絆　ケアプランサービス【居宅介護支援】香川県東かがわ市小砂509-1", "url": "https://www.kaigokensaku.mhlw.go.jp/37/index.php?action_kouhyou_detail_004_kani=true&JigyosyoCd=3770700619-00&ServiceCd=430&Type=search", "url2": null }, "geometry": { "type": "Point", "coordinates": [ 134.300165393450982, 34.254468621471901 ] } },
{ "type": "Feature", "properties": { "内容": "ひまわり介護支援センター【居宅介護支援】香川県東かがわ市三本松1758", "url": "https://www.kaigokensaku.mhlw.go.jp/37/index.php?action_kouhyou_detail_004_kani=true&JigyosyoCd=3771100330-00&ServiceCd=430&Type=search", "url2": "https://www.ohta-medical.org/" }, "geometry": { "type": "Point", "coordinates": [ 134.3391805, 34.2480965 ] } },
{ "type": "Feature", "properties": { "内容": "居宅介護支援事業所すばる【居宅介護支援】香川県東かがわ市松原1011番地2", "url": "https://www.kaigokensaku.mhlw.go.jp/37/index.php?action_kouhyou_detail_004_kani=true&JigyosyoCd=3770700676-00&ServiceCd=430&Type=search", "url2": null }, "geometry": { "type": "Point", "coordinates": [ 134.369692361485761, 34.246218264985586 ] } },
{ "type": "Feature", "properties": { "内容": "よみずケアプランセンター【居宅介護支援】香川県東かがわ市横内37番地1", "url": "https://www.kaigokensaku.mhlw.go.jp/37/index.php?action_kouhyou_detail_004_kani=true&JigyosyoCd=3770700684-00&ServiceCd=430&Type=search", "url2": null }, "geometry": { "type": "Point", "coordinates": [ 134.3280392, 34.2502538 ] } },
{ "type": "Feature", "properties": { "内容": "クレール高瀬老人介護支援センター【居宅介護支援】香川県三豊市高瀬町新名２０３５番地", "url": "https://www.kaigokensaku.mhlw.go.jp/37/index.php?action_kouhyou_detail_004_kani=true&JigyosyoCd=3770800310-00&ServiceCd=430&Type=search", "url2": "http://keishoukai-group.net/" }, "geometry": { "type": "Point", "coordinates": [ 133.726262099999985, 34.1991976 ] } },
{ "type": "Feature", "properties": { "内容": "居宅介護支援センターしのはら【居宅介護支援】香川県三豊市山本町財田西276", "url": "https://www.kaigokensaku.mhlw.go.jp/37/index.php?action_kouhyou_detail_004_kani=true&JigyosyoCd=3770800096-00&ServiceCd=430&Type=search", "url2": "shino.@forest.ocn.ne.jp" }, "geometry": { "type": "Point", "coordinates": [ 133.723981399999957, 34.1203672 ] } },
{ "type": "Feature", "properties": { "内容": "居宅介護支援センター　オレンジホーム【居宅介護支援】香川県三豊市豊中町下高野1092番地", "url": "https://www.kaigokensaku.mhlw.go.jp/37/index.php?action_kouhyou_detail_004_kani=true&JigyosyoCd=3770800344-00&ServiceCd=430&Type=search", "url2": "http://healthy-aging.co.jp/" }, "geometry": { "type": "Point", "coordinates": [ 133.685248612966916, 34.153337826038317 ] } },
{ "type": "Feature", "properties": { "内容": "三豊居宅介護支援事業所【居宅介護支援】香川県三豊市三野町吉津甲６０５番地２", "url": "https://www.kaigokensaku.mhlw.go.jp/37/index.php?action_kouhyou_detail_004_kani=true&JigyosyoCd=3771700030-00&ServiceCd=430&Type=search", "url2": "http;//setouchi-fukushi.com/" }, "geometry": { "type": "Point", "coordinates": [ 133.697506400000066, 34.2000175 ] } },
{ "type": "Feature", "properties": { "内容": "ふたな荘老人介護支援センター【居宅介護支援】三豊市山本町辻2210", "url": "https://www.kaigokensaku.mhlw.go.jp/37/index.php?action_kouhyou_detail_004_kani=true&JigyosyoCd=3771700105-00&ServiceCd=430&Type=search", "url2": "http://www.ritmo.or.jp/onishi/index.html" }, "geometry": { "type": "Point", "coordinates": [ 133.723415199999977, 34.1078992 ] } },
{ "type": "Feature", "properties": { "内容": "橋本病院指定居宅介護支援事業所【居宅介護支援】香川県三豊市山本町財田西902番地1", "url": "https://www.kaigokensaku.mhlw.go.jp/37/index.php?action_kouhyou_detail_004_kani=true&JigyosyoCd=3771700196-00&ServiceCd=430&Type=search", "url2": "http//www.wafukai-hashimoto.Jp/" }, "geometry": { "type": "Point", "coordinates": [ 133.735877699999946, 34.1170398 ] } },
{ "type": "Feature", "properties": { "内容": "居宅介護支援事業所　フクシア【居宅介護支援】香川県三豊市仁尾町仁尾辛39-1", "url": "https://www.kaigokensaku.mhlw.go.jp/37/index.php?action_kouhyou_detail_004_kani=true&JigyosyoCd=3770800682-00&ServiceCd=430&Type=search", "url2": "https://kbsfukushia.synology.me/fukushia/" }, "geometry": { "type": "Point", "coordinates": [ 133.647108300000014, 34.1951074 ] } },
{ "type": "Feature", "properties": { "内容": "居宅介護支援事業所みの【居宅介護支援】香川県三豊市三野町大見乙91-8", "url": "https://www.kaigokensaku.mhlw.go.jp/37/index.php?action_kouhyou_detail_004_kani=true&JigyosyoCd=3771700063-00&ServiceCd=430&Type=search", "url2": "http://minosou.com" }, "geometry": { "type": "Point", "coordinates": [ 133.720622300000059, 34.2266177 ] } },
{ "type": "Feature", "properties": { "内容": "老人介護支援センターにお荘【居宅介護支援】香川県三豊市仁尾町仁尾辛４２番地３", "url": "https://www.kaigokensaku.mhlw.go.jp/37/index.php?action_kouhyou_detail_004_kani=true&JigyosyoCd=3771700980-00&ServiceCd=430&Type=search", "url2": "http://care-net.bis/37/niosou" }, "geometry": { "type": "Point", "coordinates": [ 133.643475299999977, 34.1930606 ] } },
{ "type": "Feature", "properties": { "内容": "三豊市立西香川病院居宅介護支援事業所【居宅介護支援】香川県三豊市高瀬町比地中２９８６－３", "url": "https://www.kaigokensaku.mhlw.go.jp/37/index.php?action_kouhyou_detail_004_kani=true&JigyosyoCd=3770800013-00&ServiceCd=430&Type=search", "url2": "nishikagawa,com" }, "geometry": { "type": "Point", "coordinates": [ 133.70176790000005, 34.1742124 ] } },
{ "type": "Feature", "properties": { "内容": "とよなか荘老人介護支援センター【居宅介護支援】香川県三豊市豊中町笠田竹田697番地1", "url": "https://www.kaigokensaku.mhlw.go.jp/37/index.php?action_kouhyou_detail_004_kani=true&JigyosyoCd=3771700188-00&ServiceCd=430&Type=search", "url2": "http://www.toyonakasou.jp/" }, "geometry": { "type": "Point", "coordinates": [ 133.695546799999988, 34.1554374 ] } },
{ "type": "Feature", "properties": { "内容": "居宅介護支援事業所　愛の手湯ったり【居宅介護支援】香川県三豊市高瀬町上高瀬字原４２９－５", "url": "https://www.kaigokensaku.mhlw.go.jp/37/index.php?action_kouhyou_detail_004_kani=true&JigyosyoCd=3770800435-00&ServiceCd=430&Type=search", "url2": "http://www.junshinkai.com/" }, "geometry": { "type": "Point", "coordinates": [ 133.719996300000048, 34.1940733 ] } },
{ "type": "Feature", "properties": { "内容": "指定居宅介護支援事業所　たくま荘【居宅介護支援】香川県三豊市詫間町詫間７７３２番地６０", "url": "https://www.kaigokensaku.mhlw.go.jp/37/index.php?action_kouhyou_detail_004_kani=true&JigyosyoCd=3771700147-00&ServiceCd=430&Type=search", "url2": "http://www.takumaso.com" }, "geometry": { "type": "Point", "coordinates": [ 133.669261300000016, 34.2142801 ] } },
{ "type": "Feature", "properties": { "内容": "たくま居宅介護支援事業所【居宅介護支援】香川県三豊市詫間町詫間２０７３番地", "url": "https://www.kaigokensaku.mhlw.go.jp/37/index.php?action_kouhyou_detail_004_kani=true&JigyosyoCd=3770800294-00&ServiceCd=430&Type=search", "url2": "http://www.takumafukushi.com/" }, "geometry": { "type": "Point", "coordinates": [ 133.671219299999962, 34.2209683 ] } },
{ "type": "Feature", "properties": { "内容": "岩崎居宅介護支援事業所【居宅介護支援】香川県三豊市詫間町松崎2780番地426", "url": "https://www.kaigokensaku.mhlw.go.jp/37/index.php?action_kouhyou_detail_004_kani=true&JigyosyoCd=3771700014-00&ServiceCd=430&Type=search", "url2": "http:/www.iwasaki-hp.or.jp/" }, "geometry": { "type": "Point", "coordinates": [ 133.690123099999937, 34.2203181 ] } },
{ "type": "Feature", "properties": { "内容": "にこにこ三豊居宅介護支援事業所【居宅介護支援】香川県三豊市高瀬町上高瀬1883番地1", "url": "https://www.kaigokensaku.mhlw.go.jp/37/index.php?action_kouhyou_detail_004_kani=true&JigyosyoCd=3771700873-00&ServiceCd=430&Type=search", "url2": "http://care-net.biz/37/nponikonikomitoyo/" }, "geometry": { "type": "Point", "coordinates": [ 133.725922274868765, 34.18609801016256 ] } },
{ "type": "Feature", "properties": { "内容": "ぐっでい居宅介護支援事業所【居宅介護支援】香川県三豊市三野町大見甲4447-1", "url": "https://www.kaigokensaku.mhlw.go.jp/37/index.php?action_kouhyou_detail_004_kani=true&JigyosyoCd=3770800658-00&ServiceCd=430&Type=search", "url2": null }, "geometry": { "type": "Point", "coordinates": [ 133.728248276812764, 34.215944456559875 ] } },
{ "type": "Feature", "properties": { "内容": "おりーぶケアプランセンター【居宅介護支援】香川県三豊市高瀬町比地514番地2", "url": "https://www.kaigokensaku.mhlw.go.jp/37/index.php?action_kouhyou_detail_004_kani=true&JigyosyoCd=3770800831-00&ServiceCd=430&Type=search", "url2": "ori-bu3415@m.speedia.jp" }, "geometry": { "type": "Point", "coordinates": [ 133.68773, 34.1733788 ] } },
{ "type": "Feature", "properties": { "内容": "ケアプランセンターえん三豊【居宅介護支援】高瀬町下勝間697-3", "url": "https://www.kaigokensaku.mhlw.go.jp/37/index.php?action_kouhyou_detail_004_kani=true&JigyosyoCd=3770800849-00&ServiceCd=430&Type=search", "url2": "https://en-houkan.com/" }, "geometry": { "type": "Point", "coordinates": [ 133.7177318, 34.1740416 ] } },
{ "type": "Feature", "properties": { "内容": "居宅介護支援事業所　ひだまりの里【居宅介護支援】香川県小豆郡土庄町甲２２６６番地１", "url": "https://www.kaigokensaku.mhlw.go.jp/37/index.php?action_kouhyou_detail_004_kani=true&JigyosyoCd=3771200460-00&ServiceCd=430&Type=search", "url2": null }, "geometry": { "type": "Point", "coordinates": [ 134.1839271, 34.4864707 ] } },
{ "type": "Feature", "properties": { "内容": "小豆島老人ホーム居宅介護支援事業所【居宅介護支援】香川県小豆郡土庄町渕崎甲518番地", "url": "https://www.kaigokensaku.mhlw.go.jp/37/index.php?action_kouhyou_detail_004_kani=true&JigyosyoCd=3771200445-00&ServiceCd=430&Type=search", "url2": "https://sites.google.com/view/shoudoshimarouzinhoumu/" }, "geometry": { "type": "Point", "coordinates": [ 134.179660037573285, 34.4889506578563 ] } },
{ "type": "Feature", "properties": { "内容": "土庄町居宅支援サービスやすらぎ【居宅介護支援】香川県小豆郡土庄町淵崎甲1400番地25土庄町国保保健福祉総合施設やすらぎプラザ", "url": "https://www.kaigokensaku.mhlw.go.jp/37/index.php?action_kouhyou_detail_004_kani=true&JigyosyoCd=3771200023-00&ServiceCd=430&Type=search", "url2": null }, "geometry": { "type": "Point", "coordinates": [ 134.1894982, 34.4860967 ] } },
{ "type": "Feature", "properties": { "内容": "居宅介護支援事業所はまひるがお内海【居宅介護支援】香川県小豆郡小豆島町安田乙158-2", "url": "https://www.kaigokensaku.mhlw.go.jp/37/index.php?action_kouhyou_detail_004_kani=true&JigyosyoCd=3771200569-00&ServiceCd=430&Type=search", "url2": "http://hamahirugao.jp/" }, "geometry": { "type": "Point", "coordinates": [ 134.334092300000066, 34.4814096 ] } },
{ "type": "Feature", "properties": { "内容": "居宅介護支援事業所　青空【居宅介護支援】香川県小豆郡小豆島町片城甲44-192", "url": "https://www.kaigokensaku.mhlw.go.jp/37/index.php?action_kouhyou_detail_004_kani=true&JigyosyoCd=3771200387-00&ServiceCd=430&Type=search", "url2": "http://www.ogenki-aozora.jp/" }, "geometry": { "type": "Point", "coordinates": [ 134.308995867486601, 34.480565177082035 ] } },
{ "type": "Feature", "properties": { "内容": "小豆島町介護サービスうちのみ【居宅介護支援】香川県小豆郡小豆島町片城甲４４番地９５", "url": "https://www.kaigokensaku.mhlw.go.jp/37/index.php?action_kouhyou_detail_004_kani=true&JigyosyoCd=3771200353-00&ServiceCd=430&Type=search", "url2": null }, "geometry": { "type": "Point", "coordinates": [ 134.308059076057475, 34.479257527669546 ] } },
{ "type": "Feature", "properties": { "内容": "居宅介護支援事業所サンシャイン【居宅介護支援】香川県小豆郡小豆島町蒲生甲３９７－２", "url": "https://www.kaigokensaku.mhlw.go.jp/37/index.php?action_kouhyou_detail_004_kani=true&JigyosyoCd=3771200379-00&ServiceCd=430&Type=search", "url2": "htt://www.sunshine-kai.com/" }, "geometry": { "type": "Point", "coordinates": [ 134.215639099999947, 34.4821785 ] } },
{ "type": "Feature", "properties": { "内容": "特別養護老人ホーム　マリアの園【居宅介護支援】香川県小豆郡小豆島町草壁本町上蔵田1-13", "url": "https://www.kaigokensaku.mhlw.go.jp/37/index.php?action_kouhyou_detail_004_kani=true&JigyosyoCd=3771200031-00&ServiceCd=430&Type=search", "url2": null }, "geometry": { "type": "Point", "coordinates": [ 134.306814944395683, 34.486613369070021 ] } },
{ "type": "Feature", "properties": { "内容": "蓮華【居宅介護支援】香川県木田郡三木町井戸1291-1", "url": "https://www.kaigokensaku.mhlw.go.jp/37/index.php?action_kouhyou_detail_004_kani=true&JigyosyoCd=3771300906-00&ServiceCd=430&Type=search", "url2": null }, "geometry": { "type": "Point", "coordinates": [ 134.162626499999988, 34.2515783 ] } },
{ "type": "Feature", "properties": { "内容": "居宅介護支援センタードリームケア【居宅介護支援】香川県木田郡三木町池戸2709番地10", "url": "https://www.kaigokensaku.mhlw.go.jp/37/index.php?action_kouhyou_detail_004_kani=true&JigyosyoCd=3771300930-00&ServiceCd=430&Type=search", "url2": null }, "geometry": { "type": "Point", "coordinates": [ 134.126925699999987, 34.2760972 ] } },
{ "type": "Feature", "properties": { "内容": "居宅介護支援センターヌーベル三木【居宅介護支援】香川県木田郡三木町大字上高岡1033番地１", "url": "https://www.kaigokensaku.mhlw.go.jp/37/index.php?action_kouhyou_detail_004_kani=true&JigyosyoCd=3771300799-00&ServiceCd=430&Type=search", "url2": "http://www.yu-sho.or.jp" }, "geometry": { "type": "Point", "coordinates": [ 134.142040778088358, 34.244601641702864 ] } },
{ "type": "Feature", "properties": { "内容": "ケアプランセンター朝顔【居宅介護支援】香川県木田郡三木町大字井上1913番地43", "url": "https://www.kaigokensaku.mhlw.go.jp/37/index.php?action_kouhyou_detail_004_kani=true&JigyosyoCd=3771300922-00&ServiceCd=430&Type=search", "url2": null }, "geometry": { "type": "Point", "coordinates": [ 134.141645141000339, 34.292851135304474 ] } },
{ "type": "Feature", "properties": { "内容": "白山山荘居宅介護支援事業所【居宅介護支援】香川県木田郡三木町大字下高岡２８８２番地１", "url": "https://www.kaigokensaku.mhlw.go.jp/37/index.php?action_kouhyou_detail_004_kani=true&JigyosyoCd=3771300039-00&ServiceCd=430&Type=search", "url2": "http://www.kitafuku.jp/" }, "geometry": { "type": "Point", "coordinates": [ 134.14462530000003, 34.27387 ] } },
{ "type": "Feature", "properties": { "内容": "くすの木指定居宅介護支援事業所【居宅介護支援】香川県木田郡三木町池戸2362番地", "url": "https://www.kaigokensaku.mhlw.go.jp/37/index.php?action_kouhyou_detail_004_kani=true&JigyosyoCd=3771300542-00&ServiceCd=430&Type=search", "url2": null }, "geometry": { "type": "Point", "coordinates": [ 134.123208400000067, 34.2763773 ] } },
{ "type": "Feature", "properties": { "内容": "ライフケア桜花【居宅介護支援】香川県木田郡三木町井戸2463-4", "url": "https://www.kaigokensaku.mhlw.go.jp/37/index.php?action_kouhyou_detail_004_kani=true&JigyosyoCd=3771300955-00&ServiceCd=430&Type=search", "url2": null }, "geometry": { "type": "Point", "coordinates": [ 134.159414, 34.2638886 ] } },
{ "type": "Feature", "properties": { "内容": "ちいろば居宅介護支援【居宅介護支援】香川県木田郡三木町大字池戸2131－1", "url": "https://www.kaigokensaku.mhlw.go.jp/37/index.php?action_kouhyou_detail_004_kani=true&JigyosyoCd=3771300971-00&ServiceCd=430&Type=search", "url2": null }, "geometry": { "type": "Point", "coordinates": [ 134.1208876, 34.2835256 ] } },
{ "type": "Feature", "properties": { "内容": "春風介護支援事業所【居宅介護支援】木田郡三木町平木56-7", "url": "https://www.kaigokensaku.mhlw.go.jp/37/index.php?action_kouhyou_detail_004_kani=true&JigyosyoCd=3771300674-00&ServiceCd=430&Type=search", "url2": "http://kasimura.org/home/support/" }, "geometry": { "type": "Point", "coordinates": [ 134.128638300000034, 34.2709699 ] } },
{ "type": "Feature", "properties": { "内容": "合同会社ケアプランセンターみきの里【居宅介護支援】香川県木田郡三木町田中92-21", "url": "https://www.kaigokensaku.mhlw.go.jp/37/index.php?action_kouhyou_detail_004_kani=true&JigyosyoCd=3771300997-00&ServiceCd=430&Type=search", "url2": "https://miki-sato.net/" }, "geometry": { "type": "Point", "coordinates": [ 134.1271534, 34.2686903 ] } },
{ "type": "Feature", "properties": { "内容": "レファシード直島　居宅介護支援事業所【居宅介護支援】香川県香川郡直島町3846-1", "url": "https://www.kaigokensaku.mhlw.go.jp/37/index.php?action_kouhyou_detail_004_kani=true&JigyosyoCd=3771400391-00&ServiceCd=430&Type=search", "url2": null }, "geometry": { "type": "Point", "coordinates": [ 133.983438890818888, 34.459726604675843 ] } },
{ "type": "Feature", "properties": { "内容": "介護支援なおしま社協【居宅介護支援】香川県香川郡直島町3694番地1", "url": "https://www.kaigokensaku.mhlw.go.jp/37/index.php?action_kouhyou_detail_004_kani=true&JigyosyoCd=3771400052-00&ServiceCd=430&Type=search", "url2": null }, "geometry": { "type": "Point", "coordinates": [ 133.978794669297827, 34.457284949489456 ] } },
{ "type": "Feature", "properties": { "内容": "宇多津町指定居宅介護支援事業所【居宅介護支援】香川県綾歌郡宇多津町１９００番地", "url": "https://www.kaigokensaku.mhlw.go.jp/37/index.php?action_kouhyou_detail_004_kani=true&JigyosyoCd=3771500075-00&ServiceCd=430&Type=search", "url2": "http//www.utazushakyou.org/" }, "geometry": { "type": "Point", "coordinates": [ 133.825775199999953, 34.3106818 ] } },
{ "type": "Feature", "properties": { "内容": "居宅介護支援ステーション　にじ【居宅介護支援】香川県綾歌郡宇多津町浜五番丁６６－３", "url": "https://www.kaigokensaku.mhlw.go.jp/37/index.php?action_kouhyou_detail_004_kani=true&JigyosyoCd=3771500919-00&ServiceCd=430&Type=search", "url2": "http://vice-utz.com/niji/" }, "geometry": { "type": "Point", "coordinates": [ 133.811320199999955, 34.3039711 ] } },
{ "type": "Feature", "properties": { "内容": "マイルドハート居宅介護支援事業所【居宅介護支援】香川県綾歌郡宇多津町浜五番丁53番地9", "url": "https://www.kaigokensaku.mhlw.go.jp/37/index.php?action_kouhyou_detail_004_kani=true&JigyosyoCd=3771501206-00&ServiceCd=430&Type=search", "url2": "http://www.utazufukushikai.or.jp" }, "geometry": { "type": "Point", "coordinates": [ 133.812928499166873, 34.307524791141432 ] } },
{ "type": "Feature", "properties": { "内容": "ケアプランRe:Make【居宅介護支援】香川県綾歌郡綾川町陶3259番地4", "url": "https://www.kaigokensaku.mhlw.go.jp/37/index.php?action_kouhyou_detail_004_kani=true&JigyosyoCd=3771501297-00&ServiceCd=430&Type=search", "url2": "http://www.rehome-ns.co.jp/" }, "geometry": { "type": "Point", "coordinates": [ 133.9617996, 34.2578988 ] } },
{ "type": "Feature", "properties": { "内容": "居宅介護支援事業所　一合一笑【居宅介護支援】香川県綾歌郡綾川町陶6137番地1", "url": "https://www.kaigokensaku.mhlw.go.jp/37/index.php?action_kouhyou_detail_004_kani=true&JigyosyoCd=3771501222-00&ServiceCd=430&Type=search", "url2": null }, "geometry": { "type": "Point", "coordinates": [ 133.958130360866306, 34.247378709861351 ] } },
{ "type": "Feature", "properties": { "内容": "ケアプランきまい【居宅介護支援】香川県綾歌郡綾川町山田下3352-1", "url": "https://www.kaigokensaku.mhlw.go.jp/37/index.php?action_kouhyou_detail_004_kani=true&JigyosyoCd=3771500976-00&ServiceCd=430&Type=search", "url2": null }, "geometry": { "type": "Point", "coordinates": [ 133.94982559999994, 34.2252499 ] } },
{ "type": "Feature", "properties": { "内容": "楽々苑居宅介護支援事業所【居宅介護支援】香川県綾歌郡綾川町滝宮380番地", "url": "https://www.kaigokensaku.mhlw.go.jp/37/index.php?action_kouhyou_detail_004_kani=true&JigyosyoCd=3771500786-00&ServiceCd=430&Type=search", "url2": "https://rakurakuen-kagawa.or.jp/" }, "geometry": { "type": "Point", "coordinates": [ 133.925032671827722, 34.248993119868992 ] } },
{ "type": "Feature", "properties": { "内容": "訪問看護ステーションたきのみや【居宅介護支援】綾歌郡綾川町滝宮４８６番地", "url": "https://www.kaigokensaku.mhlw.go.jp/37/index.php?action_kouhyou_detail_004_kani=true&JigyosyoCd=3761590037-00&ServiceCd=430&Type=search", "url2": null }, "geometry": { "type": "Point", "coordinates": [ 133.9240853, 34.2482939 ] } },
{ "type": "Feature", "properties": { "内容": "松林荘ケアプランセンター【居宅介護支援】香川県綾歌郡綾川町山田下山王424番地", "url": "https://www.kaigokensaku.mhlw.go.jp/37/index.php?action_kouhyou_detail_004_kani=true&JigyosyoCd=3771500018-00&ServiceCd=430&Type=search", "url2": "https://syourinsou.com" }, "geometry": { "type": "Point", "coordinates": [ 133.959966683944714, 34.229903941221551 ] } },
{ "type": "Feature", "properties": { "内容": "綾川町社会福祉協議会居宅介護支援事業所【居宅介護支援】香川県綾歌郡綾川町滝宮276番地", "url": "https://www.kaigokensaku.mhlw.go.jp/37/index.php?action_kouhyou_detail_004_kani=true&JigyosyoCd=3771500950-00&ServiceCd=430&Type=search", "url2": "http://www1a.biglobe.ne.jp/ayagawasyakyo/" }, "geometry": { "type": "Point", "coordinates": [ 133.9210243, 34.2499604 ] } },
{ "type": "Feature", "properties": { "内容": "地域介護相談センター　やすら樹【居宅介護支援】香川県綾歌郡綾川町畑田232番地1", "url": "https://www.kaigokensaku.mhlw.go.jp/37/index.php?action_kouhyou_detail_004_kani=true&JigyosyoCd=3771501248-00&ServiceCd=430&Type=search", "url2": "http://hp.kaipoke.biz/skm/" }, "geometry": { "type": "Point", "coordinates": [ 133.987038383480979, 34.260389900476696 ] } },
{ "type": "Feature", "properties": { "内容": "ケアプランセンターあや【居宅介護支援】香川県綾歌郡綾川町山田上乙52番地13", "url": "https://www.kaigokensaku.mhlw.go.jp/37/index.php?action_kouhyou_detail_004_kani=true&JigyosyoCd=3771501321-00&ServiceCd=430&Type=search", "url2": null }, "geometry": { "type": "Point", "coordinates": [ 133.969942, 34.2287677 ] } },
{ "type": "Feature", "properties": { "内容": "あゆみ居宅介護支援事業所【居宅介護支援】香川県綾歌郡綾川町山田上甲1938-3", "url": "https://www.kaigokensaku.mhlw.go.jp/37/index.php?action_kouhyou_detail_004_kani=true&JigyosyoCd=3771501081-00&ServiceCd=430&Type=search", "url2": null }, "geometry": { "type": "Point", "coordinates": [ 133.964443800000026, 34.2199266 ] } },
{ "type": "Feature", "properties": { "内容": "医療法人社団有隣会指定居宅介護支援事業所どんぐり【居宅介護支援】香川県綾歌郡綾川町滝宮１１２２－１", "url": "https://www.kaigokensaku.mhlw.go.jp/37/index.php?action_kouhyou_detail_004_kani=true&JigyosyoCd=3771500109-00&ServiceCd=430&Type=search", "url2": "http.//www.mizobuchi-clinic.or.jp/" }, "geometry": { "type": "Point", "coordinates": [ 133.922775372877481, 34.246616455647555 ] } },
{ "type": "Feature", "properties": { "内容": "(株)ウイック居宅介護支援センター【居宅介護支援】香川県綾歌郡綾川町小野甲２４７－５", "url": "https://www.kaigokensaku.mhlw.go.jp/37/index.php?action_kouhyou_detail_004_kani=true&JigyosyoCd=3770300469-00&ServiceCd=430&Type=search", "url2": "http--www.itecser.co.jp/tnthp/hina/" }, "geometry": { "type": "Point", "coordinates": [ 133.907425500000045, 34.2446584 ] } },
{ "type": "Feature", "properties": { "内容": "綾川町老人介護支援センター【居宅介護支援】香川県綾歌郡綾川町陶1720番地1", "url": "https://www.kaigokensaku.mhlw.go.jp/37/index.php?action_kouhyou_detail_004_kani=true&JigyosyoCd=3771500968-00&ServiceCd=430&Type=search", "url2": "http://www.sue-hp.jp" }, "geometry": { "type": "Point", "coordinates": [ 133.943477700000017, 34.2595458 ] } },
{ "type": "Feature", "properties": { "内容": "居宅介護支援事業所空の風【居宅介護支援】香川県綾歌郡綾川町陶1396-7", "url": "https://www.kaigokensaku.mhlw.go.jp/37/index.php?action_kouhyou_detail_004_kani=true&JigyosyoCd=3771501271-00&ServiceCd=430&Type=search", "url2": null }, "geometry": { "type": "Point", "coordinates": [ 133.943660200000068, 34.2665271 ] } },
{ "type": "Feature", "properties": { "内容": "池田内科医院居宅介護支援事業所【居宅介護支援】香川県仲多度郡琴平町736-1", "url": "https://www.kaigokensaku.mhlw.go.jp/37/index.php?action_kouhyou_detail_004_kani=true&JigyosyoCd=3771600792-00&ServiceCd=430&Type=search", "url2": null }, "geometry": { "type": "Point", "coordinates": [ 133.820638919821107, 34.186666195671066 ] } },
{ "type": "Feature", "properties": { "内容": "琴平老人の家　指定居宅介護支援事業所【居宅介護支援】香川県仲多度郡琴平町榎井572番地1", "url": "https://www.kaigokensaku.mhlw.go.jp/37/index.php?action_kouhyou_detail_004_kani=true&JigyosyoCd=3771600776-00&ServiceCd=430&Type=search", "url2": "http://kotorou.or.jp/" }, "geometry": { "type": "Point", "coordinates": [ 133.822019285705551, 34.195480533068881 ] } },
{ "type": "Feature", "properties": { "内容": "医療法人社団　たけお会　なごみの家指定居宅介護支援事業所【居宅介護支援】香川県仲多度郡琴平町榎井780番地1", "url": "https://www.kaigokensaku.mhlw.go.jp/37/index.php?action_kouhyou_detail_004_kani=true&JigyosyoCd=3771600800-00&ServiceCd=430&Type=search", "url2": "http://iwasa.or.jp/nagomi/index.html" }, "geometry": { "type": "Point", "coordinates": [ 133.824386, 34.1906532 ] } },
{ "type": "Feature", "properties": { "内容": "クレールみどり老人介護支援センター【居宅介護支援】香川県仲多度郡琴平町苗田字中森４０２番地１", "url": "https://www.kaigokensaku.mhlw.go.jp/37/index.php?action_kouhyou_detail_004_kani=true&JigyosyoCd=3771600560-00&ServiceCd=430&Type=search", "url2": "http://keishoukai.jp/" }, "geometry": { "type": "Point", "coordinates": [ 133.814033800000061, 34.2007408 ] } },
{ "type": "Feature", "properties": { "内容": "居宅介護支援事業所コト【居宅介護支援】香川県仲多度郡琴平町榎井814-1増田アパート1号室", "url": "https://www.kaigokensaku.mhlw.go.jp/37/index.php?action_kouhyou_detail_004_kani=true&JigyosyoCd=3771601311-00&ServiceCd=430&Type=search", "url2": null }, "geometry": { "type": "Point", "coordinates": [ 133.8236932, 34.191593100000034 ] } },
{ "type": "Feature", "properties": { "内容": "社会福祉法人　琴平町社会福祉協議会【居宅介護支援】香川県仲多度郡琴平町榎井891-1", "url": "https://www.kaigokensaku.mhlw.go.jp/37/index.php?action_kouhyou_detail_004_kani=true&JigyosyoCd=3771600115-00&ServiceCd=430&Type=search", "url2": "http://www.k-wel.or.jp" }, "geometry": { "type": "Point", "coordinates": [ 133.822161100000017, 34.1920752 ] } },
{ "type": "Feature", "properties": { "内容": "居宅介護支援事業所　青い鳥【居宅介護支援】香川県仲多度郡多度津町葛原451-1青い鳥別館", "url": "https://www.kaigokensaku.mhlw.go.jp/37/index.php?action_kouhyou_detail_004_kani=true&JigyosyoCd=3771601261-00&ServiceCd=430&Type=search", "url2": null }, "geometry": { "type": "Point", "coordinates": [ 133.7662113, 34.2534722 ] } },
{ "type": "Feature", "properties": { "内容": "居宅介護支援センターいろは【居宅介護支援】香川県仲多度郡多度津町西港町51番地5ポンドハイツ2階203号", "url": "https://www.kaigokensaku.mhlw.go.jp/37/index.php?action_kouhyou_detail_004_kani=true&JigyosyoCd=3771601279-00&ServiceCd=430&Type=search", "url2": null }, "geometry": { "type": "Point", "coordinates": [ 133.740475, 34.2678879 ] } },
{ "type": "Feature", "properties": { "内容": "多度津老人介護支援センター【居宅介護支援】香川県仲多度郡多度津町西港町127番地3", "url": "https://www.kaigokensaku.mhlw.go.jp/37/index.php?action_kouhyou_detail_004_kani=true&JigyosyoCd=3771600057-00&ServiceCd=430&Type=search", "url2": "http://toryoen.jp/" }, "geometry": { "type": "Point", "coordinates": [ 133.737149950787426, 34.265787070017723 ] } },
{ "type": "Feature", "properties": { "内容": "ウツミ整形外科医院居宅介護支援事業所【居宅介護支援】香川県仲多度郡多度津町道福寺132番地", "url": "https://www.kaigokensaku.mhlw.go.jp/37/index.php?action_kouhyou_detail_004_kani=true&JigyosyoCd=3771601055-00&ServiceCd=430&Type=search", "url2": "http:/www./utsumi-clinic.com/" }, "geometry": { "type": "Point", "coordinates": [ 133.764667700000018, 34.2600173 ] } },
{ "type": "Feature", "properties": { "内容": "居宅介護支援事業所さくらみち【居宅介護支援】香川県仲多度郡多度津町栄町三丁目１－１８メロンハイツ103号", "url": "https://www.kaigokensaku.mhlw.go.jp/37/index.php?action_kouhyou_detail_004_kani=true&JigyosyoCd=3771601212-00&ServiceCd=430&Type=search", "url2": "https://www.aoifukushi.info/" }, "geometry": { "type": "Point", "coordinates": [ 133.754857500000071, 34.271563 ] } },
{ "type": "Feature", "properties": { "内容": "みどり会居宅介護支援事業所【居宅介護支援】香川県仲多度郡多度津町寿町7番3号", "url": "https://www.kaigokensaku.mhlw.go.jp/37/index.php?action_kouhyou_detail_004_kani=true&JigyosyoCd=3771600305-00&ServiceCd=430&Type=search", "url2": "http://katouhp.net/" }, "geometry": { "type": "Point", "coordinates": [ 133.75882660000002, 34.2701493 ] } },
{ "type": "Feature", "properties": { "内容": "居宅介護支援事業所ファミリア【居宅介護支援】香川県仲多度郡多度津町本通2丁目3番28号", "url": "https://www.kaigokensaku.mhlw.go.jp/37/index.php?action_kouhyou_detail_004_kani=true&JigyosyoCd=3771601303-00&ServiceCd=430&Type=search", "url2": "familiar-houkan.com" }, "geometry": { "type": "Point", "coordinates": [ 133.7496502, 34.2664618 ] } },
{ "type": "Feature", "properties": { "内容": "多度津町社会福祉協議会【居宅介護支援】香川県仲多度郡多度津町西港町１２７番地１", "url": "https://www.kaigokensaku.mhlw.go.jp/37/index.php?action_kouhyou_detail_004_kani=true&JigyosyoCd=3771600123-00&ServiceCd=430&Type=search", "url2": "http://tadotsusyakyo.com" }, "geometry": { "type": "Point", "coordinates": [ 133.737986800000044, 34.2651664 ] } },
{ "type": "Feature", "properties": { "内容": "ケアセンターフラワーガーデンまんのう【居宅介護支援】香川県仲多度郡まんのう町吉野下416フラワーガーデンまんのう内", "url": "https://www.kaigokensaku.mhlw.go.jp/37/index.php?action_kouhyou_detail_004_kani=true&JigyosyoCd=3771601022-00&ServiceCd=430&Type=search", "url2": "http://maedaseikei.net/" }, "geometry": { "type": "Point", "coordinates": [ 133.840415600000028, 34.1925174 ] } },
{ "type": "Feature", "properties": { "内容": "ケアマネ番所指定居宅介護支援事業所【居宅介護支援】香川県仲多度郡まんのう町東高篠1781番地1", "url": "https://www.kaigokensaku.mhlw.go.jp/37/index.php?action_kouhyou_detail_004_kani=true&JigyosyoCd=3771601220-00&ServiceCd=430&Type=search", "url2": null }, "geometry": { "type": "Point", "coordinates": [ 133.833999700000049, 34.2048571 ] } },
{ "type": "Feature", "properties": { "内容": "居宅介護支援事業所　グリーンヒル満濃【居宅介護支援】香川県仲多度郡まんのう町岸上１６３８－３０", "url": "https://www.kaigokensaku.mhlw.go.jp/37/index.php?action_kouhyou_detail_004_kani=true&JigyosyoCd=3771600586-00&ServiceCd=430&Type=search", "url2": "http://greenhillmannou.web.fc2.com/" }, "geometry": { "type": "Point", "coordinates": [ 133.843188300000065, 34.1709201 ] } },
{ "type": "Feature", "properties": { "内容": "指定居宅介護支援事業所　プランネット【居宅介護支援】香川県仲多度郡まんのう町吉野2189番地1", "url": "https://www.kaigokensaku.mhlw.go.jp/37/index.php?action_kouhyou_detail_004_kani=true&JigyosyoCd=3771601154-00&ServiceCd=430&Type=search", "url2": null }, "geometry": { "type": "Point", "coordinates": [ 133.865852899999936, 34.187424 ] } },
{ "type": "Feature", "properties": { "内容": "まんのう町社会福祉協議会居宅介護支援事業所【居宅介護支援】香川県仲多度郡まんのう町生間415番地1", "url": "https://www.kaigokensaku.mhlw.go.jp/37/index.php?action_kouhyou_detail_004_kani=true&JigyosyoCd=3771600701-00&ServiceCd=430&Type=search", "url2": "https://www.manno-syakyo.jp/" }, "geometry": { "type": "Point", "coordinates": [ 133.837580500000058, 34.154925 ] } },
{ "type": "Feature", "properties": { "内容": "居宅介護支援事業所だん路【居宅介護支援】香川県仲多度郡まんのう町四條１７９番地デイサービスセンターだん路内", "url": "https://www.kaigokensaku.mhlw.go.jp/37/index.php?action_kouhyou_detail_004_kani=true&JigyosyoCd=3771600917-00&ServiceCd=430&Type=search", "url2": "http://wwwa.pikara.ne.jp/danro/" }, "geometry": { "type": "Point", "coordinates": [ 133.8382964, 34.1860292 ] } },
{ "type": "Feature", "properties": { "内容": "居宅介護支援　小国【居宅介護支援】香川県仲多度郡まんのう町四條７７７番地", "url": "https://www.kaigokensaku.mhlw.go.jp/37/index.php?action_kouhyou_detail_004_kani=true&JigyosyoCd=3771600016-00&ServiceCd=430&Type=search", "url2": "http://www.oguni.or.jp/" }, "geometry": { "type": "Point", "coordinates": [ 133.836815699999988, 34.1953503 ] } },
{ "type": "Feature", "properties": { "内容": "満濃荘老人介護支援センター【居宅介護支援】香川県仲多度郡まんのう町長尾1102番地", "url": "https://www.kaigokensaku.mhlw.go.jp/37/index.php?action_kouhyou_detail_004_kani=true&JigyosyoCd=3771600073-00&ServiceCd=430&Type=search", "url2": "https://www.seiyuukai.jp/" }, "geometry": { "type": "Point", "coordinates": [ 133.8555007, 34.1950398 ] } },
{ "type": "Feature", "properties": { "内容": "医療法人圭良会　居宅介護支援事業所　いこいの郷【居宅介護支援】香川県仲多度郡まんのう町買田221-3永生病院", "url": "https://www.kaigokensaku.mhlw.go.jp/37/index.php?action_kouhyou_detail_004_kani=true&JigyosyoCd=3771600131-00&ServiceCd=430&Type=search", "url2": "http:/www.eisei-hp.or.jp" }, "geometry": { "type": "Point", "coordinates": [ 133.8274669, 34.1722555 ] } },
{ "type": "Feature", "properties": { "内容": "やすらぎ荘ケアプランセンター【居宅介護支援】香川県仲多度郡まんのう町川東１５０２－１", "url": "https://www.kaigokensaku.mhlw.go.jp/37/index.php?action_kouhyou_detail_004_kani=true&JigyosyoCd=3771600750-00&ServiceCd=430&Type=search", "url2": "http://www.seiyuuukai.jp/" }, "geometry": { "type": "Point", "coordinates": [ 133.978299399999969, 34.1113914 ] } }
]
}
